snapshot_date,team_id,team_name,rank,points,roster_hash
2025-01-06,5995,G2,1,1956.0,e2fd491a5a85983fd670
2025-01-06,7020,Spirit,2,1933.0,8ddd7c3d52942c256b57
2025-01-06,6248,The MongolZ,3,1849.0,75e5d950f37342b03568
2025-01-06,9565,Vitality,4,1834.0,a095c2caa3c0454e0eb8
2025-01-06,6667,FaZe,5,1834.0,4b23c6b06a96a7d7ac4c
2025-01-06,4494,MOUZ,6,1782.0,dcaaf14356a20ed5fbf7
2025-01-06,4608,Natus Vincere,7,1744.0,996316e9c05448acf739
2025-01-06,7175,HEROIC,8,1705.0,
2025-01-06,5973,Liquid,9,1646.0,aedd0960e4cf3b33351d
2025-01-06,8297,FURIA,10,1585.0,677d24247aa53119fe45
2025-01-06,4773,paiN,11,1437.0,
2025-01-06,9215,MIBR,12,1428.0,
2025-01-06,4914,3DMAX,13,1416.0,
2025-01-06,11251,Eternal Fire,14,1383.0,b94bbca445be35649bd6
2025-01-06,9928,GamerLegion,15,1364.0,c838a8f1c1d3646a49eb
2025-01-06,5005,Complexity,16,1355.0,
2025-01-06,10567,SAW,17,1346.0,b6fab48cf7ca57fe7d9b
2025-01-06,7532,BIG,18,1333.0,
2025-01-06,12774,FlyQuest,19,1325.0,608ae2e60b05c77291e1
2025-01-06,6665,Astralis,20,1318.0,1b746188881126db5a62
2025-01-06,12257,Wildcard,21,1303.0,928ad8a13dcda967f95d
2025-01-06,5378,Virtus.pro,22,1292.0,0d148559cfb0a5be5e51
2025-01-06,10976,FURIA fe,24,1258.0,10dd16af0d8ef7254cf3
2025-01-06,10333,Sangal,25,1255.0,d961095f565ed0be5cf5
2025-01-06,7969,Nemiga,26,1231.0,5f7d948e2932e569ccbe
2025-01-06,7187,Nexus,28,1208.0,c436f0c283513f0845d2
2025-01-06,4869,ENCE,29,1205.0,
2025-01-06,11837,Fluxo,30,1200.0,
2025-01-06,11883,9 Pandas,31,1199.0,db7d3a5e02e8b30328a5
2025-01-06,12376,M80,32,1194.0,764bfbaf02d5ad51d83f
2025-01-06,7441,ECLOT,33,1183.0,084edd6496736d402877
2025-01-06,6673,NRG,34,1183.0,
2025-01-06,12426,Passion UA,35,1177.0,
2025-01-06,11838,Partizan,36,1172.0,
2025-01-06,11241,B8,37,1171.0,723335631d281525f8e3
2025-01-06,12394,BetBoom,38,1168.0,493c9d9f1b976456dd31
2025-01-06,9455,Imperial,39,1167.0,bcc3d95f12d003200086
2025-01-06,12471,GUN5,40,1166.0,f6e56009e56ff84ae7a2
2025-01-06,11641,Metizport,41,1163.0,a2cfb768012f4eb4bcfc
2025-01-06,12312,ATOX,42,1154.0,
2025-01-06,4991,fnatic,44,1146.0,7d9654e666bd7e5dbb2b
2025-01-06,8113,Sharks,46,1140.0,
2025-01-06,10371,NAVI Junior,47,1136.0,2c03c52da3ae13074093
2025-01-06,7900,Spirit Academy,48,1134.0,
2025-01-06,12144,BESTIA,49,1130.0,bc4e03a474be6170c00b
2025-01-06,4411,Ninjas in Pyjamas,50,1121.0,3bc05fc25b51bc00c745
2025-01-06,11811,Monte,51,1098.0,f6867fa7ba13b580c30f
2025-01-06,12604,Johnny Speeds,52,1096.0,a2051d0db9aa8f62c0e0
2025-01-06,12000,500,53,1086.0,
2025-01-06,12468,Legacy,54,1079.0,8f090ee090a00ba7fa0b
2025-01-06,7176,RED Canids,55,1067.0,141115268c3a51a45bdf
2025-01-06,11948,Nouns,56,1067.0,
2025-01-06,10278,9INE,57,1060.0,
2025-01-06,11283,Falcons,58,1056.0,
2025-01-06,11712,Sashi,59,1044.0,
2025-01-06,10577,SINNERS,60,1042.0,8ff00b28a128f6466bdb
2025-01-06,12534,BOSS,61,1040.0,187e49c0d70d388a6892
2025-01-06,11419,ECSTATIC,63,1032.0,7a4581976ef3fcafec03
2025-01-06,12366,Aurora Young Blud,64,1023.0,7f69f860c01fb98c916a
2025-01-06,11523,Zero Tenacity,65,1022.0,78c45e5390fe107cd659
2025-01-06,9996,9z,66,1021.0,345abb242c90eadd201a
2025-01-06,11861,Aurora,68,994.0,0e7ced82edf77cf5b175
2025-01-06,11164,Into the Breach,69,992.0,578dd630d0a48fce61d1
2025-01-06,4501,ALTERNATE aTTaX,70,987.0,
2025-01-06,11514,Rare Atom,71,985.0,
2025-01-06,10503,OG,72,981.0,f6891cc4045107bce057
2025-01-06,11768,ODDIK,73,981.0,
2025-01-06,10854,los kogutos,74,973.0,b837469b73d8344171ba
2025-01-06,11571,Gaimin Gladiators,75,967.0,
2025-01-06,8840,Lynn Vision,77,949.0,
2025-01-06,12818,FAVBET,78,947.0,
2025-01-06,12858,kONO,79,941.0,
2025-01-06,12467,PARIVISION,82,939.0,043e31e963ce7277bf47
2025-01-06,12233,Solid,83,935.0,
2025-01-06,12586,AMKAL,84,927.0,511be8df08c558658f9a
2025-01-06,12510,The Huns,85,927.0,
2025-01-06,4863,TYLOO,86,924.0,226478e93fe49c0382f4
2025-01-06,8038,Party Astronauts,87,919.0,d71f630e5e8612ad7feb
2025-01-06,12960,Fire Flux,88,913.0,
2025-01-06,12380,CYBERSHOKE,89,906.0,99729e46a16e372b9eaa
2025-01-06,12267,UNiTY,91,900.0,
2025-01-06,12747,DMS,94,883.0,28cfc982f706b8d65fbc
2025-01-06,4548,CPH Wolves,97,879.0,68cdae0e97242634ab9b
2025-01-06,12474,Alliance,98,877.0,db319c58b5a99d95930a
2025-01-06,12559,RUSH B,100,876.0,7b0b9043d43aaf43b52c
2025-01-06,12878,BC.Game,102,874.0,
2025-01-06,11718,BIG EQUIPA,103,869.0,d817dbf63c7931b871ef
2025-01-06,8813,Illuminar,106,862.0,
2025-01-06,11827,JANO,107,859.0,
2025-01-06,12124,Insilio,109,851.0,
2025-01-06,12787,WOPA,110,850.0,
2025-01-06,7234,Endpoint,112,839.0,
2025-01-06,10900,KRÜ,115,817.0,
2025-01-06,12646,Chinggis Warriors,116,814.0,aa1a1aadf8a7ff47aafa
2025-01-06,13025,Tropa do Taco,117,812.0,
2025-01-06,11581,HOTU,118,810.0,
2025-01-06,12548,Dusty Roots,119,810.0,
2025-01-06,12124,Insilio,120,808.0,17803d4b3f5c1cc0be1e
2025-01-06,10947,Rhyno,121,804.0,72d08ab16db0741beda4
2025-01-06,12833,TNL,122,802.0,
2025-01-06,11917,NIP Impact,123,801.0,4c0a0f62bc8d88416e7e
2025-01-06,11609,GenOne,124,798.0,91625ab3ea668cf9fc3f
2025-01-06,11790,ENCE Academy,126,794.0,9c4a36a264a74f4d8d93
2025-01-06,10973,Anonymo,127,787.0,
2025-01-06,11321,Kappa Bar,128,783.0,
2025-01-06,6668,FLuffy Gangsters,131,771.0,
2025-01-06,11737,EYEBALLERS,132,770.0,c56d0a8e8d57b2d80c10
2025-01-06,11861,Aurora,133,769.0,4178295899d8d80d2276
2025-01-06,10960,Young Ninjas,134,768.0,
2025-01-06,10459,ARCRED,135,767.0,fe47061e7cbb19bd7eb4
2025-01-06,12722,E-Xolos LAZER,136,764.0,
2025-01-06,2955,Denmark fe,137,763.0,
2025-01-06,4548,CPH Wolves,138,763.0,
2025-01-06,10954,Astralis Talent,140,746.0,
2025-01-06,12611,vagrants,141,740.0,
2025-01-06,11176,MOUZ NXT,142,740.0,
2025-01-06,11711,Players,145,731.0,
2025-01-06,12567,Akimbo,146,730.0,
2025-01-06,12646,Chinggis Warriors,147,725.0,
2025-01-06,12301,FlyQuest RED,148,719.0,ac151fb0784772bb4cdb
2025-01-06,11660,Take Flyte,149,719.0,
2025-01-06,12415,Gods Reign,150,718.0,
2025-01-06,12959,ShindeN,151,718.0,
2025-01-06,12890,Bad News Chickens,153,717.0,
2025-01-06,10245,JiJieHao,154,715.0,
2025-01-06,12988,GameHunters,155,714.0,
2025-01-06,10975,MIBR fe,157,707.0,
2025-01-06,11668,Mindfreak,159,702.0,
2025-01-06,9881,Rooster,160,694.0,
2025-01-06,10621,1WIN,161,693.0,271effb2897a5924605f
2025-01-06,13447,DASH,162,693.0,
2025-01-06,12677,Galorys,164,689.0,84c83b01f7e6083c960c
2025-01-06,12522,Heimo,165,688.0,
2025-01-06,8813,Illuminar,166,683.0,
2025-01-06,12533,Atrix,168,679.0,
2025-01-06,12431,Betera,169,679.0,75033a164399b2acc065
2025-01-06,11933,Yawara,170,672.0,
2025-01-06,3044,MIBR Academy,171,670.0,92bcf85e3629d8816cb6
2025-01-06,12884,The Art of War,172,670.0,
2025-01-06,12915,NITRO,173,657.0,
2025-01-06,11312,QUAZAR,174,655.0,5c916781e1112d162675
2025-01-06,12776,Bounty Hunters,176,653.0,
2025-01-06,8574,W7M,177,652.0,
2025-01-06,12334,Preasy,180,648.0,
2025-01-06,12912,thekillaz fe,181,642.0,
2025-01-06,8210,TALON,182,639.0,
2025-01-06,12921,Housebets,185,635.0,
2025-01-06,12694,RUBY,186,632.0,4120092029828a8d3f68
2025-01-06,12276,DXA,188,629.0,
2025-01-06,9506,Viperio,189,627.0,
2025-01-06,12889,G2 Ares,190,626.0,
2025-01-06,11011,Patins da Ferrari,191,624.0,
2025-01-06,12152,KZG,192,622.0,
2025-01-06,12363,Arcade,193,622.0,
2025-01-06,7720,InControl,194,620.0,ffb80662b6034a143226
2025-01-06,13052,2070,195,619.0,
2025-01-06,12472,MANTRA,199,601.0,
2025-01-06,12895,K27,200,600.0,
2025-01-06,11955,LAG,201,597.0,
2025-01-06,12789,LaChampionsLiga,203,584.0,e154a84320f588f175a0
2025-01-06,12967,WW,204,568.0,6ecb71f497aacb2079ca
2025-01-06,5479,Mythic,205,562.0,e4b6c6fa18f3a24c20a4
2025-01-06,10978,VELOX,206,560.0,
2025-01-06,11006,9z Academy,207,559.0,
2025-01-06,11421,Kosovo,208,559.0,
2025-01-06,9958,Alter Ego,209,543.0,
2025-01-06,6652,GameAgents,210,511.0,
2025-01-06,7865,HAVU,211,510.0,
2025-01-06,12455,Vantage,213,505.0,
2025-01-06,12908,Aether,214,505.0,
2025-01-06,11336,DETONATE,217,484.0,ba1d1612f747b5c57920
2025-01-06,13579,USA,218,468.0,
2025-01-06,11905,paiN Academy,219,409.0,
2025-01-13,5995,G2,1,1952.0,e2fd491a5a85983fd670
2025-01-13,7020,Spirit,2,1940.0,8ddd7c3d52942c256b57
2025-01-13,6248,The MongolZ,3,1849.0,75e5d950f37342b03568
2025-01-13,6667,FaZe,4,1848.0,4b23c6b06a96a7d7ac4c
2025-01-13,9565,Vitality,5,1826.0,a095c2caa3c0454e0eb8
2025-01-13,4494,MOUZ,6,1782.0,dcaaf14356a20ed5fbf7
2025-01-13,4608,Natus Vincere,7,1734.0,996316e9c05448acf739
2025-01-13,7175,HEROIC,8,1714.0,
2025-01-13,5973,Liquid,9,1641.0,aedd0960e4cf3b33351d
2025-01-13,8297,FURIA,10,1584.0,677d24247aa53119fe45
2025-01-13,4773,paiN,11,1436.0,
2025-01-13,9215,MIBR,12,1436.0,
2025-01-13,4914,3DMAX,13,1410.0,
2025-01-13,9928,GamerLegion,14,1374.0,c838a8f1c1d3646a49eb
2025-01-13,12257,Wildcard,15,1358.0,928ad8a13dcda967f95d
2025-01-13,11251,Eternal Fire,16,1357.0,b94bbca445be35649bd6
2025-01-13,5005,Complexity,17,1344.0,
2025-01-13,7532,BIG,18,1334.0,
2025-01-13,10567,SAW,19,1330.0,b6fab48cf7ca57fe7d9b
2025-01-13,12774,FlyQuest,20,1325.0,608ae2e60b05c77291e1
2025-01-13,6665,Astralis,21,1304.0,1b746188881126db5a62
2025-01-13,5378,Virtus.pro,22,1285.0,0d148559cfb0a5be5e51
2025-01-13,12312,ATOX,24,1262.0,
2025-01-13,10976,FURIA fe,25,1261.0,10dd16af0d8ef7254cf3
2025-01-13,7187,Nexus,26,1237.0,c436f0c283513f0845d2
2025-01-13,10333,Sangal,27,1236.0,d961095f565ed0be5cf5
2025-01-13,7969,Nemiga,28,1228.0,5f7d948e2932e569ccbe
2025-01-13,4869,ENCE,30,1202.0,
2025-01-13,11883,9 Pandas,31,1196.0,f0799d6dc7ece6953b94
2025-01-13,6673,NRG,32,1195.0,
2025-01-13,12376,M80,33,1194.0,764bfbaf02d5ad51d83f
2025-01-13,11837,Fluxo,34,1192.0,
2025-01-13,7441,ECLOT,35,1188.0,084edd6496736d402877
2025-01-13,11838,Partizan,36,1188.0,
2025-01-13,11514,Rare Atom,37,1186.0,
2025-01-13,12426,Passion UA,38,1177.0,
2025-01-13,11641,Metizport,39,1176.0,a2cfb768012f4eb4bcfc
2025-01-13,12471,GUN5,40,1166.0,f6e56009e56ff84ae7a2
2025-01-13,9455,Imperial,41,1165.0,bcc3d95f12d003200086
2025-01-13,12144,BESTIA,43,1165.0,856b7a0559245db92cf2
2025-01-13,11241,B8,44,1162.0,723335631d281525f8e3
2025-01-13,12394,BetBoom,45,1160.0,493c9d9f1b976456dd31
2025-01-13,8113,Sharks,46,1148.0,
2025-01-13,4991,fnatic,47,1147.0,7d9654e666bd7e5dbb2b
2025-01-13,7900,Spirit Academy,48,1141.0,
2025-01-13,4411,Ninjas in Pyjamas,50,1112.0,3bc05fc25b51bc00c745
2025-01-13,10371,NAVI Junior,51,1109.0,2c03c52da3ae13074093
2025-01-13,12604,Johnny Speeds,52,1100.0,a2051d0db9aa8f62c0e0
2025-01-13,11811,Monte,53,1093.0,f6867fa7ba13b580c30f
2025-01-13,12468,Legacy,54,1080.0,5cfd43d0258204c4872c
2025-01-13,12000,500,55,1079.0,
2025-01-13,11948,Nouns,56,1071.0,
2025-01-13,7176,RED Canids,57,1068.0,141115268c3a51a45bdf
2025-01-13,12534,BOSS,58,1048.0,187e49c0d70d388a6892
2025-01-13,10577,SINNERS,59,1041.0,2740412c48959f554e2c
2025-01-13,10278,9INE,60,1037.0,
2025-01-13,11523,Zero Tenacity,61,1034.0,78c45e5390fe107cd659
2025-01-13,11283,Falcons,62,1034.0,
2025-01-13,11712,Sashi,64,1022.0,
2025-01-13,12366,Aurora Young Blud,65,1021.0,7f69f860c01fb98c916a
2025-01-13,9996,9z,66,1017.0,345abb242c90eadd201a
2025-01-13,8840,Lynn Vision,67,1001.0,2970fc165b9a9a4d3ea5
2025-01-13,4501,ALTERNATE aTTaX,68,993.0,
2025-01-13,11419,ECSTATIC,69,989.0,c4e7e444d827e80f278e
2025-01-13,11861,Aurora,70,989.0,0e7ced82edf77cf5b175
2025-01-13,10947,Rhyno,71,988.0,a5b74eab4210e81faa6e
2025-01-13,11164,Into the Breach,72,984.0,578dd630d0a48fce61d1
2025-01-13,10854,los kogutos,73,983.0,b837469b73d8344171ba
2025-01-13,10503,OG,74,975.0,f6891cc4045107bce057
2025-01-13,11768,ODDIK,75,972.0,
2025-01-13,11571,Gaimin Gladiators,76,966.0,
2025-01-13,12510,The Huns,77,953.0,
2025-01-13,12818,FAVBET,79,944.0,
2025-01-13,12233,Solid,80,944.0,21a7646cd27ff716f6a6
2025-01-13,12858,kONO,82,939.0,
2025-01-13,4863,TYLOO,84,925.0,226478e93fe49c0382f4
2025-01-13,12467,PARIVISION,85,920.0,043e31e963ce7277bf47
2025-01-13,12586,AMKAL,86,920.0,511be8df08c558658f9a
2025-01-13,8038,Party Astronauts,87,918.0,d71f630e5e8612ad7feb
2025-01-13,12960,Fire Flux,88,910.0,
2025-01-13,12380,CYBERSHOKE,89,902.0,99729e46a16e372b9eaa
2025-01-13,12267,UNiTY,90,902.0,
2025-01-13,12474,Alliance,95,889.0,db319c58b5a99d95930a
2025-01-13,12559,RUSH B,97,881.0,7b0b9043d43aaf43b52c
2025-01-13,12878,BC.Game,99,874.0,
2025-01-13,11718,BIG EQUIPA,101,872.0,d817dbf63c7931b871ef
2025-01-13,12747,DMS,102,872.0,28cfc982f706b8d65fbc
2025-01-13,8813,Illuminar,104,866.0,
2025-01-13,11737,EYEBALLERS,107,859.0,c56d0a8e8d57b2d80c10
2025-01-13,12787,WOPA,108,858.0,
2025-01-13,11827,JANO,109,854.0,
2025-01-13,11609,GenOne,110,853.0,91625ab3ea668cf9fc3f
2025-01-13,12124,Insilio,111,840.0,
2025-01-13,7234,Endpoint,112,838.0,
2025-01-13,4548,CPH Wolves,114,833.0,211deb9c07219e5ea3fb
2025-01-13,12548,Dusty Roots,115,832.0,
2025-01-13,12124,Insilio,116,831.0,17803d4b3f5c1cc0be1e
2025-01-13,12646,Chinggis Warriors,117,827.0,aa1a1aadf8a7ff47aafa
2025-01-13,4548,CPH Wolves,118,824.0,7a37c1c422a967d5a2fe
2025-01-13,10900,KRÜ,120,812.0,
2025-01-13,13025,Tropa do Taco,121,811.0,
2025-01-13,11790,ENCE Academy,123,807.0,9c4a36a264a74f4d8d93
2025-01-13,11581,HOTU,124,805.0,
2025-01-13,12833,TNL,125,804.0,
2025-01-13,11917,NIP Impact,126,798.0,4c0a0f62bc8d88416e7e
2025-01-13,10947,Rhyno,127,798.0,72d08ab16db0741beda4
2025-01-13,11321,Kappa Bar,128,787.0,
2025-01-13,11883,9 Pandas,131,770.0,cb36cb0017453ab18593
2025-01-13,10973,Anonymo,132,768.0,
2025-01-13,10459,ARCRED,134,766.0,fe47061e7cbb19bd7eb4
2025-01-13,2955,Denmark fe,135,766.0,
2025-01-13,10960,Young Ninjas,137,754.0,
2025-01-13,12722,E-Xolos LAZER,138,750.0,c3532511377b43be97bf
2025-01-13,10954,Astralis Talent,139,746.0,
2025-01-13,6668,FLuffy Gangsters,141,740.0,
2025-01-13,12611,vagrants,142,738.0,
2025-01-13,11861,Aurora,143,737.0,4178295899d8d80d2276
2025-01-13,13099,ex-Vikings,144,734.0,
2025-01-13,11711,Players,145,732.0,
2025-01-13,12959,ShindeN,146,728.0,
2025-01-13,12890,Bad News Chickens,147,726.0,
2025-01-13,12567,Akimbo,148,726.0,
2025-01-13,12415,Gods Reign,149,722.0,
2025-01-13,11660,Take Flyte,150,721.0,
2025-01-13,12301,FlyQuest RED,151,718.0,ac151fb0784772bb4cdb
2025-01-13,11176,MOUZ NXT,152,717.0,
2025-01-13,12833,TNL,154,708.0,
2025-01-13,10245,JiJieHao,156,707.0,
2025-01-13,10975,MIBR fe,158,706.0,
2025-01-13,11668,Mindfreak,159,702.0,
2025-01-13,12988,GameHunters,160,695.0,
2025-01-13,12522,Heimo,161,694.0,
2025-01-13,9881,Rooster,162,692.0,
2025-01-13,12334,Preasy,164,685.0,
2025-01-13,12677,Galorys,165,682.0,84c83b01f7e6083c960c
2025-01-13,12533,Atrix,166,679.0,
2025-01-13,10621,1WIN,168,676.0,271effb2897a5924605f
2025-01-13,11933,Yawara,169,675.0,
2025-01-13,12431,Betera,170,675.0,75033a164399b2acc065
2025-01-13,8813,Illuminar,171,674.0,
2025-01-13,3044,MIBR Academy,172,672.0,92bcf85e3629d8816cb6
2025-01-13,12233,Solid,173,667.0,
2025-01-13,12884,The Art of War,174,667.0,
2025-01-13,12915,NITRO,175,659.0,
2025-01-13,11312,QUAZAR,176,654.0,5c916781e1112d162675
2025-01-13,12776,Bounty Hunters,178,646.0,
2025-01-13,12912,thekillaz fe,180,643.0,
2025-01-13,12921,Housebets,182,636.0,
2025-01-13,8210,TALON,183,635.0,
2025-01-13,8574,W7M,184,632.0,
2025-01-13,9506,Viperio,186,630.0,
2025-01-13,12276,DXA,187,628.0,
2025-01-13,12152,KZG,189,624.0,
2025-01-13,11011,Patins da Ferrari,191,624.0,
2025-01-13,7720,InControl,192,623.0,ffb80662b6034a143226
2025-01-13,13052,2070,194,621.0,
2025-01-13,12363,Arcade,195,621.0,
2025-01-13,12889,G2 Ares,196,621.0,
2025-01-13,12694,RUBY,197,619.0,4120092029828a8d3f68
2025-01-13,12472,MANTRA,200,605.0,
2025-01-13,12895,K27,201,593.0,
2025-01-13,12789,LaChampionsLiga,203,589.0,e154a84320f588f175a0
2025-01-13,11955,LAG,204,589.0,
2025-01-13,12967,WW,205,563.0,6ecb71f497aacb2079ca
2025-01-13,5479,Mythic,206,559.0,e4b6c6fa18f3a24c20a4
2025-01-13,10978,VELOX,207,559.0,
2025-01-13,11421,Kosovo,208,553.0,
2025-01-13,11006,9z Academy,209,551.0,
2025-01-13,6652,GameAgents,211,505.0,
2025-01-13,12908,Aether,212,505.0,
2025-01-13,12455,Vantage,213,502.0,
2025-01-13,11336,DETONATE,215,481.0,ba1d1612f747b5c57920
2025-01-13,13579,USA,216,468.0,
2025-01-13,11905,paiN Academy,217,410.0,
2025-01-16,5995,G2,1,1952.0,e2fd491a5a85983fd670
2025-01-16,7020,Spirit,2,1940.0,8ddd7c3d52942c256b57
2025-01-16,6667,FaZe,3,1848.0,9daa2e0f8baba62ac327
2025-01-16,6248,The MongolZ,4,1845.0,75e5d950f37342b03568
2025-01-16,9565,Vitality,5,1814.0,91c93eb867d7d47bf729
2025-01-16,4494,MOUZ,6,1776.0,dcaaf14356a20ed5fbf7
2025-01-16,4608,Natus Vincere,7,1730.0,996316e9c05448acf739
2025-01-16,11283,Falcons,8,1721.0,
2025-01-16,5973,Liquid,9,1637.0,08cb3a4c68233b3b9901
2025-01-16,8297,FURIA,10,1577.0,677d24247aa53119fe45
2025-01-16,4773,paiN,11,1430.0,
2025-01-16,9215,MIBR,12,1409.0,
2025-01-16,4914,3DMAX,13,1377.0,
2025-01-16,9928,GamerLegion,14,1370.0,c838a8f1c1d3646a49eb
2025-01-16,11251,Eternal Fire,15,1350.0,0a254842e1149d2d09f6
2025-01-16,7532,BIG,16,1344.0,
2025-01-16,12774,FlyQuest,17,1339.0,6134a6e55af912438a31
2025-01-16,12257,Wildcard,18,1336.0,928ad8a13dcda967f95d
2025-01-16,6665,Astralis,19,1316.0,99347eabbb0a1fedcb74
2025-01-16,5005,Complexity,20,1313.0,a957c1e3fa87abcbbeb9
2025-01-16,10567,SAW,21,1301.0,
2025-01-16,5378,Virtus.pro,22,1287.0,f1c05542faa91e6b6868
2025-01-16,10976,FURIA fe,23,1258.0,10dd16af0d8ef7254cf3
2025-01-16,7175,HEROIC,25,1247.0,a640c4181cc7b506ee9c
2025-01-16,7187,Nexus,26,1245.0,c436f0c283513f0845d2
2025-01-16,7969,Nemiga,28,1221.0,5f7d948e2932e569ccbe
2025-01-16,4869,ENCE,29,1191.0,
2025-01-16,6673,NRG,30,1191.0,
2025-01-16,11883,9 Pandas,31,1188.0,f0799d6dc7ece6953b94
2025-01-16,7441,ECLOT,32,1185.0,084edd6496736d402877
2025-01-16,12376,M80,33,1184.0,7cf6f1bf49326d06b542
2025-01-16,11641,Metizport,34,1180.0,4d51241454abe4475e92
2025-01-16,11837,Fluxo,35,1177.0,
2025-01-16,12312,ATOX,36,1174.0,
2025-01-16,11838,Partizan,37,1172.0,
2025-01-16,12426,Passion UA,38,1172.0,
2025-01-16,12471,GUN5,40,1162.0,f6e56009e56ff84ae7a2
2025-01-16,12144,BESTIA,41,1158.0,856b7a0559245db92cf2
2025-01-16,9455,Imperial,42,1157.0,bcc3d95f12d003200086
2025-01-16,11241,B8,43,1153.0,723335631d281525f8e3
2025-01-16,12394,BetBoom,44,1151.0,493c9d9f1b976456dd31
2025-01-16,8113,Sharks,45,1147.0,
2025-01-16,4991,fnatic,46,1133.0,9408d7d410d7d138b52e
2025-01-16,7900,Spirit Academy,48,1125.0,
2025-01-16,4411,Ninjas in Pyjamas,49,1103.0,3bc05fc25b51bc00c745
2025-01-16,10371,NAVI Junior,50,1103.0,2c03c52da3ae13074093
2025-01-16,12604,Johnny Speeds,51,1090.0,a2051d0db9aa8f62c0e0
2025-01-16,11811,Monte,52,1085.0,f6867fa7ba13b580c30f
2025-01-16,12468,Legacy,53,1072.0,5cfd43d0258204c4872c
2025-01-16,12000,500,54,1070.0,
2025-01-16,11948,Nouns,55,1066.0,
2025-01-16,7176,RED Canids,56,1062.0,141115268c3a51a45bdf
2025-01-16,12534,BOSS,57,1047.0,187e49c0d70d388a6892
2025-01-16,10577,SINNERS,58,1045.0,2740412c48959f554e2c
2025-01-16,10278,9INE,59,1033.0,
2025-01-16,11712,Sashi,60,1032.0,
2025-01-16,12366,Aurora Young Blud,61,1016.0,7f69f860c01fb98c916a
2025-01-16,11283,Falcons,63,1013.0,
2025-01-16,11523,Zero Tenacity,64,1012.0,78c45e5390fe107cd659
2025-01-16,9996,9z,65,1007.0,345abb242c90eadd201a
2025-01-16,4501,ALTERNATE aTTaX,66,993.0,
2025-01-16,10947,Rhyno,67,985.0,a5b74eab4210e81faa6e
2025-01-16,11514,Rare Atom,68,985.0,
2025-01-16,11419,ECSTATIC,69,983.0,c4e7e444d827e80f278e
2025-01-16,10854,los kogutos,70,983.0,b837469b73d8344171ba
2025-01-16,11861,Aurora,71,982.0,0e7ced82edf77cf5b175
2025-01-16,11164,Into the Breach,72,976.0,578dd630d0a48fce61d1
2025-01-16,10503,OG,73,968.0,f6891cc4045107bce057
2025-01-16,11571,Gaimin Gladiators,74,963.0,
2025-01-16,11768,ODDIK,75,962.0,
2025-01-16,12510,The Huns,77,945.0,
2025-01-16,8840,Lynn Vision,78,944.0,
2025-01-16,12858,kONO,79,938.0,
2025-01-16,12818,FAVBET,80,938.0,
2025-01-16,12960,Fire Flux,83,928.0,
2025-01-16,12233,Solid,84,922.0,21a7646cd27ff716f6a6
2025-01-16,8038,Party Astronauts,85,914.0,d71f630e5e8612ad7feb
2025-01-16,12586,AMKAL,86,913.0,511be8df08c558658f9a
2025-01-16,12467,PARIVISION,87,907.0,043e31e963ce7277bf47
2025-01-16,4863,TYLOO,88,902.0,226478e93fe49c0382f4
2025-01-16,12267,UNiTY,89,897.0,
2025-01-16,11737,EYEBALLERS,90,892.0,c56d0a8e8d57b2d80c10
2025-01-16,12474,Alliance,91,890.0,db319c58b5a99d95930a
2025-01-16,13105,ALASKA,92,890.0,
2025-01-16,12559,RUSH B,96,880.0,7b0b9043d43aaf43b52c
2025-01-16,12380,CYBERSHOKE,98,878.0,147ad7582e5f73129850
2025-01-16,12878,BC.Game,102,868.0,
2025-01-16,8813,Illuminar,103,864.0,
2025-01-16,11718,BIG EQUIPA,105,854.0,
2025-01-16,11827,JANO,106,850.0,
2025-01-16,4548,CPH Wolves,107,848.0,211deb9c07219e5ea3fb
2025-01-16,7234,Endpoint,108,845.0,
2025-01-16,12787,WOPA,110,842.0,
2025-01-16,10975,MIBR fe,111,840.0,
2025-01-16,11609,GenOne,112,836.0,
2025-01-16,12586,AMKAL,113,833.0,28cfc982f706b8d65fbc
2025-01-16,12124,Insilio,114,827.0,
2025-01-16,12124,Insilio,115,826.0,17803d4b3f5c1cc0be1e
2025-01-16,12646,Chinggis Warriors,116,819.0,aa1a1aadf8a7ff47aafa
2025-01-16,4548,CPH Wolves,117,817.0,7a37c1c422a967d5a2fe
2025-01-16,13025,Tropa do Taco,118,815.0,
2025-01-16,10900,KRÜ,120,804.0,
2025-01-16,12833,TNL,121,801.0,
2025-01-16,11581,HOTU,122,799.0,
2025-01-16,12483,MIGHT,123,798.0,
2025-01-16,11917,NIP Impact,124,796.0,4c0a0f62bc8d88416e7e
2025-01-16,11790,ENCE Academy,125,794.0,9c4a36a264a74f4d8d93
2025-01-16,10947,Rhyno,126,792.0,72d08ab16db0741beda4
2025-01-16,12548,Dusty Roots,127,788.0,
2025-01-16,11321,Kappa Bar,128,787.0,
2025-01-16,12890,Bad News Chickens,131,772.0,
2025-01-16,2955,Denmark fe,132,766.0,
2025-01-16,12722,E-Xolos LAZER,133,764.0,
2025-01-16,12959,ShindeN,136,762.0,
2025-01-16,10459,ARCRED,137,760.0,fe47061e7cbb19bd7eb4
2025-01-16,11883,9 Pandas,138,759.0,cb36cb0017453ab18593
2025-01-16,12567,Akimbo,140,749.0,
2025-01-16,10954,Astralis Talent,141,747.0,
2025-01-16,10973,Anonymo,142,745.0,
2025-01-16,10960,Young Ninjas,143,744.0,
2025-01-16,12611,vagrants,145,733.0,
2025-01-16,13112,Bad News Capybaras,146,726.0,
2025-01-16,12415,Gods Reign,147,721.0,
2025-01-16,6668,FLuffy Gangsters,148,718.0,
2025-01-16,11861,Aurora,149,717.0,4178295899d8d80d2276
2025-01-16,12301,FlyQuest RED,150,715.0,ac151fb0784772bb4cdb
2025-01-16,11555,UNO MILLE,151,714.0,
2025-01-16,11711,Players,152,714.0,
2025-01-16,12988,GameHunters,153,714.0,
2025-01-16,10975,MIBR fe,156,704.0,
2025-01-16,11176,MOUZ NXT,157,702.0,
2025-01-16,11668,Mindfreak,159,701.0,
2025-01-16,10245,JiJieHao,160,700.0,
2025-01-16,12334,Preasy,161,697.0,
2025-01-16,12522,Heimo,162,695.0,
2025-01-16,9881,Rooster,163,691.0,
2025-01-16,13447,DASH,165,685.0,
2025-01-16,12533,Atrix,166,677.0,
2025-01-16,12677,Galorys,167,675.0,84c83b01f7e6083c960c
2025-01-16,12431,Betera,169,673.0,75033a164399b2acc065
2025-01-16,3044,MIBR Academy,170,672.0,92bcf85e3629d8816cb6
2025-01-16,11933,Yawara,171,671.0,
2025-01-16,11837,Fluxo,172,670.0,
2025-01-16,8813,Illuminar,173,669.0,
2025-01-16,10621,1WIN,174,666.0,271effb2897a5924605f
2025-01-16,12884,The Art of War,175,664.0,
2025-01-16,13052,2070,176,660.0,
2025-01-16,11011,Patins da Ferrari,177,659.0,
2025-01-16,11312,QUAZAR,179,651.0,5c916781e1112d162675
2025-01-16,12915,NITRO,180,643.0,
2025-01-16,12912,thekillaz fe,181,642.0,
2025-01-16,12776,Bounty Hunters,183,636.0,
2025-01-16,12921,Housebets,184,635.0,
2025-01-16,9506,Viperio,185,630.0,
2025-01-16,8210,TALON,186,628.0,
2025-01-16,12276,DXA,187,627.0,
2025-01-16,12152,KZG,189,624.0,
2025-01-16,7720,InControl,191,621.0,
2025-01-16,12363,Arcade,193,619.0,
2025-01-16,8574,W7M,195,617.0,
2025-01-16,12889,G2 Ares,196,617.0,
2025-01-16,12694,RUBY,197,611.0,4120092029828a8d3f68
2025-01-16,12472,MANTRA,199,606.0,
2025-01-16,12180,Tsunami,200,600.0,
2025-01-16,12789,LaChampionsLiga,202,591.0,e154a84320f588f175a0
2025-01-16,12895,K27,203,588.0,
2025-01-16,11955,LAG,204,586.0,
2025-01-16,10978,VELOX,205,560.0,
2025-01-16,12967,WW,206,558.0,6ecb71f497aacb2079ca
2025-01-16,11006,9z Academy,207,554.0,
2025-01-16,11421,Kosovo,208,549.0,
2025-01-16,5479,Mythic,209,547.0,3b40a809b0d8c9007db9
2025-01-16,12233,Solid,210,515.0,
2025-01-16,12908,Aether,211,504.0,
2025-01-16,12455,Vantage,212,501.0,
2025-01-16,6652,GameAgents,213,500.0,
2025-01-16,11336,DETONATE,215,479.0,ba1d1612f747b5c57920
2025-01-16,13579,USA,216,465.0,
2025-01-16,11905,paiN Academy,217,410.0,
2025-01-17,5995,G2,1,1951.0,e2fd491a5a85983fd670
2025-01-17,7020,Spirit,2,1940.0,8ddd7c3d52942c256b57
2025-01-17,6667,FaZe,3,1849.0,9daa2e0f8baba62ac327
2025-01-17,6248,The MongolZ,4,1846.0,75e5d950f37342b03568
2025-01-17,9565,Vitality,5,1809.0,91c93eb867d7d47bf729
2025-01-17,4494,MOUZ,6,1746.0,dcaaf14356a20ed5fbf7
2025-01-17,4608,Natus Vincere,7,1724.0,996316e9c05448acf739
2025-01-17,11283,Falcons,8,1721.0,
2025-01-17,5973,Liquid,9,1632.0,08cb3a4c68233b3b9901
2025-01-17,8297,FURIA,10,1582.0,677d24247aa53119fe45
2025-01-17,4773,paiN,11,1443.0,
2025-01-17,9215,MIBR,12,1408.0,
2025-01-17,9928,GamerLegion,13,1386.0,
2025-01-17,4914,3DMAX,14,1375.0,
2025-01-17,11251,Eternal Fire,15,1346.0,0a254842e1149d2d09f6
2025-01-17,7532,BIG,16,1341.0,
2025-01-17,12774,FlyQuest,17,1338.0,6134a6e55af912438a31
2025-01-17,12257,Wildcard,18,1336.0,928ad8a13dcda967f95d
2025-01-17,6665,Astralis,19,1314.0,99347eabbb0a1fedcb74
2025-01-17,5005,Complexity,20,1310.0,a957c1e3fa87abcbbeb9
2025-01-17,10567,SAW,21,1296.0,
2025-01-17,5378,Virtus.pro,22,1286.0,f1c05542faa91e6b6868
2025-01-17,10976,FURIA fe,23,1258.0,10dd16af0d8ef7254cf3
2025-01-17,7187,Nexus,25,1247.0,c436f0c283513f0845d2
2025-01-17,7175,HEROIC,26,1243.0,a640c4181cc7b506ee9c
2025-01-17,7969,Nemiga,28,1216.0,5f7d948e2932e569ccbe
2025-01-17,6673,NRG,29,1190.0,
2025-01-17,4869,ENCE,30,1188.0,
2025-01-17,11883,9 Pandas,31,1185.0,f0799d6dc7ece6953b94
2025-01-17,12394,BetBoom,32,1185.0,351de843dc8e3cb18d4c
2025-01-17,7441,ECLOT,33,1184.0,084edd6496736d402877
2025-01-17,12376,M80,34,1182.0,7cf6f1bf49326d06b542
2025-01-17,11641,Metizport,35,1179.0,4d51241454abe4475e92
2025-01-17,12312,ATOX,36,1177.0,
2025-01-17,11837,Fluxo,37,1174.0,
2025-01-17,11838,Partizan,38,1172.0,
2025-01-17,12426,Passion UA,39,1169.0,
2025-01-17,12471,GUN5,41,1159.0,f6e56009e56ff84ae7a2
2025-01-17,9455,Imperial,42,1155.0,bcc3d95f12d003200086
2025-01-17,12144,BESTIA,43,1155.0,856b7a0559245db92cf2
2025-01-17,11241,B8,44,1146.0,723335631d281525f8e3
2025-01-17,8113,Sharks,45,1146.0,
2025-01-17,4991,fnatic,46,1131.0,9408d7d410d7d138b52e
2025-01-17,7900,Spirit Academy,47,1122.0,
2025-01-17,4411,Ninjas in Pyjamas,49,1101.0,3bc05fc25b51bc00c745
2025-01-17,10371,NAVI Junior,50,1100.0,2c03c52da3ae13074093
2025-01-17,12604,Johnny Speeds,51,1088.0,a2051d0db9aa8f62c0e0
2025-01-17,11811,Monte,52,1076.0,f6867fa7ba13b580c30f
2025-01-17,12468,Legacy,53,1069.0,5cfd43d0258204c4872c
2025-01-17,12000,500,54,1068.0,
2025-01-17,11948,Nouns,55,1065.0,
2025-01-17,7176,RED Canids,56,1060.0,141115268c3a51a45bdf
2025-01-17,12534,BOSS,57,1047.0,187e49c0d70d388a6892
2025-01-17,10577,SINNERS,58,1036.0,2740412c48959f554e2c
2025-01-17,10278,9INE,59,1030.0,
2025-01-17,11712,Sashi,60,1026.0,
2025-01-17,12366,Aurora Young Blud,61,1013.0,7f69f860c01fb98c916a
2025-01-17,11283,Falcons,62,1008.0,
2025-01-17,11523,Zero Tenacity,64,1006.0,78c45e5390fe107cd659
2025-01-17,9996,9z,65,1005.0,345abb242c90eadd201a
2025-01-17,4501,ALTERNATE aTTaX,66,992.0,
2025-01-17,11514,Rare Atom,67,985.0,
2025-01-17,10947,Rhyno,68,985.0,a5b74eab4210e81faa6e
2025-01-17,10854,los kogutos,69,982.0,b837469b73d8344171ba
2025-01-17,11419,ECSTATIC,70,980.0,c4e7e444d827e80f278e
2025-01-17,11861,Aurora,71,976.0,0e7ced82edf77cf5b175
2025-01-17,11164,Into the Breach,72,972.0,578dd630d0a48fce61d1
2025-01-17,10503,OG,73,966.0,f6891cc4045107bce057
2025-01-17,11768,ODDIK,74,961.0,
2025-01-17,11571,Gaimin Gladiators,75,959.0,
2025-01-17,12510,The Huns,77,947.0,
2025-01-17,8840,Lynn Vision,78,944.0,
2025-01-17,12858,kONO,79,938.0,
2025-01-17,12233,Solid,80,937.0,21a7646cd27ff716f6a6
2025-01-17,12818,FAVBET,81,937.0,
2025-01-17,8038,Party Astronauts,84,912.0,d71f630e5e8612ad7feb
2025-01-17,12586,AMKAL,85,910.0,511be8df08c558658f9a
2025-01-17,12960,Fire Flux,86,902.0,
2025-01-17,4863,TYLOO,87,900.0,226478e93fe49c0382f4
2025-01-17,12467,PARIVISION,88,899.0,043e31e963ce7277bf47
2025-01-17,12267,UNiTY,89,897.0,
2025-01-17,12380,CYBERSHOKE,91,889.0,99729e46a16e372b9eaa
2025-01-17,12474,Alliance,93,887.0,db319c58b5a99d95930a
2025-01-17,12559,RUSH B,95,879.0,7b0b9043d43aaf43b52c
2025-01-17,11718,BIG EQUIPA,99,871.0,d817dbf63c7931b871ef
2025-01-17,12878,BC.Game,100,868.0,
2025-01-17,8813,Illuminar,103,863.0,
2025-01-17,9928,GamerLegion,104,861.0,470f5d0e32cea90a0552
2025-01-17,12787,WOPA,107,858.0,
2025-01-17,12747,DMS,108,858.0,28cfc982f706b8d65fbc
2025-01-17,11737,EYEBALLERS,109,857.0,c56d0a8e8d57b2d80c10
2025-01-17,11609,GenOne,110,850.0,91625ab3ea668cf9fc3f
2025-01-17,11827,JANO,111,847.0,
2025-01-17,12548,Dusty Roots,112,830.0,
2025-01-17,4548,CPH Wolves,113,828.0,211deb9c07219e5ea3fb
2025-01-17,12124,Insilio,115,826.0,
2025-01-17,7234,Endpoint,116,824.0,
2025-01-17,12124,Insilio,117,823.0,17803d4b3f5c1cc0be1e
2025-01-17,12646,Chinggis Warriors,118,820.0,aa1a1aadf8a7ff47aafa
2025-01-17,4548,CPH Wolves,120,815.0,7a37c1c422a967d5a2fe
2025-01-17,13025,Tropa do Taco,121,807.0,
2025-01-17,10900,KRÜ,122,805.0,
2025-01-17,12833,TNL,124,801.0,
2025-01-17,11581,HOTU,125,797.0,
2025-01-17,11917,NIP Impact,126,796.0,4c0a0f62bc8d88416e7e
2025-01-17,11790,ENCE Academy,127,792.0,9c4a36a264a74f4d8d93
2025-01-17,11321,Kappa Bar,128,787.0,
2025-01-17,10947,Rhyno,129,787.0,72d08ab16db0741beda4
2025-01-17,2955,Denmark fe,131,766.0,
2025-01-17,10973,Anonymo,132,766.0,
2025-01-17,10459,ARCRED,133,762.0,fe47061e7cbb19bd7eb4
2025-01-17,11883,9 Pandas,136,756.0,cb36cb0017453ab18593
2025-01-17,10954,Astralis Talent,138,746.0,
2025-01-17,12722,E-Xolos LAZER,139,744.0,c3532511377b43be97bf
2025-01-17,10960,Young Ninjas,140,742.0,
2025-01-17,6668,FLuffy Gangsters,142,736.0,
2025-01-17,12611,vagrants,143,734.0,
2025-01-17,13099,ex-Vikings,144,732.0,
2025-01-17,11711,Players,145,730.0,
2025-01-17,12959,ShindeN,146,727.0,
2025-01-17,12890,Bad News Chickens,147,725.0,
2025-01-17,12567,Akimbo,148,722.0,
2025-01-17,12415,Gods Reign,149,721.0,
2025-01-17,11660,Take Flyte,150,720.0,
2025-01-17,12301,FlyQuest RED,151,715.0,ac151fb0784772bb4cdb
2025-01-17,11861,Aurora,152,711.0,4178295899d8d80d2276
2025-01-17,10975,MIBR fe,155,703.0,
2025-01-17,11668,Mindfreak,156,701.0,
2025-01-17,10245,JiJieHao,158,700.0,
2025-01-17,11176,MOUZ NXT,159,697.0,
2025-01-17,12334,Preasy,160,697.0,
2025-01-17,12522,Heimo,161,695.0,
2025-01-17,12988,GameHunters,162,694.0,
2025-01-17,9881,Rooster,163,690.0,
2025-01-17,13447,DASH,165,684.0,
2025-01-17,12533,Atrix,166,677.0,
2025-01-17,11933,Yawara,167,676.0,
2025-01-17,12677,Galorys,169,673.0,84c83b01f7e6083c960c
2025-01-17,3044,MIBR Academy,170,671.0,92bcf85e3629d8816cb6
2025-01-17,12431,Betera,171,671.0,75033a164399b2acc065
2025-01-17,8813,Illuminar,172,668.0,
2025-01-17,11837,Fluxo,173,666.0,
2025-01-17,12884,The Art of War,174,664.0,
2025-01-17,10621,1WIN,175,661.0,271effb2897a5924605f
2025-01-17,12915,NITRO,176,658.0,
2025-01-17,11312,QUAZAR,178,651.0,5c916781e1112d162675
2025-01-17,12912,thekillaz fe,179,643.0,
2025-01-17,12776,Bounty Hunters,180,640.0,
2025-01-17,12921,Housebets,182,635.0,
2025-01-17,9506,Viperio,184,630.0,
2025-01-17,12276,DXA,185,627.0,
2025-01-17,8210,TALON,186,627.0,
2025-01-17,12152,KZG,187,624.0,
2025-01-17,7720,InControl,188,623.0,ffb80662b6034a143226
2025-01-17,11011,Patins da Ferrari,189,622.0,
2025-01-17,13052,2070,192,620.0,
2025-01-17,12363,Arcade,193,619.0,
2025-01-17,12889,G2 Ares,195,615.0,
2025-01-17,12694,RUBY,197,609.0,4120092029828a8d3f68
2025-01-17,12472,MANTRA,199,607.0,
2025-01-17,12789,LaChampionsLiga,200,591.0,e154a84320f588f175a0
2025-01-17,11955,LAG,201,590.0,
2025-01-17,12895,K27,203,586.0,
2025-01-17,12967,WW,204,558.0,6ecb71f497aacb2079ca
2025-01-17,10978,VELOX,205,557.0,
2025-01-17,5479,Mythic,206,553.0,e4b6c6fa18f3a24c20a4
2025-01-17,11006,9z Academy,207,551.0,
2025-01-17,11421,Kosovo,208,549.0,
2025-01-17,8574,W7M,209,525.0,
2025-01-17,12233,Solid,210,513.0,
2025-01-17,12908,Aether,211,504.0,
2025-01-17,12455,Vantage,212,500.0,
2025-01-17,6652,GameAgents,213,499.0,
2025-01-17,11336,DETONATE,215,478.0,ba1d1612f747b5c57920
2025-01-17,13579,USA,216,467.0,
2025-01-17,11905,paiN Academy,217,410.0,
2025-01-20,5995,G2,1,1955.0,486da06de1ee8c33aa1d
2025-01-20,7020,Spirit,2,1943.0,8ddd7c3d52942c256b57
2025-01-20,6248,The MongolZ,3,1848.0,75e5d950f37342b03568
2025-01-20,6667,FaZe,4,1825.0,9daa2e0f8baba62ac327
2025-01-20,9565,Vitality,5,1805.0,91c93eb867d7d47bf729
2025-01-20,4494,MOUZ,6,1747.0,dcaaf14356a20ed5fbf7
2025-01-20,4608,Natus Vincere,7,1726.0,996316e9c05448acf739
2025-01-20,11283,Falcons,8,1697.0,
2025-01-20,5973,Liquid,9,1602.0,08cb3a4c68233b3b9901
2025-01-20,8297,FURIA,10,1556.0,677d24247aa53119fe45
2025-01-20,4773,paiN,11,1474.0,
2025-01-20,9215,MIBR,12,1410.0,
2025-01-20,9928,GamerLegion,13,1385.0,
2025-01-20,4914,3DMAX,14,1371.0,
2025-01-20,11251,Eternal Fire,15,1369.0,0a254842e1149d2d09f6
2025-01-20,7532,BIG,16,1347.0,
2025-01-20,12774,FlyQuest,17,1337.0,6134a6e55af912438a31
2025-01-20,12257,Wildcard,18,1336.0,928ad8a13dcda967f95d
2025-01-20,6665,Astralis,19,1307.0,99347eabbb0a1fedcb74
2025-01-20,5005,Complexity,20,1307.0,a957c1e3fa87abcbbeb9
2025-01-20,5378,Virtus.pro,21,1291.0,f1c05542faa91e6b6868
2025-01-20,10567,SAW,22,1290.0,
2025-01-20,7175,HEROIC,23,1264.0,a640c4181cc7b506ee9c
2025-01-20,10976,FURIA fe,24,1258.0,10dd16af0d8ef7254cf3
2025-01-20,7187,Nexus,26,1252.0,c436f0c283513f0845d2
2025-01-20,7969,Nemiga,28,1214.0,5f7d948e2932e569ccbe
2025-01-20,12394,BetBoom,29,1211.0,351de843dc8e3cb18d4c
2025-01-20,6673,NRG,30,1190.0,
2025-01-20,4869,ENCE,31,1185.0,
2025-01-20,11883,9 Pandas,32,1183.0,f0799d6dc7ece6953b94
2025-01-20,7441,ECLOT,33,1183.0,084edd6496736d402877
2025-01-20,12312,ATOX,34,1181.0,
2025-01-20,11641,Metizport,35,1181.0,4d51241454abe4475e92
2025-01-20,12376,M80,36,1179.0,7cf6f1bf49326d06b542
2025-01-20,11838,Partizan,37,1172.0,
2025-01-20,11837,Fluxo,38,1171.0,
2025-01-20,12426,Passion UA,40,1168.0,
2025-01-20,12471,GUN5,41,1157.0,f6e56009e56ff84ae7a2
2025-01-20,9455,Imperial,42,1153.0,bcc3d95f12d003200086
2025-01-20,12144,BESTIA,43,1153.0,856b7a0559245db92cf2
2025-01-20,8113,Sharks,44,1145.0,
2025-01-20,11241,B8,45,1143.0,a557275c96d577ef4eaf
2025-01-20,4991,fnatic,46,1128.0,9408d7d410d7d138b52e
2025-01-20,7900,Spirit Academy,47,1118.0,
2025-01-20,10371,NAVI Junior,49,1098.0,2c03c52da3ae13074093
2025-01-20,4411,Ninjas in Pyjamas,50,1097.0,3bc05fc25b51bc00c745
2025-01-20,12604,Johnny Speeds,51,1086.0,a2051d0db9aa8f62c0e0
2025-01-20,11811,Monte,52,1073.0,f6867fa7ba13b580c30f
2025-01-20,12468,Legacy,53,1065.0,5cfd43d0258204c4872c
2025-01-20,12000,500,54,1064.0,
2025-01-20,11948,Nouns,55,1063.0,
2025-01-20,7176,RED Canids,56,1058.0,141115268c3a51a45bdf
2025-01-20,12534,BOSS,57,1047.0,187e49c0d70d388a6892
2025-01-20,10577,SINNERS,58,1034.0,2740412c48959f554e2c
2025-01-20,10278,9INE,59,1029.0,
2025-01-20,11712,Sashi,60,1024.0,
2025-01-20,12366,Aurora Young Blud,61,1010.0,7f69f860c01fb98c916a
2025-01-20,11523,Zero Tenacity,62,1003.0,78c45e5390fe107cd659
2025-01-20,11283,Falcons,64,1000.0,
2025-01-20,9996,9z,65,1000.0,345abb242c90eadd201a
2025-01-20,4501,ALTERNATE aTTaX,66,993.0,
2025-01-20,11514,Rare Atom,67,985.0,
2025-01-20,10854,los kogutos,68,985.0,b837469b73d8344171ba
2025-01-20,10947,Rhyno,69,984.0,a5b74eab4210e81faa6e
2025-01-20,11419,ECSTATIC,70,978.0,c4e7e444d827e80f278e
2025-01-20,11861,Aurora,71,973.0,0e7ced82edf77cf5b175
2025-01-20,11164,Into the Breach,72,969.0,578dd630d0a48fce61d1
2025-01-20,10503,OG,73,966.0,f6891cc4045107bce057
2025-01-20,11571,Gaimin Gladiators,74,958.0,
2025-01-20,11768,ODDIK,75,957.0,
2025-01-20,12510,The Huns,76,950.0,
2025-01-20,8840,Lynn Vision,78,942.0,
2025-01-20,12858,kONO,79,938.0,
2025-01-20,12818,FAVBET,80,935.0,
2025-01-20,12233,Solid,81,935.0,21a7646cd27ff716f6a6
2025-01-20,8038,Party Astronauts,84,910.0,d71f630e5e8612ad7feb
2025-01-20,12586,AMKAL,85,907.0,511be8df08c558658f9a
2025-01-20,12960,Fire Flux,86,900.0,
2025-01-20,4863,TYLOO,87,895.0,226478e93fe49c0382f4
2025-01-20,12267,UNiTY,88,895.0,
2025-01-20,12467,PARIVISION,90,892.0,043e31e963ce7277bf47
2025-01-20,12474,Alliance,92,888.0,db319c58b5a99d95930a
2025-01-20,12380,CYBERSHOKE,93,886.0,99729e46a16e372b9eaa
2025-01-20,12559,RUSH B,94,879.0,7b0b9043d43aaf43b52c
2025-01-20,11718,BIG EQUIPA,98,871.0,d817dbf63c7931b871ef
2025-01-20,12878,BC.Game,100,867.0,
2025-01-20,8813,Illuminar,103,863.0,
2025-01-20,12787,WOPA,106,859.0,
2025-01-20,11737,EYEBALLERS,107,857.0,c56d0a8e8d57b2d80c10
2025-01-20,9928,GamerLegion,108,855.0,470f5d0e32cea90a0552
2025-01-20,12747,DMS,109,852.0,28cfc982f706b8d65fbc
2025-01-20,11609,GenOne,110,850.0,91625ab3ea668cf9fc3f
2025-01-20,11827,JANO,111,844.0,
2025-01-20,12548,Dusty Roots,112,831.0,
2025-01-20,4548,CPH Wolves,113,827.0,211deb9c07219e5ea3fb
2025-01-20,12124,Insilio,115,822.0,
2025-01-20,7234,Endpoint,116,821.0,
2025-01-20,12646,Chinggis Warriors,117,821.0,aa1a1aadf8a7ff47aafa
2025-01-20,12124,Insilio,118,821.0,17803d4b3f5c1cc0be1e
2025-01-20,4548,CPH Wolves,120,811.0,7a37c1c422a967d5a2fe
2025-01-20,13025,Tropa do Taco,121,806.0,
2025-01-20,10900,KRÜ,122,802.0,
2025-01-20,12833,TNL,124,800.0,
2025-01-20,11917,NIP Impact,125,795.0,4c0a0f62bc8d88416e7e
2025-01-20,11581,HOTU,126,794.0,
2025-01-20,11790,ENCE Academy,127,792.0,9c4a36a264a74f4d8d93
2025-01-20,11321,Kappa Bar,128,787.0,
2025-01-20,10947,Rhyno,129,784.0,72d08ab16db0741beda4
2025-01-20,2955,Denmark fe,130,767.0,
2025-01-20,10973,Anonymo,131,766.0,
2025-01-20,10459,ARCRED,133,761.0,fe47061e7cbb19bd7eb4
2025-01-20,11883,9 Pandas,137,749.0,cb36cb0017453ab18593
2025-01-20,10954,Astralis Talent,138,747.0,
2025-01-20,12722,E-Xolos LAZER,139,742.0,c3532511377b43be97bf
2025-01-20,10960,Young Ninjas,141,736.0,
2025-01-20,6668,FLuffy Gangsters,142,735.0,
2025-01-20,12611,vagrants,143,732.0,
2025-01-20,13099,ex-Vikings,144,732.0,
2025-01-20,11711,Players,145,730.0,
2025-01-20,12959,ShindeN,146,727.0,
2025-01-20,12890,Bad News Chickens,147,724.0,
2025-01-20,12415,Gods Reign,148,721.0,
2025-01-20,11660,Take Flyte,149,720.0,
2025-01-20,12567,Akimbo,150,720.0,
2025-01-20,12301,FlyQuest RED,151,714.0,ac151fb0784772bb4cdb
2025-01-20,10975,MIBR fe,154,703.0,
2025-01-20,11668,Mindfreak,155,701.0,
2025-01-20,10245,JiJieHao,156,699.0,
2025-01-20,12334,Preasy,157,698.0,
2025-01-20,12522,Heimo,159,695.0,
2025-01-20,11861,Aurora,160,694.0,4178295899d8d80d2276
2025-01-20,12988,GameHunters,161,693.0,
2025-01-20,11176,MOUZ NXT,162,692.0,
2025-01-20,9881,Rooster,163,690.0,
2025-01-20,13447,DASH,165,682.0,
2025-01-20,12533,Atrix,166,677.0,
2025-01-20,11933,Yawara,167,676.0,
2025-01-20,3044,MIBR Academy,169,671.0,92bcf85e3629d8816cb6
2025-01-20,12431,Betera,170,670.0,75033a164399b2acc065
2025-01-20,12677,Galorys,171,670.0,84c83b01f7e6083c960c
2025-01-20,8813,Illuminar,172,666.0,
2025-01-20,12884,The Art of War,173,663.0,
2025-01-20,11837,Fluxo,174,659.0,
2025-01-20,12915,NITRO,175,658.0,
2025-01-20,10621,1WIN,176,655.0,271effb2897a5924605f
2025-01-20,11312,QUAZAR,178,651.0,5c916781e1112d162675
2025-01-20,12912,thekillaz fe,179,643.0,
2025-01-20,12776,Bounty Hunters,180,640.0,
2025-01-20,12921,Housebets,182,635.0,
2025-01-20,9506,Viperio,183,630.0,
2025-01-20,12276,DXA,184,627.0,
2025-01-20,8210,TALON,185,624.0,
2025-01-20,12152,KZG,186,624.0,
2025-01-20,7720,InControl,187,623.0,ffb80662b6034a143226
2025-01-20,13052,2070,188,621.0,
2025-01-20,11011,Patins da Ferrari,189,621.0,
2025-01-20,12363,Arcade,192,619.0,
2025-01-20,12889,G2 Ares,194,613.0,
2025-01-20,12472,MANTRA,197,607.0,
2025-01-20,12694,RUBY,198,605.0,4120092029828a8d3f68
2025-01-20,12789,LaChampionsLiga,199,592.0,e154a84320f588f175a0
2025-01-20,11955,LAG,200,591.0,
2025-01-20,12895,K27,202,583.0,
2025-01-20,10978,VELOX,203,557.0,
2025-01-20,12967,WW,204,556.0,6ecb71f497aacb2079ca
2025-01-20,11006,9z Academy,205,551.0,
2025-01-20,5479,Mythic,206,551.0,e4b6c6fa18f3a24c20a4
2025-01-20,11421,Kosovo,207,547.0,
2025-01-20,8574,W7M,208,523.0,
2025-01-20,12233,Solid,209,508.0,
2025-01-20,12908,Aether,210,504.0,
2025-01-20,12455,Vantage,211,499.0,
2025-01-20,6652,GameAgents,212,495.0,
2025-01-20,11336,DETONATE,214,477.0,ba1d1612f747b5c57920
2025-01-20,13579,USA,215,466.0,
2025-01-20,11905,paiN Academy,216,410.0,
2025-01-27,7020,Spirit,1,1953.0,8ddd7c3d52942c256b57
2025-01-27,5995,G2,2,1906.0,486da06de1ee8c33aa1d
2025-01-27,6248,The MongolZ,3,1824.0,75e5d950f37342b03568
2025-01-27,6667,FaZe,4,1800.0,9daa2e0f8baba62ac327
2025-01-27,4608,Natus Vincere,5,1735.0,996316e9c05448acf739
2025-01-27,9565,Vitality,6,1732.0,91c93eb867d7d47bf729
2025-01-27,4494,MOUZ,7,1717.0,dcaaf14356a20ed5fbf7
2025-01-27,11283,Falcons,8,1680.0,
2025-01-27,11251,Eternal Fire,9,1579.0,0a254842e1149d2d09f6
2025-01-27,5973,Liquid,10,1570.0,08cb3a4c68233b3b9901
2025-01-27,8297,FURIA,11,1537.0,677d24247aa53119fe45
2025-01-27,4773,paiN,12,1454.0,
2025-01-27,9215,MIBR,13,1396.0,
2025-01-27,9928,GamerLegion,14,1366.0,
2025-01-27,4914,3DMAX,15,1351.0,
2025-01-27,7532,BIG,16,1328.0,
2025-01-27,12257,Wildcard,17,1322.0,928ad8a13dcda967f95d
2025-01-27,12774,FlyQuest,18,1315.0,6134a6e55af912438a31
2025-01-27,6665,Astralis,19,1288.0,99347eabbb0a1fedcb74
2025-01-27,5005,Complexity,20,1271.0,a957c1e3fa87abcbbeb9
2025-01-27,5378,Virtus.pro,21,1263.0,f1c05542faa91e6b6868
2025-01-27,7175,HEROIC,22,1255.0,da8aa84f8d83f3bb84f5
2025-01-27,7187,Nexus,23,1253.0,c436f0c283513f0845d2
2025-01-27,10567,SAW,24,1249.0,
2025-01-27,10976,FURIA fe,26,1241.0,10dd16af0d8ef7254cf3
2025-01-27,12312,ATOX,27,1220.0,
2025-01-27,12394,BetBoom,28,1218.0,427ad60a8b3fe9672cb6
2025-01-27,7969,Nemiga,30,1185.0,5f7d948e2932e569ccbe
2025-01-27,11641,Metizport,31,1180.0,4d51241454abe4475e92
2025-01-27,7441,ECLOT,32,1171.0,084edd6496736d402877
2025-01-27,4869,ENCE,33,1164.0,
2025-01-27,11837,Fluxo,34,1162.0,
2025-01-27,11838,Partizan,36,1158.0,
2025-01-27,12376,M80,37,1158.0,7cf6f1bf49326d06b542
2025-01-27,6673,NRG,38,1153.0,495b9c702d422c543a21
2025-01-27,12426,Passion UA,39,1151.0,
2025-01-27,11883,9 Pandas,40,1146.0,0e85ac3721ae63ff4ca6
2025-01-27,8113,Sharks,41,1138.0,
2025-01-27,9455,Imperial,42,1129.0,bcc3d95f12d003200086
2025-01-27,11241,B8,43,1122.0,a557275c96d577ef4eaf
2025-01-27,10371,NAVI Junior,44,1113.0,c725c0003cd8295c1cf8
2025-01-27,4991,fnatic,45,1109.0,9408d7d410d7d138b52e
2025-01-27,7900,Spirit Academy,46,1100.0,
2025-01-27,12471,GUN5,47,1095.0,
2025-01-27,12144,BESTIA,49,1087.0,856b7a0559245db92cf2
2025-01-27,4411,Ninjas in Pyjamas,50,1069.0,3bc05fc25b51bc00c745
2025-01-27,12604,Johnny Speeds,51,1069.0,a2051d0db9aa8f62c0e0
2025-01-27,11811,Monte,52,1067.0,38c8af120b41af9d9ff4
2025-01-27,11948,Nouns,53,1053.0,
2025-01-27,12468,Legacy,54,1048.0,5cfd43d0258204c4872c
2025-01-27,12534,BOSS,55,1044.0,
2025-01-27,13106,Getting Info,56,1040.0,58ad9bf08757c0cf1715
2025-01-27,10577,SINNERS,57,1036.0,2740412c48959f554e2c
2025-01-27,12000,500,58,1020.0,
2025-01-27,11523,Zero Tenacity,59,1017.0,78c45e5390fe107cd659
2025-01-27,11712,Sashi,60,1015.0,
2025-01-27,10278,9INE,61,1013.0,
2025-01-27,8840,Lynn Vision,62,1000.0,dbed042ec191be814f2c
2025-01-27,4501,ALTERNATE aTTaX,64,984.0,
2025-01-27,10854,los kogutos,65,981.0,b837469b73d8344171ba
2025-01-27,12510,The Huns,66,977.0,
2025-01-27,7176,RED Canids,67,976.0,bf90bcbf6d379cbbf7c8
2025-01-27,12818,FAVBET,68,974.0,
2025-01-27,9996,9z,69,968.0,345abb242c90eadd201a
2025-01-27,10947,Rhyno,70,962.0,a5b74eab4210e81faa6e
2025-01-27,13098,Chimera,71,956.0,42e159c01ad11eff3695
2025-01-27,8038,Party Astronauts,72,952.0,1dd57eb0278eb52e3d2e
2025-01-27,11283,Falcons,73,952.0,
2025-01-27,12960,Fire Flux,74,950.0,
2025-01-27,10503,OG,75,949.0,f6891cc4045107bce057
2025-01-27,11419,ECSTATIC,76,948.0,eca76dd469044ed07bc1
2025-01-27,4863,TYLOO,77,948.0,2c632070ba401ebd2e9d
2025-01-27,11861,Aurora,78,947.0,0e7ced82edf77cf5b175
2025-01-27,11164,Into the Breach,79,946.0,578dd630d0a48fce61d1
2025-01-27,11571,Gaimin Gladiators,80,946.0,
2025-01-27,11768,ODDIK,82,925.0,
2025-01-27,11514,Rare Atom,83,923.0,
2025-01-27,13105,ALASKA,84,910.0,
2025-01-27,13124,Marsborne,85,910.0,
2025-01-27,12233,Solid,86,898.0,21a7646cd27ff716f6a6
2025-01-27,12858,kONO,87,894.0,
2025-01-27,13104,Iberian Soul,88,888.0,6ca7d79ae1c6411ec50d
2025-01-27,12586,AMKAL,89,885.0,511be8df08c558658f9a
2025-01-27,12474,Alliance,91,880.0,db319c58b5a99d95930a
2025-01-27,12559,RUSH B,92,873.0,7b0b9043d43aaf43b52c
2025-01-27,12467,PARIVISION,93,871.0,5c5ce0118809f3d76bbf
2025-01-27,11718,BIG EQUIPA,95,862.0,d817dbf63c7931b871ef
2025-01-27,13109,Swingers,97,860.0,
2025-01-27,8813,Illuminar,99,853.0,
2025-01-27,12878,BC.Game,100,852.0,
2025-01-27,11737,EYEBALLERS,101,852.0,c56d0a8e8d57b2d80c10
2025-01-27,12586,AMKAL,102,850.0,28cfc982f706b8d65fbc
2025-01-27,12787,WOPA,103,850.0,
2025-01-27,13118,Adventurers,107,846.0,
2025-01-27,11609,GenOne,109,841.0,91625ab3ea668cf9fc3f
2025-01-27,12267,UNiTY,110,840.0,
2025-01-27,4548,CPH Wolves,111,838.0,211deb9c07219e5ea3fb
2025-01-27,13025,Tropa do Taco,112,834.0,
2025-01-27,10900,KRÜ,113,832.0,
2025-01-27,12548,Dusty Roots,114,832.0,
2025-01-27,12380,CYBERSHOKE,115,830.0,147ad7582e5f73129850
2025-01-27,11827,JANO,116,824.0,
2025-01-27,9928,GamerLegion,117,824.0,470f5d0e32cea90a0552
2025-01-27,12646,Chinggis Warriors,118,824.0,aa1a1aadf8a7ff47aafa
2025-01-27,7234,Endpoint,119,808.0,
2025-01-27,12544,adalYamigos,120,806.0,
2025-01-27,5775,Elevate,121,805.0,
2025-01-27,12124,Insilio,122,804.0,17803d4b3f5c1cc0be1e
2025-01-27,12124,Insilio,123,802.0,
2025-01-27,12431,Betera,124,793.0,5e489e029fb99de4ddca
2025-01-27,12833,TNL,125,791.0,
2025-01-27,4548,CPH Wolves,126,791.0,7a37c1c422a967d5a2fe
2025-01-27,13111,Aetheris,127,785.0,
2025-01-27,11917,NIP Impact,128,784.0,4c0a0f62bc8d88416e7e
2025-01-27,13112,Bad News Capybaras,129,783.0,
2025-01-27,11321,Kappa Bar,130,781.0,
2025-01-27,11790,ENCE Academy,131,780.0,9c4a36a264a74f4d8d93
2025-01-27,11581,HOTU,132,775.0,
2025-01-27,10947,Rhyno,133,768.0,72d08ab16db0741beda4
2025-01-27,13116,UR,134,768.0,
2025-01-27,6652,GameAgents,135,764.0,fc024ca43e672ecea0b8
2025-01-27,2955,Denmark fe,136,761.0,
2025-01-27,11555,UNO MILLE,137,759.0,
2025-01-27,10973,Anonymo,138,757.0,
2025-01-27,11933,Yawara,141,745.0,
2025-01-27,9881,Rooster,143,743.0,
2025-01-27,10954,Astralis Talent,144,742.0,
2025-01-27,10459,ARCRED,145,736.0,40c702299d63a1ed6d38
2025-01-27,12988,GameHunters,146,735.0,
2025-01-27,11711,Players,147,734.0,
2025-01-27,13053,Just Swing,149,731.0,06197469c87fcf7fc690
2025-01-27,6668,FLuffy Gangsters,150,728.0,
2025-01-27,12567,Akimbo,151,727.0,
2025-01-27,13110,Chill Guys,152,726.0,
2025-01-27,12959,ShindeN,153,724.0,
2025-01-27,12968,Alter Iron,154,721.0,
2025-01-27,12611,vagrants,155,716.0,
2025-01-27,11883,9 Pandas,156,715.0,cb36cb0017453ab18593
2025-01-27,12722,E-Xolos LAZER,157,708.0,c3532511377b43be97bf
2025-01-27,10960,Young Ninjas,158,708.0,
2025-01-27,12301,FlyQuest RED,159,704.0,ac151fb0784772bb4cdb
2025-01-27,12546,-72c,160,703.0,
2025-01-27,12415,Gods Reign,161,699.0,
2025-01-27,12334,Preasy,162,698.0,
2025-01-27,8038,Party Astronauts,163,695.0,3a087bf80f19bfccb172
2025-01-27,10975,MIBR fe,164,693.0,
2025-01-27,10245,JiJieHao,166,690.0,
2025-01-27,12522,Heimo,167,688.0,
2025-01-27,13115,harizma,168,685.0,
2025-01-27,3044,MIBR Academy,171,675.0,92bcf85e3629d8816cb6
2025-01-27,12533,Atrix,172,669.0,
2025-01-27,11176,MOUZ NXT,173,668.0,
2025-01-27,13447,DASH,174,667.0,
2025-01-27,11668,Mindfreak,175,665.0,
2025-01-27,12915,NITRO,178,660.0,
2025-01-27,12884,The Art of War,179,656.0,
2025-01-27,13107,Chicken Coop,180,656.0,
2025-01-27,12677,Galorys,181,656.0,84c83b01f7e6083c960c
2025-01-27,12152,KZG,182,653.0,
2025-01-27,8813,Illuminar,183,652.0,
2025-01-27,11955,LAG,184,647.0,
2025-01-27,11312,QUAZAR,186,644.0,5c916781e1112d162675
2025-01-27,12912,thekillaz fe,187,637.0,
2025-01-27,12921,Housebets,188,633.0,
2025-01-27,9506,Viperio,189,626.0,
2025-01-27,12776,Bounty Hunters,190,625.0,
2025-01-27,13052,2070,191,624.0,
2025-01-27,10621,1WIN,192,622.0,271effb2897a5924605f
2025-01-27,12276,DXA,193,621.0,
2025-01-27,11011,Patins da Ferrari,195,617.0,
2025-01-27,8210,TALON,196,612.0,
2025-01-27,12363,Arcade,197,610.0,
2025-01-27,12889,G2 Ares,199,601.0,
2025-01-27,12867,Floripa Stars,201,597.0,
2025-01-27,12789,LaChampionsLiga,202,597.0,e154a84320f588f175a0
2025-01-27,12694,RUBY,203,588.0,4120092029828a8d3f68
2025-01-27,12900,NomadS,204,580.0,
2025-01-27,12895,K27,205,567.0,
2025-01-27,7720,InControl,206,561.0,
2025-01-27,12472,MANTRA,207,560.0,
2025-01-27,10978,VELOX,209,554.0,
2025-01-27,11006,9z Academy,210,551.0,
2025-01-27,12967,WW,211,545.0,6ecb71f497aacb2079ca
2025-01-27,5479,Mythic,212,537.0,e4b6c6fa18f3a24c20a4
2025-01-27,11421,Kosovo,213,536.0,
2025-01-27,12955,THE,214,535.0,
2025-01-27,11955,LAG,215,533.0,
2025-01-27,12825,The QUBE,216,494.0,
2025-01-27,12455,Vantage,217,490.0,
2025-01-27,11336,DETONATE,218,470.0,ba1d1612f747b5c57920
2025-01-27,13579,USA,219,459.0,
2025-01-27,11905,paiN Academy,220,411.0,
2025-02-03,7020,Spirit,1,1968.0,8ddd7c3d52942c256b57
2025-02-03,5995,G2,2,1912.0,486da06de1ee8c33aa1d
2025-02-03,6248,The MongolZ,3,1879.0,75e5d950f37342b03568
2025-02-03,9565,Vitality,4,1821.0,91c93eb867d7d47bf729
2025-02-03,6667,FaZe,5,1805.0,9daa2e0f8baba62ac327
2025-02-03,4608,Natus Vincere,6,1755.0,996316e9c05448acf739
2025-02-03,11251,Eternal Fire,7,1687.0,0a254842e1149d2d09f6
2025-02-03,4494,MOUZ,8,1652.0,97a914de71e77795f741
2025-02-03,11283,Falcons,9,1645.0,
2025-02-03,5973,Liquid,10,1603.0,08cb3a4c68233b3b9901
2025-02-03,8297,FURIA,11,1535.0,677d24247aa53119fe45
2025-02-03,5378,Virtus.pro,12,1505.0,f1c05542faa91e6b6868
2025-02-03,9928,GamerLegion,13,1504.0,
2025-02-03,4914,3DMAX,14,1487.0,
2025-02-03,6665,Astralis,15,1468.0,99347eabbb0a1fedcb74
2025-02-03,4773,paiN,16,1445.0,
2025-02-03,9215,MIBR,17,1393.0,
2025-02-03,7532,BIG,18,1350.0,
2025-02-03,12257,Wildcard,19,1350.0,928ad8a13dcda967f95d
2025-02-03,7175,HEROIC,20,1278.0,a640c4181cc7b506ee9c
2025-02-03,12774,FlyQuest,21,1259.0,6134a6e55af912438a31
2025-02-03,5005,Complexity,22,1226.0,a957c1e3fa87abcbbeb9
2025-02-03,7187,Nexus,23,1220.0,c436f0c283513f0845d2
2025-02-03,10976,FURIA fe,24,1196.0,10dd16af0d8ef7254cf3
2025-02-03,12394,BetBoom,25,1195.0,427ad60a8b3fe9672cb6
2025-02-03,12312,ATOX,27,1185.0,
2025-02-03,10567,SAW,28,1183.0,
2025-02-03,7969,Nemiga,30,1165.0,5f7d948e2932e569ccbe
2025-02-03,11641,Metizport,31,1149.0,4d51241454abe4475e92
2025-02-03,7441,ECLOT,32,1148.0,084edd6496736d402877
2025-02-03,4869,ENCE,33,1138.0,
2025-02-03,12426,Passion UA,34,1133.0,
2025-02-03,11241,B8,35,1132.0,a557275c96d577ef4eaf
2025-02-03,8113,Sharks,36,1131.0,3d0059791db0c4f7bd1f
2025-02-03,11837,Fluxo,37,1131.0,
2025-02-03,11883,9 Pandas,38,1128.0,0e85ac3721ae63ff4ca6
2025-02-03,12376,M80,39,1123.0,7cf6f1bf49326d06b542
2025-02-03,11838,Partizan,40,1120.0,
2025-02-03,6673,NRG,41,1110.0,495b9c702d422c543a21
2025-02-03,9455,Imperial,42,1100.0,bcc3d95f12d003200086
2025-02-03,9466,GTZ,43,1100.0,
2025-02-03,7900,Spirit Academy,44,1097.0,
2025-02-03,4991,fnatic,45,1094.0,9408d7d410d7d138b52e
2025-02-03,12471,GUN5,46,1080.0,
2025-02-03,12144,BESTIA,47,1072.0,856b7a0559245db92cf2
2025-02-03,10371,NAVI Junior,48,1069.0,2c03c52da3ae13074093
2025-02-03,12534,BOSS,50,1048.0,
2025-02-03,12604,Johnny Speeds,51,1043.0,a2051d0db9aa8f62c0e0
2025-02-03,13106,Getting Info,52,1039.0,58ad9bf08757c0cf1715
2025-02-03,4411,Ninjas in Pyjamas,53,1033.0,3bc05fc25b51bc00c745
2025-02-03,10577,SINNERS,54,1033.0,2740412c48959f554e2c
2025-02-03,11811,Monte,55,1032.0,38c8af120b41af9d9ff4
2025-02-03,12468,Legacy,56,1025.0,5cfd43d0258204c4872c
2025-02-03,12000,500,57,1010.0,
2025-02-03,7176,RED Canids,58,1004.0,bf90bcbf6d379cbbf7c8
2025-02-03,11948,Nouns,59,1000.0,
2025-02-03,11712,Sashi,60,987.0,
2025-02-03,11523,Zero Tenacity,61,987.0,78c45e5390fe107cd659
2025-02-03,8840,Lynn Vision,62,983.0,dbed042ec191be814f2c
2025-02-03,10278,9INE,64,970.0,
2025-02-03,12510,The Huns,66,965.0,
2025-02-03,4501,ALTERNATE aTTaX,67,963.0,
2025-02-03,10854,los kogutos,68,962.0,b837469b73d8344171ba
2025-02-03,12960,Fire Flux,69,945.0,
2025-02-03,12818,FAVBET,70,944.0,
2025-02-03,13098,Chimera,71,941.0,42e159c01ad11eff3695
2025-02-03,11419,ECSTATIC,72,933.0,eca76dd469044ed07bc1
2025-02-03,9996,9z,73,931.0,345abb242c90eadd201a
2025-02-03,13128,moneyF,74,931.0,578dd630d0a48fce61d1
2025-02-03,10947,Rhyno,75,931.0,a5b74eab4210e81faa6e
2025-02-03,10503,OG,76,928.0,4451d417de2939623d18
2025-02-03,11571,Gaimin Gladiators,77,928.0,
2025-02-03,4863,TYLOO,78,927.0,2c632070ba401ebd2e9d
2025-02-03,8038,Party Astronauts,79,925.0,1dd57eb0278eb52e3d2e
2025-02-03,12233,Solid,80,918.0,21a7646cd27ff716f6a6
2025-02-03,12474,Alliance,81,908.0,db319c58b5a99d95930a
2025-02-03,11514,Rare Atom,82,904.0,
2025-02-03,11283,Falcons,83,902.0,
2025-02-03,11768,ODDIK,84,888.0,
2025-02-03,11861,Aurora,85,885.0,0e7ced82edf77cf5b175
2025-02-03,13105,ALASKA,86,882.0,
2025-02-03,12858,kONO,87,880.0,
2025-02-03,12586,AMKAL,88,871.0,511be8df08c558658f9a
2025-02-03,12559,RUSH B,90,863.0,7b0b9043d43aaf43b52c
2025-02-03,12467,PARIVISION,91,854.0,5c5ce0118809f3d76bbf
2025-02-03,12544,adalYamigos,93,849.0,
2025-02-03,13104,Iberian Soul,94,849.0,6ca7d79ae1c6411ec50d
2025-02-03,10278,9INE,96,846.0,
2025-02-03,11718,BIG EQUIPA,97,846.0,d817dbf63c7931b871ef
2025-02-03,12878,BC.Game,99,842.0,
2025-02-03,11737,EYEBALLERS,100,842.0,c56d0a8e8d57b2d80c10
2025-02-03,10900,KRÜ,102,838.0,
2025-02-03,11609,GenOne,104,834.0,91625ab3ea668cf9fc3f
2025-02-03,8813,Illuminar,105,833.0,
2025-02-03,12787,WOPA,106,833.0,
2025-02-03,12586,AMKAL,109,828.0,28cfc982f706b8d65fbc
2025-02-03,13118,Adventurers,110,827.0,
2025-02-03,13110,Chill Guys,111,827.0,
2025-02-03,12431,Betera,112,825.0,5e489e029fb99de4ddca
2025-02-03,13109,Swingers,113,824.0,
2025-02-03,4548,CPH Wolves,115,818.0,211deb9c07219e5ea3fb
2025-02-03,12267,UNiTY,116,815.0,
2025-02-03,12548,Dusty Roots,117,811.0,
2025-02-03,13025,Tropa do Taco,118,808.0,
2025-02-03,12380,CYBERSHOKE,119,807.0,147ad7582e5f73129850
2025-02-03,11827,JANO,120,806.0,
2025-02-03,12646,Chinggis Warriors,121,806.0,aa1a1aadf8a7ff47aafa
2025-02-03,5775,Elevate,122,801.0,
2025-02-03,9928,GamerLegion,123,795.0,470f5d0e32cea90a0552
2025-02-03,11555,UNO MILLE,124,794.0,
2025-02-03,7234,Endpoint,125,791.0,
2025-02-03,12611,vagrants,126,791.0,
2025-02-03,12833,TNL,127,784.0,
2025-02-03,13124,Marsborne,128,783.0,
2025-02-03,12124,Insilio,129,782.0,
2025-02-03,12124,Insilio,130,779.0,17803d4b3f5c1cc0be1e
2025-02-03,4548,CPH Wolves,131,771.0,7a37c1c422a967d5a2fe
2025-02-03,11917,NIP Impact,132,770.0,4c0a0f62bc8d88416e7e
2025-02-03,11790,ENCE Academy,133,770.0,9c4a36a264a74f4d8d93
2025-02-03,13111,Aetheris,134,770.0,
2025-02-03,11321,Kappa Bar,135,768.0,
2025-02-03,12567,Akimbo,136,767.0,
2025-02-03,13116,UR,137,764.0,
2025-02-03,10459,ARCRED,138,759.0,40c702299d63a1ed6d38
2025-02-03,11581,HOTU,139,754.0,
2025-02-03,13112,Bad News Capybaras,140,752.0,
2025-02-03,10947,Rhyno,141,752.0,72d08ab16db0741beda4
2025-02-03,10973,Anonymo,142,749.0,
2025-02-03,9881,Rooster,143,742.0,
2025-02-03,6652,GameAgents,146,736.0,fc024ca43e672ecea0b8
2025-02-03,10954,Astralis Talent,147,734.0,
2025-02-03,11933,Yawara,148,733.0,
2025-02-03,11711,Players,149,730.0,
2025-02-03,13053,Just Swing,151,726.0,06197469c87fcf7fc690
2025-02-03,6668,FLuffy Gangsters,152,719.0,
2025-02-03,12959,ShindeN,153,717.0,
2025-02-03,12988,GameHunters,154,711.0,
2025-02-03,12968,Alter Iron,155,703.0,
2025-02-03,12722,E-Xolos LAZER,156,701.0,c3532511377b43be97bf
2025-02-03,12546,-72c,157,701.0,
2025-02-03,12301,FlyQuest RED,159,696.0,ac151fb0784772bb4cdb
2025-02-03,12334,Preasy,160,693.0,
2025-02-03,12415,Gods Reign,161,692.0,
2025-02-03,11668,Mindfreak,162,691.0,
2025-02-03,10975,MIBR fe,164,686.0,
2025-02-03,12522,Heimo,165,682.0,
2025-02-03,8038,Party Astronauts,166,681.0,3a087bf80f19bfccb172
2025-02-03,10960,Young Ninjas,167,681.0,
2025-02-03,13115,harizma,168,677.0,
2025-02-03,3044,MIBR Academy,169,671.0,92bcf85e3629d8816cb6
2025-02-03,10245,JiJieHao,170,666.0,
2025-02-03,12533,Atrix,171,663.0,
2025-02-03,12915,NITRO,172,660.0,
2025-02-03,11176,MOUZ NXT,175,651.0,
2025-02-03,12677,Galorys,176,649.0,84c83b01f7e6083c960c
2025-02-03,12921,Housebets,177,648.0,
2025-02-03,13107,Chicken Coop,178,646.0,
2025-02-03,11312,QUAZAR,180,639.0,5c916781e1112d162675
2025-02-03,8813,Illuminar,181,637.0,
2025-02-03,12912,thekillaz fe,182,634.0,
2025-02-03,11955,LAG,183,633.0,
2025-02-03,12152,KZG,184,626.0,
2025-02-03,9506,Viperio,185,623.0,
2025-02-03,12884,The Art of War,186,617.0,
2025-02-03,12276,DXA,187,617.0,
2025-02-03,13052,2070,188,615.0,
2025-02-03,11011,Patins da Ferrari,190,604.0,
2025-02-03,12472,MANTRA,191,604.0,
2025-02-03,12363,Arcade,192,603.0,
2025-02-03,8210,TALON,193,598.0,
2025-02-03,12789,LaChampionsLiga,194,595.0,e154a84320f588f175a0
2025-02-03,12900,NomadS,196,578.0,
2025-02-03,12694,RUBY,197,571.0,4120092029828a8d3f68
2025-02-03,7720,InControl,198,561.0,
2025-02-03,12895,K27,199,557.0,
2025-02-03,10978,VELOX,201,547.0,
2025-02-03,11006,9z Academy,202,545.0,
2025-02-03,12967,WW,203,537.0,6ecb71f497aacb2079ca
2025-02-03,12955,THE,204,535.0,
2025-02-03,11955,LAG,205,531.0,
2025-02-03,11421,Kosovo,206,527.0,
2025-02-03,12867,Floripa Stars,207,522.0,
2025-02-03,5479,Mythic,208,522.0,e4b6c6fa18f3a24c20a4
2025-02-03,12825,The QUBE,209,492.0,
2025-02-03,12455,Vantage,210,481.0,
2025-02-03,13579,USA,211,453.0,
2025-02-03,11905,paiN Academy,212,408.0,
2025-02-24,7020,Spirit,1,1959.0,8ddd7c3d52942c256b57
2025-02-24,9565,Vitality,2,1938.0,91c93eb867d7d47bf729
2025-02-24,6248,The MongolZ,3,1884.0,75e5d950f37342b03568
2025-02-24,4494,MOUZ,4,1863.0,43f602c729e986479a12
2025-02-24,6667,FaZe,5,1828.0,9daa2e0f8baba62ac327
2025-02-24,11283,Falcons,6,1815.0,
2025-02-24,5995,G2,7,1797.0,486da06de1ee8c33aa1d
2025-02-24,11251,Eternal Fire,8,1796.0,0a254842e1149d2d09f6
2025-02-24,4608,Natus Vincere,9,1761.0,996316e9c05448acf739
2025-02-24,6665,Astralis,10,1649.0,99347eabbb0a1fedcb74
2025-02-24,4773,paiN,11,1525.0,
2025-02-24,5378,Virtus.pro,12,1518.0,f1c05542faa91e6b6868
2025-02-24,9928,GamerLegion,13,1491.0,
2025-02-24,4914,3DMAX,14,1486.0,
2025-02-24,5973,Liquid,15,1461.0,08cb3a4c68233b3b9901
2025-02-24,8297,FURIA,16,1367.0,677d24247aa53119fe45
2025-02-24,9215,MIBR,17,1269.0,
2025-02-24,7532,BIG,18,1269.0,
2025-02-24,10567,SAW,19,1249.0,
2025-02-24,12257,Wildcard,20,1235.0,928ad8a13dcda967f95d
2025-02-24,7175,HEROIC,21,1155.0,a640c4181cc7b506ee9c
2025-02-24,11241,B8,22,1149.0,a557275c96d577ef4eaf
2025-02-24,5005,Complexity,23,1115.0,a957c1e3fa87abcbbeb9
2025-02-24,12878,BC.Game,24,1105.0,
2025-02-24,9455,Imperial,25,1080.0,a71e6e7f6daa2e9d3935
2025-02-24,12000,500,26,1069.0,
2025-02-24,12774,FlyQuest,27,1066.0,6134a6e55af912438a31
2025-02-24,11838,Partizan,28,1057.0,745ffd1c1652e3bdb05d
2025-02-24,12394,BetBoom,29,1053.0,351de843dc8e3cb18d4c
2025-02-24,12426,Passion UA,30,1039.0,
2025-02-24,11883,9 Pandas,31,1032.0,34daca2b7d6b78502551
2025-02-24,4991,fnatic,32,1030.0,9408d7d410d7d138b52e
2025-02-24,12312,ATOX,33,1029.0,
2025-02-24,7441,ECLOT,34,1019.0,159abc6f79fc9c136486
2025-02-24,12471,GUN5,35,1015.0,593278a31ea5fb5d71a9
2025-02-24,6673,NRG,36,1009.0,495b9c702d422c543a21
2025-02-24,12376,M80,37,1002.0,764bfbaf02d5ad51d83f
2025-02-24,4869,ENCE,38,999.0,
2025-02-24,8113,Sharks,39,989.0,3d0059791db0c4f7bd1f
2025-02-24,10976,FURIA fe,40,983.0,10dd16af0d8ef7254cf3
2025-02-24,11641,Metizport,41,981.0,4d51241454abe4475e92
2025-02-24,12468,Legacy,42,980.0,5cfd43d0258204c4872c
2025-02-24,10278,9INE,43,979.0,
2025-02-24,7900,Spirit Academy,44,977.0,
2025-02-24,12828,Imperial Valkyries,45,972.0,
2025-02-24,11837,Fluxo,46,964.0,
2025-02-24,7187,Nexus,47,956.0,6add12c1e9adec02e609
2025-02-24,9466,GTZ,48,949.0,
2025-02-24,7969,Nemiga,49,940.0,5f7d948e2932e569ccbe
2025-02-24,10371,NAVI Junior,50,935.0,2c03c52da3ae13074093
2025-02-24,11712,Sashi,52,929.0,
2025-02-24,12144,BESTIA,53,921.0,856b7a0559245db92cf2
2025-02-24,12604,Johnny Speeds,54,914.0,a2051d0db9aa8f62c0e0
2025-02-24,10503,OG,55,906.0,77d7e9342b0bb5860f6c
2025-02-24,13178,Novaq,56,903.0,
2025-02-24,11811,Monte,57,902.0,f6867fa7ba13b580c30f
2025-02-24,12960,Fire Flux,58,899.0,
2025-02-24,4411,Ninjas in Pyjamas,59,899.0,3bc05fc25b51bc00c745
2025-02-24,12380,CYBERSHOKE,61,886.0,147ad7582e5f73129850
2025-02-24,12009,Permitta,62,876.0,68ef901df1657b4f9df2
2025-02-24,11514,Rare Atom,63,875.0,
2025-02-24,11827,JANO,64,873.0,
2025-02-24,11768,ODDIK,65,869.0,
2025-02-24,12097,Eruption,66,869.0,48aba9d867b9c721551d
2025-02-24,13105,ALASKA,67,866.0,
2025-02-24,12233,Solid,68,864.0,21a7646cd27ff716f6a6
2025-02-24,12534,BOSS,69,862.0,
2025-02-24,12510,The Huns,70,860.0,
2025-02-24,4501,ALTERNATE aTTaX,71,853.0,
2025-02-24,11811,Monte,73,850.0,
2025-02-24,7176,RED Canids,74,845.0,bf90bcbf6d379cbbf7c8
2025-02-24,8840,Lynn Vision,75,842.0,dbed042ec191be814f2c
2025-02-24,10577,SINNERS,76,842.0,2740412c48959f554e2c
2025-02-24,13133,Prototype Blaze,77,840.0,
2025-02-24,13184,WildLotus,78,832.0,
2025-02-24,11571,Gaimin Gladiators,79,830.0,
2025-02-24,11523,Zero Tenacity,80,819.0,78c45e5390fe107cd659
2025-02-24,13104,Iberian Soul,81,815.0,6ca7d79ae1c6411ec50d
2025-02-24,11948,Nouns,82,814.0,
2025-02-24,8038,Party Astronauts,83,813.0,1dd57eb0278eb52e3d2e
2025-02-24,13098,Chimera,84,811.0,42e159c01ad11eff3695
2025-02-24,12474,Alliance,85,804.0,db319c58b5a99d95930a
2025-02-24,4548,CPH Wolves,86,803.0,211deb9c07219e5ea3fb
2025-02-24,12818,FAVBET,87,803.0,
2025-02-24,12559,RUSH B,88,799.0,7b0b9043d43aaf43b52c
2025-02-24,12858,kONO,89,798.0,
2025-02-24,11419,ECSTATIC,90,798.0,eca76dd469044ed07bc1
2025-02-24,13121,Eco Warriors,91,796.0,f311e6ce5ebd1a40a35b
2025-02-24,11861,Aurora,92,793.0,0e7ced82edf77cf5b175
2025-02-24,12586,AMKAL,93,792.0,511be8df08c558658f9a
2025-02-24,12764,Arrow,94,788.0,
2025-02-24,11446,Leo,95,780.0,60c96df3b77e5b788a47
2025-02-24,12467,PARIVISION,96,778.0,8f1b660374056c309a4c
2025-02-24,12878,BC.Game,98,771.0,
2025-02-24,11609,GenOne,100,770.0,91625ab3ea668cf9fc3f
2025-02-24,10947,Rhyno,101,769.0,a5b74eab4210e81faa6e
2025-02-24,11718,BIG EQUIPA,103,764.0,d817dbf63c7931b871ef
2025-02-24,12847,Kubix,104,755.0,
2025-02-24,5058,Hungary,105,753.0,
2025-02-24,9996,9z,106,751.0,6add9229eeecdc064d8c
2025-02-24,10278,9INE,107,749.0,
2025-02-24,12787,WOPA,108,748.0,
2025-02-24,13109,Swingers,109,746.0,
2025-02-24,11790,ENCE Academy,111,742.0,9c4a36a264a74f4d8d93
2025-02-24,4863,TYLOO,112,741.0,2c632070ba401ebd2e9d
2025-02-24,11948,Nouns,113,740.0,
2025-02-24,8813,Illuminar,114,739.0,
2025-02-24,11737,EYEBALLERS,115,739.0,c56d0a8e8d57b2d80c10
2025-02-24,11283,Falcons,116,739.0,
2025-02-24,13024,8Sins,118,739.0,
2025-02-24,12646,Chinggis Warriors,119,739.0,aa1a1aadf8a7ff47aafa
2025-02-24,12769,Fisher College,120,739.0,
2025-02-24,11711,Players,122,732.0,
2025-02-24,10459,ARCRED,124,728.0,40c702299d63a1ed6d38
2025-02-24,12833,TNL,126,727.0,
2025-02-24,12267,UNiTY,127,722.0,
2025-02-24,12467,PARIVISION,128,722.0,043e31e963ce7277bf47
2025-02-24,13025,Tropa do Taco,129,721.0,
2025-02-24,7234,Endpoint,130,720.0,
2025-02-24,12483,MIGHT,131,719.0,
2025-02-24,12544,adalYamigos,132,718.0,
2025-02-24,12548,Dusty Roots,133,716.0,
2025-02-24,11555,UNO MILLE,134,712.0,
2025-02-24,11321,Kappa Bar,135,708.0,
2025-02-24,12776,Bounty Hunters,137,701.0,
2025-02-24,13158,Dark Cloud,138,698.0,
2025-02-24,13118,Adventurers,139,698.0,
2025-02-24,12124,Insilio,140,696.0,
2025-02-24,12857,FORZE Reload,141,693.0,4a6926e093b865962ae3
2025-02-24,11917,NIP Impact,142,692.0,4c0a0f62bc8d88416e7e
2025-02-24,12586,AMKAL,143,692.0,07729bc73afc6242f3df
2025-02-24,12190,Shimmer,144,689.0,
2025-02-24,12312,ATOX,146,687.0,
2025-02-24,10947,Rhyno,147,686.0,72d08ab16db0741beda4
2025-02-24,11933,Yawara,148,683.0,
2025-02-24,2955,Denmark fe,149,682.0,
2025-02-24,3044,MIBR Academy,150,680.0,80a0affe3645e4b79deb
2025-02-24,12895,K27,151,679.0,e750fe564bbd5d2ce6ca
2025-02-24,12124,Insilio,153,678.0,d68f621c0c4769cf3779
2025-02-24,4548,CPH Wolves,154,678.0,7a37c1c422a967d5a2fe
2025-02-24,11585,IHC,155,676.0,
2025-02-24,12968,Alter Iron,156,675.0,
2025-02-24,12415,Gods Reign,157,674.0,
2025-02-24,4411,Ninjas in Pyjamas,158,674.0,bc4239550c720cb140ff
2025-02-24,9928,GamerLegion,159,673.0,470f5d0e32cea90a0552
2025-02-24,11581,HOTU,160,670.0,
2025-02-24,7176,RED Canids,161,668.0,5a7d30f62a1a7fe5dedc
2025-02-24,13116,UR,163,663.0,
2025-02-24,12959,ShindeN,164,662.0,
2025-02-24,12858,kONO,165,661.0,
2025-02-24,6668,FLuffy Gangsters,166,661.0,
2025-02-24,13083,Big W,169,658.0,
2025-02-24,12334,Preasy,170,657.0,
2025-02-24,12890,Bad News Chickens,171,656.0,
2025-02-24,11585,IHC,172,654.0,b2e8430f424a52a90312
2025-02-24,9139,BRUTE,174,651.0,
2025-02-24,13029,RED Canids Academy,175,649.0,
2025-02-24,10954,Astralis Talent,176,649.0,
2025-02-24,9881,Rooster,177,648.0,
2025-02-24,11668,Mindfreak,178,648.0,
2025-02-24,12677,Galorys,179,647.0,84c83b01f7e6083c960c
2025-02-24,12611,vagrants,180,646.0,
2025-02-24,12988,GameHunters,181,644.0,
2025-02-24,13053,Just Swing,182,644.0,06197469c87fcf7fc690
2025-02-24,13115,harizma,183,641.0,
2025-02-24,13067,Immigrants peek,184,640.0,
2025-02-24,9862,devils.one,185,638.0,
2025-02-24,13110,Chill Guys,186,637.0,
2025-02-24,12567,Akimbo,187,636.0,
2025-02-24,12522,Heimo,189,635.0,
2025-02-24,10975,MIBR fe,190,635.0,
2025-02-24,10621,1WIN,191,632.0,
2025-02-24,5117,Czech Republic,192,629.0,
2025-02-24,10900,KRÜ,193,629.0,
2025-02-24,10245,JiJieHao,194,626.0,
2025-02-24,12833,TNL,195,625.0,
2025-02-24,12777,Permitta W,197,624.0,
2025-02-24,12421,Let Her Cook,198,624.0,
2025-02-24,13112,Bad News Capybaras,201,621.0,
2025-02-24,12915,NITRO,202,621.0,
2025-02-24,13137,Familia Maquininha,205,618.0,c945590e437a5c2dfada
2025-02-24,12556,Nouns fe,206,615.0,
2025-02-24,13153,Hesta,207,614.0,f5cffaa253b25112d40e
2025-02-24,12983,st4rboys,208,614.0,
2025-02-24,13107,Chicken Coop,210,611.0,
2025-02-24,11312,QUAZAR,212,605.0,5c916781e1112d162675
2025-02-24,12431,Betera,214,604.0,75033a164399b2acc065
2025-02-24,12301,FlyQuest RED,215,604.0,207c2e8550328eb5b8f3
2025-02-24,13082,Exceritus,217,603.0,
2025-02-24,12912,thekillaz fe,218,602.0,
2025-02-24,13122,nomercy fe,221,601.0,
2025-02-24,12087,Lazer Cats,222,599.0,
2025-02-24,9506,Viperio,223,597.0,
2025-02-24,7720,InControl,224,593.0,
2025-02-24,12789,LaChampionsLiga,225,593.0,2bc380a21b94f7716bbf
2025-02-24,13052,2070,228,588.0,
2025-02-24,12921,Housebets,230,587.0,
2025-02-24,12533,Atrix,231,583.0,
2025-02-24,12702,Lotus fe,232,581.0,
2025-02-24,12884,The Art of War,233,580.0,
2025-02-24,12363,Arcade,234,578.0,
2025-02-24,12152,KZG,235,577.0,
2025-02-24,12901,SemperFi,236,575.0,
2025-02-24,13081,Fake do Biru,237,575.0,3e745e61acc0cfa739a2
2025-02-24,13005,MCS,238,571.0,
2025-02-24,11176,MOUZ NXT,239,568.0,
2025-02-24,4532,ESC,240,567.0,4e0c70f7e092d4484ed4
2025-02-24,13097,Fated Rise,241,566.0,01377c9695eeb3925cf1
2025-02-24,13124,Marsborne,242,562.0,
2025-02-24,12889,G2 Ares,243,560.0,
2025-02-24,12276,DXA,244,558.0,
2025-02-24,12472,MANTRA,245,552.0,
2025-02-24,8210,TALON,246,551.0,
2025-02-24,13092,BadGuys,247,550.0,
2025-02-24,13046,CS2News,248,548.0,412c231fcb8464d12a61
2025-02-24,5775,Elevate,249,546.0,
2025-02-24,11955,LAG,250,544.0,
2025-02-24,13027,Nuclear TigeRES,251,532.0,724f8d6e2a6db9ba88b9
2025-02-24,12694,RUBY,254,528.0,c0963f9839e8b4d40d5c
2025-02-24,11011,Patins da Ferrari,255,524.0,
2025-02-24,10978,VELOX,258,520.0,
2025-02-24,11006,9z Academy,259,517.0,
2025-02-24,12455,Vantage,260,513.0,
2025-02-24,11011,Patins da Ferrari,262,512.0,
2025-02-24,10854,los kogutos,265,503.0,887e6c08c0147fd6a1f5
2025-02-24,9735,Lilmix,266,503.0,
2025-02-24,12967,WW,267,501.0,6ecb71f497aacb2079ca
2025-02-24,10960,Young Ninjas,268,500.0,
2025-02-24,11421,Kosovo,270,489.0,
2025-02-24,12908,Aether,273,477.0,
2025-02-24,5479,Mythic,274,471.0,3b40a809b0d8c9007db9
2025-02-24,13151,Tropa do KinGui,276,462.0,
2025-02-24,11905,paiN Academy,281,399.0,
2025-02-24,13579,USA,283,382.0,
2025-03-03,7020,Spirit,1,1963.0,8ddd7c3d52942c256b57
2025-03-03,9565,Vitality,2,1939.0,91c93eb867d7d47bf729
2025-03-03,6248,The MongolZ,3,1885.0,75e5d950f37342b03568
2025-03-03,4494,MOUZ,4,1874.0,43f602c729e986479a12
2025-03-03,6667,FaZe,5,1839.0,9daa2e0f8baba62ac327
2025-03-03,11283,Falcons,6,1830.0,
2025-03-03,11251,Eternal Fire,7,1809.0,0a254842e1149d2d09f6
2025-03-03,5995,G2,8,1781.0,486da06de1ee8c33aa1d
2025-03-03,4608,Natus Vincere,9,1751.0,996316e9c05448acf739
2025-03-03,6665,Astralis,10,1665.0,99347eabbb0a1fedcb74
2025-03-03,4773,paiN,11,1539.0,
2025-03-03,5378,Virtus.pro,12,1531.0,f1c05542faa91e6b6868
2025-03-03,9928,GamerLegion,13,1497.0,
2025-03-03,4914,3DMAX,14,1494.0,
2025-03-03,5973,Liquid,15,1451.0,08cb3a4c68233b3b9901
2025-03-03,8297,FURIA,16,1352.0,677d24247aa53119fe45
2025-03-03,7532,BIG,17,1274.0,
2025-03-03,9215,MIBR,18,1264.0,
2025-03-03,10567,SAW,19,1250.0,
2025-03-03,12257,Wildcard,20,1238.0,928ad8a13dcda967f95d
2025-03-03,11241,B8,21,1144.0,a557275c96d577ef4eaf
2025-03-03,7175,HEROIC,22,1140.0,a640c4181cc7b506ee9c
2025-03-03,5005,Complexity,23,1092.0,a957c1e3fa87abcbbeb9
2025-03-03,12000,500,24,1068.0,
2025-03-03,9455,Imperial,25,1066.0,a71e6e7f6daa2e9d3935
2025-03-03,12878,BC.Game,26,1057.0,
2025-03-03,11838,Partizan,27,1052.0,745ffd1c1652e3bdb05d
2025-03-03,12774,FlyQuest,28,1047.0,6134a6e55af912438a31
2025-03-03,5347,BLUEJAYS,29,1041.0,
2025-03-03,12394,BetBoom,30,1041.0,351de843dc8e3cb18d4c
2025-03-03,12312,ATOX,31,1036.0,
2025-03-03,12426,Passion UA,32,1030.0,
2025-03-03,6673,NRG,33,1028.0,495b9c702d422c543a21
2025-03-03,4991,fnatic,34,1023.0,9408d7d410d7d138b52e
2025-03-03,11883,9 Pandas,35,1023.0,34daca2b7d6b78502551
2025-03-03,12376,M80,36,1013.0,764bfbaf02d5ad51d83f
2025-03-03,7441,ECLOT,37,1012.0,159abc6f79fc9c136486
2025-03-03,12471,GUN5,38,1009.0,593278a31ea5fb5d71a9
2025-03-03,8113,Sharks,39,989.0,3d0059791db0c4f7bd1f
2025-03-03,4869,ENCE,40,989.0,
2025-03-03,10278,9INE,41,975.0,
2025-03-03,11641,Metizport,42,974.0,4d51241454abe4475e92
2025-03-03,10976,FURIA fe,43,973.0,10dd16af0d8ef7254cf3
2025-03-03,12468,Legacy,44,970.0,5cfd43d0258204c4872c
2025-03-03,7900,Spirit Academy,45,968.0,
2025-03-03,12828,Imperial Valkyries,46,966.0,
2025-03-03,7187,Nexus,47,957.0,6add12c1e9adec02e609
2025-03-03,11837,Fluxo,48,953.0,
2025-03-03,9466,GTZ,49,948.0,
2025-03-03,10503,OG,50,933.0,1c7f6d4b70c984711fa8
2025-03-03,10371,NAVI Junior,51,931.0,2c03c52da3ae13074093
2025-03-03,7969,Nemiga,52,928.0,5f7d948e2932e569ccbe
2025-03-03,11712,Sashi,53,927.0,
2025-03-03,12144,BESTIA,55,910.0,856b7a0559245db92cf2
2025-03-03,12604,Johnny Speeds,56,907.0,a2051d0db9aa8f62c0e0
2025-03-03,12380,CYBERSHOKE,57,894.0,147ad7582e5f73129850
2025-03-03,11514,Rare Atom,58,891.0,
2025-03-03,13178,Novaq,59,891.0,
2025-03-03,11811,Monte,60,888.0,f6867fa7ba13b580c30f
2025-03-03,4411,Ninjas in Pyjamas,62,876.0,3bc05fc25b51bc00c745
2025-03-03,11827,JANO,63,875.0,
2025-03-03,13124,Marsborne,64,875.0,
2025-03-03,12960,Fire Flux,65,871.0,
2025-03-03,12009,Permitta,66,870.0,68ef901df1657b4f9df2
2025-03-03,11768,ODDIK,67,865.0,
2025-03-03,12233,Solid,68,857.0,21a7646cd27ff716f6a6
2025-03-03,11948,Nouns,69,857.0,
2025-03-03,12097,Eruption,70,854.0,48aba9d867b9c721551d
2025-03-03,13104,Iberian Soul,71,854.0,6ca7d79ae1c6411ec50d
2025-03-03,12510,The Huns,72,853.0,
2025-03-03,13106,Getting Info,73,852.0,
2025-03-03,4501,ALTERNATE aTTaX,74,852.0,
2025-03-03,12415,Gods Reign,76,850.0,
2025-03-03,11811,Monte,77,848.0,
2025-03-03,12467,PARIVISION,78,845.0,8f1b660374056c309a4c
2025-03-03,11419,ECSTATIC,79,842.0,eca76dd469044ed07bc1
2025-03-03,8840,Lynn Vision,80,840.0,dbed042ec191be814f2c
2025-03-03,10577,SINNERS,81,838.0,2740412c48959f554e2c
2025-03-03,13133,Prototype Blaze,82,836.0,
2025-03-03,13105,ALASKA,83,834.0,
2025-03-03,7176,RED Canids,84,826.0,bf90bcbf6d379cbbf7c8
2025-03-03,4602,Tricked,85,825.0,
2025-03-03,12474,Alliance,86,820.0,db319c58b5a99d95930a
2025-03-03,8038,Party Astronauts,87,816.0,1dd57eb0278eb52e3d2e
2025-03-03,4548,CPH Wolves,88,812.0,211deb9c07219e5ea3fb
2025-03-03,11523,Zero Tenacity,89,810.0,78c45e5390fe107cd659
2025-03-03,11861,Aurora,90,807.0,0e7ced82edf77cf5b175
2025-03-03,13098,Chimera,91,806.0,42e159c01ad11eff3695
2025-03-03,12818,FAVBET,92,805.0,
2025-03-03,12858,kONO,93,796.0,
2025-03-03,13121,Eco Warriors,94,792.0,f311e6ce5ebd1a40a35b
2025-03-03,13184,WildLotus,95,790.0,
2025-03-03,12559,RUSH B,96,789.0,7b0b9043d43aaf43b52c
2025-03-03,12764,Arrow,97,788.0,
2025-03-03,12586,AMKAL,98,782.0,511be8df08c558658f9a
2025-03-03,12646,Chinggis Warriors,99,781.0,aa1a1aadf8a7ff47aafa
2025-03-03,11446,Leo,101,778.0,60c96df3b77e5b788a47
2025-03-03,12483,MIGHT,102,777.0,
2025-03-03,12878,BC.Game,103,770.0,
2025-03-03,11609,GenOne,104,767.0,91625ab3ea668cf9fc3f
2025-03-03,11718,BIG EQUIPA,106,763.0,d817dbf63c7931b871ef
2025-03-03,13189,Flshbck,107,762.0,
2025-03-03,12929,Victores Sumus,108,755.0,
2025-03-03,12847,Kubix,109,755.0,
2025-03-03,12787,WOPA,110,749.0,
2025-03-03,11790,ENCE Academy,111,747.0,9c4a36a264a74f4d8d93
2025-03-03,5058,Hungary,112,746.0,
2025-03-03,10947,Rhyno,113,746.0,a5b74eab4210e81faa6e
2025-03-03,13024,8Sins,114,745.0,
2025-03-03,13109,Swingers,116,743.0,
2025-03-03,4863,TYLOO,117,740.0,2c632070ba401ebd2e9d
2025-03-03,11737,EYEBALLERS,118,740.0,c56d0a8e8d57b2d80c10
2025-03-03,10278,9INE,119,739.0,
2025-03-03,8813,Illuminar,121,736.0,
2025-03-03,13146,Supernova Comets,122,734.0,a6dffd2855ad5f4f2190
2025-03-03,12769,Fisher College,123,733.0,
2025-03-03,11711,Players,124,732.0,
2025-03-03,9996,9z,125,732.0,6add9229eeecdc064d8c
2025-03-03,11283,Falcons,127,729.0,
2025-03-03,12833,TNL,128,729.0,
2025-03-03,10459,ARCRED,129,729.0,40c702299d63a1ed6d38
2025-03-03,11948,Nouns,130,724.0,
2025-03-03,7234,Endpoint,133,719.0,
2025-03-03,12267,UNiTY,134,718.0,
2025-03-03,13025,Tropa do Taco,135,716.0,
2025-03-03,12548,Dusty Roots,136,715.0,
2025-03-03,12467,PARIVISION,137,713.0,043e31e963ce7277bf47
2025-03-03,13158,Dark Cloud,138,713.0,
2025-03-03,11555,UNO MILLE,139,711.0,
2025-03-03,12544,adalYamigos,140,710.0,
2025-03-03,11321,Kappa Bar,141,708.0,
2025-03-03,12776,Bounty Hunters,143,702.0,
2025-03-03,11955,LAG,144,699.0,
2025-03-03,12857,FORZE Reload,145,695.0,4a6926e093b865962ae3
2025-03-03,12971,Wanted Goons,146,692.0,
2025-03-03,11917,NIP Impact,147,692.0,4c0a0f62bc8d88416e7e
2025-03-03,13118,Adventurers,148,688.0,
2025-03-03,12312,ATOX,150,684.0,
2025-03-03,11581,HOTU,151,684.0,
2025-03-03,11933,Yawara,152,683.0,
2025-03-03,11585,IHC,153,682.0,
2025-03-03,2955,Denmark fe,154,680.0,
2025-03-03,12124,Insilio,155,680.0,
2025-03-03,10947,Rhyno,156,679.0,72d08ab16db0741beda4
2025-03-03,3044,MIBR Academy,157,679.0,80a0affe3645e4b79deb
2025-03-03,12895,K27,158,676.0,e750fe564bbd5d2ce6ca
2025-03-03,12586,AMKAL,159,676.0,07729bc73afc6242f3df
2025-03-03,13177,SUPER EVIL GANG,160,674.0,
2025-03-03,12124,Insilio,162,666.0,d68f621c0c4769cf3779
2025-03-03,7176,RED Canids,164,664.0,5a7d30f62a1a7fe5dedc
2025-03-03,13083,Big W,165,663.0,
2025-03-03,12334,Preasy,167,660.0,
2025-03-03,6668,FLuffy Gangsters,168,660.0,
2025-03-03,4548,CPH Wolves,170,660.0,7a37c1c422a967d5a2fe
2025-03-03,12959,ShindeN,171,659.0,
2025-03-03,12858,kONO,172,658.0,
2025-03-03,13116,UR,173,657.0,
2025-03-03,10245,JiJieHao,174,656.0,
2025-03-03,11585,IHC,175,656.0,b2e8430f424a52a90312
2025-03-03,9139,BRUTE,176,652.0,
2025-03-03,12890,Bad News Chickens,177,652.0,
2025-03-03,13029,RED Canids Academy,178,651.0,
2025-03-03,10954,Astralis Talent,179,651.0,
2025-03-03,9928,GamerLegion,180,651.0,470f5d0e32cea90a0552
2025-03-03,13115,harizma,181,647.0,
2025-03-03,13067,Immigrants peek,182,647.0,
2025-03-03,11668,Mindfreak,183,647.0,
2025-03-03,4411,Ninjas in Pyjamas,185,646.0,bc4239550c720cb140ff
2025-03-03,12611,vagrants,186,643.0,
2025-03-03,12677,Galorys,187,643.0,84c83b01f7e6083c960c
2025-03-03,12988,GameHunters,188,643.0,
2025-03-03,13110,Chill Guys,190,640.0,
2025-03-03,12522,Heimo,191,638.0,
2025-03-03,12983,st4rboys,193,635.0,
2025-03-03,10621,1WIN,194,634.0,
2025-03-03,10975,MIBR fe,195,633.0,
2025-03-03,9862,devils.one,196,630.0,
2025-03-03,12833,TNL,197,630.0,
2025-03-03,13112,Bad News Capybaras,198,628.0,
2025-03-03,13107,Chicken Coop,199,626.0,
2025-03-03,12567,Akimbo,200,626.0,
2025-03-03,12777,Permitta W,201,625.0,
2025-03-03,12421,Let Her Cook,202,625.0,
2025-03-03,5117,Czech Republic,203,623.0,
2025-03-03,10900,KRÜ,204,623.0,
2025-03-03,12915,NITRO,205,620.0,
2025-03-03,12556,Nouns fe,208,618.0,
2025-03-03,13148,DogEvil,209,617.0,01377c9695eeb3925cf1
2025-03-03,13153,Hesta,212,615.0,f5cffaa253b25112d40e
2025-03-03,11263,Only One Word,213,615.0,
2025-03-03,13053,Just Swing,214,612.0,06197469c87fcf7fc690
2025-03-03,9881,Rooster,216,611.0,
2025-03-03,12901,SemperFi,217,608.0,
2025-03-03,12301,FlyQuest RED,218,607.0,207c2e8550328eb5b8f3
2025-03-03,13082,Exceritus,219,606.0,
2025-03-03,13137,Familia Maquininha,220,606.0,c945590e437a5c2dfada
2025-03-03,11312,QUAZAR,222,604.0,5c916781e1112d162675
2025-03-03,13122,nomercy fe,223,603.0,
2025-03-03,12912,thekillaz fe,224,603.0,
2025-03-03,9506,Viperio,226,600.0,
2025-03-03,13005,MCS,227,599.0,
2025-03-03,12431,Betera,229,597.0,75033a164399b2acc065
2025-03-03,12789,LaChampionsLiga,230,596.0,2bc380a21b94f7716bbf
2025-03-03,7720,InControl,232,596.0,
2025-03-03,12087,Lazer Cats,234,593.0,
2025-03-03,13052,2070,236,591.0,
2025-03-03,12921,Housebets,237,591.0,
2025-03-03,12702,Lotus fe,240,583.0,
2025-03-03,12533,Atrix,241,582.0,
2025-03-03,8210,TALON,242,580.0,
2025-03-03,12363,Arcade,243,578.0,
2025-03-03,12152,KZG,244,577.0,
2025-03-03,4532,ESC,245,577.0,4e0c70f7e092d4484ed4
2025-03-03,13081,Fake do Biru,246,571.0,3e745e61acc0cfa739a2
2025-03-03,12276,DXA,247,559.0,
2025-03-03,12889,G2 Ares,248,552.0,
2025-03-03,12472,MANTRA,249,550.0,
2025-03-03,13092,BadGuys,250,548.0,
2025-03-03,13046,CS2News,251,546.0,412c231fcb8464d12a61
2025-03-03,5775,Elevate,252,544.0,
2025-03-03,13027,Nuclear TigeRES,253,534.0,724f8d6e2a6db9ba88b9
2025-03-03,12958,Al-Ittihad,256,527.0,
2025-03-03,11011,Patins da Ferrari,257,523.0,
2025-03-03,12694,RUBY,259,521.0,c0963f9839e8b4d40d5c
2025-03-03,13147,Shika,260,520.0,
2025-03-03,12455,Vantage,261,518.0,
2025-03-03,10978,VELOX,262,518.0,
2025-03-03,11006,9z Academy,264,516.0,
2025-03-03,11011,Patins da Ferrari,266,510.0,
2025-03-03,12900,NomadS,267,505.0,
2025-03-03,9735,Lilmix,268,505.0,
2025-03-03,10854,los kogutos,270,503.0,887e6c08c0147fd6a1f5
2025-03-03,12967,WW,272,497.0,6ecb71f497aacb2079ca
2025-03-03,11421,Kosovo,275,484.0,
2025-03-03,5479,Mythic,277,479.0,3b40a809b0d8c9007db9
2025-03-03,12908,Aether,278,475.0,
2025-03-03,13151,Tropa do KinGui,280,462.0,
2025-03-03,11905,paiN Academy,284,398.0,
2025-03-03,13579,USA,286,383.0,
2025-04-07,9565,Vitality,1,2074.0,91c93eb867d7d47bf729
2025-04-07,4494,MOUZ,2,1934.0,43f602c729e986479a12
2025-04-07,7020,Spirit,3,1917.0,8ddd7c3d52942c256b57
2025-04-07,6248,The MongolZ,4,1852.0,75e5d950f37342b03568
2025-04-07,11251,Eternal Fire,5,1792.0,0a254842e1149d2d09f6
2025-04-07,4608,Natus Vincere,6,1744.0,996316e9c05448acf739
2025-04-07,5995,G2,7,1729.0,486da06de1ee8c33aa1d
2025-04-07,11283,Falcons,8,1698.0,
2025-04-07,6667,FaZe,9,1690.0,9daa2e0f8baba62ac327
2025-04-07,4914,3DMAX,10,1566.0,
2025-04-07,5973,Liquid,11,1552.0,08cb3a4c68233b3b9901
2025-04-07,5378,Virtus.pro,12,1543.0,f1c05542faa91e6b6868
2025-04-07,6665,Astralis,13,1516.0,99347eabbb0a1fedcb74
2025-04-07,9928,GamerLegion,14,1488.0,
2025-04-07,4773,paiN,15,1461.0,
2025-04-07,10567,SAW,16,1358.0,0d76c6a91d9adcab7a05
2025-04-07,8297,FURIA,17,1246.0,677d24247aa53119fe45
2025-04-07,9215,MIBR,18,1206.0,3df0c093029dd07f6fd8
2025-04-07,12376,M80,19,1125.0,764bfbaf02d5ad51d83f
2025-04-07,5005,Complexity,20,1107.0,a957c1e3fa87abcbbeb9
2025-04-07,12257,Wildcard,21,1089.0,
2025-04-07,12878,BC.Game,22,1063.0,
2025-04-07,7175,HEROIC,23,1062.0,a640c4181cc7b506ee9c
2025-04-07,7532,BIG,24,1058.0,
2025-04-07,12000,500,25,1058.0,
2025-04-07,11241,B8,26,1054.0,a557275c96d577ef4eaf
2025-04-07,10503,OG,27,1042.0,77d7e9342b0bb5860f6c
2025-04-07,11514,Rare Atom,28,1038.0,
2025-04-07,7969,Nemiga,29,1024.0,5f7d948e2932e569ccbe
2025-04-07,12510,The Huns,30,1017.0,
2025-04-07,12394,BetBoom,31,1013.0,351de843dc8e3cb18d4c
2025-04-07,12312,ATOX,32,1006.0,
2025-04-07,4991,fnatic,33,1005.0,7b9c2e54637477264639
2025-04-07,9455,Imperial,34,999.0,a71e6e7f6daa2e9d3935
2025-04-07,12467,PARIVISION,35,998.0,8f1b660374056c309a4c
2025-04-07,11883,9 Pandas,36,993.0,
2025-04-07,4869,ENCE,37,986.0,
2025-04-07,10371,NAVI Junior,38,984.0,2c03c52da3ae13074093
2025-04-07,6673,NRG,39,977.0,495b9c702d422c543a21
2025-04-07,12901,SemperFi,40,972.0,
2025-04-07,12774,FlyQuest,41,972.0,6134a6e55af912438a31
2025-04-07,11641,Metizport,42,969.0,4d51241454abe4475e92
2025-04-07,10278,9INE,43,963.0,
2025-04-07,12471,GUN5,44,962.0,593278a31ea5fb5d71a9
2025-04-07,5347,BLUEJAYS,45,958.0,
2025-04-07,4863,TYLOO,47,929.0,
2025-04-07,13104,Iberian Soul,48,922.0,6ca7d79ae1c6411ec50d
2025-04-07,10577,SINNERS,49,922.0,2740412c48959f554e2c
2025-04-07,11837,Fluxo,50,921.0,b8d719ce28553c1f8538
2025-04-07,11838,Partizan,51,917.0,0061cb28f6779a87473d
2025-04-07,12468,Legacy,52,916.0,5cfd43d0258204c4872c
2025-04-07,12097,Eruption,53,911.0,48aba9d867b9c721551d
2025-04-07,12646,Chinggis Warriors,54,911.0,aa1a1aadf8a7ff47aafa
2025-04-07,11861,Aurora,55,910.0,0e7ced82edf77cf5b175
2025-04-07,11581,HOTU,56,902.0,
2025-04-07,11419,ECSTATIC,57,900.0,eca76dd469044ed07bc1
2025-04-07,13212,ex-TALON,58,894.0,
2025-04-07,7900,Spirit Academy,59,892.0,
2025-04-07,12380,CYBERSHOKE,60,874.0,147ad7582e5f73129850
2025-04-07,12426,Passion UA,61,872.0,
2025-04-07,7441,ECLOT,62,869.0,159abc6f79fc9c136486
2025-04-07,8113,Sharks,63,860.0,3d0059791db0c4f7bd1f
2025-04-07,7187,Nexus,64,843.0,6add12c1e9adec02e609
2025-04-07,8840,Lynn Vision,65,839.0,dbed042ec191be814f2c
2025-04-07,12960,Fire Flux,66,836.0,
2025-04-07,11811,Monte,67,832.0,
2025-04-07,13106,Getting Info,68,830.0,c6d9f4b065535fedd3fe
2025-04-07,11768,ODDIK,69,828.0,
2025-04-07,13057,Delta,70,825.0,
2025-04-07,12144,BESTIA,71,823.0,c4cd742c0f01c49bf932
2025-04-07,11712,Sashi,72,822.0,
2025-04-07,11523,Zero Tenacity,73,822.0,78c45e5390fe107cd659
2025-04-07,12415,Gods Reign,74,821.0,
2025-04-07,4411,Ninjas in Pyjamas,75,820.0,16ae57adceed4e78cb00
2025-04-07,13124,Marsborne,76,813.0,
2025-04-07,9881,Rooster,77,811.0,
2025-04-07,12559,RUSH B,78,805.0,7b0b9043d43aaf43b52c
2025-04-07,7176,RED Canids,79,805.0,
2025-04-07,12694,RUBY,80,802.0,c0963f9839e8b4d40d5c
2025-04-07,11948,Nouns,81,796.0,
2025-04-07,13157,NEVERMORE,82,793.0,
2025-04-07,12474,Alliance,83,792.0,db319c58b5a99d95930a
2025-04-07,12233,Solid,84,789.0,21a7646cd27ff716f6a6
2025-04-07,13178,Novaq,86,786.0,
2025-04-07,12828,Imperial Valkyries,87,783.0,
2025-04-07,10976,FURIA fe,88,783.0,10dd16af0d8ef7254cf3
2025-04-07,12604,Johnny Speeds,89,780.0,a2051d0db9aa8f62c0e0
2025-04-07,11827,JANO,90,778.0,
2025-04-07,12586,AMKAL,91,776.0,c5ae37f15cd13e52b6b3
2025-04-07,11571,Gaimin Gladiators,93,767.0,
2025-04-07,9996,9z,94,766.0,6add9229eeecdc064d8c
2025-04-07,9466,GTZ,95,763.0,
2025-04-07,13204,Spray Jutsu,96,762.0,
2025-04-07,11811,Monte,97,761.0,f6867fa7ba13b580c30f
2025-04-07,12818,FAVBET,98,755.0,
2025-04-07,13109,Swingers,99,755.0,592591c417caacd704b9
2025-04-07,4411,Ninjas in Pyjamas,100,754.0,3bc05fc25b51bc00c745
2025-04-07,4501,ALTERNATE aTTaX,101,752.0,
2025-04-07,10333,Sangal,102,747.0,6aa88a84bb53992e80ce
2025-04-07,12267,UNiTY,103,741.0,
2025-04-07,12833,TNL,104,738.0,
2025-04-07,4548,CPH Wolves,105,736.0,211deb9c07219e5ea3fb
2025-04-07,11585,IHC,106,735.0,
2025-04-07,13133,Prototype Blaze,107,731.0,
2025-04-07,12483,MIGHT,108,731.0,
2025-04-07,11446,Leo,109,730.0,60c96df3b77e5b788a47
2025-04-07,10245,JiJieHao,110,730.0,239c366f89b0c9626e78
2025-04-07,12764,Arrow,111,725.0,
2025-04-07,12921,Housebets,112,722.0,
2025-04-07,13105,ALASKA,113,720.0,
2025-04-07,12858,kONO,114,719.0,
2025-04-07,12929,Victores Sumus,115,713.0,
2025-04-07,12769,Fisher College,116,713.0,508684bdc5b8b876b8c6
2025-04-07,13121,Eco Warriors,117,712.0,f311e6ce5ebd1a40a35b
2025-04-07,13189,Flshbck,118,711.0,
2025-04-07,13024,8Sins,119,706.0,
2025-04-07,12586,AMKAL,120,706.0,511be8df08c558658f9a
2025-04-07,12878,BC.Game,121,705.0,
2025-04-07,13206,anything else,122,702.0,
2025-04-07,13148,DogEvil,123,702.0,01377c9695eeb3925cf1
2025-04-07,12065,Flamengo,125,697.0,99f8544a2ab4e9430837
2025-04-07,12833,TNL,126,696.0,
2025-04-07,12959,ShindeN,127,695.0,
2025-04-07,11718,BIG EQUIPA,128,693.0,d817dbf63c7931b871ef
2025-04-07,8038,Party Astronauts,129,692.0,1dd57eb0278eb52e3d2e
2025-04-07,13098,Chimera,130,691.0,1cebdcf8b94b716e82c0
2025-04-07,12787,WOPA,131,690.0,
2025-04-07,11790,ENCE Academy,132,687.0,9c4a36a264a74f4d8d93
2025-04-07,11609,GenOne,133,686.0,
2025-04-07,11737,EYEBALLERS,134,685.0,c56d0a8e8d57b2d80c10
2025-04-07,10459,ARCRED,135,684.0,40c702299d63a1ed6d38
2025-04-07,12847,Kubix,136,683.0,
2025-04-07,13191,Garden Garage,137,683.0,
2025-04-07,12548,Dusty Roots,138,679.0,
2025-04-07,7234,Endpoint,139,677.0,
2025-04-07,12544,adalYamigos,140,675.0,
2025-04-07,12971,Wanted Goons,141,670.0,
2025-04-07,12857,FORZE Reload,143,670.0,
2025-04-07,13127,Wildcard Academy,145,667.0,
2025-04-07,13158,Dark Cloud,146,667.0,
2025-04-07,13198,LOBOARMY,147,659.0,
2025-04-07,12180,Tsunami,148,659.0,
2025-04-07,8813,Illuminar,149,659.0,
2025-04-07,13054,PCIFIC,150,658.0,beea5f99b8dfbdae1647
2025-04-07,13025,Tropa do Taco,151,658.0,
2025-04-07,13111,Aetheris,153,654.0,
2025-04-07,12776,Bounty Hunters,154,652.0,
2025-04-07,11955,LAG,156,651.0,
2025-04-07,10947,Rhyno,157,650.0,a5b74eab4210e81faa6e
2025-04-07,11321,Kappa Bar,158,650.0,
2025-04-07,12895,K27,160,647.0,e750fe564bbd5d2ce6ca
2025-04-07,5058,Hungary,161,646.0,
2025-04-07,12334,Preasy,162,643.0,
2025-04-07,13211,NinJa,163,643.0,
2025-04-07,13146,Supernova Comets,165,641.0,a6dffd2855ad5f4f2190
2025-04-07,11668,Mindfreak,166,641.0,
2025-04-07,10621,1win,167,640.0,
2025-04-07,11283,Falcons,168,640.0,
2025-04-07,12927,Marca Registrada,169,638.0,
2025-04-07,13107,Chicken Coop,172,635.0,
2025-04-07,11585,IHC,173,633.0,b2e8430f424a52a90312
2025-04-07,13067,Immigrants peek,174,633.0,
2025-04-07,10278,9INE,175,632.0,
2025-04-07,12670,LEON,176,631.0,
2025-04-07,13099,ex-Vikings,177,631.0,
2025-04-07,13192,Roler Coaster,178,629.0,41c4fc4060136f0de900
2025-04-07,12491,2GAME,180,628.0,6af22c7f89396d17a520
2025-04-07,12467,PARIVISION,181,628.0,043e31e963ce7277bf47
2025-04-07,10900,KRÜ,182,628.0,
2025-04-07,13083,Big W,183,627.0,
2025-04-07,13153,Hesta,184,627.0,f5cffaa253b25112d40e
2025-04-07,11711,Players,185,627.0,
2025-04-07,13115,harizma,186,626.0,
2025-04-07,13203,ex-Heimo,187,625.0,
2025-04-07,13029,RED Canids Academy,188,624.0,
2025-04-07,8038,Party Astronauts,189,622.0,
2025-04-07,6668,FLuffy Gangsters,190,622.0,
2025-04-07,12312,ATOX,191,622.0,
2025-04-07,10954,Astralis Talent,192,621.0,
2025-04-07,9139,BRUTE,193,617.0,
2025-04-07,11948,Nouns,194,615.0,
2025-04-07,12900,NomadS,195,615.0,
2025-04-07,13184,WildLotus,196,614.0,
2025-04-07,13219,LFO 4,198,612.0,
2025-04-07,3044,MIBR Academy,199,612.0,e223a7455fade7912302
2025-04-07,13027,Nuclear TigeRES,200,607.0,724f8d6e2a6db9ba88b9
2025-04-07,13005,MCS,201,606.0,
2025-04-07,12890,Bad News Chickens,202,605.0,
2025-04-07,13118,Adventurers,203,604.0,
2025-04-07,13128,moneyF,205,601.0,
2025-04-07,13166,Prasso,206,599.0,2bc380a21b94f7716bbf
2025-04-07,12858,kONO,207,596.0,
2025-04-07,13053,Just Swing,208,596.0,06197469c87fcf7fc690
2025-04-07,4602,Tricked,209,596.0,
2025-04-07,13052,2070,210,592.0,
2025-04-07,13177,SUPER EVIL GANG,211,590.0,
2025-04-07,11263,Only One Word,212,588.0,
2025-04-07,11164,Into the Breach,213,583.0,9ffcb562e72a86249f03
2025-04-07,12472,MANTRA,214,582.0,
2025-04-07,9506,Viperio,215,581.0,
2025-04-07,13112,Bad News Capybaras,216,579.0,
2025-04-07,12124,Insilio,217,575.0,d68f621c0c4769cf3779
2025-04-07,13215,POWERmix,218,572.0,
2025-04-07,5775,Elevate,219,570.0,
2025-04-07,12988,GameHunters,220,567.0,
2025-04-07,5117,Czech Republic,221,565.0,
2025-04-07,11933,Yawara,222,564.0,
2025-04-07,13186,Bounty Hunters fe,223,564.0,
2025-04-07,13137,Familia Maquininha,224,564.0,c945590e437a5c2dfada
2025-04-07,12915,NITRO,226,561.0,
2025-04-07,2955,Denmark fe,227,560.0,
2025-04-07,11555,UNO MILLE,228,556.0,
2025-04-07,12611,Vagrants,229,553.0,
2025-04-07,5479,Mythic,231,546.0,3b40a809b0d8c9007db9
2025-04-07,11660,Take Flyte,233,545.0,a6f3f158f36344963239
2025-04-07,11905,paiN Academy,235,543.0,
2025-04-07,4532,ESC,236,542.0,4e0c70f7e092d4484ed4
2025-04-07,12152,KZG,237,540.0,
2025-04-07,12455,Vantage,238,538.0,
2025-04-07,11138,benched,239,537.0,
2025-04-07,12301,FlyQuest RED,240,537.0,207c2e8550328eb5b8f3
2025-04-07,12554,regain,241,532.0,
2025-04-07,13092,BadGuys,242,523.0,
2025-04-07,13172,Mercenaires,243,523.0,
2025-04-07,13147,Shika,244,521.0,
2025-04-07,13046,CS2News,245,520.0,412c231fcb8464d12a61
2025-04-07,12377,GhoulsW,246,519.0,
2025-04-07,13154,LFO 3,247,518.0,
2025-04-07,11006,9z Academy,248,512.0,
2025-04-07,12867,Floripa Stars,249,511.0,
2025-04-07,11011,Patins da Ferrari,250,504.0,
2025-04-07,11581,HOTU,251,504.0,
2025-04-07,9735,Lilmix,252,496.0,
2025-04-07,13151,Tropa do KinGui,255,493.0,
2025-04-07,10854,los kogutos,258,488.0,887e6c08c0147fd6a1f5
2025-04-07,12087,Lazer Cats,259,487.0,3abba0929f68f8dbd73c
2025-04-07,11011,Patins da Ferrari,260,484.0,
2025-04-07,13180,Straight2Killin,261,482.0,
2025-04-07,10978,VELOX,262,472.0,
2025-04-07,8947,XI,264,467.0,
2025-04-07,12677,Galorys,265,460.0,
2025-04-07,12867,Floripa Stars,266,448.0,
2025-04-07,7720,InControl,267,445.0,
2025-04-07,13181,BASEMENT BOYS,268,440.0,acd45ae52bd16e7eb579
2025-04-07,4326,América,270,426.0,
2025-04-07,8574,W7M,271,423.0,5cb7c9150f0471e53d36
2025-04-07,12431,Betera,272,420.0,3901811535021c8b7cec
2025-04-07,12431,Betera,275,406.0,75033a164399b2acc065
2025-04-07,13162,Virtual Cottage,276,400.0,
2025-04-07,12908,Aether,278,392.0,
2025-04-07,12567,Akimbo,279,385.0,
2025-04-07,13052,2070,280,371.0,
2025-05-05,9565,Vitality,1,2117.0,91c93eb867d7d47bf729
2025-05-05,4494,MOUZ,2,1930.0,43f602c729e986479a12
2025-05-05,11283,Falcons,3,1927.0,f91f72bd614cf8908299
2025-05-05,7020,Spirit,4,1852.0,8ddd7c3d52942c256b57
2025-05-05,5995,G2,5,1830.0,486da06de1ee8c33aa1d
2025-05-05,6248,The MongolZ,6,1800.0,75e5d950f37342b03568
2025-05-05,11861,Aurora,7,1754.0,0a254842e1149d2d09f6
2025-05-05,6667,FaZe,8,1750.0,9daa2e0f8baba62ac327
2025-05-05,9928,GamerLegion,9,1672.0,
2025-05-05,4914,3DMAX,10,1671.0,
2025-05-05,4608,Natus Vincere,11,1632.0,996316e9c05448acf739
2025-05-05,5973,Liquid,12,1587.0,e30bbdc993a56db8023c
2025-05-05,5378,Virtus.pro,13,1566.0,f1c05542faa91e6b6868
2025-05-05,5005,Complexity,14,1542.0,a957c1e3fa87abcbbeb9
2025-05-05,7175,HEROIC,15,1424.0,a640c4181cc7b506ee9c
2025-05-05,6665,Astralis,16,1418.0,99347eabbb0a1fedcb74
2025-05-05,4773,paiN,17,1345.0,
2025-05-05,11241,B8,18,1227.0,a557275c96d577ef4eaf
2025-05-05,10567,SAW,19,1194.0,0d76c6a91d9adcab7a05
2025-05-05,8297,FURIA,20,1192.0,677d24247aa53119fe45
2025-05-05,11514,Rare Atom,21,1185.0,
2025-05-05,9215,MIBR,22,1183.0,3df0c093029dd07f6fd8
2025-05-05,7532,BIG,23,1182.0,
2025-05-05,12394,BetBoom,24,1120.0,351de843dc8e3cb18d4c
2025-05-05,4863,TYLOO,25,1117.0,2c632070ba401ebd2e9d
2025-05-05,8840,Lynn Vision,26,1114.0,dbed042ec191be814f2c
2025-05-05,12257,Wildcard,27,1113.0,928ad8a13dcda967f95d
2025-05-05,10371,NAVI Junior,28,1112.0,2c03c52da3ae13074093
2025-05-05,12774,FlyQuest,29,1094.0,5a5a5fbd3b1d700e0387
2025-05-05,10503,OG,30,1082.0,77d7e9342b0bb5860f6c
2025-05-05,12646,Chinggis Warriors,31,1077.0,0486ea64cb7a5f05826a
2025-05-05,9455,Imperial,32,1071.0,a71e6e7f6daa2e9d3935
2025-05-05,12916,Betclic,33,1070.0,1191985bc02c56d5769c
2025-05-05,12376,M80,34,1060.0,764bfbaf02d5ad51d83f
2025-05-05,7969,Nemiga,35,1060.0,5f7d948e2932e569ccbe
2025-05-05,12510,The Huns,36,1059.0,
2025-05-05,6673,NRG,37,1030.0,495b9c702d422c543a21
2025-05-05,4869,ENCE,38,1018.0,
2025-05-05,10245,JiJieHao,39,1018.0,239c366f89b0c9626e78
2025-05-05,12833,TNL,40,1002.0,
2025-05-05,11883,9 Pandas,41,994.0,9ea3027c506fb46cb120
2025-05-05,12901,SemperFi,42,983.0,
2025-05-05,12097,Eruption,43,980.0,44c9e6cd1af1ea99a710
2025-05-05,4411,Ninjas in Pyjamas,44,977.0,16ae57adceed4e78cb00
2025-05-05,12000,500,45,973.0,
2025-05-05,12878,BC.Game,46,971.0,
2025-05-05,12468,Legacy,47,967.0,5cfd43d0258204c4872c
2025-05-05,11641,Metizport,48,964.0,4d51241454abe4475e92
2025-05-05,4991,fnatic,49,962.0,8be3812c7fa2dd0ab82d
2025-05-05,12467,PARIVISION,50,958.0,8f1b660374056c309a4c
2025-05-05,10278,9INE,51,957.0,
2025-05-05,12312,ATOX,52,957.0,
2025-05-05,12426,Passion UA,53,948.0,
2025-05-05,11581,HOTU,54,926.0,
2025-05-05,11419,ECSTATIC,55,925.0,eca76dd469044ed07bc1
2025-05-05,13104,Iberian Soul,56,922.0,6ca7d79ae1c6411ec50d
2025-05-05,12471,GUN5,57,913.0,593278a31ea5fb5d71a9
2025-05-05,5347,BLUEJAYS,58,905.0,211d4d761777d0aa6ee4
2025-05-05,11838,Partizan,59,904.0,0061cb28f6779a87473d
2025-05-05,7441,ECLOT,60,903.0,159abc6f79fc9c136486
2025-05-05,11837,Fluxo,61,902.0,b8d719ce28553c1f8538
2025-05-05,12380,CYBERSHOKE,62,895.0,147ad7582e5f73129850
2025-05-05,8113,Sharks,63,894.0,3d0059791db0c4f7bd1f
2025-05-05,10577,SINNERS,64,894.0,2740412c48959f554e2c
2025-05-05,11861,Aurora,65,885.0,0e7ced82edf77cf5b175
2025-05-05,13212,ex-TALON,66,882.0,
2025-05-05,7187,Nexus,67,878.0,bfc6a1833c0489262735
2025-05-05,12900,NomadS,68,876.0,
2025-05-05,13106,Getting Info,69,867.0,c6d9f4b065535fedd3fe
2025-05-05,7900,Spirit Academy,70,864.0,
2025-05-05,4602,Tricked,71,855.0,
2025-05-05,9881,Rooster,72,852.0,
2025-05-05,7175,HEROIC,73,846.0,
2025-05-05,13124,Marsborne,74,841.0,
2025-05-05,9996,9z,75,833.0,6add9229eeecdc064d8c
2025-05-05,12144,BESTIA,76,821.0,c4cd742c0f01c49bf932
2025-05-05,11712,Sashi,77,813.0,
2025-05-05,12960,Fire Flux,78,812.0,
2025-05-05,12899,FengDa,79,812.0,
2025-05-05,13057,Delta,80,809.0,
2025-05-05,11948,Nouns,81,806.0,
2025-05-05,12921,Housebets,82,795.0,
2025-05-05,11768,ODDIK,83,790.0,
2025-05-05,11811,Monte,84,789.0,38c8af120b41af9d9ff4
2025-05-05,11523,Zero Tenacity,85,776.0,78c45e5390fe107cd659
2025-05-05,12694,RUBY,86,773.0,c0963f9839e8b4d40d5c
2025-05-05,11668,Mindfreak,87,772.0,
2025-05-05,12769,Fisher College,88,766.0,508684bdc5b8b876b8c6
2025-05-05,7176,RED Canids,89,763.0,
2025-05-05,13157,NEVERMORE,90,755.0,
2025-05-05,10976,FURIA fe,91,748.0,10dd16af0d8ef7254cf3
2025-05-05,12559,RUSH B,92,747.0,7b0b9043d43aaf43b52c
2025-05-05,12474,Alliance,93,745.0,db319c58b5a99d95930a
2025-05-05,13148,DogEvil,94,744.0,01377c9695eeb3925cf1
2025-05-05,12586,AMKAL,95,743.0,c5ae37f15cd13e52b6b3
2025-05-05,12828,Imperial Valkyries,96,742.0,
2025-05-05,11811,Monte,97,739.0,
2025-05-05,11585,IHC,98,734.0,
2025-05-05,12546,-72c,99,732.0,
2025-05-05,13053,Just Swing,100,732.0,06197469c87fcf7fc690
2025-05-05,13204,Spray Jutsu,101,728.0,
2025-05-05,12267,UNiTY,102,726.0,
2025-05-05,11790,ENCE Academy,103,724.0,9c4a36a264a74f4d8d93
2025-05-05,13109,Swingers,104,721.0,592591c417caacd704b9
2025-05-05,12426,Passion UA,105,721.0,
2025-05-05,12415,Gods Reign,106,720.0,
2025-05-05,12955,THE,107,720.0,
2025-05-05,12233,Solid,108,714.0,21a7646cd27ff716f6a6
2025-05-05,11827,JANO,109,711.0,
2025-05-05,12818,FAVBET,110,708.0,
2025-05-05,11571,Gaimin Gladiators,111,705.0,
2025-05-05,4548,CPH Wolves,112,704.0,211deb9c07219e5ea3fb
2025-05-05,11446,Leo,113,700.0,60c96df3b77e5b788a47
2025-05-05,13178,NOVAQ,114,700.0,
2025-05-05,13233,HEROIC Academy,115,698.0,f37812922f35412b43e7
2025-05-05,11263,Only One Word,116,695.0,
2025-05-05,13133,Prototype Blaze,117,694.0,
2025-05-05,10975,MIBR fe,118,693.0,
2025-05-05,9466,GTZ,119,690.0,
2025-05-05,11718,BIG EQUIPA,120,689.0,
2025-05-05,12959,ShindeN,121,686.0,
2025-05-05,13211,NinJa,122,686.0,
2025-05-05,10333,Sangal,123,685.0,6aa88a84bb53992e80ce
2025-05-05,13105,ALASKA,124,685.0,
2025-05-05,13206,anything else,125,682.0,
2025-05-05,13189,Flshbck,126,682.0,
2025-05-05,11737,EYEBALLERS,127,678.0,c56d0a8e8d57b2d80c10
2025-05-05,12833,TNL,129,675.0,
2025-05-05,12929,Victores Sumus,130,674.0,
2025-05-05,12913,Lumen fe,131,673.0,
2025-05-05,12065,Flamengo,133,667.0,99f8544a2ab4e9430837
2025-05-05,11948,Nouns,134,664.0,
2025-05-05,11917,NIP Impact,135,660.0,4c0a0f62bc8d88416e7e
2025-05-05,12858,kONO,136,659.0,
2025-05-05,13191,Garden Garage,137,658.0,
2025-05-05,12334,Preasy,138,658.0,
2025-05-05,13098,Chimera,139,656.0,1cebdcf8b94b716e82c0
2025-05-05,4991,fnatic,140,654.0,7d9654e666bd7e5dbb2b
2025-05-05,12586,AMKAL,141,654.0,511be8df08c558658f9a
2025-05-05,13198,LOBOARMY,142,649.0,
2025-05-05,12900,NomadS,143,649.0,
2025-05-05,13121,Eco Warriors,144,648.0,eb545edeabdc1c75f7bb
2025-05-05,4501,ALTERNATE aTTaX,145,647.0,
2025-05-05,12971,Wanted Goons,146,645.0,
2025-05-05,12544,adalYamigos,147,645.0,
2025-05-05,10994,O PLANO,148,645.0,
2025-05-05,12604,Johnny Speeds,149,644.0,a2051d0db9aa8f62c0e0
2025-05-05,12878,BC.Game,150,644.0,
2025-05-05,12180,Tsunami,151,643.0,
2025-05-05,13146,Supernova Comets,153,640.0,a6dffd2855ad5f4f2190
2025-05-05,11609,GenOne,154,639.0,
2025-05-05,13127,Wildcard Academy,155,638.0,
2025-05-05,12472,MANTRA,156,635.0,
2025-05-05,11955,LAG,157,635.0,
2025-05-05,8038,Party Astronauts,158,633.0,
2025-05-05,13158,Dark Cloud,159,633.0,
2025-05-05,12548,Dusty Roots,160,630.0,
2025-05-05,12857,FORZE Reload,161,630.0,
2025-05-05,13175,Change The Game,162,630.0,
2025-05-05,12787,WOPA,163,630.0,
2025-05-05,4411,Ninjas in Pyjamas,164,629.0,3bc05fc25b51bc00c745
2025-05-05,12301,FlyQuest RED,165,627.0,
2025-05-05,7234,Endpoint,166,627.0,
2025-05-05,11668,Mindfreak,167,627.0,
2025-05-05,12556,Nouns fe,168,623.0,
2025-05-05,12895,K27,169,623.0,e750fe564bbd5d2ce6ca
2025-05-05,12927,Marca Registrada,170,623.0,
2025-05-05,7865,HAVU,171,622.0,cafbd75d62b9de4d1423
2025-05-05,12483,MIGHT,172,620.0,
2025-05-05,13111,Aetheris,173,616.0,
2025-05-05,13142,AKA HERO KAJO,174,615.0,
2025-05-05,12421,Let Her Cook,175,614.0,
2025-05-05,12707,Underground,176,614.0,
2025-05-05,13153,Hesta,177,614.0,f5cffaa253b25112d40e
2025-05-05,12847,Kubix,178,613.0,
2025-05-05,8813,Illuminar,179,612.0,
2025-05-05,13203,ex-Heimo,180,610.0,
2025-05-05,13177,SUPER EVIL GANG,181,610.0,
2025-05-05,11756,Quem Sao Elas,182,609.0,
2025-05-05,7801,Ghost,183,609.0,
2025-05-05,13067,Immigrants peek,184,608.0,
2025-05-05,13054,PCIFIC,185,607.0,beea5f99b8dfbdae1647
2025-05-05,13143,Black Mold,186,606.0,
2025-05-05,13184,WildLotus,188,604.0,
2025-05-05,11711,Players,189,604.0,
2025-05-05,13229,Daaku,190,600.0,
2025-05-05,13219,LFO 4,192,598.0,
2025-05-05,13186,Bounty Hunters fe,193,598.0,
2025-05-05,13005,MCS,194,597.0,
2025-05-05,13192,Roler Coaster,195,595.0,41c4fc4060136f0de900
2025-05-05,10947,Rhyno,197,593.0,a5b74eab4210e81faa6e
2025-05-05,11321,Kappa Bar,198,592.0,
2025-05-05,13025,Tropa do Taco,199,592.0,
2025-05-05,13083,Big W,201,588.0,
2025-05-05,12912,thekillaz fe,202,585.0,
2025-05-05,12491,2GAME,203,585.0,6af22c7f89396d17a520
2025-05-05,9139,BRUTE,204,584.0,
2025-05-05,6668,FLuffy Gangsters,205,583.0,
2025-05-05,13107,Chicken Coop,206,583.0,
2025-05-05,13134,Akuma,207,576.0,9cb2dca99532c31ca250
2025-05-05,13215,POWERmix,208,575.0,
2025-05-05,12825,The QUBE,209,575.0,
2025-05-05,12988,GameHunters,210,574.0,64487a9b8e24c0e1204b
2025-05-05,13052,2070,211,574.0,
2025-05-05,3044,MIBR Academy,212,573.0,e223a7455fade7912302
2025-05-05,13187,Spray and Slay,213,573.0,
2025-05-05,13115,harizma,214,572.0,
2025-05-05,10954,Astralis Talent,215,571.0,
2025-05-05,12776,Bounty Hunters,216,568.0,
2025-05-05,12152,KZG,217,567.0,
2025-05-05,5775,Elevate,218,563.0,
2025-05-05,13217,ScarX,219,562.0,
2025-05-05,9506,Viperio,220,562.0,
2025-05-05,12890,Bad News Chickens,221,560.0,
2025-05-05,10900,KRÜ,222,559.0,
2025-05-05,13147,Shika,223,555.0,
2025-05-05,13135,MEGA JUNERS,224,554.0,
2025-05-05,12858,kONO,225,553.0,
2025-05-05,10278,9INE,227,551.0,
2025-05-05,13128,moneyF,228,551.0,
2025-05-05,5058,Hungary,229,551.0,
2025-05-05,13112,Bad News Capybaras,230,550.0,
2025-05-05,12455,Vantage,231,549.0,
2025-05-05,8038,Party Astronauts,232,549.0,1dd57eb0278eb52e3d2e
2025-05-05,13144,Messitas,233,548.0,
2025-05-05,13166,Prasso,235,546.0,2bc380a21b94f7716bbf
2025-05-05,10459,ARCRED,236,544.0,40c702299d63a1ed6d38
2025-05-05,12915,NITRO,237,544.0,
2025-05-05,13172,Mercenaires,238,539.0,
2025-05-05,12982,SkyFury,239,538.0,
2025-05-05,12983,st4rboys,240,537.0,
2025-05-05,11138,benched,241,537.0,
2025-05-05,13027,Nuclear TigeRES,242,536.0,724f8d6e2a6db9ba88b9
2025-05-05,5479,Mythic,243,535.0,3b40a809b0d8c9007db9
2025-05-05,11933,Yawara,244,535.0,
2025-05-05,4532,ESC,245,533.0,4e0c70f7e092d4484ed4
2025-05-05,11660,Take Flyte,246,528.0,a6f3f158f36344963239
2025-05-05,10621,1win,247,526.0,
2025-05-05,12747,DMS,248,526.0,
2025-05-05,11555,UNO MILLE,249,525.0,
2025-05-05,12377,GhoulsW,250,522.0,
2025-05-05,11905,paiN Academy,251,522.0,
2025-05-05,12124,Insilio,252,522.0,d68f621c0c4769cf3779
2025-05-05,12554,regain,253,521.0,
2025-05-05,11164,Into the Breach,254,519.0,9ffcb562e72a86249f03
2025-05-05,12670,LEON,255,519.0,
2025-05-05,13168,CS2News Ladies,256,512.0,
2025-05-05,5117,Czech Republic,257,508.0,
2025-05-05,12611,Vagrants,258,507.0,
2025-05-05,13181,BASEMENT BOYS,259,506.0,acd45ae52bd16e7eb579
2025-05-05,13154,LFO 3,260,506.0,
2025-05-05,13092,BadGuys,261,500.0,
2025-05-05,13046,CS2News,262,497.0,412c231fcb8464d12a61
2025-05-05,11006,9z Academy,263,493.0,
2025-05-05,13122,nomercy fe,266,489.0,
2025-05-05,12431,Betera,268,487.0,75033a164399b2acc065
2025-05-05,12867,Floripa Stars,269,485.0,
2025-05-05,11011,Patins da Ferrari,270,484.0,
2025-05-05,12087,Lazer Cats,271,483.0,3abba0929f68f8dbd73c
2025-05-05,13151,Tropa do KinGui,272,480.0,
2025-05-05,13180,Straight2Killin,273,477.0,
2025-05-05,10854,los kogutos,274,477.0,887e6c08c0147fd6a1f5
2025-05-05,13099,ex-Vikings,275,473.0,
2025-05-05,12677,Galorys,276,471.0,
2025-05-05,13118,Adventurers,278,465.0,
2025-05-05,13176,Nyx Empyre,279,465.0,
2025-05-05,13137,Familia Maquininha,280,461.0,c945590e437a5c2dfada
2025-05-05,12467,PARIVISION,281,459.0,043e31e963ce7277bf47
2025-05-05,10978,VELOX,282,458.0,
2025-05-05,7720,InControl,283,437.0,
2025-05-05,12431,Betera,285,425.0,3901811535021c8b7cec
2025-05-05,4326,América,286,419.0,
2025-05-05,8574,W7M,287,415.0,5cb7c9150f0471e53d36
2025-05-05,11011,Patins da Ferrari,291,401.0,
2025-05-05,13162,Virtual Cottage,292,397.0,
2025-05-05,12908,Aether,294,393.0,
2025-05-05,12867,Floripa Stars,295,384.0,
2025-05-05,12567,Akimbo,296,382.0,
2025-05-05,13052,2070,297,371.0,
2025-06-02,9565,Vitality,1,2124.0,91c93eb867d7d47bf729
2025-06-02,4494,MOUZ,2,1922.0,43f602c729e986479a12
2025-06-02,7020,Spirit,3,1905.0,8ddd7c3d52942c256b57
2025-06-02,11283,Falcons,4,1888.0,f91f72bd614cf8908299
2025-06-02,6248,The MongolZ,5,1790.0,75e5d950f37342b03568
2025-06-02,11861,Aurora,6,1742.0,0a254842e1149d2d09f6
2025-06-02,5995,G2,7,1636.0,2c30e3ac1ffbc21beb69
2025-06-02,4608,Natus Vincere,8,1632.0,996316e9c05448acf739
2025-06-02,9928,GamerLegion,9,1620.0,
2025-06-02,6667,FaZe,10,1609.0,aa330fa1db03e6a6403b
2025-06-02,6665,Astralis,11,1595.0,52aabeb463275f7ddf2b
2025-06-02,4914,3DMAX,12,1585.0,
2025-06-02,7175,HEROIC,13,1552.0,a640c4181cc7b506ee9c
2025-06-02,5973,Liquid,14,1538.0,e30bbdc993a56db8023c
2025-06-02,5378,Virtus.pro,15,1452.0,f1c05542faa91e6b6868
2025-06-02,8297,FURIA,16,1443.0,e0362dcbafd342d82962
2025-06-02,5005,Complexity,17,1433.0,a957c1e3fa87abcbbeb9
2025-06-02,4863,TYLOO,18,1358.0,2c632070ba401ebd2e9d
2025-06-02,9215,MIBR,19,1352.0,3df0c093029dd07f6fd8
2025-06-02,11241,B8,20,1275.0,a557275c96d577ef4eaf
2025-06-02,4411,Ninjas in Pyjamas,21,1245.0,16ae57adceed4e78cb00
2025-06-02,7532,BIG,22,1227.0,
2025-06-02,4773,paiN,23,1225.0,
2025-06-02,12774,FlyQuest,24,1213.0,5a5a5fbd3b1d700e0387
2025-06-02,8840,Lynn Vision,25,1212.0,dbed042ec191be814f2c
2025-06-02,11514,Rare Atom,26,1187.0,
2025-06-02,11419,ECSTATIC,27,1187.0,eca76dd469044ed07bc1
2025-06-02,10371,NAVI Junior,28,1172.0,2c03c52da3ae13074093
2025-06-02,4869,ENCE,29,1155.0,
2025-06-02,12833,TNL,30,1146.0,
2025-06-02,4991,fnatic,31,1125.0,7b9c2e54637477264639
2025-06-02,6673,NRG,32,1121.0,495b9c702d422c543a21
2025-06-02,10245,JiJieHao,33,1116.0,239c366f89b0c9626e78
2025-06-02,7900,Spirit Academy,34,1115.0,
2025-06-02,11581,HOTU,35,1105.0,
2025-06-02,12394,BetBoom,36,1102.0,351de843dc8e3cb18d4c
2025-06-02,12467,PARIVISION,37,1102.0,8f1b660374056c309a4c
2025-06-02,10503,OG,38,1097.0,77d7e9342b0bb5860f6c
2025-06-02,10567,SAW,39,1097.0,0d76c6a91d9adcab7a05
2025-06-02,12646,Chinggis Warriors,40,1087.0,0486ea64cb7a5f05826a
2025-06-02,9455,Imperial,41,1074.0,a71e6e7f6daa2e9d3935
2025-06-02,12916,Betclic,42,1074.0,1191985bc02c56d5769c
2025-06-02,12510,The Huns,43,1058.0,ee4c146d1ee5d9d21a02
2025-06-02,13235,Astrum,44,1050.0,0e7ced82edf77cf5b175
2025-06-02,7969,Nemiga,45,1045.0,5f7d948e2932e569ccbe
2025-06-02,10976,FURIA fe,46,1044.0,10dd16af0d8ef7254cf3
2025-06-02,12426,Passion UA,47,1044.0,
2025-06-02,12257,Wildcard,48,1037.0,928ad8a13dcda967f95d
2025-06-02,12468,Legacy,49,1035.0,5cfd43d0258204c4872c
2025-06-02,12376,M80,50,1029.0,764bfbaf02d5ad51d83f
2025-06-02,7187,Nexus,51,1027.0,bfc6a1833c0489262735
2025-06-02,4602,Tricked,52,1023.0,
2025-06-02,10278,9INE,53,1009.0,
2025-06-02,11883,9 Pandas,54,1007.0,9ea3027c506fb46cb120
2025-06-02,11837,Fluxo,55,999.0,b8d719ce28553c1f8538
2025-06-02,11768,ODDIK,56,988.0,
2025-06-02,12604,Johnny Speeds,57,982.0,d574bdf33db928eb2997
2025-06-02,12878,BC.Game,58,971.0,2a0f3f6c35b49557bf52
2025-06-02,13104,Iberian Soul,59,966.0,6ca7d79ae1c6411ec50d
2025-06-02,11641,Metizport,60,959.0,4d51241454abe4475e92
2025-06-02,8113,Sharks,61,956.0,
2025-06-02,5347,BLUEJAYS,62,956.0,211d4d761777d0aa6ee4
2025-06-02,12380,CYBERSHOKE,63,954.0,147ad7582e5f73129850
2025-06-02,13106,Getting Info,64,944.0,c6d9f4b065535fedd3fe
2025-06-02,12097,Eruption,65,943.0,44c9e6cd1af1ea99a710
2025-06-02,11712,Sashi,66,940.0,
2025-06-02,10459,ARCRED,67,938.0,701a414b7bf10f2918ca
2025-06-02,13262,Moneyball,68,935.0,
2025-06-02,12901,SemperFi,69,930.0,
2025-06-02,11838,Partizan,70,929.0,
2025-06-02,12000,500,71,928.0,
2025-06-02,12559,RUSH B,72,927.0,7b0b9043d43aaf43b52c
2025-06-02,12471,GUN5,73,919.0,25bc7c19c87cf07effc7
2025-06-02,10577,SINNERS,74,919.0,2740412c48959f554e2c
2025-06-02,12694,RUBY,75,913.0,
2025-06-02,12474,Alliance,76,908.0,db319c58b5a99d95930a
2025-06-02,12818,FAVBET,77,900.0,
2025-06-02,11523,Zero Tenacity,78,891.0,78c45e5390fe107cd659
2025-06-02,11811,Monte,79,883.0,
2025-06-02,7441,ECLOT,80,878.0,
2025-06-02,13124,Marsborne,81,878.0,
2025-06-02,12900,NomadS,82,865.0,
2025-06-02,12144,BESTIA,83,860.0,c4cd742c0f01c49bf932
2025-06-02,11917,NIP Impact,84,859.0,4c0a0f62bc8d88416e7e
2025-06-02,13146,Supernova Comets,85,859.0,a6dffd2855ad5f4f2190
2025-06-02,13219,LFO 4,86,854.0,
2025-06-02,12960,Fire Flux,87,854.0,
2025-06-02,12431,Betera,88,850.0,3901811535021c8b7cec
2025-06-02,12312,ATOX,89,847.0,
2025-06-02,9996,9z,90,845.0,6add9229eeecdc064d8c
2025-06-02,12233,Solid,91,844.0,21a7646cd27ff716f6a6
2025-06-02,10333,Sangal,92,829.0,6aa88a84bb53992e80ce
2025-06-02,11790,ENCE Academy,93,828.0,9c4a36a264a74f4d8d93
2025-06-02,12828,Imperial Valkyries,94,824.0,
2025-06-02,13212,ex-TALON,95,823.0,
2025-06-02,13148,DogEvil,96,821.0,
2025-06-02,9881,Rooster,97,812.0,
2025-06-02,13109,Swingers,98,804.0,
2025-06-02,13210,Leça,99,803.0,3b94ffe7f901172abfc2
2025-06-02,7176,RED Canids,100,803.0,
2025-06-02,11948,Nouns,101,798.0,
2025-06-02,12899,FengDa,102,798.0,
2025-06-02,8038,Party Astronauts,103,796.0,
2025-06-02,10621,1win,104,791.0,68fb757cea81d1a922ab
2025-06-02,11811,Monte,105,785.0,38c8af120b41af9d9ff4
2025-06-02,10947,Rhyno,106,775.0,a5b74eab4210e81faa6e
2025-06-02,13271,Zerance,107,772.0,
2025-06-02,7176,RED Canids,108,768.0,bf90bcbf6d379cbbf7c8
2025-06-02,4548,CPH Wolves,109,763.0,9c3baabda872db890983
2025-06-02,6667,FaZe,110,760.0,4b23c6b06a96a7d7ac4c
2025-06-02,12921,Housebets,111,758.0,
2025-06-02,12586,AMKAL,112,752.0,31d5df7a39dded45e859
2025-06-02,12611,Vagrants,114,750.0,
2025-06-02,12769,Fisher College,115,750.0,1355865238730b6db16b
2025-06-02,13250,SABRE,116,746.0,
2025-06-02,11668,Mindfreak,117,741.0,
2025-06-02,12065,Flamengo,118,740.0,5152d3e6d5ff3465d826
2025-06-02,8038,Party Astronauts,119,737.0,1dd57eb0278eb52e3d2e
2025-06-02,12776,Bounty Hunters,120,735.0,664a82228199e5c40b08
2025-06-02,13288,ex-W7M,121,732.0,b00d27ada70927aaf2b6
2025-06-02,12301,FlyQuest RED,122,732.0,207c2e8550328eb5b8f3
2025-06-02,11862,Portuguese Family,123,731.0,
2025-06-02,12988,GameHunters,124,726.0,
2025-06-02,13053,Just Swing,125,722.0,06197469c87fcf7fc690
2025-06-02,13112,Bad News Capybaras,126,718.0,
2025-06-02,12546,-72c,127,715.0,
2025-06-02,13178,NOVAQ,128,715.0,
2025-06-02,13211,NinJa,129,713.0,
2025-06-02,12415,Gods Reign,130,711.0,
2025-06-02,12959,ShindeN,131,710.0,
2025-06-02,12491,2GAME,132,710.0,6af22c7f89396d17a520
2025-06-02,13263,KOMNATA,133,706.0,1f0bca055eb59e58b424
2025-06-02,13233,HEROIC Academy,134,700.0,f37812922f35412b43e7
2025-06-02,11827,JANO,135,699.0,
2025-06-02,13206,anything else,136,699.0,
2025-06-02,12955,THE,137,698.0,
2025-06-02,11585,IHC,138,698.0,
2025-06-02,13273,PERPLEXITY,139,692.0,
2025-06-02,11446,Leo,140,691.0,60c96df3b77e5b788a47
2025-06-02,12267,UNiTY,141,688.0,
2025-06-02,13184,WildLotus,142,686.0,
2025-06-02,10975,MIBR fe,143,685.0,
2025-06-02,11263,Only One Word,144,684.0,
2025-06-02,13198,LOBOARMY,145,683.0,
2025-06-02,13057,Delta,146,683.0,
2025-06-02,7175,HEROIC,147,673.0,
2025-06-02,13107,Chicken Coop,148,672.0,
2025-06-02,10900,KRÜ,149,671.0,
2025-06-02,13177,SUPER EVIL GANG,150,671.0,
2025-06-02,12857,FORZE Reload,151,670.0,
2025-06-02,11555,UNO MILLE,152,669.0,
2025-06-02,11718,BIG EQUIPA,153,668.0,
2025-06-02,12913,Lumen fe,154,667.0,
2025-06-02,11955,LAG,155,666.0,
2025-06-02,12548,Dusty Roots,156,664.0,
2025-06-02,12483,MIGHT,157,661.0,
2025-06-02,12180,Tsunami,158,661.0,
2025-06-02,4326,América,159,660.0,
2025-06-02,12334,Preasy,160,660.0,
2025-06-02,13147,Shika,161,659.0,
2025-06-02,12544,adalYamigos,162,654.0,
2025-06-02,12915,NITRO,163,654.0,
2025-06-02,13189,Flshbck,164,653.0,
2025-06-02,13272,ex-Permitta,165,652.0,
2025-06-02,12996,RAGE,166,652.0,
2025-06-02,13098,Chimera,167,651.0,1cebdcf8b94b716e82c0
2025-06-02,13121,Eco Warriors,168,651.0,eb545edeabdc1c75f7bb
2025-06-02,12747,DMS,169,648.0,
2025-06-02,6652,GameAgents,170,647.0,fc024ca43e672ecea0b8
2025-06-02,10994,O PLANO,171,646.0,
2025-06-02,13024,8Sins,172,644.0,
2025-06-02,11933,Yawara,173,643.0,20ab3985e54ac4d8affb
2025-06-02,13191,Garden Garage,174,643.0,
2025-06-02,12927,Marca Registrada,175,640.0,
2025-06-02,11737,EYEBALLERS,176,638.0,c56d0a8e8d57b2d80c10
2025-06-02,12567,Akimbo,177,637.0,
2025-06-02,12787,WOPA,178,633.0,
2025-06-02,12929,Victores Sumus,179,632.0,
2025-06-02,12900,NomadS,180,632.0,
2025-06-02,11711,Players,181,630.0,
2025-06-02,12858,kONO,182,630.0,
2025-06-02,7865,HAVU,183,629.0,cafbd75d62b9de4d1423
2025-06-02,12971,Wanted Goons,184,628.0,
2025-06-02,12556,Nouns fe,185,627.0,
2025-06-02,13267,LA MASIA,186,625.0,
2025-06-02,11609,GenOne,187,625.0,
2025-06-02,13265,MAGICOS,188,623.0,
2025-06-02,12421,Let Her Cook,189,623.0,
2025-06-02,11668,Mindfreak,190,618.0,
2025-06-02,13067,Immigrants peek,191,618.0,
2025-06-02,12472,MANTRA,192,616.0,
2025-06-02,13142,AKA HERO KAJO,193,615.0,
2025-06-02,12586,AMKAL,194,615.0,511be8df08c558658f9a
2025-06-02,7801,Ghost,195,612.0,
2025-06-02,13127,Wildcard Academy,196,612.0,
2025-06-02,13143,Black Mold,197,612.0,
2025-06-02,11756,Quem Sao Elas,198,611.0,
2025-06-02,12895,K27,199,610.0,e750fe564bbd5d2ce6ca
2025-06-02,12867,Floripa Stars,200,605.0,
2025-06-02,13168,CS2News Ladies,201,603.0,
2025-06-02,12707,Underground,202,603.0,
2025-06-02,3044,MIBR Academy,203,602.0,
2025-06-02,13192,Roler Coaster,204,601.0,41c4fc4060136f0de900
2025-06-02,13186,Bounty Hunters fe,205,601.0,
2025-06-02,13153,Hesta,206,601.0,f5cffaa253b25112d40e
2025-06-02,13175,Change The Game,207,600.0,
2025-06-02,13151,Tropa do KinGui,208,600.0,
2025-06-02,13203,ex-Heimo,209,596.0,
2025-06-02,13158,Dark Cloud,210,594.0,
2025-06-02,12912,thekillaz fe,211,591.0,
2025-06-02,13229,Daaku,212,589.0,
2025-06-02,13005,MCS,213,588.0,
2025-06-02,13187,Spray and Slay,214,585.0,
2025-06-02,13134,Akuma,216,580.0,9cb2dca99532c31ca250
2025-06-02,5775,Elevate,217,578.0,
2025-06-02,12825,The QUBE,218,571.0,
2025-06-02,13135,MEGA JUNERS,219,567.0,
2025-06-02,13166,Prasso,220,563.0,2bc380a21b94f7716bbf
2025-06-02,13144,Messitas,221,560.0,
2025-06-02,12152,KZG,222,559.0,
2025-06-02,12982,SkyFury,223,555.0,
2025-06-02,12858,kONO,224,555.0,
2025-06-02,5479,Mythic,225,553.0,3b40a809b0d8c9007db9
2025-06-02,13052,2070,226,549.0,
2025-06-02,8813,Illuminar,228,548.0,
2025-06-02,4532,ESC,229,547.0,4e0c70f7e092d4484ed4
2025-06-02,12847,Kubix,230,547.0,
2025-06-02,11138,benched,231,546.0,
2025-06-02,13115,harizma,232,544.0,
2025-06-02,13218,Worms,233,544.0,
2025-06-02,13217,ScarX,234,539.0,
2025-06-02,11905,paiN Academy,235,537.0,
2025-06-02,13172,Mercenaires,236,532.0,
2025-06-02,13027,Nuclear TigeRES,237,530.0,724f8d6e2a6db9ba88b9
2025-06-02,12455,Vantage,238,527.0,
2025-06-02,12554,regain,239,521.0,
2025-06-02,11660,Take Flyte,240,516.0,a6f3f158f36344963239
2025-06-02,12377,GhoulsW,241,515.0,
2025-06-02,12124,Insilio,242,514.0,d68f621c0c4769cf3779
2025-06-02,7720,InControl,243,513.0,
2025-06-02,12670,LEON,244,506.0,
2025-06-02,13154,LFO 3,245,505.0,
2025-06-02,13102,GATERON,246,504.0,
2025-06-02,11018,megoshort,247,502.0,82fd85c8e90ec141e430
2025-06-02,13181,BASEMENT BOYS,248,497.0,acd45ae52bd16e7eb579
2025-06-02,13122,nomercy fe,249,495.0,
2025-06-02,7234,Endpoint,250,491.0,
2025-06-02,10954,Astralis Talent,251,488.0,
2025-06-02,11006,9z Academy,253,480.0,
2025-06-02,13092,BadGuys,254,480.0,
2025-06-02,13046,CS2News,255,480.0,412c231fcb8464d12a61
2025-06-02,13176,Nyx Empyre,256,479.0,
2025-06-02,13180,Straight2Killin,257,478.0,
2025-06-02,10978,VELOX,258,474.0,
2025-06-02,11011,Patins da Ferrari,259,472.0,
2025-06-02,12677,Galorys,260,471.0,
2025-06-02,12087,Lazer Cats,261,471.0,3abba0929f68f8dbd73c
2025-06-02,12915,NITRO,262,470.0,
2025-06-02,10854,los kogutos,263,467.0,887e6c08c0147fd6a1f5
2025-06-02,6668,FLuffy Gangsters,264,462.0,
2025-06-02,9506,Viperio,265,425.0,
2025-06-02,13215,POWERmix,266,418.0,
2025-06-02,12766,Nordix,267,409.0,
2025-06-02,11273,Steel Helmet,268,409.0,
2025-06-02,12908,Aether,269,401.0,
2025-06-02,11571,Gaimin Gladiators,270,400.0,
2025-06-02,13137,Familia Maquininha,271,398.0,c945590e437a5c2dfada
2025-06-02,13162,Virtual Cottage,272,395.0,
2025-06-02,13052,2070,273,390.0,
2025-07-07,9565,Vitality,1,2077.0,91c93eb867d7d47bf729
2025-07-07,4494,MOUZ,2,1877.0,43f602c729e986479a12
2025-07-07,7020,Spirit,3,1852.0,8ddd7c3d52942c256b57
2025-07-07,6248,The MongolZ,4,1775.0,75e5d950f37342b03568
2025-07-07,11283,Falcons,5,1726.0,f91f72bd614cf8908299
2025-07-07,11861,Aurora,6,1652.0,0a254842e1149d2d09f6
2025-07-07,6667,FaZe,7,1638.0,7a1a96f424e10ab1e2fe
2025-07-07,4608,Natus Vincere,8,1617.0,996316e9c05448acf739
2025-07-07,8297,FURIA,9,1591.0,e0362dcbafd342d82962
2025-07-07,5995,G2,10,1566.0,2c30e3ac1ffbc21beb69
2025-07-07,9928,GamerLegion,11,1537.0,
2025-07-07,7175,HEROIC,12,1528.0,a640c4181cc7b506ee9c
2025-07-07,4914,3DMAX,13,1519.0,
2025-07-07,5378,Virtus.pro,14,1515.0,f1c05542faa91e6b6868
2025-07-07,6665,Astralis,15,1512.0,52aabeb463275f7ddf2b
2025-07-07,4773,paiN,16,1488.0,
2025-07-07,5973,Liquid,17,1378.0,e30bbdc993a56db8023c
2025-07-07,8840,Lynn Vision,18,1371.0,dbed042ec191be814f2c
2025-07-07,11241,B8,19,1370.0,a557275c96d577ef4eaf
2025-07-07,4863,TYLOO,20,1358.0,2c632070ba401ebd2e9d
2025-07-07,12468,Legacy,21,1354.0,5cfd43d0258204c4872c
2025-07-07,9215,MIBR,22,1342.0,3df0c093029dd07f6fd8
2025-07-07,4411,Ninjas in Pyjamas,23,1314.0,16ae57adceed4e78cb00
2025-07-07,5005,Complexity,24,1294.0,0295d1f50520d405f9d3
2025-07-07,4991,fnatic,25,1288.0,7b9c2e54637477264639
2025-07-07,11419,ECSTATIC,26,1261.0,eca76dd469044ed07bc1
2025-07-07,10371,NAVI Junior,27,1229.0,2c03c52da3ae13074093
2025-07-07,7969,Nemiga,28,1219.0,5f7d948e2932e569ccbe
2025-07-07,12833,TNL,29,1201.0,
2025-07-07,12774,FlyQuest,30,1200.0,5a5a5fbd3b1d700e0387
2025-07-07,11514,Rare Atom,31,1186.0,
2025-07-07,4869,ENCE,32,1179.0,
2025-07-07,7532,BIG,33,1176.0,
2025-07-07,12426,Passion UA,34,1176.0,
2025-07-07,12394,BetBoom,35,1150.0,351de843dc8e3cb18d4c
2025-07-07,6673,NRG,36,1139.0,495b9c702d422c543a21
2025-07-07,10503,OG,37,1137.0,77d7e9342b0bb5860f6c
2025-07-07,13104,Iberian Soul,38,1103.0,4a6f27f40c425d8f88a7
2025-07-07,7900,Spirit Academy,39,1102.0,
2025-07-07,9455,Imperial,40,1072.0,
2025-07-07,10245,JiJieHao,41,1067.0,239c366f89b0c9626e78
2025-07-07,12257,Wildcard,42,1047.0,928ad8a13dcda967f95d
2025-07-07,12467,PARIVISION,43,1047.0,68229aa0fc8114c6d924
2025-07-07,12646,Chinggis Warriors,44,1035.0,0486ea64cb7a5f05826a
2025-07-07,10278,9INE,45,1034.0,19d88f5f2ead58e1dbdf
2025-07-07,11581,HOTU,46,1000.0,
2025-07-07,12376,M80,47,997.0,764bfbaf02d5ad51d83f
2025-07-07,12916,Betclic,48,993.0,1191985bc02c56d5769c
2025-07-07,12510,The Huns,49,993.0,ee4c146d1ee5d9d21a02
2025-07-07,10567,SAW,50,988.0,0d76c6a91d9adcab7a05
2025-07-07,7187,Nexus,51,987.0,bfc6a1833c0489262735
2025-07-07,13235,Astrum,52,986.0,0e7ced82edf77cf5b175
2025-07-07,12474,Alliance,53,983.0,db319c58b5a99d95930a
2025-07-07,12380,CYBERSHOKE,54,982.0,1cf6cd800dae9288a266
2025-07-07,10976,FURIA fe,55,977.0,10dd16af0d8ef7254cf3
2025-07-07,12604,Johnny Speeds,56,974.0,d574bdf33db928eb2997
2025-07-07,12878,BC.Game,57,971.0,2a0f3f6c35b49557bf52
2025-07-07,11768,ODDIK,58,968.0,
2025-07-07,11883,9 Pandas,59,967.0,9ea3027c506fb46cb120
2025-07-07,4602,Tricked,60,953.0,
2025-07-07,13106,Getting Info,61,953.0,96b6274c83937b9fcbea
2025-07-07,11712,Sashi,62,952.0,
2025-07-07,11838,Partizan,63,947.0,
2025-07-07,11523,Zero Tenacity,64,946.0,6f98e5a4c4d38da6cab8
2025-07-07,12534,BOSS,65,943.0,
2025-07-07,12471,GUN5,66,940.0,25bc7c19c87cf07effc7
2025-07-07,11641,Metizport,67,939.0,ed0dac8b6f4ff561c8ba
2025-07-07,8113,Sharks,68,938.0,
2025-07-07,11837,Fluxo,69,931.0,b8d719ce28553c1f8538
2025-07-07,5347,BLUEJAYS,70,916.0,
2025-07-07,12000,500,71,916.0,
2025-07-07,12818,FAVBET,72,906.0,
2025-07-07,11811,Monte,73,906.0,12a910d18a6e1cefcc05
2025-07-07,10459,ARCRED,74,894.0,701a414b7bf10f2918ca
2025-07-07,7441,ECLOT,75,889.0,6f1ad68b17194da1c4ea
2025-07-07,10577,SINNERS,76,874.0,2740412c48959f554e2c
2025-07-07,13146,Supernova Comets,77,863.0,a6dffd2855ad5f4f2190
2025-07-07,12491,2GAME,78,862.0,6af22c7f89396d17a520
2025-07-07,12144,BESTIA,79,859.0,c4cd742c0f01c49bf932
2025-07-07,12097,Eruption,80,849.0,44c9e6cd1af1ea99a710
2025-07-07,13124,Marsborne,81,849.0,
2025-07-07,10333,Sangal,82,849.0,6aa88a84bb53992e80ce
2025-07-07,12694,RUBY,83,847.0,7924a80abbea659204fa
2025-07-07,12901,SemperFi,85,845.0,
2025-07-07,4548,CPH Wolves,86,844.0,c7762212e7bb2338b84c
2025-07-07,11917,NIP Impact,87,841.0,4c0a0f62bc8d88416e7e
2025-07-07,12960,Fire Flux,89,832.0,
2025-07-07,10851,Wings Up,90,831.0,c2559f2c4911409d117b
2025-07-07,9996,9z,91,830.0,6add9229eeecdc064d8c
2025-07-07,7176,RED Canids,92,829.0,
2025-07-07,11034,M1,93,823.0,2d478e718f1f0f8c4417
2025-07-07,12586,AMKAL,94,820.0,15f2f17a630b4f6274cc
2025-07-07,12900,NomadS,95,817.0,
2025-07-07,12065,Flamengo,96,810.0,5152d3e6d5ff3465d826
2025-07-07,13214,SPARTA,97,810.0,
2025-07-07,13219,LFO 4,98,808.0,
2025-07-07,11811,Monte,99,805.0,
2025-07-07,12431,Betera,100,803.0,3901811535021c8b7cec
2025-07-07,13210,Leça,101,794.0,3b94ffe7f901172abfc2
2025-07-07,12828,Imperial Valkyries,102,787.0,
2025-07-07,12776,Bounty Hunters,103,777.0,664a82228199e5c40b08
2025-07-07,10947,Rhyno,104,770.0,a5b74eab4210e81faa6e
2025-07-07,10621,1win,105,770.0,68fb757cea81d1a922ab
2025-07-07,11955,LAG,106,766.0,
2025-07-07,8038,Party Astronauts,107,765.0,
2025-07-07,11790,ENCE Academy,108,765.0,9c4a36a264a74f4d8d93
2025-07-07,12447,SELVA,109,764.0,
2025-07-07,13271,Zerance,110,760.0,
2025-07-07,10900,KRÜ,111,760.0,
2025-07-07,6033,Keyd Stars,112,759.0,
2025-07-07,9881,Rooster,113,759.0,
2025-07-07,13212,ex-TALON,114,759.0,
2025-07-07,13291,Marius,115,755.0,
2025-07-07,13298,ex-SABRE,116,749.0,
2025-07-07,12899,FengDa,117,740.0,
2025-07-07,12988,GameHunters,118,738.0,
2025-07-07,12301,FlyQuest RED,119,728.0,207c2e8550328eb5b8f3
2025-07-07,13288,ex-W7M,120,727.0,efd8dac3e3043acfb757
2025-07-07,11948,Nouns,121,727.0,
2025-07-07,13233,HEROIC Academy,122,720.0,f37812922f35412b43e7
2025-07-07,11811,Monte,123,719.0,38c8af120b41af9d9ff4
2025-07-07,12921,Housebets,124,717.0,
2025-07-07,7176,RED Canids,125,713.0,bf90bcbf6d379cbbf7c8
2025-07-07,4548,CPH Wolves,126,712.0,211deb9c07219e5ea3fb
2025-07-07,11446,Leo,127,706.0,60c96df3b77e5b788a47
2025-07-07,11668,Mindfreak,128,705.0,
2025-07-07,13304,LP,129,704.0,
2025-07-07,13211,NinJa,130,703.0,
2025-07-07,12567,Akimbo,131,696.0,
2025-07-07,13053,Just Swing,132,696.0,06197469c87fcf7fc690
2025-07-07,12959,ShindeN,133,694.0,cda0fd1fadf7dadf4d46
2025-07-07,13112,Bad News Capybaras,134,688.0,
2025-07-07,13273,PERPLEXITY,135,680.0,
2025-07-07,13184,WildLotus,136,679.0,
2025-07-07,12415,Gods Reign,137,677.0,
2025-07-07,11263,Only One Word,138,670.0,
2025-07-07,13107,Chicken Coop,139,666.0,
2025-07-07,10975,MIBR fe,140,665.0,
2025-07-07,12180,Tsunami,141,664.0,
2025-07-07,12769,Fisher College,142,664.0,3512e66c44bdb336adc8
2025-07-07,12955,THE,143,663.0,
2025-07-07,11585,IHC,144,661.0,
2025-07-07,8038,Party Astronauts,145,661.0,e6e63586c26e615bff87
2025-07-07,12927,Marca Registrada,146,661.0,
2025-07-07,12267,UNiTY,147,659.0,
2025-07-07,11827,JANO,148,658.0,
2025-07-07,4326,América,149,654.0,
2025-07-07,11955,LAG,150,646.0,
2025-07-07,12913,Lumen fe,151,646.0,
2025-07-07,13300,ROSY,152,645.0,
2025-07-07,12544,adalYamigos,153,642.0,
2025-07-07,12908,Aether,154,640.0,
2025-07-07,12747,DMS,155,640.0,
2025-07-07,13147,Shika,156,639.0,
2025-07-07,11555,UNO MILLE,157,639.0,
2025-07-07,13245,QMISTRY,158,639.0,
2025-07-07,13302,JERSA,159,636.0,
2025-07-07,12548,Dusty Roots,160,636.0,4451e7cdc2e9c7fb7004
2025-07-07,11737,EYEBALLERS,161,634.0,738536f91f2f14712ade
2025-07-07,10994,O PLANO,162,633.0,
2025-07-07,6652,GameAgents,163,631.0,fc024ca43e672ecea0b8
2025-07-07,12929,Victores Sumus,164,631.0,
2025-07-07,12483,MIGHT,165,630.0,
2025-07-07,11933,Yawara,166,627.0,20ab3985e54ac4d8affb
2025-07-07,12567,Akimbo,167,626.0,
2025-07-07,13178,NOVAQ,168,624.0,
2025-07-07,13206,anything else,169,624.0,
2025-07-07,13265,MAGICOS,170,623.0,
2025-07-07,11718,BIG EQUIPA,171,622.0,
2025-07-07,13267,LA MASIA,172,622.0,
2025-07-07,7865,HAVU,173,620.0,cafbd75d62b9de4d1423
2025-07-07,12867,Floripa Stars,174,617.0,
2025-07-07,12971,Wanted Goons,175,615.0,
2025-07-07,13192,Roler Coaster,176,614.0,aaebd5b0bceae8f19e36
2025-07-07,13024,8Sins,177,613.0,
2025-07-07,12421,Let Her Cook,178,613.0,
2025-07-07,13121,Eco Warriors,179,612.0,eb545edeabdc1c75f7bb
2025-07-07,13151,Tropa do KinGui,180,612.0,
2025-07-07,11711,Players,181,611.0,
2025-07-07,4532,ESC,182,611.0,e589c64ec1c105e17303
2025-07-07,11862,Portuguese Family,183,610.0,
2025-07-07,11668,Mindfreak,184,607.0,
2025-07-07,12900,NomadS,185,607.0,
2025-07-07,13142,AKA HERO KAJO,186,607.0,
2025-07-07,12334,Preasy,187,606.0,
2025-07-07,12988,GameHunters,188,605.0,
2025-07-07,13270,girl kissers,189,605.0,
2025-07-07,12472,MANTRA,190,605.0,
2025-07-07,11756,Quem Sao Elas,191,605.0,
2025-07-07,12929,Victores Sumus,192,604.0,
2025-07-07,13143,Black Mold,193,602.0,
2025-07-07,13168,CS2News Ladies,194,601.0,
2025-07-07,13186,Bounty Hunters fe,195,598.0,
2025-07-07,12707,Underground,196,596.0,
2025-07-07,12312,ATOX,197,594.0,
2025-07-07,12895,K27,198,591.0,e750fe564bbd5d2ce6ca
2025-07-07,12912,thekillaz fe,199,591.0,
2025-07-07,13290,modeame,200,588.0,
2025-07-07,3044,MIBR Academy,201,586.0,d60e10b3e3c50be39626
2025-07-07,13203,ex-Heimo,202,585.0,
2025-07-07,7801,Ghost,203,584.0,
2025-07-07,13187,Spray and Slay,204,581.0,
2025-07-07,13134,Akuma,205,578.0,9cb2dca99532c31ca250
2025-07-07,13135,MEGA JUNERS,206,573.0,
2025-07-07,13175,Change The Game,207,570.0,
2025-07-07,12857,FORZE Reload,208,568.0,
2025-07-07,12847,Kubix,209,563.0,
2025-07-07,13153,Hesta,210,560.0,f5cffaa253b25112d40e
2025-07-07,5775,Elevate,211,560.0,e620aa497fbc84eb3e7b
2025-07-07,13192,Roler Coaster,212,559.0,41c4fc4060136f0de900
2025-07-07,12152,KZG,213,557.0,
2025-07-07,13218,Worms,214,551.0,
2025-07-07,12825,The QUBE,216,545.0,
2025-07-07,12982,SkyFury,217,545.0,
2025-07-07,12858,kONO,218,543.0,
2025-07-07,8813,Illuminar,219,540.0,
2025-07-07,13144,Messitas,220,536.0,
2025-07-07,13229,Daaku,221,533.0,
2025-07-07,11138,benched,222,531.0,
2025-07-07,12334,Preasy,223,530.0,
2025-07-07,5479,Mythic,224,530.0,3b40a809b0d8c9007db9
2025-07-07,13127,Wildcard Academy,225,529.0,
2025-07-07,4532,ESC,226,528.0,4e0c70f7e092d4484ed4
2025-07-07,13172,Mercenaires,227,528.0,
2025-07-07,13027,Nuclear TigeRES,228,520.0,724f8d6e2a6db9ba88b9
2025-07-07,13217,ScarX,229,520.0,
2025-07-07,13280,inputprayers,230,519.0,46008e289b64485c0b5c
2025-07-07,13115,harizma,231,517.0,
2025-07-07,11905,paiN Academy,232,515.0,
2025-07-07,13067,Immigrants peek,233,514.0,
2025-07-07,12554,regain,234,513.0,
2025-07-07,7720,InControl,235,506.0,
2025-07-07,12789,LaChampionsLiga,236,504.0,1b4647825d2172eeba82
2025-07-07,12455,Vantage,237,503.0,
2025-07-07,13128,moneyF,238,501.0,
2025-07-07,12377,GhoulsW,239,499.0,
2025-07-07,13122,nomercy fe,240,499.0,
2025-07-07,13102,GATERON,241,496.0,
2025-07-07,13272,ex-Permitta,242,495.0,
2025-07-07,11660,Take Flyte,243,495.0,a6f3f158f36344963239
2025-07-07,13154,LFO 3,244,493.0,
2025-07-07,13251,Mousquetaires,245,492.0,
2025-07-07,13005,MCS,246,490.0,
2025-07-07,13176,Nyx Empyre,247,488.0,
2025-07-07,12670,LEON,248,486.0,
2025-07-07,13181,BASEMENT BOYS,249,483.0,acd45ae52bd16e7eb579
2025-07-07,10954,Astralis Talent,250,483.0,
2025-07-07,13180,Straight2Killin,251,473.0,
2025-07-07,10978,VELOX,252,473.0,
2025-07-07,12677,Galorys,253,470.0,
2025-07-07,12915,NITRO,254,468.0,
2025-07-07,12124,Insilio,255,466.0,d68f621c0c4769cf3779
2025-07-07,12787,WOPA,256,450.0,
2025-07-07,13215,POWERmix,257,410.0,
2025-07-07,11273,Steel Helmet,258,407.0,
2025-07-07,12766,Nordix,259,406.0,
2025-07-07,12087,Lazer Cats,260,405.0,3abba0929f68f8dbd73c
2025-07-07,12908,Aether,261,401.0,
2025-07-07,13137,Familia Maquininha,262,399.0,c945590e437a5c2dfada
2025-07-07,13162,Virtual Cottage,263,394.0,
2025-07-07,13052,2070,264,392.0,
2025-08-04,9565,Vitality,1,2056.0,91c93eb867d7d47bf729
2025-08-04,7020,Spirit,2,1999.0,c1be3d708b91d83debce
2025-08-04,4494,MOUZ,3,1917.0,43f602c729e986479a12
2025-08-04,6248,The MongolZ,4,1805.0,75e5d950f37342b03568
2025-08-04,4608,Natus Vincere,5,1788.0,9d2b566c8472997adfa4
2025-08-04,8297,FURIA,6,1681.0,e0362dcbafd342d82962
2025-08-04,11283,Falcons,7,1678.0,e17285b415d2dc1447da
2025-08-04,6667,FaZe,8,1672.0,9daa2e0f8baba62ac327
2025-08-04,6665,Astralis,9,1670.0,52aabeb463275f7ddf2b
2025-08-04,4863,TYLOO,10,1643.0,2c632070ba401ebd2e9d
2025-08-04,11861,Aurora,11,1631.0,de4d1b051c78034513c7
2025-08-04,5995,G2,12,1614.0,c6e7095c117141b82830
2025-08-04,4914,3DMAX,13,1583.0,
2025-08-04,9928,GamerLegion,14,1560.0,
2025-08-04,8840,Lynn Vision,15,1496.0,dbed042ec191be814f2c
2025-08-04,4773,paiN,16,1479.0,
2025-08-04,5378,Virtus.pro,17,1453.0,947a413877986ead41b7
2025-08-04,7175,HEROIC,18,1441.0,d7ed0e8214df4d7d1444
2025-08-04,4411,Ninjas in Pyjamas,19,1407.0,0ce5cad9da2e56293d9e
2025-08-04,5005,Complexity,20,1349.0,a957c1e3fa87abcbbeb9
2025-08-04,12468,Legacy,21,1344.0,5cfd43d0258204c4872c
2025-08-04,10567,SAW,22,1331.0,9c3bd9b3ce1afe43eeb7
2025-08-04,12394,BetBoom,23,1322.0,5f06ede5944bd73dcf42
2025-08-04,9215,MIBR,24,1304.0,
2025-08-04,12774,FlyQuest,25,1303.0,82ec1484979378ef597b
2025-08-04,5973,Liquid,26,1302.0,e30bbdc993a56db8023c
2025-08-04,11241,B8,27,1297.0,a557275c96d577ef4eaf
2025-08-04,11419,ECSTATIC,28,1277.0,eca76dd469044ed07bc1
2025-08-04,13104,Iberian Soul,29,1249.0,d807a95213fd6aab9a51
2025-08-04,12833,TNL,30,1226.0,
2025-08-04,12376,M80,31,1220.0,8bb1193a025837b6c801
2025-08-04,4991,fnatic,32,1214.0,f1bb99fdd4839f4e9195
2025-08-04,7969,Nemiga,33,1193.0,c7f4bab835cec5a8f8ee
2025-08-04,7532,BIG,34,1169.0,
2025-08-04,11514,Rare Atom,35,1144.0,
2025-08-04,12426,Passion UA,36,1133.0,
2025-08-04,13286,FUT,37,1130.0,3322ab6a91fbfb3adc10
2025-08-04,6673,NRG,38,1122.0,08dd10279c7696fd6469
2025-08-04,4869,ENCE,39,1107.0,
2025-08-04,12467,PARIVISION,40,1096.0,f94e124a1a752f15f4db
2025-08-04,13314,KOLESIE,41,1096.0,63d4f5b683aa44230dae
2025-08-04,10503,OG,42,1089.0,02c5489bbd6d48709c11
2025-08-04,9455,Imperial,43,1076.0,
2025-08-04,7900,Spirit Academy,44,1064.0,
2025-08-04,10245,JiJieHao,45,1026.0,239c366f89b0c9626e78
2025-08-04,11837,Fluxo,46,1019.0,28e73a0f0518d8fa9ffc
2025-08-04,11712,Sashi,47,1018.0,
2025-08-04,12916,Betclic,48,1009.0,c1ea18e3e3d75c394750
2025-08-04,12257,Wildcard,49,1002.0,81f08787434c91e79280
2025-08-04,12474,Alliance,50,998.0,16eff455cca88a762de3
2025-08-04,12646,Chinggis Warriors,51,992.0,167479e138db505c2a26
2025-08-04,12510,The Huns,52,987.0,98d8ee24d663c964f937
2025-08-04,11838,Partizan,53,985.0,
2025-08-04,5347,BLUEJAYS,54,976.0,9e79f19751d7e829adaf
2025-08-04,8113,Sharks,55,975.0,
2025-08-04,10278,9INE,56,973.0,12f64241051c77aee3cc
2025-08-04,7187,Nexus,57,972.0,bfc6a1833c0489262735
2025-08-04,11523,Zero Tenacity,58,971.0,6f98e5a4c4d38da6cab8
2025-08-04,11581,HOTU,59,965.0,
2025-08-04,12380,CYBERSHOKE,60,964.0,1cf6cd800dae9288a266
2025-08-04,4532,ESC,61,961.0,e589c64ec1c105e17303
2025-08-04,13124,Marsborne,62,941.0,87640c57c2720082deb6
2025-08-04,12604,Johnny Speeds,63,934.0,d574bdf33db928eb2997
2025-08-04,11768,ODDIK,64,933.0,2fa6aae3fbb9f8e7f9b7
2025-08-04,9996,9z,65,932.0,e0eb9e74d9c82b57698d
2025-08-04,12471,GUN5,66,932.0,79c1e8268f6b0756e0e2
2025-08-04,11811,Monte,67,931.0,2e1cbf62d54bd303f295
2025-08-04,10333,Sangal,68,910.0,c99d5fe24712d0a51380
2025-08-04,12878,BC.Game,69,907.0,2a0f3f6c35b49557bf52
2025-08-04,4602,Tricked,70,907.0,
2025-08-04,5995,G2,71,904.0,
2025-08-04,11883,9 Pandas,72,894.0,9ea3027c506fb46cb120
2025-08-04,12694,RUBY,73,893.0,c0e94ee19d02d0d3458c
2025-08-04,13106,Getting Info,74,891.0,db715d213b43165fc16e
2025-08-04,9621,AaB,75,885.0,d4cbad86e4c48d30a0d6
2025-08-04,11641,Metizport,76,885.0,4d04a1a7561a8dcaffbe
2025-08-04,12818,FAVBET,77,884.0,
2025-08-04,5347,BLUEJAYS,78,883.0,211d4d761777d0aa6ee4
2025-08-04,10976,FURIA fe,79,875.0,10dd16af0d8ef7254cf3
2025-08-04,12431,Betera,80,874.0,3901811535021c8b7cec
2025-08-04,7176,RED Canids,81,870.0,
2025-08-04,13300,ROSY,82,867.0,
2025-08-04,12097,Eruption,83,857.0,f524baf8dd176bc33ee5
2025-08-04,10577,SINNERS,84,852.0,512620b262f209859916
2025-08-04,4548,CPH Wolves,85,852.0,c7762212e7bb2338b84c
2025-08-04,13106,Getting Info,87,844.0,10a4d2c47f69466292d8
2025-08-04,7441,ECLOT,88,843.0,
2025-08-04,11737,EYEBALLERS,89,839.0,4cf54bebd0b7d45144c5
2025-08-04,12000,500,90,838.0,
2025-08-04,13303,NXT,91,837.0,
2025-08-04,13345,DESEMPREGO,92,834.0,f290b0939afdab1f785f
2025-08-04,10459,ARCRED,93,830.0,
2025-08-04,12901,SemperFi,94,824.0,
2025-08-04,11251,Eternal Fire,95,816.0,b7989732b2f4dd6303e5
2025-08-04,12857,FORZE Reload,96,816.0,
2025-08-04,13214,SPARTA,97,807.0,
2025-08-04,10947,Rhyno,98,806.0,7d0b7b964a13764dfa73
2025-08-04,12586,AMKAL,99,800.0,05e938387899431363a7
2025-08-04,12491,2GAME,100,799.0,6af22c7f89396d17a520
2025-08-04,12144,BESTIA,101,798.0,c4cd742c0f01c49bf932
2025-08-04,12900,NomadS,102,795.0,
2025-08-04,12065,Flamengo,103,792.0,baf7382ccae2978e8e84
2025-08-04,10851,Wings Up,104,787.0,c2559f2c4911409d117b
2025-08-04,11955,LAG,105,782.0,
2025-08-04,13291,Marius,106,780.0,
2025-08-04,13107,Chicken Coop,107,779.0,
2025-08-04,10621,1win,108,777.0,68fb757cea81d1a922ab
2025-08-04,4822,Reason,109,776.0,2d478e718f1f0f8c4417
2025-08-04,13146,Supernova Comets,110,771.0,a6dffd2855ad5f4f2190
2025-08-04,11917,NIP Impact,111,765.0,bcf8426eb332bb67eadf
2025-08-04,7376,m1x,112,764.0,45c4a5edb563d5b3feb3
2025-08-04,9881,Rooster,113,758.0,c155914b68ef35235fe1
2025-08-04,11585,IHC,114,757.0,
2025-08-04,6089,The Last Resort,115,756.0,
2025-08-04,6033,Keyd Stars,116,756.0,
2025-08-04,11811,Monte,117,756.0,
2025-08-04,11790,ENCE Academy,118,755.0,9c4a36a264a74f4d8d93
2025-08-04,12534,BOSS,119,755.0,b33921be1d7e3c48f339
2025-08-04,11837,Fluxo,120,748.0,3f8b6dbd0178eedfa45d
2025-08-04,13271,Zerance,121,745.0,
2025-08-04,13330,Lycus Empire,122,745.0,
2025-08-04,12828,Imperial Valkyries,123,740.0,5855deaebb992b75cd0f
2025-08-04,10900,KRÜ,124,733.0,
2025-08-04,12988,GameHunters,125,731.0,
2025-08-04,12301,FlyQuest RED,126,725.0,207c2e8550328eb5b8f3
2025-08-04,12960,Fire Flux,127,721.0,
2025-08-04,12447,SELVA,128,713.0,
2025-08-04,13298,ex-SABRE,129,712.0,
2025-08-04,13304,LP,130,711.0,
2025-08-04,13288,ex-W7M,131,709.0,b00d27ada70927aaf2b6
2025-08-04,12899,FengDa,132,707.0,
2025-08-04,12776,Bounty Hunters,133,705.0,92ba51cccf017ec23694
2025-08-04,13286,FUT,134,697.0,c04cac94b1317cb5890c
2025-08-04,8038,Party Astronauts,135,696.0,
2025-08-04,12959,ShindeN,136,693.0,cda0fd1fadf7dadf4d46
2025-08-04,13233,HEROIC Academy,137,692.0,f37812922f35412b43e7
2025-08-04,13290,modeame,138,691.0,
2025-08-04,13212,ex-TALON,139,687.0,
2025-08-04,10864,VP.Prodigy,140,686.0,4c9c8c4eb6b04deb086c
2025-08-04,11948,Nouns,141,686.0,
2025-08-04,7176,RED Canids,142,684.0,bf90bcbf6d379cbbf7c8
2025-08-04,12567,Akimbo,143,683.0,
2025-08-04,13331,Kaleido,144,683.0,
2025-08-04,12908,Aether,145,682.0,
2025-08-04,13053,Just Swing,146,680.0,06197469c87fcf7fc690
2025-08-04,13245,QMISTRY,147,679.0,682cf79383f97de9b982
2025-08-04,13217,ScarX,148,676.0,
2025-08-04,12927,Marca Registrada,149,676.0,4c09bc4f030ac6e5f689
2025-08-04,13288,ex-W7M,150,674.0,cae6db67a4318f65f0b9
2025-08-04,10287,Legion,151,672.0,
2025-08-04,8536,Ground Zero,152,671.0,
2025-08-04,12152,KZG,153,669.0,
2025-08-04,12267,UNiTY,154,666.0,
2025-08-04,11263,Only One Word,155,662.0,
2025-08-04,13107,Chicken Coop,156,659.0,
2025-08-04,4548,CPH Wolves,157,659.0,211deb9c07219e5ea3fb
2025-08-04,10975,MIBR fe,158,652.0,
2025-08-04,12415,Gods Reign,159,652.0,
2025-08-04,11446,Leo,160,652.0,60c96df3b77e5b788a47
2025-08-04,13024,8Sins,161,650.0,
2025-08-04,11668,Mindfreak,162,646.0,
2025-08-04,11827,JANO,163,641.0,
2025-08-04,12955,THE,164,637.0,
2025-08-04,12747,DMS,165,636.0,
2025-08-04,11555,UNO MILLE,166,632.0,
2025-08-04,13127,Wildcard Academy,167,630.0,77a976f1c3e705ecded5
2025-08-04,12913,Lumen fe,168,630.0,
2025-08-04,13267,LA MASIA,169,627.0,
2025-08-04,12867,Floripa Stars,170,627.0,
2025-08-04,11711,Players,171,627.0,
2025-08-04,12544,adalYamigos,172,627.0,
2025-08-04,10994,O PLANO,173,625.0,
2025-08-04,11955,LAG,174,625.0,
2025-08-04,11768,ODDIK,175,621.0,
2025-08-04,10299,FURY,176,619.0,
2025-08-04,12567,Akimbo,177,617.0,
2025-08-04,13206,anything else,178,617.0,
2025-08-04,12483,MIGHT,179,616.0,
2025-08-04,13151,Tropa do KinGui,180,616.0,
2025-08-04,13265,MAGICOS,181,616.0,
2025-08-04,6788,Crashers,182,614.0,
2025-08-04,7865,HAVU,183,614.0,cafbd75d62b9de4d1423
2025-08-04,13302,JERSA,184,614.0,
2025-08-04,12180,Tsunami,185,613.0,
2025-08-04,12548,Dusty Roots,186,613.0,4451e7cdc2e9c7fb7004
2025-08-04,8038,Party Astronauts,187,612.0,e6e63586c26e615bff87
2025-08-04,11668,Mindfreak,188,612.0,
2025-08-04,12971,Wanted Goons,189,610.0,
2025-08-04,13121,Eco Warriors,190,609.0,eb545edeabdc1c75f7bb
2025-08-04,11718,BIG EQUIPA,191,609.0,
2025-08-04,12421,Let Her Cook,192,609.0,
2025-08-04,13178,NOVAQ,193,608.0,
2025-08-04,13300,ROSY,194,608.0,
2025-08-04,12929,Victores Sumus,195,607.0,
2025-08-04,13192,Roler Coaster,196,605.0,aaebd5b0bceae8f19e36
2025-08-04,13147,Shika,197,604.0,
2025-08-04,12769,Fisher College,198,603.0,34510d0d8106d40b525c
2025-08-04,13142,AKA HERO KAJO,199,602.0,
2025-08-04,13310,MANA,200,602.0,
2025-08-04,11933,Yawara,201,602.0,
2025-08-04,13270,girl kissers,202,602.0,
2025-08-04,11756,Quem Sao Elas,203,601.0,
2025-08-04,13168,CS2News Ladies,204,601.0,
2025-08-04,13106,Getting Info,205,600.0,
2025-08-04,13186,Bounty Hunters fe,206,600.0,
2025-08-04,12586,AMKAL,207,595.0,
2025-08-04,13143,Black Mold,208,594.0,
2025-08-04,12912,thekillaz fe,209,594.0,
2025-08-04,13153,Hesta,210,587.0,9fb33399a96a3475eea9
2025-08-04,12334,Preasy,211,586.0,
2025-08-04,13116,UR,212,585.0,
2025-08-04,3044,MIBR Academy,213,583.0,d60e10b3e3c50be39626
2025-08-04,5775,Elevate,214,583.0,e620aa497fbc84eb3e7b
2025-08-04,7801,Ghost,215,580.0,
2025-08-04,13135,MEGA JUNERS,216,580.0,
2025-08-04,13187,Spray and Slay,217,579.0,
2025-08-04,13134,Akuma,218,578.0,9cb2dca99532c31ca250
2025-08-04,13203,ex-Heimo,219,577.0,
2025-08-04,12895,K27,220,571.0,e750fe564bbd5d2ce6ca
2025-08-04,12929,Victores Sumus,221,567.0,
2025-08-04,12152,KZG,222,565.0,
2025-08-04,13218,Worms,223,564.0,
2025-08-04,11862,Portuguese Family,224,563.0,
2025-08-04,12707,Underground,225,559.0,
2025-08-04,13175,Change The Game,226,556.0,6fea41645c75426f6bf3
2025-08-04,7720,InControl,227,556.0,
2025-08-04,12267,UNiTY,228,547.0,
2025-08-04,12677,Galorys,229,546.0,151b5b878f3c07d13e75
2025-08-04,13316,Animus Victoria,230,544.0,
2025-08-04,13144,Messitas,231,542.0,
2025-08-04,12312,ATOX,232,537.0,
2025-08-04,12982,SKYFURY,233,534.0,
2025-08-04,13192,Roler Coaster,234,532.0,41c4fc4060136f0de900
2025-08-04,12825,The QUBE,235,531.0,
2025-08-04,8813,Illuminar,236,529.0,
2025-08-04,11811,Monte,237,526.0,38c8af120b41af9d9ff4
2025-08-04,11138,benched,238,525.0,
2025-08-04,12858,kONO,239,524.0,
2025-08-04,13172,Mercenaires,240,518.0,
2025-08-04,13229,Daaku,241,517.0,
2025-08-04,13280,inputprayers,242,514.0,46008e289b64485c0b5c
2025-08-04,13027,Nuclear TigeRES,243,514.0,724f8d6e2a6db9ba88b9
2025-08-04,4532,ESC,244,513.0,4e0c70f7e092d4484ed4
2025-08-04,12377,GhoulsW,245,510.0,
2025-08-04,12554,regain,246,509.0,
2025-08-04,12769,Fisher College,247,509.0,
2025-08-04,12731,LE-LUX,248,508.0,
2025-08-04,10503,OG,249,506.0,1c7f6d4b70c984711fa8
2025-08-04,13122,nomercy fe,250,504.0,
2025-08-04,5479,Mythic,251,503.0,2eb72eae58d9b796bd40
2025-08-04,13115,harizma,252,501.0,
2025-08-04,13176,Nyx Empyre,253,498.0,
2025-08-04,12789,LaChampionsLiga,254,497.0,1b4647825d2172eeba82
2025-08-04,13294,Outfit 49,255,495.0,
2025-08-04,11905,paiN Academy,256,494.0,
2025-08-04,12334,Preasy,257,491.0,
2025-08-04,13102,GATERON,258,489.0,
2025-08-04,12455,Vantage,259,488.0,
2025-08-04,10954,Astralis Talent,260,483.0,
2025-08-04,12670,LEON,261,482.0,
2025-08-04,13154,LFO 3,262,481.0,
2025-08-04,11660,Take Flyte,263,479.0,a6f3f158f36344963239
2025-08-04,13067,Immigrants peek,264,479.0,
2025-08-04,13022,Back2TheGame,265,475.0,
2025-08-04,12124,Insilio,266,470.0,d68f621c0c4769cf3779
2025-08-04,13005,MCS,267,469.0,
2025-08-04,13181,BASEMENT BOYS,268,468.0,acd45ae52bd16e7eb579
2025-08-04,12915,NITRO,269,460.0,
2025-08-04,13328,TSG,270,460.0,
2025-08-04,13327,R2,271,457.0,53f8edf1ac24d554fd4e
2025-08-04,12973,NuTorious,272,452.0,
2025-08-04,12787,WOPA,273,441.0,
2025-08-04,13272,ex-Permitta,274,422.0,
2025-08-04,13215,POWERmix,275,406.0,
2025-08-04,11273,Steel Helmet,276,405.0,
2025-08-04,12766,Nordix,277,404.0,
2025-08-04,13183,informmix,278,403.0,
2025-08-04,12087,Lazer Cats,279,402.0,3abba0929f68f8dbd73c
2025-08-04,12908,Aether,280,401.0,
2025-08-04,13137,Familia Maquininha,281,400.0,c945590e437a5c2dfada
2025-08-04,13052,2070,282,395.0,
2025-08-04,13162,Virtual Cottage,283,394.0,
2025-09-01,7020,Spirit,1,2017.0,c1be3d708b91d83debce
2025-09-01,9565,Vitality,2,1970.0,91c93eb867d7d47bf729
2025-09-01,6248,The MongolZ,3,1949.0,75e5d950f37342b03568
2025-09-01,4494,MOUZ,4,1904.0,43f602c729e986479a12
2025-09-01,11283,Falcons,5,1762.0,e17285b415d2dc1447da
2025-09-01,11861,Aurora,6,1745.0,0a254842e1149d2d09f6
2025-09-01,4608,Natus Vincere,7,1702.0,9d2b566c8472997adfa4
2025-09-01,4914,3DMAX,8,1684.0,
2025-09-01,4863,TYLOO,9,1659.0,2c632070ba401ebd2e9d
2025-09-01,8297,FURIA,10,1655.0,e0362dcbafd342d82962
2025-09-01,6665,Astralis,11,1652.0,52aabeb463275f7ddf2b
2025-09-01,6667,FaZe,12,1635.0,9daa2e0f8baba62ac327
2025-09-01,8840,Lynn Vision,13,1532.0,dbed042ec191be814f2c
2025-09-01,7175,HEROIC,14,1526.0,d7ed0e8214df4d7d1444
2025-09-01,5995,G2,15,1515.0,c6e7095c117141b82830
2025-09-01,9928,GamerLegion,16,1481.0,
2025-09-01,4773,paiN,17,1463.0,
2025-09-01,5378,Virtus.pro,18,1452.0,947a413877986ead41b7
2025-09-01,12468,Legacy,19,1374.0,5cfd43d0258204c4872c
2025-09-01,12394,BetBoom,20,1370.0,852dcd372811563e8fc7
2025-09-01,4991,fnatic,21,1328.0,f1bb99fdd4839f4e9195
2025-09-01,10567,SAW,22,1322.0,9c3bd9b3ce1afe43eeb7
2025-09-01,11241,B8,23,1319.0,a557275c96d577ef4eaf
2025-09-01,4411,Ninjas in Pyjamas,24,1308.0,0ce5cad9da2e56293d9e
2025-09-01,12774,FlyQuest,25,1301.0,82ec1484979378ef597b
2025-09-01,13404,Gentle Mates,26,1300.0,d807a95213fd6aab9a51
2025-09-01,5973,Liquid,27,1290.0,e30bbdc993a56db8023c
2025-09-01,9215,MIBR,28,1230.0,
2025-09-01,4869,ENCE,29,1221.0,ef0939a8d1a8039205e4
2025-09-01,10503,OG,30,1214.0,02c5489bbd6d48709c11
2025-09-01,11419,ECSTATIC,31,1209.0,eca76dd469044ed07bc1
2025-09-01,12426,Passion UA,32,1204.0,a957c1e3fa87abcbbeb9
2025-09-01,12833,TNL,33,1193.0,
2025-09-01,9455,Imperial,34,1188.0,
2025-09-01,12467,PARIVISION,35,1185.0,f94e124a1a752f15f4db
2025-09-01,11514,Rare Atom,36,1180.0,
2025-09-01,12376,M80,37,1176.0,8bb1193a025837b6c801
2025-09-01,6673,NRG,38,1173.0,08dd10279c7696fd6469
2025-09-01,13286,FUT,39,1156.0,3322ab6a91fbfb3adc10
2025-09-01,10278,9INE,40,1138.0,12f64241051c77aee3cc
2025-09-01,7969,Nemiga,41,1136.0,c7f4bab835cec5a8f8ee
2025-09-01,12510,The Huns,42,1124.0,98d8ee24d663c964f937
2025-09-01,13314,KOLESIE,43,1107.0,a94e24bc0ceee6a1d806
2025-09-01,11811,Monte,44,1107.0,486523cd7cd16bd59cc7
2025-09-01,7532,BIG,45,1097.0,
2025-09-01,11837,Fluxo,46,1081.0,28e73a0f0518d8fa9ffc
2025-09-01,7900,Spirit Academy,47,1075.0,f2d6ae6dcc9b1f564407
2025-09-01,11838,Partizan,48,1068.0,
2025-09-01,12878,BC.Game,49,1059.0,002fb8f39293ca5b857c
2025-09-01,12426,Passion UA,50,1052.0,
2025-09-01,9996,9z,51,1040.0,e0eb9e74d9c82b57698d
2025-09-01,5347,BLUEJAYS,52,1037.0,70aed9aa12a428d8fc4e
2025-09-01,11712,Sashi,53,1036.0,
2025-09-01,12144,BESTIA,54,1028.0,c4cd742c0f01c49bf932
2025-09-01,12474,Alliance,55,1026.0,16eff455cca88a762de3
2025-09-01,12646,Chinggis Warriors,56,1006.0,167479e138db505c2a26
2025-09-01,12916,Betclic,57,1003.0,c1ea18e3e3d75c394750
2025-09-01,11737,EYEBALLERS,58,1000.0,7cfc35758b87beeaec16
2025-09-01,10245,JiJieHao,59,995.0,5ed63bb7a8e0aea64ae2
2025-09-01,11523,Zero Tenacity,60,994.0,6f98e5a4c4d38da6cab8
2025-09-01,10864,VP.Prodigy,61,989.0,4c9c8c4eb6b04deb086c
2025-09-01,12257,Wildcard,62,987.0,81f08787434c91e79280
2025-09-01,11768,ODDIK,63,985.0,2fa6aae3fbb9f8e7f9b7
2025-09-01,8113,Sharks,64,970.0,
2025-09-01,12431,Betera,65,961.0,3901811535021c8b7cec
2025-09-01,4822,Reason,66,952.0,23210c1bc77590d5a72a
2025-09-01,12065,Flamengo,67,940.0,
2025-09-01,4532,ESC,68,934.0,e589c64ec1c105e17303
2025-09-01,4602,Tricked,69,932.0,
2025-09-01,12604,Johnny Speeds,70,932.0,
2025-09-01,13124,Marsborne,71,922.0,87640c57c2720082deb6
2025-09-01,13331,Kaleido,72,919.0,
2025-09-01,11581,HOTU,73,916.0,
2025-09-01,12380,CYBERSHOKE,74,911.0,c6ed15d864deff732f50
2025-09-01,10577,SINNERS,75,906.0,512620b262f209859916
2025-09-01,7176,RED Canids,76,903.0,
2025-09-01,10333,Sangal,77,892.0,309228bd27a8720c61d1
2025-09-01,10459,ARCRED,78,891.0,
2025-09-01,11641,Metizport,79,889.0,4d04a1a7561a8dcaffbe
2025-09-01,12900,NomadS,80,878.0,
2025-09-01,7187,Nexus,81,877.0,fb437664252b7ab38e9c
2025-09-01,9621,AaB,82,876.0,d4cbad86e4c48d30a0d6
2025-09-01,12097,Eruption,84,863.0,f524baf8dd176bc33ee5
2025-09-01,13214,SPARTA,85,857.0,
2025-09-01,5995,G2,86,857.0,
2025-09-01,12000,500,87,855.0,5e3af454878899300e8e
2025-09-01,12818,FAVBET,88,848.0,
2025-09-01,11251,Eternal Fire,89,842.0,b7989732b2f4dd6303e5
2025-09-01,12471,GUN5,90,842.0,79c1e8268f6b0756e0e2
2025-09-01,4548,CPH Wolves,91,836.0,c7762212e7bb2338b84c
2025-09-01,13378,HAWAII,92,830.0,
2025-09-01,13106,Getting Info,93,830.0,db715d213b43165fc16e
2025-09-01,13178,NOVAQ,94,827.0,
2025-09-01,12491,2GAME,95,826.0,6af22c7f89396d17a520
2025-09-01,12959,ShindeN,96,822.0,cda0fd1fadf7dadf4d46
2025-09-01,12694,RUBY,97,817.0,c0e94ee19d02d0d3458c
2025-09-01,12534,BOSS,98,815.0,b33921be1d7e3c48f339
2025-09-01,12586,AMKAL,99,813.0,15f2f17a630b4f6274cc
2025-09-01,12901,SemperFi,100,813.0,
2025-09-01,12857,FORZE Reload,101,813.0,be391efe5150274df825
2025-09-01,10976,FURIA fe,102,812.0,10dd16af0d8ef7254cf3
2025-09-01,12548,Dusty Roots,103,809.0,4451e7cdc2e9c7fb7004
2025-09-01,11955,LAG,104,802.0,
2025-09-01,5347,BLUEJAYS,105,802.0,211d4d761777d0aa6ee4
2025-09-01,11883,9 Pandas,106,801.0,9ea3027c506fb46cb120
2025-09-01,13354,TBO,107,797.0,
2025-09-01,12447,SELVA,108,792.0,
2025-09-01,11175,KHAN,109,782.0,
2025-09-01,7441,ECLOT,110,781.0,
2025-09-01,13107,Chicken Coop,111,777.0,
2025-09-01,13352,SENZA,112,776.0,
2025-09-01,10621,1win,113,765.0,1f10e1ddeb64858ed9a7
2025-09-01,13106,Getting Info,114,764.0,96b6274c83937b9fcbea
2025-09-01,11585,IHC,115,764.0,
2025-09-01,13288,ex-W7M,116,764.0,cae6db67a4318f65f0b9
2025-09-01,13364,Famalicão,117,759.0,
2025-09-01,12899,FengDa,118,756.0,
2025-09-01,12988,GameHunters,119,753.0,1e2bfc76d6735b5c5710
2025-09-01,10947,Rhyno,120,752.0,a5b74eab4210e81faa6e
2025-09-01,12586,AMKAL,121,749.0,2290b5484f3845d0a56f
2025-09-01,12776,Bounty Hunters,122,747.0,
2025-09-01,12812,ALLINNERS,123,747.0,
2025-09-01,6089,The Last Resort,124,744.0,
2025-09-01,10900,KRÜ,125,738.0,
2025-09-01,9881,Rooster,126,734.0,c155914b68ef35235fe1
2025-09-01,11790,ENCE Academy,127,733.0,9c4a36a264a74f4d8d93
2025-09-01,7376,m1x,128,731.0,9428bbe13d3a97b6cb33
2025-09-01,7720,InControl,129,725.0,
2025-09-01,13271,Zerance,130,723.0,
2025-09-01,13233,HEROIC Academy,131,722.0,f37812922f35412b43e7
2025-09-01,12828,Imperial Valkyries,132,721.0,5855deaebb992b75cd0f
2025-09-01,13053,Just Swing,133,718.0,
2025-09-01,13369,The Glecs,134,716.0,
2025-09-01,7176,RED Canids,135,715.0,
2025-09-01,12960,Fire Flux,136,712.0,
2025-09-01,12536,DEPO,137,706.0,
2025-09-01,13288,ex-W7M,138,704.0,b00d27ada70927aaf2b6
2025-09-01,13217,ScarX,139,697.0,
2025-09-01,12878,BC.Game,140,696.0,
2025-09-01,13290,modeame,141,695.0,
2025-09-01,11811,Monte,142,694.0,
2025-09-01,6033,Keyd Stars,143,693.0,
2025-09-01,11917,NIP Impact,144,693.0,bcf8426eb332bb67eadf
2025-09-01,11837,Fluxo,145,692.0,3f8b6dbd0178eedfa45d
2025-09-01,13358,ASPYRE,146,690.0,
2025-09-01,11933,Yawara,147,690.0,
2025-09-01,13245,QMISTRY,148,690.0,682cf79383f97de9b982
2025-09-01,13286,FUT,149,687.0,
2025-09-01,13304,LP,150,685.0,
2025-09-01,12190,Shimmer,151,684.0,a6dffd2855ad5f4f2190
2025-09-01,12301,FlyQuest RED,152,679.0,207c2e8550328eb5b8f3
2025-09-01,13353,Arrival Seven,153,676.0,
2025-09-01,13469,MONEY CREW,154,671.0,
2025-09-01,12908,Aether,155,666.0,
2025-09-01,12927,Marca Registrada,156,664.0,
2025-09-01,10287,Legion,157,661.0,
2025-09-01,12000,500,158,660.0,
2025-09-01,8038,Party Astronauts,159,660.0,
2025-09-01,11446,Leo,160,660.0,60c96df3b77e5b788a47
2025-09-01,12152,KZG,161,659.0,
2025-09-01,12267,UNiTY,162,657.0,
2025-09-01,12567,Akimbo,163,652.0,
2025-09-01,13212,ex-TALON,164,651.0,
2025-09-01,11263,Only One Word,165,647.0,
2025-09-01,11711,Players,166,644.0,
2025-09-01,13027,Nuclear TigeRES,167,639.0,8cb7143adda2bfd56682
2025-09-01,10975,MIBR fe,168,638.0,
2025-09-01,13107,Chicken Coop,169,637.0,
2025-09-01,13024,8Sins,170,635.0,
2025-09-01,13310,MANA,171,634.0,
2025-09-01,13267,LA MASIA,172,634.0,
2025-09-01,12747,DMS,173,633.0,
2025-09-01,12895,K27,174,632.0,e750fe564bbd5d2ce6ca
2025-09-01,12415,Gods Reign,175,632.0,
2025-09-01,13356,Legacy Kingdom,176,631.0,
2025-09-01,11555,UNO MILLE,177,630.0,
2025-09-01,13151,Tropa do KinGui,178,621.0,
2025-09-01,12611,Vagrants,179,619.0,
2025-09-01,12533,Atrix,180,619.0,
2025-09-01,12912,thekillaz fe,181,616.0,
2025-09-01,11668,Mindfreak,182,616.0,
2025-09-01,13270,girl kissers,183,613.0,
2025-09-01,13121,Eco Warriors,184,613.0,eb545edeabdc1c75f7bb
2025-09-01,12769,Fisher College,185,612.0,34510d0d8106d40b525c
2025-09-01,12825,The QUBE,186,610.0,
2025-09-01,10299,FURY,187,609.0,
2025-09-01,8536,Ground Zero,188,609.0,
2025-09-01,13381,wwaves,189,608.0,
2025-09-01,13342,Bad Luck,190,608.0,
2025-09-01,13142,AKA HERO KAJO,191,607.0,
2025-09-01,12955,THE,192,606.0,
2025-09-01,11668,Mindfreak,193,605.0,
2025-09-01,12677,Galorys,194,605.0,151b5b878f3c07d13e75
2025-09-01,11718,BIG EQUIPA,195,604.0,
2025-09-01,12421,Let Her Cook,196,604.0,
2025-09-01,13186,Bounty Hunters fe,197,602.0,
2025-09-01,12948,BORING PLAYERS,198,600.0,
2025-09-01,13147,Shika,199,600.0,
2025-09-01,13206,anything else,200,596.0,
2025-09-01,12867,Floripa Stars,201,596.0,
2025-09-01,13300,ROSY,202,595.0,
2025-09-01,6788,Crashers,203,595.0,15bfadd008c88bd8e7b8
2025-09-01,12544,adalYamigos,204,594.0,
2025-09-01,13143,Black Mold,205,593.0,
2025-09-01,13135,MEGA JUNERS,206,587.0,
2025-09-01,11756,Quem Sao Elas,207,586.0,
2025-09-01,12971,Wanted Goons,208,586.0,
2025-09-01,12483,MIGHT,209,583.0,
2025-09-01,3044,MIBR Academy,210,580.0,d60e10b3e3c50be39626
2025-09-01,13192,Roler Coaster,211,579.0,
2025-09-01,12334,Preasy,212,577.0,
2025-09-01,13393,Peekaboo,213,574.0,9cb2dca99532c31ca250
2025-09-01,13116,UR,214,573.0,
2025-09-01,12152,KZG,215,571.0,
2025-09-01,7801,Ghost,216,565.0,
2025-09-01,5775,Elevate,217,564.0,e620aa497fbc84eb3e7b
2025-09-01,13144,Messitas,218,564.0,
2025-09-01,13153,Hesta,219,563.0,9fb33399a96a3475eea9
2025-09-01,12929,Victores Sumus,220,563.0,
2025-09-01,13218,Worms,221,563.0,
2025-09-01,12707,Underground,222,562.0,
2025-09-01,12982,SKYFURY,223,561.0,
2025-09-01,12908,Aether,224,556.0,
2025-09-01,13265,MAGICOS,225,555.0,
2025-09-01,13327,R2,226,552.0,53f8edf1ac24d554fd4e
2025-09-01,13117,Inner Circle,227,545.0,
2025-09-01,11660,Take Flyte,228,544.0,
2025-09-01,12929,Victores Sumus,229,541.0,
2025-09-01,11827,JANO,230,534.0,
2025-09-01,13316,Animus Victoria,231,533.0,
2025-09-01,13349,StragaSonhoS,232,532.0,9b977fa7965eac2edcd1
2025-09-01,13175,Change The Game,233,530.0,
2025-09-01,5479,Mythic,234,527.0,3b40a809b0d8c9007db9
2025-09-01,8813,Illuminar,235,525.0,
2025-09-01,12825,The QUBE,236,524.0,
2025-09-01,12731,LE-LUX,237,522.0,
2025-09-01,13172,Mercenaires,238,518.0,
2025-09-01,12858,kONO,239,516.0,
2025-09-01,11138,benched,240,516.0,
2025-09-01,13272,ex-Permitta,241,511.0,
2025-09-01,11862,Portuguese Family,242,510.0,
2025-09-01,13280,inputprayers,243,509.0,1cebdcf8b94b716e82c0
2025-09-01,13127,Wildcard Academy,244,509.0,77a976f1c3e705ecded5
2025-09-01,13192,Roler Coaster,245,505.0,41c4fc4060136f0de900
2025-09-01,12789,LaChampionsLiga,246,505.0,1b4647825d2172eeba82
2025-09-01,13127,Wildcard Academy,247,504.0,
2025-09-01,13027,Nuclear TigeRES,248,502.0,724f8d6e2a6db9ba88b9
2025-09-01,13115,harizma,249,499.0,
2025-09-01,13229,Daaku,250,495.0,
2025-09-01,13102,GATERON,251,488.0,
2025-09-01,12377,GhoulsW,252,485.0,
2025-09-01,12769,Fisher College,253,485.0,
2025-09-01,13294,Outfit 49,254,482.0,
2025-09-01,12455,Vantage,255,479.0,
2025-09-01,13022,Back2TheGame,256,476.0,
2025-09-01,12670,LEON,257,465.0,
2025-09-01,11955,LAG,258,463.0,
2025-09-01,13302,JERSA,259,457.0,
2025-09-01,12973,NuTorious,260,452.0,
2025-09-01,12787,WOPA,261,431.0,
2025-09-01,12334,Preasy,262,417.0,
2025-09-01,11273,Steel Helmet,263,404.0,
2025-09-01,12124,Insilio,264,401.0,d68f621c0c4769cf3779
2025-09-01,12908,Aether,265,401.0,
2025-09-01,12087,Lazer Cats,266,401.0,
2025-09-01,12766,Nordix,267,400.0,
2025-09-01,11737,EYEBALLERS,268,396.0,c56d0a8e8d57b2d80c10
2025-09-01,13328,TSG,269,395.0,
2025-09-01,13317,DOG,270,392.0,
2025-10-06,6248,The MongolZ,1,1957.0,75e5d950f37342b03568
2025-10-06,8297,FURIA,2,1891.0,e0362dcbafd342d82962
2025-10-06,9565,Vitality,3,1869.0,91c93eb867d7d47bf729
2025-10-06,7020,Spirit,4,1848.0,c1be3d708b91d83debce
2025-10-06,11283,Falcons,5,1811.0,e17285b415d2dc1447da
2025-10-06,4494,MOUZ,6,1810.0,43f602c729e986479a12
2025-10-06,5995,G2,7,1803.0,c6e7095c117141b82830
2025-10-06,11861,Aurora,8,1801.0,0a254842e1149d2d09f6
2025-10-06,4608,Natus Vincere,9,1752.0,9d2b566c8472997adfa4
2025-10-06,6665,Astralis,10,1664.0,0704dd9f459ba3b327e7
2025-10-06,4914,3DMAX,11,1639.0,
2025-10-06,5973,Liquid,12,1637.0,235e5a809ccd8fbfac1b
2025-10-06,6667,FaZe,13,1626.0,e797db73bfe8dde81ec4
2025-10-06,4863,TYLOO,14,1601.0,2c632070ba401ebd2e9d
2025-10-06,9928,GamerLegion,15,1570.0,
2025-10-06,4773,paiN,16,1553.0,
2025-10-06,9215,MIBR,17,1495.0,dfe4b1b80db30abff546
2025-10-06,4411,Ninjas in Pyjamas,18,1474.0,0ce5cad9da2e56293d9e
2025-10-06,11241,B8,19,1466.0,a557275c96d577ef4eaf
2025-10-06,12467,PARIVISION,20,1455.0,f94e124a1a752f15f4db
2025-10-06,4991,fnatic,21,1451.0,f1bb99fdd4839f4e9195
2025-10-06,12426,Passion UA,22,1438.0,d7f059bd513e44ecf08a
2025-10-06,13404,Gentle Mates,23,1428.0,d807a95213fd6aab9a51
2025-10-06,5378,Virtus.pro,24,1420.0,b31059c16fd181946b20
2025-10-06,10278,9INE,25,1416.0,ab72984ae34127e5230d
2025-10-06,8840,Lynn Vision,26,1405.0,dbed042ec191be814f2c
2025-10-06,10567,SAW,27,1403.0,9c3bd9b3ce1afe43eeb7
2025-10-06,10503,OG,28,1401.0,02c5489bbd6d48709c11
2025-10-06,12468,Legacy,29,1394.0,5cfd43d0258204c4872c
2025-10-06,12394,BetBoom,30,1383.0,852dcd372811563e8fc7
2025-10-06,7175,HEROIC,31,1381.0,9878cbc31a184ab5cc29
2025-10-06,9455,Imperial,32,1360.0,61517c897f6cd83552fe
2025-10-06,11419,ECSTATIC,33,1347.0,0c0065c0b2c46762ecbb
2025-10-06,4869,ENCE,34,1309.0,ef0939a8d1a8039205e4
2025-10-06,13117,Inner Circle,35,1298.0,
2025-10-06,11581,HOTU,36,1277.0,3ec3d3ce7d1a4813ca3f
2025-10-06,12376,M80,37,1264.0,8bb1193a025837b6c801
2025-10-06,7532,BIG,38,1264.0,
2025-10-06,6673,NRG,39,1263.0,f5f268615d366befab5f
2025-10-06,12510,The Huns,40,1260.0,98d8ee24d663c964f937
2025-10-06,12774,FlyQuest,41,1231.0,82ec1484979378ef597b
2025-10-06,11837,Fluxo,42,1222.0,28e73a0f0518d8fa9ffc
2025-10-06,4532,ESC,43,1221.0,e589c64ec1c105e17303
2025-10-06,13286,FUT,44,1218.0,d3179d30c0f804c093f7
2025-10-06,12878,BC.Game,45,1201.0,002fb8f39293ca5b857c
2025-10-06,7176,RED Canids,46,1198.0,
2025-10-06,11768,ODDIK,47,1182.0,2fa6aae3fbb9f8e7f9b7
2025-10-06,11811,Monte,48,1164.0,486523cd7cd16bd59cc7
2025-10-06,12144,BESTIA,49,1163.0,c4cd742c0f01c49bf932
2025-10-06,8113,Sharks,50,1162.0,05357aa633fe11759c40
2025-10-06,13459,ex-Inner Circle,51,1153.0,b9886d63b265d6ca645a
2025-10-06,11523,Zero Tenacity,52,1134.0,6f98e5a4c4d38da6cab8
2025-10-06,11514,Rare Atom,53,1134.0,b389ec04583bcfad9601
2025-10-06,12257,Wildcard,54,1118.0,1e0f3c8103c3bc917fdd
2025-10-06,12604,Johnny Speeds,55,1107.0,e31087135571b0f447b5
2025-10-06,9996,9z,56,1106.0,e0eb9e74d9c82b57698d
2025-10-06,13419,Venom,57,1101.0,63d4f5b683aa44230dae
2025-10-06,11737,EYEBALLERS,58,1101.0,7cfc35758b87beeaec16
2025-10-06,11712,Sashi,59,1099.0,
2025-10-06,11838,Partizan,60,1097.0,d5e04d05a3ba73716a17
2025-10-06,12474,Alliance,61,1094.0,16eff455cca88a762de3
2025-10-06,12646,Chinggis Warriors,62,1087.0,fb9c30ef36fce9b8432b
2025-10-06,7969,Nemiga,63,1085.0,c7f4bab835cec5a8f8ee
2025-10-06,6033,Keyd Stars,65,1075.0,2da6af6b3aa2d44cbd7a
2025-10-06,12380,CYBERSHOKE,66,1056.0,
2025-10-06,12471,GUN5,67,1047.0,8252c16171eb0ee64c48
2025-10-06,12431,Betera,68,1045.0,3901811535021c8b7cec
2025-10-06,12000,500,69,1037.0,5e3af454878899300e8e
2025-10-06,12426,Passion UA,70,1033.0,
2025-10-06,11571,Gaimin Gladiators,71,1030.0,cae6db67a4318f65f0b9
2025-10-06,13124,Marsborne,72,1028.0,4cb35f629420146cbcc1
2025-10-06,12818,FAVBET,73,1022.0,7c5e87f24d0ff0cb4725
2025-10-06,10864,VP.Prodigy,74,1019.0,4c9c8c4eb6b04deb086c
2025-10-06,13331,Kaleido,75,1019.0,
2025-10-06,10333,Sangal,76,1013.0,309228bd27a8720c61d1
2025-10-06,12959,ShindeN,77,1002.0,cda0fd1fadf7dadf4d46
2025-10-06,7900,Spirit Academy,78,992.0,f81754ee526ed23ee1fc
2025-10-06,7441,ECLOT,80,989.0,6f1ad68b17194da1c4ea
2025-10-06,7187,Nexus,81,987.0,a6c215b1e63f08658b91
2025-10-06,4822,Reason,82,980.0,23210c1bc77590d5a72a
2025-10-06,12694,RUBY,83,979.0,c0e94ee19d02d0d3458c
2025-10-06,12491,2GAME,84,964.0,6af22c7f89396d17a520
2025-10-06,12548,Dusty Roots,85,963.0,6ebb9b9bfd31ae26449e
2025-10-06,10577,SINNERS,86,958.0,512620b262f209859916
2025-10-06,10245,JiJieHao,87,953.0,5ed63bb7a8e0aea64ae2
2025-10-06,12097,Eruption,88,944.0,
2025-10-06,4548,CPH Wolves,89,940.0,2f11a4310ebce72455cf
2025-10-06,13181,BASEMENT BOYS,90,934.0,440ea359aba3be9846af
2025-10-06,10621,1win,91,925.0,1f10e1ddeb64858ed9a7
2025-10-06,12916,Betclic,92,923.0,17fd302c5de29b4c8e59
2025-10-06,13380,9BOOMPRO,93,921.0,
2025-10-06,12677,Galorys,94,918.0,d8b8e860f0caaa7c6bc9
2025-10-06,13027,Nuclear TigeRES,95,895.0,8cb7143adda2bfd56682
2025-10-06,13106,Getting Info,96,891.0,2f972f5e34b046bb32e1
2025-10-06,10459,ARCRED,97,890.0,944c447eb432bcb34ed5
2025-10-06,12899,FengDa,98,888.0,
2025-10-06,13178,NOVAQ,99,886.0,795fcb9921ea00bd9dd6
2025-10-06,12901,SemperFi,100,885.0,e2e6d725d3b81e97d32e
2025-10-06,4602,Tricked,101,881.0,
2025-10-06,12857,FORZE Reload,102,872.0,be391efe5150274df825
2025-10-06,12586,AMKAL,103,865.0,2290b5484f3845d0a56f
2025-10-06,12900,NomadS,104,857.0,
2025-10-06,11641,Metizport,105,847.0,4d04a1a7561a8dcaffbe
2025-10-06,12776,Bounty Hunters,106,824.0,6ce5f67c0ecbe3b5aa39
2025-10-06,12895,K27,107,821.0,e750fe564bbd5d2ce6ca
2025-10-06,12858,kONO,108,821.0,c03a78e1868c844a2a00
2025-10-06,12988,GameHunters,109,819.0,1e2bfc76d6735b5c5710
2025-10-06,11251,Eternal Fire,110,813.0,2a24b9aa07e3d07745cc
2025-10-06,12534,BOSS,111,812.0,b33921be1d7e3c48f339
2025-10-06,12471,GUN5,112,812.0,25bc7c19c87cf07effc7
2025-10-06,13214,SPARTA,113,805.0,
2025-10-06,9621,AaB,114,798.0,d4cbad86e4c48d30a0d6
2025-10-06,11933,Yawara,115,794.0,
2025-10-06,11175,KHAN,117,792.0,
2025-10-06,9881,Rooster,118,785.0,c155914b68ef35235fe1
2025-10-06,13435,Max,119,778.0,
2025-10-06,5995,G2,120,778.0,
2025-10-06,10997,Procyon,121,778.0,1b4647825d2172eeba82
2025-10-06,10900,KRÜ,122,776.0,
2025-10-06,11609,GenOne,123,774.0,0a9edd429f8c2d65e0b9
2025-10-06,11955,LAG,124,773.0,
2025-10-06,13465,Dziuseppe,125,773.0,682cf79383f97de9b982
2025-10-06,13116,UR,126,773.0,
2025-10-06,13433,Last Bullet,127,766.0,
2025-10-06,10976,FURIA fe,128,763.0,10dd16af0d8ef7254cf3
2025-10-06,12586,AMKAL,129,762.0,15f2f17a630b4f6274cc
2025-10-06,12825,The QUBE,130,748.0,8ffa3acd959cb93967f8
2025-10-06,10333,Sangal,131,747.0,6aa88a84bb53992e80ce
2025-10-06,7376,m1x,132,744.0,571319dc8798baaa92df
2025-10-06,12812,ALLINNERS,133,742.0,
2025-10-06,13173,Phantom,134,740.0,cf34ff156320098f8751
2025-10-06,5347,BLUEJAYS,135,736.0,
2025-10-06,11585,IHC,136,731.0,
2025-10-06,7865,HAVU,137,730.0,cafbd75d62b9de4d1423
2025-10-06,12960,Fire Flux,138,730.0,13fc1402433e4224d17a
2025-10-06,13441,FACEITPLAYERS,139,729.0,7d0b7b964a13764dfa73
2025-10-06,13352,SENZA,140,726.0,
2025-10-06,13106,Getting Info,141,724.0,96b6274c83937b9fcbea
2025-10-06,12828,Imperial Valkyries,142,720.0,
2025-10-06,13053,Just Swing,143,717.0,
2025-10-06,13449,Y5,144,714.0,
2025-10-06,12567,Akimbo,145,710.0,
2025-10-06,8536,Ground Zero,146,706.0,
2025-10-06,12908,Aether,147,706.0,
2025-10-06,6033,Keyd Stars,148,705.0,
2025-10-06,13251,Mousquetaires,149,704.0,b6076ad1a742be100e9e
2025-10-06,13107,Chicken Coop,150,703.0,
2025-10-06,11790,ENCE Academy,151,701.0,c207036ec5bfd9672bb3
2025-10-06,11176,MOUZ NXT,152,700.0,cd967d20eabd7209546b
2025-10-06,12916,Betclic,153,700.0,1191985bc02c56d5769c
2025-10-06,13012,HyperSpirit,154,699.0,
2025-10-06,10287,Legion,155,695.0,
2025-10-06,5347,BLUEJAYS,156,693.0,211d4d761777d0aa6ee4
2025-10-06,12190,Shimmer,157,688.0,a6dffd2855ad5f4f2190
2025-10-06,7720,InControl,158,685.0,
2025-10-06,13271,Zerance,159,684.0,
2025-10-06,11446,Leo,160,683.0,5f5d618186c85997b7b6
2025-10-06,13217,ScarX,161,682.0,
2025-10-06,13364,Famalicão,162,680.0,0ff5f48a0ea5e42891c1
2025-10-06,13288,ex-W7M,163,678.0,b00d27ada70927aaf2b6
2025-10-06,12267,UNiTY,164,677.0,
2025-10-06,11883,9 Pandas,165,670.0,9ea3027c506fb46cb120
2025-10-06,13469,MONEY CREW,166,668.0,
2025-10-06,6788,Crashers,167,655.0,f084eaa4e4aabd7e28bb
2025-10-06,13300,ROSY,168,649.0,
2025-10-06,12152,KZG,169,648.0,
2025-10-06,12948,BORING PLAYERS,170,640.0,
2025-10-06,13163,ALGO,171,639.0,f536ca9a6c878d61f907
2025-10-06,13151,Tropa do KinGui,172,629.0,
2025-10-06,12301,FlyQuest RED,173,627.0,207c2e8550328eb5b8f3
2025-10-06,12776,Bounty Hunters,174,624.0,
2025-10-06,13369,The Glecs,175,623.0,
2025-10-06,13422,UnderDogs,176,623.0,b29d3226b57a78ab58ea
2025-10-06,13434,Square Sausages,177,622.0,
2025-10-06,12878,BC.Game,178,621.0,
2025-10-06,11711,Players,179,619.0,
2025-10-06,12707,Underground,180,613.0,
2025-10-06,11917,NIP Impact,181,613.0,bcf8426eb332bb67eadf
2025-10-06,13340,CSDIILIT,182,612.0,
2025-10-06,8038,Party Astronauts,183,611.0,
2025-10-06,13358,ASPYRE,184,610.0,1dabcf8b6bc61f3c719b
2025-10-06,13267,LA MASIA,185,610.0,
2025-10-06,12455,Vantage,186,609.0,
2025-10-06,12955,THE,187,606.0,
2025-10-06,13310,MANA,188,604.0,
2025-10-06,10299,FURY,189,603.0,
2025-10-06,7176,RED Canids,190,597.0,
2025-10-06,12971,Wanted Goons,191,587.0,
2025-10-06,3044,MIBR Academy,192,580.0,d60e10b3e3c50be39626
2025-10-06,13413,Vasco,193,578.0,9b977fa7965eac2edcd1
2025-10-06,11668,Mindfreak,194,578.0,
2025-10-06,12884,The Art of War,195,578.0,
2025-10-06,13121,Eco Warriors,196,577.0,eb545edeabdc1c75f7bb
2025-10-06,11660,Take Flyte,197,574.0,
2025-10-06,13353,Arrival Seven,198,573.0,
2025-10-06,13107,Chicken Coop,199,571.0,
2025-10-06,13398,Nocturnal,200,568.0,
2025-10-06,13192,Roler Coaster,201,565.0,
2025-10-06,13298,ex-SABRE,202,564.0,
2025-10-06,9958,Alter Ego,203,564.0,
2025-10-06,13265,MAGICOS,204,562.0,
2025-10-06,13356,Legacy Kingdom,205,560.0,
2025-10-06,11718,BIG EQUIPA,206,558.0,
2025-10-06,5775,Elevate,207,557.0,e620aa497fbc84eb3e7b
2025-10-06,12567,Akimbo,208,553.0,
2025-10-06,12769,Fisher College,209,553.0,70b874b15f45da68a34a
2025-10-06,13294,Outfit 49,210,553.0,
2025-10-06,13212,ex-TALON,211,548.0,
2025-10-06,12334,Preasy,212,547.0,
2025-10-06,9842,FULL SEND,213,546.0,4c09bc4f030ac6e5f689
2025-10-06,12982,SKYFURY,214,545.0,
2025-10-06,13153,Hesta,215,542.0,9fb33399a96a3475eea9
2025-10-06,13397,NYX,216,541.0,
2025-10-06,13327,R2,217,539.0,53f8edf1ac24d554fd4e
2025-10-06,10973,Anonymo,218,534.0,
2025-10-06,13175,Change The Game,219,532.0,
2025-10-06,13316,Animus Victoria,220,520.0,
2025-10-06,13147,Shika,221,518.0,
2025-10-06,13458,CRIMSON,222,518.0,
2025-10-06,13328,TSG,223,513.0,
2025-10-06,13272,ex-Permitta,224,509.0,
2025-10-06,5479,Mythic,225,508.0,2eb72eae58d9b796bd40
2025-10-06,13127,Wildcard Academy,226,508.0,
2025-10-06,11827,JANO,227,501.0,
2025-10-06,13206,anything else,228,499.0,
2025-10-06,11862,Portuguese Family,229,494.0,
2025-10-06,13144,Messitas,230,492.0,
2025-10-06,12908,Aether,231,491.0,
2025-10-06,12483,MIGHT,232,484.0,
2025-10-06,13421,True Thunder,233,481.0,
2025-10-06,12828,Imperial Valkyries,234,478.0,5855deaebb992b75cd0f
2025-10-06,13229,Daaku,235,466.0,
2025-10-06,7801,Ghost,236,454.0,
2025-10-06,13302,JERSA,237,435.0,
2025-10-06,11988,GLORE,238,422.0,
2025-10-06,13102,GATERON,239,399.0,
2025-10-06,12766,Nordix,240,399.0,
2025-10-06,13317,DOG,241,396.0,
2025-11-03,8297,FURIA,1,1948.0,e0362dcbafd342d82962
2025-11-03,9565,Vitality,2,1908.0,91c93eb867d7d47bf729
2025-11-03,11283,Falcons,3,1869.0,e17285b415d2dc1447da
2025-11-03,6248,The MongolZ,4,1859.0,75e5d950f37342b03568
2025-11-03,11861,Aurora,5,1829.0,0a254842e1149d2d09f6
2025-11-03,4608,Natus Vincere,6,1821.0,9d2b566c8472997adfa4
2025-11-03,4494,MOUZ,7,1795.0,43f602c729e986479a12
2025-11-03,7020,Spirit,8,1773.0,c1be3d708b91d83debce
2025-11-03,5995,G2,9,1755.0,c6e7095c117141b82830
2025-11-03,12468,Legacy,10,1748.0,5cfd43d0258204c4872c
2025-11-03,5973,Liquid,11,1730.0,235e5a809ccd8fbfac1b
2025-11-03,4914,3DMAX,12,1677.0,
2025-11-03,6667,FaZe,13,1659.0,32c8f7ac98a370c074d1
2025-11-03,6665,Astralis,14,1613.0,0704dd9f459ba3b327e7
2025-11-03,10567,SAW,15,1603.0,9c3bd9b3ce1afe43eeb7
2025-11-03,7175,HEROIC,16,1584.0,9878cbc31a184ab5cc29
2025-11-03,11241,B8,17,1571.0,a557275c96d577ef4eaf
2025-11-03,9928,GamerLegion,18,1561.0,
2025-11-03,4773,paiN,19,1555.0,
2025-11-03,13404,Gentle Mates,20,1493.0,d807a95213fd6aab9a51
2025-11-03,4863,TYLOO,21,1436.0,2c632070ba401ebd2e9d
2025-11-03,4991,fnatic,22,1424.0,c7e0cca8490bcfa6f20e
2025-11-03,12467,PARIVISION,23,1420.0,f94e124a1a752f15f4db
2025-11-03,11581,HOTU,24,1380.0,3ec3d3ce7d1a4813ca3f
2025-11-03,5378,Virtus.pro,25,1366.0,b31059c16fd181946b20
2025-11-03,9215,MIBR,26,1365.0,dfe4b1b80db30abff546
2025-11-03,12426,Passion UA,27,1347.0,d7f059bd513e44ecf08a
2025-11-03,12394,BetBoom,28,1341.0,852dcd372811563e8fc7
2025-11-03,4411,Ninjas in Pyjamas,29,1336.0,0ce5cad9da2e56293d9e
2025-11-03,9455,Imperial,30,1336.0,61517c897f6cd83552fe
2025-11-03,13117,Inner Circle,31,1333.0,
2025-11-03,10278,9INE,32,1333.0,ab72984ae34127e5230d
2025-11-03,12774,FlyQuest,33,1327.0,82ec1484979378ef597b
2025-11-03,10503,OG,34,1295.0,02c5489bbd6d48709c11
2025-11-03,8840,Lynn Vision,35,1269.0,dbed042ec191be814f2c
2025-11-03,13286,FUT,36,1267.0,d3179d30c0f804c093f7
2025-11-03,4869,ENCE,37,1254.0,ef0939a8d1a8039205e4
2025-11-03,7532,BIG,38,1253.0,8759a4d48aa75c522f98
2025-11-03,12376,M80,39,1252.0,8bb1193a025837b6c801
2025-11-03,4532,ESC,40,1246.0,e589c64ec1c105e17303
2025-11-03,11419,ECSTATIC,41,1212.0,0c0065c0b2c46762ecbb
2025-11-03,11837,Fluxo,42,1164.0,28e73a0f0518d8fa9ffc
2025-11-03,9996,9z,43,1156.0,e0eb9e74d9c82b57698d
2025-11-03,7969,Nemiga,44,1150.0,c7f4bab835cec5a8f8ee
2025-11-03,12144,BESTIA,45,1149.0,c4cd742c0f01c49bf932
2025-11-03,13419,Venom,46,1143.0,63d4f5b683aa44230dae
2025-11-03,7176,RED Canids,47,1141.0,
2025-11-03,12510,The Huns,48,1136.0,98d8ee24d663c964f937
2025-11-03,6673,NRG,49,1129.0,f5f268615d366befab5f
2025-11-03,8113,Sharks,50,1120.0,05357aa633fe11759c40
2025-11-03,11811,Monte,51,1108.0,486523cd7cd16bd59cc7
2025-11-03,13459,ex-Inner Circle,52,1095.0,b9886d63b265d6ca645a
2025-11-03,10577,SINNERS,53,1086.0,512620b262f209859916
2025-11-03,11838,Partizan,54,1086.0,7992979fd9ecc794beaf
2025-11-03,12474,Alliance,55,1076.0,16eff455cca88a762de3
2025-11-03,10333,Sangal,56,1072.0,309228bd27a8720c61d1
2025-11-03,11514,Rare Atom,57,1071.0,b389ec04583bcfad9601
2025-11-03,11571,Gaimin Gladiators,58,1069.0,cae6db67a4318f65f0b9
2025-11-03,11768,ODDIK,59,1066.0,2fa6aae3fbb9f8e7f9b7
2025-11-03,12471,GUN5,60,1055.0,dc678823b80b7433833b
2025-11-03,7441,ECLOT,61,1054.0,6f1ad68b17194da1c4ea
2025-11-03,12878,BC.Game,62,1053.0,25d1e81278a1e29001ab
2025-11-03,11737,EYEBALLERS,63,1044.0,7cfc35758b87beeaec16
2025-11-03,12604,Johnny Speeds,64,1032.0,4702984764bd2719f378
2025-11-03,6033,Keyd Stars,65,1032.0,2da6af6b3aa2d44cbd7a
2025-11-03,12380,CYBERSHOKE,67,1013.0,daa444779c879bef2c38
2025-11-03,10621,1win,68,1013.0,1f10e1ddeb64858ed9a7
2025-11-03,12257,Wildcard,69,1011.0,1e0f3c8103c3bc917fdd
2025-11-03,11523,Zero Tenacity,70,1002.0,6f98e5a4c4d38da6cab8
2025-11-03,12694,RUBY,71,1000.0,c0e94ee19d02d0d3458c
2025-11-03,11712,Sashi,72,1000.0,f1f7991707311b598817
2025-11-03,13124,Marsborne,73,990.0,4cb35f629420146cbcc1
2025-11-03,12000,500,75,982.0,
2025-11-03,12818,FAVBET,76,982.0,
2025-11-03,13027,Nuclear TigeRES,77,980.0,8cb7143adda2bfd56682
2025-11-03,12431,Betera,78,960.0,3901811535021c8b7cec
2025-11-03,13081,Fake do Biru,79,946.0,6af22c7f89396d17a520
2025-11-03,6667,FaZe,80,945.0,7a1a96f424e10ab1e2fe
2025-11-03,7900,Spirit Academy,81,943.0,f81754ee526ed23ee1fc
2025-11-03,12858,kONO,82,938.0,c03a78e1868c844a2a00
2025-11-03,13331,Kaleido,83,937.0,
2025-11-03,12548,Dusty Roots,84,929.0,6ebb9b9bfd31ae26449e
2025-11-03,12646,Chinggis Warriors,85,928.0,c44d84d32e650b5aed4d
2025-11-03,12959,ShindeN,86,921.0,cda0fd1fadf7dadf4d46
2025-11-03,12916,Betclic,87,920.0,
2025-11-03,7532,BIG,88,915.0,
2025-11-03,12426,Passion UA,89,905.0,
2025-11-03,10245,JiJieHao,90,903.0,239c366f89b0c9626e78
2025-11-03,13355,Nemesis,91,901.0,ceca78b6e11a5b2a0cb3
2025-11-03,13470,Oramond,92,900.0,23210c1bc77590d5a72a
2025-11-03,13380,9BOOMPRO,93,894.0,
2025-11-03,12899,FengDa,94,885.0,e5fffa31abfd6ecd487b
2025-11-03,13181,BASEMENT BOYS,95,883.0,440ea359aba3be9846af
2025-11-03,7187,Nexus,96,877.0,a6c215b1e63f08658b91
2025-11-03,13499,Voca,97,876.0,c25135f074b26d8e8b59
2025-11-03,12776,Bounty Hunters,98,865.0,6ce5f67c0ecbe3b5aa39
2025-11-03,12901,SemperFi,99,864.0,e2e6d725d3b81e97d32e
2025-11-03,11251,Eternal Fire,100,861.0,ef64247898964d01c91e
2025-11-03,13214,SPARTA,101,853.0,
2025-11-03,4548,CPH Wolves,102,853.0,2f11a4310ebce72455cf
2025-11-03,10864,VP.Prodigy,103,843.0,
2025-11-03,12586,AMKAL,104,842.0,2f6e31b250d41f1925cc
2025-11-03,10459,ARCRED,105,841.0,944c447eb432bcb34ed5
2025-11-03,13178,NOVAQ,106,834.0,17a3e484c38354ebaa7e
2025-11-03,12677,Galorys,107,829.0,d8b8e860f0caaa7c6bc9
2025-11-03,13173,Phantom,108,825.0,cf34ff156320098f8751
2025-11-03,12097,Eruption,109,824.0,
2025-11-03,11933,Yawara,110,824.0,
2025-11-03,11790,ENCE Academy,111,823.0,c207036ec5bfd9672bb3
2025-11-03,12960,Fire Flux,112,819.0,13fc1402433e4224d17a
2025-11-03,13495,Skinsauna,113,817.0,
2025-11-03,13485,VRSoholics,114,815.0,
2025-11-03,12857,FORZE Reload,115,785.0,be391efe5150274df825
2025-11-03,11609,GenOne,116,784.0,0a9edd429f8c2d65e0b9
2025-11-03,11581,HOTU,117,782.0,
2025-11-03,12895,K27,118,781.0,e750fe564bbd5d2ce6ca
2025-11-03,11175,KHAN,119,780.0,
2025-11-03,13304,LP,120,779.0,f05957b82dce82160422
2025-11-03,11641,Metizport,121,771.0,4d04a1a7561a8dcaffbe
2025-11-03,7865,HAVU,122,767.0,cafbd75d62b9de4d1423
2025-11-03,12124,Insilio,123,765.0,6434ece6b5a655e421c3
2025-11-03,10997,Procyon,124,764.0,1b4647825d2172eeba82
2025-11-03,12900,NomadS,125,760.0,
2025-11-03,10900,KRÜ,126,759.0,79e3790168f41efc975d
2025-11-03,9621,AaB,127,759.0,dbce703ae4280524575c
2025-11-03,12534,BOSS,128,756.0,b33921be1d7e3c48f339
2025-11-03,12554,regain,129,746.0,1dabcf8b6bc61f3c719b
2025-11-03,9881,Rooster,130,740.0,c155914b68ef35235fe1
2025-11-03,13053,Just Swing,131,739.0,
2025-11-03,11275,NSN,132,736.0,
2025-11-03,4602,Tricked,133,735.0,
2025-11-03,7376,m1x,134,735.0,571319dc8798baaa92df
2025-11-03,12267,UNiTY,135,734.0,f6568e478ed3ecce1cbe
2025-11-03,13475,FOLHA AMARELA,136,733.0,9caa8f14512fc00faa99
2025-11-03,12812,ALLINNERS,137,731.0,4c74902a02c5250314d2
2025-11-03,13465,Dziuseppe,138,731.0,682cf79383f97de9b982
2025-11-03,10976,FURIA fe,139,731.0,10dd16af0d8ef7254cf3
2025-11-03,6626,MINLATE,140,726.0,357e765de69fc71d333c
2025-11-03,13433,Last Bullet,141,722.0,721379600900fed1e65b
2025-11-03,13251,Mousquetaires,142,721.0,b6076ad1a742be100e9e
2025-11-03,13468,ex-Chicken Coop,143,720.0,
2025-11-03,11955,LAG,144,719.0,
2025-11-03,12988,GameHunters,145,715.0,1e2bfc76d6735b5c5710
2025-11-03,12536,DEPO,146,712.0,
2025-11-03,11446,Leo,147,703.0,5f5d618186c85997b7b6
2025-11-03,9139,BRUTE,148,699.0,6d4f6202e39b91bd099f
2025-11-03,12825,The QUBE,149,699.0,
2025-11-03,11711,Players,150,697.0,
2025-11-03,12916,Betclic,151,697.0,68a644f3ce351ec19021
2025-11-03,13449,Y5,152,694.0,
2025-11-03,13441,FACEITPLAYERS,153,694.0,7d0b7b964a13764dfa73
2025-11-03,11176,MOUZ NXT,154,685.0,cd967d20eabd7209546b
2025-11-03,13483,Washington,155,682.0,998966586a648acb2cab
2025-11-03,12164,Zomblers,156,679.0,
2025-11-03,12878,BC.Game,157,678.0,2a0f3f6c35b49557bf52
2025-11-03,12908,Aether,158,678.0,
2025-11-03,13364,Famalicão,159,673.0,0ff5f48a0ea5e42891c1
2025-11-03,11585,IHC,160,669.0,
2025-11-03,12567,Akimbo,161,667.0,
2025-11-03,13245,QMISTRY,162,665.0,
2025-11-03,13106,Getting Info,163,664.0,96b6274c83937b9fcbea
2025-11-03,12301,FlyQuest RED,164,663.0,207c2e8550328eb5b8f3
2025-11-03,13453,HubaBuba,165,660.0,340932bc20553770df86
2025-11-03,10975,MIBR fe,166,658.0,9b56a68b02d01406acef
2025-11-03,8536,Ground Zero,167,657.0,
2025-11-03,12604,Johnny Speeds,168,657.0,d574bdf33db928eb2997
2025-11-03,6033,Keyd Stars,169,654.0,
2025-11-03,12190,Shimmer,170,653.0,a6dffd2855ad5f4f2190
2025-11-03,5995,G2,171,651.0,
2025-11-03,7720,InControl,172,648.0,
2025-11-03,10287,Legion,173,648.0,
2025-11-03,6788,Crashers,174,648.0,f084eaa4e4aabd7e28bb
2025-11-03,13352,SENZA,175,645.0,
2025-11-03,5347,BLUEJAYS,176,645.0,
2025-11-03,13406,Flame Sharks fe,177,643.0,
2025-11-03,13393,Peekaboo,178,639.0,56ef561c9f4baa8f0d67
2025-11-03,9842,FULL SEND,179,636.0,4c09bc4f030ac6e5f689
2025-11-03,13012,HyperSpirit,180,631.0,
2025-11-03,13217,ScarX,181,631.0,
2025-11-03,11917,NIP Impact,182,628.0,bcf8426eb332bb67eadf
2025-11-03,12421,Let Her Cook,183,626.0,40061fd47f8ef085bbbb
2025-11-03,12702,Lotus fe,184,623.0,
2025-11-03,3044,MIBR Academy,185,622.0,008df279d63681cf55a9
2025-11-03,13151,Tropa do KinGui,186,622.0,
2025-11-03,12828,Imperial Valkyries,187,621.0,5855deaebb992b75cd0f
2025-11-03,13469,Money Crew,188,620.0,
2025-11-03,12533,Atrix,189,619.0,2f6b8f40e062c2af2ee7
2025-11-03,12912,thekillaz fe,190,617.0,
2025-11-03,13369,The Glecs,191,613.0,
2025-11-03,13288,ex-W7M,192,612.0,b00d27ada70927aaf2b6
2025-11-03,13422,UnderDogs,193,612.0,b29d3226b57a78ab58ea
2025-11-03,13395,hindsight,194,610.0,
2025-11-03,7801,Ghost,195,610.0,
2025-11-03,13413,Vasco,196,604.0,9b977fa7965eac2edcd1
2025-11-03,11718,BIG EQUIPA,197,603.0,13ff3bf50880ed1c8aa0
2025-11-03,13398,Nocturnal,198,602.0,
2025-11-03,5347,BLUEJAYS,199,595.0,211d4d761777d0aa6ee4
2025-11-03,13143,Black Mold,200,595.0,
2025-11-03,13520,Four Magic,201,594.0,5c71d2a881e95e3f2f5f
2025-11-03,12955,THE,202,594.0,
2025-11-03,13434,Square Sausages,203,590.0,
2025-11-03,11668,Mindfreak,204,589.0,
2025-11-03,12455,Vantage,205,587.0,
2025-11-03,13417,Curralzinho,206,587.0,
2025-11-03,12948,BORING PLAYERS,207,586.0,
2025-11-03,13383,888aura,208,586.0,
2025-11-03,13405,Nemesis Impact,209,585.0,5822d211e6f36d39e597
2025-11-03,11660,Take Flyte,210,585.0,
2025-11-03,13340,CSDIILIT,211,583.0,
2025-11-03,12707,Underground,212,579.0,
2025-11-03,13237,AM,213,575.0,0c00b65cceb738105b5a
2025-11-03,13381,wwaves,214,575.0,
2025-11-03,10973,Anonymo,215,573.0,
2025-11-03,8038,Party Astronauts,216,570.0,
2025-11-03,9958,Alter Ego,217,570.0,
2025-11-03,13142,AKA HERO KAJO,218,568.0,
2025-11-03,13310,MANA,219,567.0,
2025-11-03,12152,KZG,220,566.0,
2025-11-03,13391,Overpeek,221,564.0,
2025-11-03,13163,ALGO,222,560.0,f683710fbdcdb790d426
2025-11-03,5479,Mythic,223,558.0,2eb72eae58d9b796bd40
2025-11-03,13327,R2,224,558.0,
2025-11-03,13412,Dusty Roses,225,548.0,
2025-11-03,12971,Wanted Goons,226,542.0,
2025-11-03,13503,Kiri,227,541.0,
2025-11-03,13294,Outfit 49,228,539.0,
2025-11-03,5775,Elevate,229,530.0,e620aa497fbc84eb3e7b
2025-11-03,11711,Players,230,527.0,
2025-11-03,13353,Arrival Seven,231,526.0,
2025-11-03,13300,ROSY,232,525.0,
2025-11-03,13510,QWENTRY,233,521.0,9fb33399a96a3475eea9
2025-11-03,13212,ex-TALON,234,514.0,
2025-11-03,13265,MAGICOS,235,512.0,
2025-11-03,13175,Change The Game,236,511.0,
2025-11-03,11955,LAG,237,510.0,
2025-11-03,12334,Preasy,238,510.0,
2025-11-03,10299,FURY,239,509.0,
2025-11-03,13316,Animus Victoria,240,506.0,
2025-11-03,13328,TSG,241,502.0,
2025-11-03,13458,CRIMSON,242,501.0,
2025-11-03,9621,AaB,243,499.0,
2025-11-03,12973,NuTorious,244,498.0,
2025-11-03,13298,ex-SABRE,245,495.0,
2025-11-03,13127,Wildcard Academy,246,494.0,
2025-11-03,13147,Shika,247,493.0,
2025-11-03,12769,Fisher College,248,485.0,70b874b15f45da68a34a
2025-11-03,13206,anything else,249,483.0,
2025-11-03,13272,ex-Permitta,250,482.0,
2025-11-03,13397,NYX,251,482.0,
2025-11-03,12420,shinigami,252,472.0,
2025-11-03,12483,MIGHT,253,471.0,
2025-11-03,11497,Little Bocks,254,446.0,
2025-11-03,12463,CAPIVARAS,255,441.0,
2025-11-03,13302,JERSA,256,420.0,
2025-11-03,11988,GLORE,257,416.0,
2025-11-03,12908,Aether,258,409.0,
2025-11-03,13153,Hesta,259,400.0,f5cffaa253b25112d40e
2025-11-03,13317,DOG,260,396.0,
2025-12-01,8297,FURIA,1,2001.0,e0362dcbafd342d82962
2025-12-01,11283,Falcons,2,1914.0,e17285b415d2dc1447da
2025-12-01,9565,Vitality,3,1883.0,91c93eb867d7d47bf729
2025-12-01,11861,Aurora,4,1803.0,0a254842e1149d2d09f6
2025-12-01,4494,MOUZ,5,1799.0,43f602c729e986479a12
2025-12-01,6248,The MongolZ,6,1758.0,cb557daf320d95ff0c96
2025-12-01,7020,Spirit,7,1717.0,6d0db80f7712aec31efc
2025-12-01,5973,Liquid,8,1694.0,235e5a809ccd8fbfac1b
2025-12-01,5995,G2,9,1691.0,c6e7095c117141b82830
2025-12-01,4608,Natus Vincere,10,1690.0,9d2b566c8472997adfa4
2025-12-01,12468,Legacy,11,1682.0,5cfd43d0258204c4872c
2025-12-01,6665,Astralis,12,1639.0,0704dd9f459ba3b327e7
2025-12-01,7175,HEROIC,13,1592.0,9878cbc31a184ab5cc29
2025-12-01,4914,3DMAX,14,1589.0,
2025-12-01,4773,paiN,15,1576.0,
2025-12-01,11241,B8,16,1573.0,a557275c96d577ef4eaf
2025-12-01,6667,FaZe,17,1545.0,3797ea47fc726fe1991c
2025-12-01,10567,SAW,18,1529.0,9c3bd9b3ce1afe43eeb7
2025-12-01,12467,PARIVISION,19,1487.0,f94e124a1a752f15f4db
2025-12-01,13404,Gentle Mates,20,1477.0,d807a95213fd6aab9a51
2025-12-01,9928,GamerLegion,21,1464.0,
2025-12-01,13286,FUT,22,1459.0,d3179d30c0f804c093f7
2025-12-01,12394,BetBoom,23,1448.0,852dcd372811563e8fc7
2025-12-01,4991,fnatic,24,1437.0,c7e0cca8490bcfa6f20e
2025-12-01,12376,M80,25,1418.0,8bb1193a025837b6c801
2025-12-01,12774,FlyQuest,26,1409.0,82ec1484979378ef597b
2025-12-01,12426,Passion UA,27,1380.0,d7f059bd513e44ecf08a
2025-12-01,11581,HOTU,28,1378.0,3ec3d3ce7d1a4813ca3f
2025-12-01,4411,Ninjas in Pyjamas,29,1373.0,0ce5cad9da2e56293d9e
2025-12-01,8840,Lynn Vision,30,1337.0,dbed042ec191be814f2c
2025-12-01,6673,NRG,31,1333.0,1c7dbd769cf99bae54c8
2025-12-01,9455,Imperial,32,1321.0,61517c897f6cd83552fe
2025-12-01,11737,EYEBALLERS,33,1321.0,7cfc35758b87beeaec16
2025-12-01,13117,Inner Circle,34,1319.0,e5a7f5ceaa4267c2231b
2025-12-01,10503,OG,35,1314.0,02c5489bbd6d48709c11
2025-12-01,10278,9INE,36,1306.0,ab72984ae34127e5230d
2025-12-01,9215,MIBR,37,1303.0,dfe4b1b80db30abff546
2025-12-01,4863,TYLOO,38,1298.0,2c632070ba401ebd2e9d
2025-12-01,4869,ENCE,39,1297.0,ef0939a8d1a8039205e4
2025-12-01,11837,Fluxo,40,1296.0,28e73a0f0518d8fa9ffc
2025-12-01,5378,Virtus.pro,41,1293.0,b31059c16fd181946b20
2025-12-01,11811,Monte,42,1290.0,486523cd7cd16bd59cc7
2025-12-01,10577,SINNERS,43,1289.0,512620b262f209859916
2025-12-01,11419,ECSTATIC,44,1285.0,0c0065c0b2c46762ecbb
2025-12-01,7532,BIG,45,1282.0,c2393512125e357a0b35
2025-12-01,8113,Sharks,46,1277.0,05357aa633fe11759c40
2025-12-01,13547,Friendly Campers,47,1258.0,e589c64ec1c105e17303
2025-12-01,12474,Alliance,48,1236.0,16eff455cca88a762de3
2025-12-01,11712,Sashi,49,1214.0,f1f7991707311b598817
2025-12-01,12895,K27,50,1204.0,e750fe564bbd5d2ce6ca
2025-12-01,9996,9z,51,1201.0,e0eb9e74d9c82b57698d
2025-12-01,10333,Sangal,52,1170.0,309228bd27a8720c61d1
2025-12-01,13027,Nuclear TigeRES,53,1166.0,8cb7143adda2bfd56682
2025-12-01,12144,BESTIA,54,1165.0,0879d2468d07e7792f62
2025-12-01,12471,GUN5,55,1155.0,18a87234f5907bb4c123
2025-12-01,13237,AM,56,1136.0,0c00b65cceb738105b5a
2025-12-01,13419,Venom,57,1134.0,63d4f5b683aa44230dae
2025-12-01,12380,CYBERSHOKE,58,1131.0,daa444779c879bef2c38
2025-12-01,11514,Rare Atom,59,1129.0,b389ec04583bcfad9601
2025-12-01,11571,Gaimin Gladiators,60,1128.0,f3b89ca67344b08b9339
2025-12-01,10621,1win,61,1126.0,1f10e1ddeb64858ed9a7
2025-12-01,7969,Nemiga,62,1121.0,c7f4bab835cec5a8f8ee
2025-12-01,13470,Oramond,63,1120.0,23210c1bc77590d5a72a
2025-12-01,12510,The Huns,64,1109.0,98d8ee24d663c964f937
2025-12-01,13124,Marsborne,66,1102.0,4cb35f629420146cbcc1
2025-12-01,12604,Johnny Speeds,68,1097.0,4702984764bd2719f378
2025-12-01,11838,Partizan,69,1092.0,f729159b528066f40b4e
2025-12-01,7176,RED Canids,70,1092.0,
2025-12-01,12818,FAVBET,71,1086.0,7c5e87f24d0ff0cb4725
2025-12-01,6033,Keyd Stars,72,1066.0,fd4160f1672efb1f923c
2025-12-01,7441,ECLOT,73,1058.0,6f1ad68b17194da1c4ea
2025-12-01,12000,500,74,1055.0,0263b6b78c44c49580b4
2025-12-01,10975,MIBR fe,75,1042.0,9b56a68b02d01406acef
2025-12-01,10245,JiJieHao,76,1038.0,e28246ca6151f9b66fc8
2025-12-01,11718,BIG EQUIPA,77,1035.0,13ff3bf50880ed1c8aa0
2025-12-01,11641,Metizport,78,1034.0,925cf771181ecf1b5088
2025-12-01,12431,Betera,79,1031.0,3901811535021c8b7cec
2025-12-01,11768,ODDIK,80,1030.0,
2025-12-01,13459,ex-Inner Circle,81,1021.0,b9886d63b265d6ca645a
2025-12-01,12878,BC.Game,82,1019.0,25d1e81278a1e29001ab
2025-12-01,12257,Wildcard,83,1017.0,1e0f3c8103c3bc917fdd
2025-12-01,12776,Bounty Hunters,84,1006.0,6ce5f67c0ecbe3b5aa39
2025-12-01,11446,Leo,85,1003.0,5f5d618186c85997b7b6
2025-12-01,11523,Zero Tenacity,86,997.0,6f98e5a4c4d38da6cab8
2025-12-01,11609,GenOne,87,992.0,0a9edd429f8c2d65e0b9
2025-12-01,7900,Spirit Academy,88,991.0,f81754ee526ed23ee1fc
2025-12-01,13331,Kaleido,89,989.0,
2025-12-01,12694,RUBY,90,988.0,a4cfafa28a6a55aa2b69
2025-12-01,7187,Nexus,91,987.0,a6c215b1e63f08658b91
2025-12-01,12960,Fire Flux,92,986.0,13fc1402433e4224d17a
2025-12-01,12677,Galorys,93,981.0,59835da0637a878d3d34
2025-12-01,12646,Chinggis Warriors,94,965.0,0df7d488e9c8a603d80d
2025-12-01,13499,Voca,95,963.0,c25135f074b26d8e8b59
2025-12-01,12858,kONO,96,953.0,c03a78e1868c844a2a00
2025-12-01,12959,ShindeN,97,948.0,cda0fd1fadf7dadf4d46
2025-12-01,13380,9BOOMPRO,98,942.0,094e0172259e2ecc3449
2025-12-01,13178,NOVAQ,99,932.0,17a3e484c38354ebaa7e
2025-12-01,13081,Fake do Biru,100,924.0,6af22c7f89396d17a520
2025-12-01,13518,Acend,101,923.0,c1350696f6dc330c1096
2025-12-01,12548,Dusty Roots,102,920.0,6ebb9b9bfd31ae26449e
2025-12-01,4548,CPH Wolves,103,907.0,c7762212e7bb2338b84c
2025-12-01,12901,SemperFi,104,906.0,e2e6d725d3b81e97d32e
2025-12-01,12916,Betclic,105,905.0,5dd36c2d73607cc31aff
2025-12-01,11176,MOUZ NXT,106,901.0,cd967d20eabd7209546b
2025-12-01,13214,SPARTA,107,899.0,
2025-12-01,13355,Nemesis,108,897.0,ceca78b6e11a5b2a0cb3
2025-12-01,7865,HAVU,109,894.0,cafbd75d62b9de4d1423
2025-12-01,11838,Partizan,110,893.0,
2025-12-01,12899,FengDa,111,892.0,e94a7585d2fc6da92781
2025-12-01,12267,UNiTY,112,881.0,f6568e478ed3ecce1cbe
2025-12-01,11933,Yawara,113,875.0,78f5028fdb88ed891113
2025-12-01,12533,Atrix,114,871.0,2f6b8f40e062c2af2ee7
2025-12-01,12857,FORZE Reload,115,855.0,be391efe5150274df825
2025-12-01,11251,Eternal Fire,116,853.0,05a06f2f02a46096493e
2025-12-01,12812,ALLINNERS,117,848.0,4c74902a02c5250314d2
2025-12-01,13251,Mousquetaires,118,847.0,b6076ad1a742be100e9e
2025-12-01,10459,ARCRED,119,844.0,944c447eb432bcb34ed5
2025-12-01,10976,FURIA fe,120,841.0,10dd16af0d8ef7254cf3
2025-12-01,12586,AMKAL,121,836.0,2f6e31b250d41f1925cc
2025-12-01,12534,BOSS,122,836.0,b33921be1d7e3c48f339
2025-12-01,10864,VP.Prodigy,123,835.0,0edb911cc0b146ba53e2
2025-12-01,13181,BASEMENT BOYS,124,833.0,440ea359aba3be9846af
2025-12-01,7532,BIG,125,832.0,
2025-12-01,13281,Bushido Wildcats,126,831.0,c6f55ecf0a0016464c21
2025-12-01,13495,Skinsauna,127,828.0,
2025-12-01,11175,KHAN,128,824.0,
2025-12-01,10900,KRÜ,129,822.0,24ab81558b1ef2521e91
2025-12-01,13175,Change The Game,130,821.0,6fea41645c75426f6bf3
2025-12-01,9621,AaB,131,820.0,da2897f195b5b9d3ccf7
2025-12-01,11790,ENCE Academy,132,817.0,c207036ec5bfd9672bb3
2025-12-01,4602,Tricked,133,812.0,
2025-12-01,9881,Rooster,134,811.0,
2025-12-01,12097,Eruption,135,805.0,
2025-12-01,11668,Mindfreak,136,800.0,
2025-12-01,12426,Passion UA,137,799.0,
2025-12-01,12948,BORING PLAYERS,138,798.0,cbb3b45ef04eede35ff9
2025-12-01,11917,NIP Impact,139,797.0,bcf8426eb332bb67eadf
2025-12-01,13433,Last Bullet,140,795.0,721379600900fed1e65b
2025-12-01,10997,Procyon,141,790.0,1b4647825d2172eeba82
2025-12-01,13304,LP,142,790.0,f05957b82dce82160422
2025-12-01,12828,Imperial Valkyries,143,788.0,5855deaebb992b75cd0f
2025-12-01,12124,Insilio,144,784.0,6434ece6b5a655e421c3
2025-12-01,8536,Ground Zero,145,780.0,
2025-12-01,13501,illwill,146,775.0,1e89e429f7f7dde71c4c
2025-12-01,6626,MINLATE,147,768.0,357e765de69fc71d333c
2025-12-01,9881,Rooster,148,760.0,c155914b68ef35235fe1
2025-12-01,6667,FaZe,149,755.0,7a1a96f424e10ab1e2fe
2025-12-01,13173,Phantom,150,754.0,cf34ff156320098f8751
2025-12-01,11955,LAG,151,752.0,1dcfd140224975a6c38e
2025-12-01,10867,MASONIC,152,747.0,ae9a76d234ccd25e2d1b
2025-12-01,13485,VRSoholics,153,743.0,
2025-12-01,12421,Let Her Cook,154,738.0,40061fd47f8ef085bbbb
2025-12-01,13531,Sakura,155,736.0,a6dffd2855ad5f4f2190
2025-12-01,13475,FOLHA AMARELA,156,733.0,9caa8f14512fc00faa99
2025-12-01,13465,Dziuseppe,157,731.0,
2025-12-01,13053,Just Swing,158,727.0,
2025-12-01,12554,regain,159,725.0,1dabcf8b6bc61f3c719b
2025-12-01,12787,WOPA,160,721.0,45a6943ce4087385e762
2025-12-01,10901,OverKnight,161,719.0,4c09bc4f030ac6e5f689
2025-12-01,5479,Mythic,162,717.0,2eb72eae58d9b796bd40
2025-12-01,12825,The QUBE,163,717.0,8ffa3acd959cb93967f8
2025-12-01,13106,Getting Info,164,715.0,db715d213b43165fc16e
2025-12-01,5378,Virtus.pro,165,715.0,f1c05542faa91e6b6868
2025-12-01,4602,Tricked,166,715.0,
2025-12-01,12301,FlyQuest RED,167,714.0,207c2e8550328eb5b8f3
2025-12-01,13506,ComeBack,168,713.0,
2025-12-01,12900,NomadS,169,711.0,
2025-12-01,13375,SportsBetExpert,170,709.0,e4127d5b5ea364685757
2025-12-01,9139,BRUTE,171,709.0,6d4f6202e39b91bd099f
2025-12-01,13486,THUNDER dOWNUNDER,172,708.0,37b8d597de5be61440f7
2025-12-01,5995,G2,173,706.0,2c30e3ac1ffbc21beb69
2025-12-01,13483,Washington,174,704.0,71f7924e11470f3d9864
2025-12-01,12536,DEPO,175,700.0,
2025-12-01,13511,Fuego,176,700.0,d0c8c84028f0f1f81246
2025-12-01,11711,Players,177,698.0,
2025-12-01,7376,m1x,178,692.0,571319dc8798baaa92df
2025-12-01,13516,Fingers Crossed fe,179,687.0,1d111441e414967038b8
2025-12-01,12707,Underground,180,686.0,
2025-12-01,12908,Aether,181,683.0,
2025-12-01,12909,Phoenix,182,683.0,
2025-12-01,12164,Zomblers,183,683.0,
2025-12-01,10960,Young Ninjas,184,679.0,2a6c5661f43ac44ccbd1
2025-12-01,13406,Flame Sharks fe,185,678.0,
2025-12-01,13441,FACEITPLAYERS,186,677.0,7d0b7b964a13764dfa73
2025-12-01,10503,OG,187,676.0,77d7e9342b0bb5860f6c
2025-12-01,12916,Betclic,188,672.0,68a644f3ce351ec19021
2025-12-01,7720,InControl,189,669.0,
2025-12-01,13393,Peekaboo,190,666.0,56ef561c9f4baa8f0d67
2025-12-01,13364,Famalicão,191,665.0,0ff5f48a0ea5e42891c1
2025-12-01,13102,GATERON,192,664.0,
2025-12-01,12857,FORZE Reload,193,663.0,
2025-12-01,13352,SENZA,194,662.0,
2025-12-01,12567,Akimbo,195,661.0,
2025-12-01,12988,GameHunters,196,656.0,6d9910cf3e4fc4a75a5d
2025-12-01,12912,thekillaz fe,197,654.0,
2025-12-01,13405,Nemesis Impact,198,653.0,5822d211e6f36d39e597
2025-12-01,13451,Four Magic fe,199,651.0,5c71d2a881e95e3f2f5f
2025-12-01,13340,CSDIILIT,200,651.0,4d90841440dc596dd9db
2025-12-01,10287,Legion,201,651.0,
2025-12-01,13453,HubaBuba,202,650.0,340932bc20553770df86
2025-12-01,13012,HyperSpirit,203,650.0,dd433dc1372c447eea34
2025-12-01,13245,QMISTRY,204,647.0,
2025-12-01,12702,Lotus fe,205,642.0,
2025-12-01,7801,Ghost,206,632.0,
2025-12-01,12000,500,207,630.0,
2025-12-01,12878,BC.Game,208,627.0,2a0f3f6c35b49557bf52
2025-12-01,13383,888aura,209,626.0,
2025-12-01,13395,hindsight,210,626.0,
2025-12-01,13417,Curralzinho,211,625.0,
2025-12-01,13217,ScarX,212,623.0,ede144f83abe8c0cb14b
2025-12-01,13542,LITE,213,620.0,
2025-12-01,13143,Black Mold,214,617.0,
2025-12-01,10943,777,215,613.0,209ba76cac3a4ccfb28c
2025-12-01,9735,Lilmix,216,612.0,d4a6ebbb8cb343ee8e5f
2025-12-01,13469,Money Crew,217,612.0,
2025-12-01,13328,TSG,218,611.0,
2025-12-01,13398,Nocturnal,219,598.0,
2025-12-01,12152,KZG,220,597.0,
2025-12-01,6788,Crashers,221,596.0,f084eaa4e4aabd7e28bb
2025-12-01,13381,wwaves,222,596.0,
2025-12-01,12707,Underground,223,595.0,
2025-12-01,13369,The Glecs,224,595.0,
2025-12-01,13142,AKA HERO KAJO,225,593.0,
2025-12-01,13434,Square Sausages,226,593.0,
2025-12-01,11585,IHC,227,590.0,
2025-12-01,12455,Vantage,228,587.0,
2025-12-01,11585,IHC,229,583.0,
2025-12-01,13412,Dusty Roses,230,582.0,
2025-12-01,13413,Vasco,231,580.0,9b977fa7965eac2edcd1
2025-12-01,11660,Take Flyte,232,579.0,
2025-12-01,12955,THE,233,572.0,
2025-12-01,13512,Prison Breakers,234,570.0,
2025-12-01,10973,Anonymo,235,562.0,
2025-12-01,13520,Four Magic,236,561.0,4c25edc3789276843fbc
2025-12-01,12646,Chinggis Warriors,237,559.0,167479e138db505c2a26
2025-12-01,13310,MANA,238,557.0,
2025-12-01,9958,Alter Ego,239,554.0,
2025-12-01,13288,ex-W7M,240,553.0,efd8dac3e3043acfb757
2025-12-01,13163,ALGO,241,552.0,f683710fbdcdb790d426
2025-12-01,13474,FUT Academy,242,547.0,
2025-12-01,6033,Keyd Stars,243,543.0,
2025-12-01,13327,R2,244,543.0,
2025-12-01,13427,Reactor 9,245,541.0,
2025-12-01,12971,Wanted Goons,246,540.0,
2025-12-01,12908,Aether,247,537.0,
2025-12-01,13294,Outfit 49,248,532.0,
2025-12-01,13510,QWENTRY,249,532.0,9fb33399a96a3475eea9
2025-12-01,13316,Animus Victoria,250,531.0,
2025-12-01,13294,Outfit 49,251,529.0,
2025-12-01,11109,BBBMBCBS,252,527.0,
2025-12-01,11711,Players,253,522.0,
2025-12-01,13212,ex-TALON,254,521.0,
2025-12-01,13300,ROSY,255,521.0,
2025-12-01,12973,NuTorious,256,520.0,
2025-12-01,13425,Reign Above,257,520.0,
2025-12-01,11905,paiN Academy,258,520.0,
2025-12-01,13127,Wildcard Academy,259,514.0,
2025-12-01,10299,FURY,260,509.0,
2025-12-01,12769,Fisher College,261,506.0,70b874b15f45da68a34a
2025-12-01,13459,ex-Inner Circle,262,503.0,
2025-12-01,13127,Wildcard Academy,263,503.0,77a976f1c3e705ecded5
2025-12-01,5775,Elevate,264,501.0,e620aa497fbc84eb3e7b
2025-12-01,3044,MIBR Academy,265,497.0,008df279d63681cf55a9
2025-12-01,6810,aimclub,266,492.0,d95f75e929a259bc550c
2025-12-01,13515,amateurs,267,489.0,
2025-12-01,9621,AaB,268,487.0,
2025-12-01,13543,Time Waves,269,486.0,
2025-12-01,12334,Preasy,270,483.0,
2025-12-01,12463,CAPIVARAS,271,480.0,
2025-12-01,13353,Arrival Seven,272,474.0,
2025-12-01,8038,Party Astronauts,273,473.0,
2025-12-01,13397,NYX,274,469.0,
2025-12-01,13502,Arise,275,469.0,ef656121fe0179bb61e4
2025-12-01,11497,Little Bocks,276,468.0,
2025-12-01,12483,MIGHT,277,467.0,
2025-12-01,13321,Falcons Force,278,461.0,f3f33fef3aac1297a0d8
2025-12-01,13206,anything else,279,459.0,
2025-12-01,13265,MAGICOS,280,444.0,
2025-12-01,11955,LAG,281,430.0,
2025-12-01,13302,JERSA,282,423.0,
2025-12-01,11988,GLORE,283,414.0,
2025-12-01,13317,DOG,284,402.0,
2026-01-05,8297,FURIA,1,1995.0,e0362dcbafd342d82962
2026-01-05,9565,Vitality,2,1986.0,91c93eb867d7d47bf729
2026-01-05,11283,Falcons,3,1892.0,e17285b415d2dc1447da
2026-01-05,7020,Spirit,4,1849.0,6d0db80f7712aec31efc
2026-01-05,4608,Natus Vincere,5,1848.0,9d2b566c8472997adfa4
2026-01-05,4494,MOUZ,6,1841.0,43f602c729e986479a12
2026-01-05,6667,FaZe,7,1803.0,3797ea47fc726fe1991c
2026-01-05,6248,The MongolZ,8,1786.0,cb557daf320d95ff0c96
2026-01-05,11861,Aurora,9,1721.0,0a254842e1149d2d09f6
2026-01-05,11241,B8,10,1713.0,a557275c96d577ef4eaf
2026-01-05,12468,Legacy,11,1665.0,5cfd43d0258204c4872c
2026-01-05,5995,G2,12,1663.0,c6e7095c117141b82830
2026-01-05,5973,Liquid,13,1620.0,235e5a809ccd8fbfac1b
2026-01-05,4914,3DMAX,14,1610.0,
2026-01-05,6665,Astralis,15,1592.0,0704dd9f459ba3b327e7
2026-01-05,12467,PARIVISION,16,1571.0,f94e124a1a752f15f4db
2026-01-05,7175,HEROIC,17,1566.0,9878cbc31a184ab5cc29
2026-01-05,4773,paiN,18,1559.0,
2026-01-05,13286,FUT,19,1559.0,d3179d30c0f804c093f7
2026-01-05,4411,Ninjas in Pyjamas,20,1546.0,9d8bb5e02b05f5cf41e3
2026-01-05,12426,Passion UA,21,1546.0,d7f059bd513e44ecf08a
2026-01-05,10567,SAW,22,1526.0,9c3bd9b3ce1afe43eeb7
2026-01-05,6673,NRG,23,1489.0,56cf3e042b1f1e8f73ad
2026-01-05,9928,GamerLegion,24,1485.0,8fb960cdef57954090d7
2026-01-05,9455,Imperial,25,1482.0,61517c897f6cd83552fe
2026-01-05,12394,BetBoom,26,1477.0,852dcd372811563e8fc7
2026-01-05,13404,Gentle Mates,27,1474.0,d807a95213fd6aab9a51
2026-01-05,11581,HOTU,28,1467.0,bf99af5339d636cba94c
2026-01-05,12376,M80,29,1464.0,b8f718041db8bac2e331
2026-01-05,4991,fnatic,30,1434.0,c7e0cca8490bcfa6f20e
2026-01-05,11737,EYEBALLERS,31,1383.0,7cfc35758b87beeaec16
2026-01-05,12774,FlyQuest,32,1374.0,82ec1484979378ef597b
2026-01-05,12895,K27,33,1365.0,e750fe564bbd5d2ce6ca
2026-01-05,10278,9INE,34,1358.0,6841d702ce6000341a27
2026-01-05,7532,BIG,35,1334.0,8759a4d48aa75c522f98
2026-01-05,11419,ECSTATIC,36,1327.0,0c0065c0b2c46762ecbb
2026-01-05,11811,Monte,37,1305.0,486523cd7cd16bd59cc7
2026-01-05,11837,Fluxo,38,1303.0,28e73a0f0518d8fa9ffc
2026-01-05,4869,ENCE,39,1294.0,ef0939a8d1a8039205e4
2026-01-05,10577,SINNERS,40,1289.0,512620b262f209859916
2026-01-05,12144,BESTIA,41,1288.0,0879d2468d07e7792f62
2026-01-05,12474,Alliance,42,1285.0,16eff455cca88a762de3
2026-01-05,13547,Friendly Campers,43,1282.0,e589c64ec1c105e17303
2026-01-05,12380,CYBERSHOKE,44,1279.0,491998b5f10173f28bf8
2026-01-05,8840,Lynn Vision,45,1271.0,dbed042ec191be814f2c
2026-01-05,13470,Oramond,46,1264.0,23210c1bc77590d5a72a
2026-01-05,13117,Inner Circle,47,1262.0,e5a7f5ceaa4267c2231b
2026-01-05,8113,Sharks,48,1258.0,05357aa633fe11759c40
2026-01-05,10503,OG,49,1254.0,02c5489bbd6d48709c11
2026-01-05,5378,Virtus.pro,50,1217.0,b31059c16fd181946b20
2026-01-05,9215,MIBR,51,1201.0,dfe4b1b80db30abff546
2026-01-05,13592,magic,52,1198.0,ea6fb0758f53f7a35ac9
2026-01-05,12471,GUN5,53,1190.0,18a87234f5907bb4c123
2026-01-05,11514,Rare Atom,54,1189.0,b389ec04583bcfad9601
2026-01-05,4863,TYLOO,55,1188.0,2c632070ba401ebd2e9d
2026-01-05,11712,Sashi,56,1180.0,f1f7991707311b598817
2026-01-05,9996,9z,57,1162.0,e0eb9e74d9c82b57698d
2026-01-05,13419,Venom,58,1159.0,34ede30a39edceb4e4f4
2026-01-05,10333,Sangal,59,1149.0,309228bd27a8720c61d1
2026-01-05,13027,Nuclear TigeRES,60,1148.0,8cb7143adda2bfd56682
2026-01-05,12604,Johnny Speeds,61,1146.0,73c1ddb8357fdafef0fc
2026-01-05,13237,AM,62,1146.0,0c00b65cceb738105b5a
2026-01-05,11176,MOUZ NXT,63,1138.0,cd967d20eabd7209546b
2026-01-05,13124,Marsborne,64,1132.0,4cb35f629420146cbcc1
2026-01-05,11609,GenOne,65,1129.0,0a9edd429f8c2d65e0b9
2026-01-05,13173,Phantom,66,1119.0,9a0597b081388a585fe0
2026-01-05,12000,500,67,1107.0,27fa8b589766a53b6a19
2026-01-05,12510,The Huns,68,1105.0,98d8ee24d663c964f937
2026-01-05,10621,1win,69,1104.0,1f10e1ddeb64858ed9a7
2026-01-05,10975,MIBR fe,70,1078.0,9b56a68b02d01406acef
2026-01-05,11571,Gaimin Gladiators,71,1078.0,f3b89ca67344b08b9339
2026-01-05,13602,Morningstar,72,1076.0,
2026-01-05,13297,33,73,1074.0,c93afad3985eb352df7c
2026-01-05,11718,BIG EQUIPA,74,1073.0,13ff3bf50880ed1c8aa0
2026-01-05,12818,FAVBET,75,1069.0,7c5e87f24d0ff0cb4725
2026-01-05,12960,Fire Flux,76,1069.0,13fc1402433e4224d17a
2026-01-05,7441,ECLOT,77,1058.0,6f1ad68b17194da1c4ea
2026-01-05,7176,RED Canids,78,1054.0,
2026-01-05,11641,Metizport,79,1046.0,925cf771181ecf1b5088
2026-01-05,13214,SPARTA,80,1042.0,
2026-01-05,7969,Nemiga,81,1029.0,c7f4bab835cec5a8f8ee
2026-01-05,12694,RUBY,82,1026.0,a4cfafa28a6a55aa2b69
2026-01-05,13499,Voca,83,1025.0,2bba620cd7ac5204c394
2026-01-05,6033,Keyd Stars,85,1018.0,fd4160f1672efb1f923c
2026-01-05,13518,Acend,86,1016.0,c1350696f6dc330c1096
2026-01-05,13501,illwill,87,1013.0,5d6607e2e9131ce36975
2026-01-05,11446,Leo,88,997.0,5f5d618186c85997b7b6
2026-01-05,13333,ASTRAL,89,989.0,343a2758f058a2fb6b90
2026-01-05,13355,Nemesis,90,987.0,ceca78b6e11a5b2a0cb3
2026-01-05,12257,Wildcard,91,983.0,1e0f3c8103c3bc917fdd
2026-01-05,12878,BC.Game,92,976.0,25d1e81278a1e29001ab
2026-01-05,11768,ODDIK,93,972.0,
2026-01-05,10459,ARCRED,94,963.0,944c447eb432bcb34ed5
2026-01-05,12776,Bounty Hunters,95,961.0,6ce5f67c0ecbe3b5aa39
2026-01-05,10245,JiJieHao,96,960.0,e28246ca6151f9b66fc8
2026-01-05,4548,CPH Wolves,97,955.0,c7762212e7bb2338b84c
2026-01-05,12899,FengDa,98,953.0,e94a7585d2fc6da92781
2026-01-05,13573,ex-Zero Tenacity,99,951.0,6f98e5a4c4d38da6cab8
2026-01-05,7900,Spirit Academy,100,946.0,f81754ee526ed23ee1fc
2026-01-05,12677,Galorys,101,944.0,59835da0637a878d3d34
2026-01-05,12646,Chinggis Warriors,102,938.0,0df7d488e9c8a603d80d
2026-01-05,13551,OlyBet,103,926.0,7f1850bc8f04c3de13b7
2026-01-05,12857,FORZE Reload,104,922.0,79c5ad39b57157f7e72b
2026-01-05,12087,Lazer Cats,105,920.0,84ef11056cd1cea6ed8d
2026-01-05,12858,kONO,106,917.0,c03a78e1868c844a2a00
2026-01-05,13163,ALGO,107,913.0,ad3fbba14cb6a5c62162
2026-01-05,11838,Partizan,108,902.0,f729159b528066f40b4e
2026-01-05,12959,ShindeN,109,898.0,cda0fd1fadf7dadf4d46
2026-01-05,12967,WW,110,895.0,1a3dcfff1ae4dff47e60
2026-01-05,11838,Partizan,111,893.0,9dcb1d90151421d63fec
2026-01-05,6626,MINLATE,112,891.0,357e765de69fc71d333c
2026-01-05,12533,Atrix,113,886.0,2f6b8f40e062c2af2ee7
2026-01-05,7187,Nexus,114,885.0,a6c215b1e63f08658b91
2026-01-05,12536,DEPO,115,884.0,1cc9d2b91f2f9e6d9913
2026-01-05,13178,NOVAQ,116,884.0,17a3e484c38354ebaa7e
2026-01-05,9621,AaB,117,881.0,c2a8aa8ccbc2055a3292
2026-01-05,13479,Omega,118,880.0,60a78b04afd0405436fa
2026-01-05,12267,UNiTY,119,879.0,f6568e478ed3ecce1cbe
2026-01-05,12548,Dusty Roots,120,878.0,6ebb9b9bfd31ae26449e
2026-01-05,11251,Eternal Fire,121,877.0,05a06f2f02a46096493e
2026-01-05,10854,los kogutos,122,875.0,
2026-01-05,13081,Fake do Biru,123,874.0,6af22c7f89396d17a520
2026-01-05,12857,FORZE Reload,124,871.0,be391efe5150274df825
2026-01-05,7865,HAVU,125,870.0,cafbd75d62b9de4d1423
2026-01-05,11668,Mindfreak,126,858.0,
2026-01-05,13583,WHITEBIRD,127,857.0,83f65482284bed7d9361
2026-01-05,13486,THUNDER dOWNUNDER,128,857.0,37b8d597de5be61440f7
2026-01-05,12534,BOSS,129,855.0,b33921be1d7e3c48f339
2026-01-05,10976,FURIA fe,130,852.0,10dd16af0d8ef7254cf3
2026-01-05,12901,SemperFi,131,852.0,e2e6d725d3b81e97d32e
2026-01-05,12812,ALLINNERS,132,849.0,eabe3371da8125d37371
2026-01-05,11917,NIP Impact,133,844.0,bcf8426eb332bb67eadf
2026-01-05,13281,Bushido Wildcats,134,842.0,c6f55ecf0a0016464c21
2026-01-05,13251,Mousquetaires,135,841.0,b6076ad1a742be100e9e
2026-01-05,11933,Yawara,136,839.0,78f5028fdb88ed891113
2026-01-05,12586,AMKAL,137,833.0,2f6e31b250d41f1925cc
2026-01-05,10864,VP.Prodigy,138,831.0,b6fa5c6623bee9be34a3
2026-01-05,13380,9BOOMPRO,139,830.0,094e0172259e2ecc3449
2026-01-05,9881,Rooster,140,830.0,
2026-01-05,4602,Tricked,141,829.0,
2026-01-05,12812,ALLINNERS,142,827.0,4c74902a02c5250314d2
2026-01-05,13175,Change The Game,143,817.0,6fea41645c75426f6bf3
2026-01-05,13181,BASEMENT BOYS,144,816.0,e017c66000909962809a
2026-01-05,11790,ENCE Academy,145,816.0,c207036ec5bfd9672bb3
2026-01-05,12828,Imperial Valkyries,146,812.0,5855deaebb992b75cd0f
2026-01-05,8536,Ground Zero,147,801.0,
2026-01-05,12916,Betclic,148,801.0,5dd36c2d73607cc31aff
2026-01-05,13531,Sakura,149,796.0,a6dffd2855ad5f4f2190
2026-01-05,12948,BORING PLAYERS,150,794.0,cbb3b45ef04eede35ff9
2026-01-05,12124,Insilio,152,783.0,6434ece6b5a655e421c3
2026-01-05,12097,Eruption,153,782.0,
2026-01-05,11175,KHAN,154,780.0,
2026-01-05,9621,AaB,155,777.0,
2026-01-05,13433,Last Bullet,156,776.0,721379600900fed1e65b
2026-01-05,13266,Impulse GW,157,774.0,
2026-01-05,13340,CSDIILIT,158,773.0,01485856129fefb548c8
2026-01-05,10900,KRÜ,159,769.0,24ab81558b1ef2521e91
2026-01-05,11838,Partizan,160,768.0,
2026-01-05,12421,Let Her Cook,161,767.0,40061fd47f8ef085bbbb
2026-01-05,10997,Procyon,162,765.0,1b4647825d2172eeba82
2026-01-05,13364,Famalicão,163,762.0,42f359a93744ea3f74c0
2026-01-05,13173,Phantom,164,757.0,cf34ff156320098f8751
2026-01-05,10867,MASONIC,165,756.0,ae9a76d234ccd25e2d1b
2026-01-05,13053,Just Swing,166,756.0,
2026-01-05,13510,QWENTRY,167,752.0,aebce5e79920b9b9c525
2026-01-05,9881,Rooster,168,748.0,c155914b68ef35235fe1
2026-01-05,13465,Dziuseppe,169,748.0,
2026-01-05,13553,Oxuji,170,741.0,d17b93fe8061112d09f3
2026-01-05,12301,FlyQuest RED,171,740.0,207c2e8550328eb5b8f3
2026-01-05,13483,Washington,172,736.0,71f7924e11470f3d9864
2026-01-05,12554,regain,173,735.0,1dabcf8b6bc61f3c719b
2026-01-05,11955,LAG,174,729.0,
2026-01-05,7532,BIG,175,726.0,
2026-01-05,13012,HyperSpirit,176,721.0,dd433dc1372c447eea34
2026-01-05,10901,OverKnight,177,717.0,4c09bc4f030ac6e5f689
2026-01-05,5479,Mythic,178,716.0,2eb72eae58d9b796bd40
2026-01-05,12787,WOPA,179,713.0,45a6943ce4087385e762
2026-01-05,13475,FOLHA AMARELA,180,705.0,9caa8f14512fc00faa99
2026-01-05,13375,SportsBetExpert,181,705.0,e4127d5b5ea364685757
2026-01-05,9139,BRUTE,182,703.0,6d4f6202e39b91bd099f
2026-01-05,12825,The QUBE,183,702.0,8ffa3acd959cb93967f8
2026-01-05,12707,Underground,184,698.0,
2026-01-05,13231,Ursa,185,694.0,
2026-01-05,12900,NomadS,186,694.0,
2026-01-05,13506,ComeBack,187,693.0,
2026-01-05,12909,Phoenix,188,688.0,
2026-01-05,13516,Fingers Crossed fe,189,684.0,1d111441e414967038b8
2026-01-05,12164,Zomblers,190,683.0,
2026-01-05,13406,Flame Sharks fe,191,681.0,
2026-01-05,13304,LP,192,679.0,f05957b82dce82160422
2026-01-05,12426,Passion UA,193,676.0,
2026-01-05,11711,Players,194,675.0,
2026-01-05,7720,InControl,195,674.0,9316d30bec0f67f0fda8
2026-01-05,13405,Nemesis Impact,196,672.0,5822d211e6f36d39e597
2026-01-05,7376,m1x,197,667.0,571319dc8798baaa92df
2026-01-05,13024,8Sins,198,667.0,
2026-01-05,13393,Peekaboo,199,664.0,56ef561c9f4baa8f0d67
2026-01-05,10960,Young Ninjas,200,662.0,2a6c5661f43ac44ccbd1
2026-01-05,13451,Four Magic fe,201,660.0,5c71d2a881e95e3f2f5f
2026-01-05,12568,EC BANGA,202,660.0,81699f6f08f99305e17b
2026-01-05,13106,Getting Info,203,658.0,db715d213b43165fc16e
2026-01-05,13511,Fuego,204,658.0,d0c8c84028f0f1f81246
2026-01-05,12567,Akimbo,205,656.0,
2026-01-05,12912,thekillaz fe,206,655.0,
2026-01-05,13441,FACEITPLAYERS,207,654.0,7d0b7b964a13764dfa73
2026-01-05,10287,Legion,208,650.0,
2026-01-05,13102,GATERON,209,650.0,
2026-01-05,13542,LITE,210,644.0,
2026-01-05,13383,888aura,211,642.0,
2026-01-05,11955,LAG,212,639.0,
2026-01-05,13417,Curralzinho,213,635.0,
2026-01-05,4602,Tricked,214,634.0,
2026-01-05,13395,hindsight,215,633.0,
2026-01-05,12908,Aether,216,631.0,
2026-01-05,13143,Black Mold,217,628.0,
2026-01-05,13352,SENZA,218,623.0,
2026-01-05,13217,ScarX,219,622.0,ede144f83abe8c0cb14b
2026-01-05,7801,Ghost,220,617.0,9d2a01e82636163b925a
2026-01-05,13453,HubaBuba,221,617.0,340932bc20553770df86
2026-01-05,13398,Nocturnal,222,615.0,
2026-01-05,13381,wwaves,223,612.0,
2026-01-05,13142,AKA HERO KAJO,224,609.0,
2026-01-05,9735,Lilmix,225,606.0,d4a6ebbb8cb343ee8e5f
2026-01-05,13469,Money Crew,226,605.0,
2026-01-05,12707,Underground,227,605.0,
2026-01-05,13412,Dusty Roses,228,602.0,
2026-01-05,11585,IHC,229,600.0,
2026-01-05,12702,Lotus fe,230,600.0,
2026-01-05,12152,KZG,231,599.0,
2026-01-05,12455,Vantage,232,598.0,
2026-01-05,10943,777,233,597.0,209ba76cac3a4ccfb28c
2026-01-05,12988,GameHunters,234,596.0,6d9910cf3e4fc4a75a5d
2026-01-05,13294,Outfit 49,235,595.0,fc14f9f1b6295f49f03d
2026-01-05,13434,Square Sausages,236,592.0,
2026-01-05,13328,TSG,237,590.0,
2026-01-05,11251,Eternal Fire,238,582.0,b7989732b2f4dd6303e5
2026-01-05,13369,The Glecs,239,582.0,
2026-01-05,13201,F5,240,580.0,1077c390c0889cf611ac
2026-01-05,13556,CALAOSCORNOS,241,577.0,
2026-01-05,12889,G2 Ares,242,574.0,288d9129454faee22255
2026-01-05,6788,Crashers,243,570.0,f084eaa4e4aabd7e28bb
2026-01-05,11660,Take Flyte,244,567.0,
2026-01-05,12955,THE,245,566.0,
2026-01-05,13559,Pulse,246,563.0,
2026-01-05,13180,Straight2Killin,247,563.0,
2026-01-05,13425,Reign Above,248,562.0,43a915094bb026a73235
2026-01-05,13474,FUT Academy,249,554.0,e7e8702bc012d4b6780c
2026-01-05,13512,Prison Breakers,250,551.0,
2026-01-05,13431,ex-HEROIC Academy,251,549.0,f536ca9a6c878d61f907
2026-01-05,13571,SINQU,252,549.0,97282c67feb029394a01
2026-01-05,13413,Vasco,253,546.0,9b977fa7965eac2edcd1
2026-01-05,13545,Haemus,254,544.0,
2026-01-05,12916,Betclic,255,539.0,68a644f3ce351ec19021
2026-01-05,9958,Alter Ego,256,538.0,
2026-01-05,13310,MANA,257,536.0,
2026-01-05,13520,Four Magic,258,536.0,4c25edc3789276843fbc
2026-01-05,10973,Anonymo,259,534.0,
2026-01-05,11109,BBBMBCBS,260,532.0,
2026-01-05,13327,R2,261,528.0,
2026-01-05,10299,FURY,262,526.0,
2026-01-05,12971,Wanted Goons,263,522.0,
2026-01-05,12973,NuTorious,264,521.0,
2026-01-05,13127,Wildcard Academy,265,520.0,
2026-01-05,11585,IHC,266,519.0,
2026-01-05,12908,Aether,267,518.0,
2026-01-05,13466,Fingers Crossed,268,518.0,e3c223f97d9d08700f8a
2026-01-05,12908,Aether,269,517.0,
2026-01-05,11905,paiN Academy,270,516.0,
2026-01-05,12646,Chinggis Warriors,271,516.0,167479e138db505c2a26
2026-01-05,13294,Outfit 49,272,513.0,
2026-01-05,11711,Players,273,507.0,
2026-01-05,13316,Animus Victoria,274,504.0,
2026-01-05,13515,amateurs,275,504.0,
2026-01-05,6810,aimclub,276,502.0,d95f75e929a259bc550c
2026-01-05,13212,ex-TALON,277,501.0,
2026-01-05,12463,CAPIVARAS,278,499.0,
2026-01-05,13543,Timewaves,279,495.0,
2026-01-05,6033,Keyd Stars,280,492.0,
2026-01-05,11497,Little Bocks,281,491.0,
2026-01-05,13459,ex-Inner Circle,282,487.0,
2026-01-05,13502,Arise,283,485.0,ef656121fe0179bb61e4
2026-01-05,13353,Arrival Seven,284,483.0,
2026-01-05,3044,MIBR Academy,285,479.0,008df279d63681cf55a9
2026-01-05,13397,NYX,286,477.0,
2026-01-05,13206,anything else,287,470.0,
2026-01-05,13153,Hesta,288,460.0,9fb33399a96a3475eea9
2026-01-05,13321,Falcons Force,289,456.0,f3f33fef3aac1297a0d8
2026-01-05,13534,Memeories,290,434.0,
2026-01-05,11988,GLORE,291,409.0,
2026-01-05,5775,Elevate,292,396.0,e620aa497fbc84eb3e7b
2026-01-05,12483,MIGHT,293,394.0,
2026-01-05,13265,MAGICOS,294,386.0,
2026-01-05,13302,JERSA,295,370.0,
2026-02-02,8297,FURIA,1,1951.0,e0362dcbafd342d82962
2026-02-02,9565,Vitality,2,1940.0,91c93eb867d7d47bf729
2026-02-02,12467,PARIVISION,3,1939.0,1b1217ac8c10e36bc2f4
2026-02-02,11283,Falcons,4,1906.0,e17285b415d2dc1447da
2026-02-02,4608,Natus Vincere,5,1777.0,9d2b566c8472997adfa4
2026-02-02,7020,Spirit,6,1766.0,6d0db80f7712aec31efc
2026-02-02,4494,MOUZ,7,1752.0,43f602c729e986479a12
2026-02-02,6667,FaZe,8,1737.0,3797ea47fc726fe1991c
2026-02-02,11861,Aurora,9,1730.0,cbc5b9bb3769e1b3d58c
2026-02-02,6248,The MongolZ,10,1698.0,cb557daf320d95ff0c96
2026-02-02,5973,Liquid,11,1645.0,235e5a809ccd8fbfac1b
2026-02-02,11241,B8,12,1641.0,a557275c96d577ef4eaf
2026-02-02,5995,G2,13,1623.0,c6e7095c117141b82830
2026-02-02,4914,3DMAX,14,1611.0,
2026-02-02,6665,Astralis,15,1610.0,c8d9aa6d3f48b13980c6
2026-02-02,12468,Legacy,16,1609.0,5cfd43d0258204c4872c
2026-02-02,6673,NRG,17,1600.0,56cf3e042b1f1e8f73ad
2026-02-02,9928,GamerLegion,18,1581.0,
2026-02-02,13286,FUT,19,1558.0,d3179d30c0f804c093f7
2026-02-02,4773,paiN,20,1556.0,
2026-02-02,12376,M80,21,1542.0,b8f718041db8bac2e331
2026-02-02,12878,BC.Game,22,1540.0,ae6bcae18d9a803e55f9
2026-02-02,9215,MIBR,23,1539.0,3a4cd843e3fd795394e8
2026-02-02,4411,Ninjas in Pyjamas,24,1536.0,9d8bb5e02b05f5cf41e3
2026-02-02,7175,HEROIC,25,1536.0,2e9c58aeb5c57155eaf2
2026-02-02,12394,BetBoom,26,1524.0,852dcd372811563e8fc7
2026-02-02,13404,Gentle Mates,27,1509.0,d807a95213fd6aab9a51
2026-02-02,11581,HOTU,28,1498.0,bf99af5339d636cba94c
2026-02-02,12426,Passion UA,29,1490.0,d7f059bd513e44ecf08a
2026-02-02,7532,BIG,30,1466.0,4d6af2ad9a22ed3240f5
2026-02-02,12774,FlyQuest,31,1464.0,82ec1484979378ef597b
2026-02-02,9455,Imperial,32,1389.0,61517c897f6cd83552fe
2026-02-02,11737,EYEBALLERS,33,1389.0,7cfc35758b87beeaec16
2026-02-02,10278,9INE,34,1381.0,6841d702ce6000341a27
2026-02-02,4991,fnatic,35,1380.0,c7e0cca8490bcfa6f20e
2026-02-02,12144,BESTIA,36,1358.0,0879d2468d07e7792f62
2026-02-02,8113,Sharks,37,1354.0,05357aa633fe11759c40
2026-02-02,11811,Monte,38,1348.0,486523cd7cd16bd59cc7
2026-02-02,10577,SINNERS,39,1345.0,f9db3f6e7670b3bfa33b
2026-02-02,12474,Alliance,40,1337.0,03930c7c65617aec48ea
2026-02-02,12895,K27,41,1331.0,e750fe564bbd5d2ce6ca
2026-02-02,7176,RED Canids,42,1313.0,
2026-02-02,13117,Inner Circle,43,1311.0,8a8a707e6ceacc0607bd
2026-02-02,13547,Friendly Campers,44,1298.0,e589c64ec1c105e17303
2026-02-02,12380,CYBERSHOKE,45,1292.0,491998b5f10173f28bf8
2026-02-02,11419,ECSTATIC,46,1281.0,0c0065c0b2c46762ecbb
2026-02-02,4869,ENCE,47,1262.0,a4061a8fe96be6adc150
2026-02-02,4602,Tricked,48,1240.0,
2026-02-02,11571,Gaimin Gladiators,49,1235.0,eb730e5c582d6ca5d0ff
2026-02-02,8840,Lynn Vision,50,1228.0,dbed042ec191be814f2c
2026-02-02,13355,Nemesis,51,1225.0,18a87234f5907bb4c123
2026-02-02,13124,Marsborne,52,1218.0,c486910f1c211a302ecb
2026-02-02,12604,Johnny Speeds,53,1215.0,73c1ddb8357fdafef0fc
2026-02-02,11712,Sashi,54,1214.0,4c8a28c856ac6c256fd4
2026-02-02,13027,Nuclear TigeRES,55,1211.0,1ee5acb720df1bb50596
2026-02-02,11768,ODDIK,56,1206.0,4b791fa5afe027b070d8
2026-02-02,9996,9z,57,1193.0,26629d7dd5e4a60e1228
2026-02-02,13470,Oramond,58,1193.0,23210c1bc77590d5a72a
2026-02-02,13592,magic,59,1187.0,ea6fb0758f53f7a35ac9
2026-02-02,11837,Fluxo,60,1186.0,0ffd0f19461a929a88e4
2026-02-02,13501,illwill,61,1183.0,114edd783d1398c26977
2026-02-02,13314,KOLESIE,62,1173.0,3acbca293fa278a12799
2026-02-02,10503,OG,63,1168.0,31d34dd33c29bc1cba86
2026-02-02,7969,Nemiga,64,1168.0,c1c2da4902742c9093a8
2026-02-02,11176,MOUZ NXT,65,1163.0,cd967d20eabd7209546b
2026-02-02,9996,9z,66,1151.0,e0eb9e74d9c82b57698d
2026-02-02,11514,Rare Atom,67,1147.0,61eb80817b49a1538d34
2026-02-02,10621,1win,68,1143.0,1f10e1ddeb64858ed9a7
2026-02-02,13619,BET-M,69,1139.0,c93afad3985eb352df7c
2026-02-02,13499,Voca,70,1120.0,2bba620cd7ac5204c394
2026-02-02,10333,Sangal,71,1117.0,c09bdf32e64ec9eb1f32
2026-02-02,5378,Virtus.pro,72,1112.0,7e43d65944506bdd4e0c
2026-02-02,13237,AM,73,1110.0,75764fa2a7fbe889d63c
2026-02-02,4863,TYLOO,74,1106.0,2c632070ba401ebd2e9d
2026-02-02,13602,Morningstar,75,1104.0,
2026-02-02,12959,ShindeN,76,1101.0,99dc3e2197cb0c18c596
2026-02-02,12000,500,77,1096.0,27fa8b589766a53b6a19
2026-02-02,11609,GenOne,78,1078.0,0a9edd429f8c2d65e0b9
2026-02-02,11641,Metizport,79,1075.0,62a478c4b8b73184be19
2026-02-02,13173,Phantom,80,1075.0,9a0597b081388a585fe0
2026-02-02,10459,ARCRED,81,1073.0,47e71eaa76b5fa3267f5
2026-02-02,7865,HAVU,82,1072.0,cafbd75d62b9de4d1423
2026-02-02,10975,MIBR fe,83,1071.0,9b56a68b02d01406acef
2026-02-02,11718,BIG EQUIPA,84,1064.0,13ff3bf50880ed1c8aa0
2026-02-02,13617,ex-RUBY,85,1059.0,6637d18c26d367be4bcc
2026-02-02,12510,The Huns,86,1055.0,98d8ee24d663c964f937
2026-02-02,10245,JiJieHao,87,1055.0,e28246ca6151f9b66fc8
2026-02-02,7441,ECLOT,88,1050.0,6f1ad68b17194da1c4ea
2026-02-02,12818,FAVBET,89,1049.0,7c5e87f24d0ff0cb4725
2026-02-02,13214,SPARTA,90,1039.0,d2f5933777dca610be23
2026-02-02,12960,Fire Flux,91,1033.0,13fc1402433e4224d17a
2026-02-02,12916,Betclic,92,1031.0,984b00f1a8077e81507c
2026-02-02,13333,ASTRAL,93,1029.0,343a2758f058a2fb6b90
2026-02-02,13623,STATE,94,1023.0,45a6943ce4087385e762
2026-02-02,9621,AaB,95,1017.0,bf11301f0861eeb7f77e
2026-02-02,13081,Fake do Biru,96,1010.0,a6ef555b44ddb3f43cb9
2026-02-02,13414,Rave,97,999.0,a994045b00cfb65ca5b2
2026-02-02,6626,MINLATE,98,996.0,357e765de69fc71d333c
2026-02-02,12776,Bounty Hunters,99,996.0,095df7239eaf635751aa
2026-02-02,12857,FORZE Reload,100,993.0,2f9ca71da4eeb149c84d
2026-02-02,13652,mix52,101,992.0,
2026-02-02,13355,Nemesis,102,982.0,ceca78b6e11a5b2a0cb3
2026-02-02,12901,SemperFi,103,975.0,e2e6d725d3b81e97d32e
2026-02-02,11446,Leo,104,968.0,5f5d618186c85997b7b6
2026-02-02,13479,Omega,105,965.0,60a78b04afd0405436fa
2026-02-02,11018,megoshort,106,961.0,105f6b552203b0c0c5cd
2026-02-02,13551,OlyBet,107,960.0,7f1850bc8f04c3de13b7
2026-02-02,13231,Ursa,108,957.0,
2026-02-02,12878,BC.Game,109,955.0,25d1e81278a1e29001ab
2026-02-02,10854,los kogutos,111,949.0,
2026-02-02,13163,ALGO,112,949.0,ad3fbba14cb6a5c62162
2026-02-02,13518,Acend,113,948.0,c1350696f6dc330c1096
2026-02-02,12812,ALLINNERS,114,945.0,0d15811b7d02be4f9cbe
2026-02-02,4548,CPH Wolves,115,936.0,c7762212e7bb2338b84c
2026-02-02,11571,Gaimin Gladiators,116,933.0,cae6db67a4318f65f0b9
2026-02-02,12087,Lazer Cats,117,925.0,84ef11056cd1cea6ed8d
2026-02-02,11933,Yawara,118,923.0,
2026-02-02,12257,Wildcard,119,923.0,1e0f3c8103c3bc917fdd
2026-02-02,7187,Nexus,120,921.0,a6c215b1e63f08658b91
2026-02-02,12899,FengDa,121,917.0,49ed03e65e193ce266e4
2026-02-02,12267,UNiTY,122,917.0,f6568e478ed3ecce1cbe
2026-02-02,12677,Galorys,123,915.0,59835da0637a878d3d34
2026-02-02,12534,BOSS,124,910.0,b33921be1d7e3c48f339
2026-02-02,12858,kONO,125,905.0,c03a78e1868c844a2a00
2026-02-02,7900,Spirit Academy,126,905.0,f81754ee526ed23ee1fc
2026-02-02,12646,Chinggis Warriors,127,904.0,0df7d488e9c8a603d80d
2026-02-02,12536,DEPO,128,903.0,1cc9d2b91f2f9e6d9913
2026-02-02,13178,NOVAQ,129,898.0,bdf6fbba13a1e370b999
2026-02-02,6033,Keyd Stars,130,895.0,16a081214320bf9daeb6
2026-02-02,13573,ex-Zero Tenacity,131,894.0,6f98e5a4c4d38da6cab8
2026-02-02,12533,Atrix,132,883.0,2f6b8f40e062c2af2ee7
2026-02-02,13583,WHITEBIRD,133,883.0,83f65482284bed7d9361
2026-02-02,11838,Partizan,134,878.0,f729159b528066f40b4e
2026-02-02,12967,WW,135,876.0,1a3dcfff1ae4dff47e60
2026-02-02,13233,HEROIC Academy,136,874.0,7543f900ceba6f1f3ea5
2026-02-02,11917,NIP Impact,137,870.0,bcf8426eb332bb67eadf
2026-02-02,9735,Lilmix,138,869.0,5441f95301b654f4391e
2026-02-02,11668,Mindfreak,139,869.0,
2026-02-02,12548,Dusty Roots,140,867.0,6ebb9b9bfd31ae26449e
2026-02-02,13159,Prestige,141,867.0,4c52ca5f76030b757d40
2026-02-02,13613,Bebop,142,865.0,fda06d408770a68028e9
2026-02-02,6033,Keyd Stars,143,860.0,2da6af6b3aa2d44cbd7a
2026-02-02,11838,Partizan,144,854.0,9dcb1d90151421d63fec
2026-02-02,13364,Famalicão,145,853.0,42f359a93744ea3f74c0
2026-02-02,10976,FURIA fe,146,851.0,10dd16af0d8ef7254cf3
2026-02-02,13251,Mousquetaires,147,849.0,b6076ad1a742be100e9e
2026-02-02,13486,THUNDER dOWNUNDER,148,847.0,37b8d597de5be61440f7
2026-02-02,11251,Eternal Fire,149,843.0,04937554e3c34d4ac18c
2026-02-02,13531,Sakura,150,839.0,a6dffd2855ad5f4f2190
2026-02-02,13266,Impulse GW,151,832.0,
2026-02-02,9881,Rooster,152,831.0,
2026-02-02,12586,AMKAL,153,828.0,2f6e31b250d41f1925cc
2026-02-02,11790,ENCE Academy,154,828.0,c207036ec5bfd9672bb3
2026-02-02,13181,BASEMENT BOYS,155,812.0,38a0f75404b060cc68f1
2026-02-02,13380,9BOOMPRO,156,810.0,094e0172259e2ecc3449
2026-02-02,8536,Ground Zero,157,806.0,
2026-02-02,10997,Procyon,158,798.0,b369d457d8472654b588
2026-02-02,12097,Eruption,159,793.0,11e5f4329955b83cdbd5
2026-02-02,12721,Pigeons,160,791.0,50e0ae671f29f0c4f199
2026-02-02,13175,Change The Game,161,791.0,6fea41645c75426f6bf3
2026-02-02,13340,CSDIILIT,162,790.0,01485856129fefb548c8
2026-02-02,12421,Let Her Cook,163,784.0,40061fd47f8ef085bbbb
2026-02-02,10900,KRÜ,164,781.0,24ab81558b1ef2521e91
2026-02-02,11251,Eternal Fire,165,777.0,82800d3685edecf8170c
2026-02-02,13281,Bushido Wildcats,166,776.0,c6f55ecf0a0016464c21
2026-02-02,10867,MASONIC,167,772.0,ae9a76d234ccd25e2d1b
2026-02-02,12948,BORING PLAYERS,168,772.0,cbb3b45ef04eede35ff9
2026-02-02,7653,Isurus,169,768.0,
2026-02-02,13475,FOLHA AMARELA,170,765.0,9caa8f14512fc00faa99
2026-02-02,13510,QWENTRY,171,765.0,dffa9f118443bbfd0a66
2026-02-02,10864,VP.Prodigy,172,763.0,b6fa5c6623bee9be34a3
2026-02-02,12301,FlyQuest RED,173,762.0,207c2e8550328eb5b8f3
2026-02-02,13553,Oxuji,174,762.0,d17b93fe8061112d09f3
2026-02-02,7175,HEROIC,175,762.0,
2026-02-02,13618,Universe,176,759.0,
2026-02-02,13433,Last Bullet,177,758.0,721379600900fed1e65b
2026-02-02,9139,BRUTE,178,756.0,7f8a89194296ac5c14b3
2026-02-02,13304,LP,179,756.0,f05957b82dce82160422
2026-02-02,13465,Dziuseppe,180,754.0,
2026-02-02,9621,AaB,181,753.0,
2026-02-02,13173,Phantom,182,749.0,cf34ff156320098f8751
2026-02-02,13053,Just Swing,183,747.0,
2026-02-02,9215,MIBR,184,744.0,
2026-02-02,13413,Vasco,185,743.0,1a1ed055f37e6474e09d
2026-02-02,9881,Rooster,186,739.0,c155914b68ef35235fe1
2026-02-02,12554,regain,187,736.0,1dabcf8b6bc61f3c719b
2026-02-02,12916,Betclic,188,735.0,
2026-02-02,11955,LAG,189,732.0,
2026-02-02,6810,aimclub,190,728.0,cab738c5340479d62591
2026-02-02,10901,OverKnight,191,722.0,4c09bc4f030ac6e5f689
2026-02-02,13310,MANA,192,719.0,399ec18a488aff205d39
2026-02-02,13483,Washington,193,717.0,71f7924e11470f3d9864
2026-02-02,5479,Mythic,194,717.0,2eb72eae58d9b796bd40
2026-02-02,10567,SAW,195,710.0,
2026-02-02,13375,SportsBetExpert,196,708.0,e4127d5b5ea364685757
2026-02-02,11711,Players,197,706.0,
2026-02-02,12707,Underground,198,706.0,
2026-02-02,13012,HyperSpirit,199,703.0,dd433dc1372c447eea34
2026-02-02,12988,GameHunters,200,697.0,d6024adb56da337980e3
2026-02-02,10287,Legion,201,697.0,
2026-02-02,12825,The QUBE,202,696.0,8ffa3acd959cb93967f8
2026-02-02,12909,Phoenix,203,691.0,
2026-02-02,13405,Nemesis Impact,204,690.0,5822d211e6f36d39e597
2026-02-02,13506,ComeBack,205,684.0,
2026-02-02,13406,Flame Sharks fe,206,684.0,
2026-02-02,13516,Fingers Crossed fe,207,682.0,1d111441e414967038b8
2026-02-02,12568,EC BANGA,208,682.0,81699f6f08f99305e17b
2026-02-02,12164,Zomblers,209,682.0,
2026-02-02,7720,InControl,210,674.0,9316d30bec0f67f0fda8
2026-02-02,13451,Four Magic fe,211,674.0,5c71d2a881e95e3f2f5f
2026-02-02,12900,NomadS,212,668.0,
2026-02-02,13393,Peekaboo,213,667.0,56ef561c9f4baa8f0d67
2026-02-02,13024,8Sins,214,664.0,
2026-02-02,11175,KHAN,215,662.0,
2026-02-02,11838,Partizan,216,660.0,
2026-02-02,12812,ALLINNERS,217,659.0,
2026-02-02,13383,888aura,218,658.0,
2026-02-02,12912,thekillaz fe,219,658.0,
2026-02-02,10960,Young Ninjas,220,654.0,2a6c5661f43ac44ccbd1
2026-02-02,13542,LITE,221,649.0,
2026-02-02,13102,GATERON,222,649.0,
2026-02-02,13417,Curralzinho,223,647.0,
2026-02-02,12567,Akimbo,224,645.0,
2026-02-02,13143,Black Mold,225,642.0,
2026-02-02,7801,Ghost,226,637.0,9d2a01e82636163b925a
2026-02-02,13441,FACEITPLAYERS,227,637.0,7d0b7b964a13764dfa73
2026-02-02,10254,BIG Academy,228,635.0,0bc13c14971800e30b3e
2026-02-02,12908,Aether,229,635.0,
2026-02-02,7376,m1x,230,634.0,571319dc8798baaa92df
2026-02-02,13398,Nocturnal,231,629.0,
2026-02-02,13142,AKA HERO KAJO,232,628.0,
2026-02-02,13395,hindsight,233,628.0,
2026-02-02,13381,wwaves,234,627.0,
2026-02-02,13217,ScarX,235,623.0,ede144f83abe8c0cb14b
2026-02-02,13412,Dusty Roses,236,621.0,
2026-02-02,12702,Lotus fe,237,617.0,
2026-02-02,12707,Underground,238,616.0,
2026-02-02,13469,Money Crew,239,610.0,
2026-02-02,11585,IHC,240,610.0,
2026-02-02,12455,Vantage,241,609.0,
2026-02-02,11955,LAG,242,605.0,
2026-02-02,13571,SINQU,243,604.0,97282c67feb029394a01
2026-02-02,13294,Outfit 49,244,599.0,fc14f9f1b6295f49f03d
2026-02-02,13342,Bad Luck,245,591.0,
2026-02-02,13520,Four Magic,246,589.0,7073277c1782b6f83206
2026-02-02,12889,G2 Ares,247,586.0,288d9129454faee22255
2026-02-02,13512,Prison Breakers,248,585.0,92d34da59969fc7aba03
2026-02-02,13614,japczany,249,581.0,
2026-02-02,13511,Fuego,250,579.0,b29d3226b57a78ab58ea
2026-02-02,13556,CALAOSCORNOS,251,579.0,
2026-02-02,6788,Crashers,252,577.0,
2026-02-02,12988,GameHunters,253,574.0,1e2bfc76d6735b5c5710
2026-02-02,10943,777,254,573.0,209ba76cac3a4ccfb28c
2026-02-02,13328,TSG,255,570.0,
2026-02-02,4602,Tricked,256,563.0,
2026-02-02,13643,rottweilers,257,560.0,
2026-02-02,11660,Take Flyte,258,560.0,
2026-02-02,13180,Straight2Killin,259,559.0,
2026-02-02,13201,F5,260,559.0,1077c390c0889cf611ac
2026-02-02,13559,Pulse,261,557.0,
2026-02-02,12955,THE,262,550.0,
2026-02-02,13474,FUT Academy,263,550.0,e7e8702bc012d4b6780c
2026-02-02,13425,Reign Above,264,547.0,43a915094bb026a73235
2026-02-02,10823,INFINITE,265,542.0,37f5dab0084d224d74df
2026-02-02,13485,VRSoholics,266,540.0,b7989732b2f4dd6303e5
2026-02-02,13106,Getting Info,267,539.0,db715d213b43165fc16e
2026-02-02,13431,ex-HEROIC Academy,268,535.0,f536ca9a6c878d61f907
2026-02-02,7532,BIG,269,534.0,
2026-02-02,13466,Fingers Crossed,270,530.0,e3c223f97d9d08700f8a
2026-02-02,13369,The Glecs,271,530.0,
2026-02-02,13127,Wildcard Academy,272,528.0,
2026-02-02,13327,R2,273,528.0,
2026-02-02,13453,HubaBuba,274,527.0,340932bc20553770df86
2026-02-02,11109,BBBMBCBS,275,527.0,
2026-02-02,13369,The Glecs,276,526.0,
2026-02-02,10299,FURY,277,524.0,
2026-02-02,12916,Betclic,278,524.0,68a644f3ce351ec19021
2026-02-02,12426,Passion UA,279,521.0,
2026-02-02,13515,amateurs,280,520.0,
2026-02-02,12973,NuTorious,281,519.0,
2026-02-02,12463,CAPIVARAS,282,518.0,
2026-02-02,12971,Wanted Goons,283,517.0,
2026-02-02,13434,Square Sausages,284,517.0,
2026-02-02,11497,Little Bocks,285,513.0,
2026-02-02,12908,Aether,286,513.0,
2026-02-02,11711,Players,287,511.0,
2026-02-02,12152,KZG,288,507.0,
2026-02-02,13352,SENZA,289,505.0,
2026-02-02,13316,Animus Victoria,290,502.0,
2026-02-02,3044,MIBR Academy,291,499.0,008df279d63681cf55a9
2026-02-02,11905,paiN Academy,292,499.0,
2026-02-02,11585,IHC,293,495.0,
2026-02-02,13397,NYX,294,489.0,
2026-02-02,13212,ex-TALON,295,487.0,
2026-02-02,13543,Timewaves,296,482.0,
2026-02-02,13206,anything else,297,480.0,
2026-02-02,6033,Keyd Stars,298,478.0,
2026-02-02,13047,EXSAD,299,453.0,
2026-02-02,13321,Falcons Force,300,447.0,f3f33fef3aac1297a0d8
2026-02-02,13534,Memeories,301,425.0,
2026-02-02,13265,MAGICOS,302,406.0,
2026-02-02,11988,GLORE,303,406.0,
2026-02-02,13629,HereWeGoAgain,304,406.0,
2026-02-02,13459,ex-Inner Circle,305,406.0,
2026-02-02,13265,MAGICOS,306,399.0,
2026-02-02,12483,MIGHT,307,398.0,
2026-02-02,13519,Charrados,308,391.0,
2026-02-02,13353,Arrival Seven,309,388.0,
2026-02-02,13624,ELITES,310,347.0,
2026-03-02,9565,Vitality,1,2029.0,91c93eb867d7d47bf729
2026-03-02,8297,FURIA,2,1893.0,e0362dcbafd342d82962
2026-03-02,4494,MOUZ,3,1886.0,43f602c729e986479a12
2026-03-02,12467,PARIVISION,4,1873.0,1b1217ac8c10e36bc2f4
2026-03-02,11283,Falcons,5,1842.0,e17285b415d2dc1447da
2026-03-02,7020,Spirit,6,1777.0,14048abbf062f10a8a24
2026-03-02,11861,Aurora,7,1707.0,cbc5b9bb3769e1b3d58c
2026-03-02,4608,Natus Vincere,8,1686.0,9d2b566c8472997adfa4
2026-03-02,6248,The MongolZ,9,1616.0,205ddf8f18a2672fc97c
2026-03-02,6665,Astralis,10,1588.0,c8d9aa6d3f48b13980c6
2026-03-02,5995,G2,11,1587.0,c6e7095c117141b82830
2026-03-02,6667,FaZe,12,1552.0,3797ea47fc726fe1991c
2026-03-02,9928,GamerLegion,13,1535.0,
2026-03-02,13286,FUT,14,1530.0,d3179d30c0f804c093f7
2026-03-02,13404,Gentle Mates,15,1476.0,d807a95213fd6aab9a51
2026-03-02,7175,HEROIC,16,1475.0,2e9c58aeb5c57155eaf2
2026-03-02,6673,NRG,17,1434.0,56cf3e042b1f1e8f73ad
2026-03-02,11811,Monte,18,1429.0,7aa468525cb3b414a8bc
2026-03-02,12394,BetBoom,19,1417.0,852dcd372811563e8fc7
2026-03-02,9215,MIBR,20,1407.0,3a4cd843e3fd795394e8
2026-03-02,11241,B8,21,1404.0,
2026-03-02,11581,HOTU,22,1401.0,bf99af5339d636cba94c
2026-03-02,5973,Liquid,23,1400.0,235e5a809ccd8fbfac1b
2026-03-02,4914,3DMAX,24,1397.0,
2026-03-02,9996,9z,25,1382.0,26629d7dd5e4a60e1228
2026-03-02,13501,illwill,26,1369.0,0fd23724f279a2fe1534
2026-03-02,12468,Legacy,27,1350.0,5cfd43d0258204c4872c
2026-03-02,4411,Ninjas in Pyjamas,28,1349.0,ef7aa1204658206e782f
2026-03-02,12376,M80,29,1344.0,b8f718041db8bac2e331
2026-03-02,7532,BIG,30,1340.0,4d6af2ad9a22ed3240f5
2026-03-02,10577,SINNERS,31,1338.0,f9db3f6e7670b3bfa33b
2026-03-02,12878,BC.Game,32,1331.0,ae6bcae18d9a803e55f9
2026-03-02,8113,Sharks,33,1321.0,05357aa633fe11759c40
2026-03-02,4773,paiN,34,1308.0,
2026-03-02,12895,K27,35,1307.0,e750fe564bbd5d2ce6ca
2026-03-02,12774,FlyQuest,36,1307.0,63f33835a6fe657c9ce4
2026-03-02,8474,100 Thieves,37,1306.0,278d351c9f217b8d7f8d
2026-03-02,12474,Alliance,38,1303.0,03930c7c65617aec48ea
2026-03-02,12426,Passion UA,39,1288.0,d7f059bd513e44ecf08a
2026-03-02,11419,ECSTATIC,40,1270.0,38feabbd02bc1a45468d
2026-03-02,4991,fnatic,41,1238.0,35ec0f60506315d358c0
2026-03-02,10278,9INE,42,1225.0,6841d702ce6000341a27
2026-03-02,13583,WHITEBIRD,43,1220.0,a27cfbcfca10e598409c
2026-03-02,11737,EYEBALLERS,44,1204.0,7cfc35758b87beeaec16
2026-03-02,7969,Nemiga,45,1203.0,c1c2da4902742c9093a8
2026-03-02,7176,RED Canids,46,1202.0,
2026-03-02,13592,magic,47,1201.0,70964275cbd98ef0bb62
2026-03-02,12144,BESTIA,48,1200.0,9bec5d823f0da2c4e414
2026-03-02,13027,Nuclear TigeRES,49,1200.0,1ee5acb720df1bb50596
2026-03-02,13314,KOLESIE,50,1198.0,3acbca293fa278a12799
2026-03-02,9455,Imperial,51,1198.0,110d5035a28e4fb1fe97
2026-03-02,4869,ENCE,52,1192.0,a4061a8fe96be6adc150
2026-03-02,12380,CYBERSHOKE,53,1182.0,
2026-03-02,12916,Betclic,54,1164.0,984b00f1a8077e81507c
2026-03-02,13355,Nemesis,55,1160.0,18a87234f5907bb4c123
2026-03-02,13619,BET-M,56,1155.0,c93afad3985eb352df7c
2026-03-02,13644,TDK,57,1152.0,1df7cd7c9f7db163da71
2026-03-02,11768,ODDIK,58,1146.0,4b791fa5afe027b070d8
2026-03-02,10621,1win,59,1134.0,1f10e1ddeb64858ed9a7
2026-03-02,13547,Friendly Campers,60,1131.0,e589c64ec1c105e17303
2026-03-02,11176,MOUZ NXT,61,1128.0,cd967d20eabd7209546b
2026-03-02,11571,Gaimin Gladiators,62,1119.0,eb730e5c582d6ca5d0ff
2026-03-02,12818,FAVBET,63,1115.0,7c5e87f24d0ff0cb4725
2026-03-02,12604,Johnny Speeds,64,1107.0,73c1ddb8357fdafef0fc
2026-03-02,13117,Inner Circle,65,1102.0,8a8a707e6ceacc0607bd
2026-03-02,4602,Tricked,66,1100.0,
2026-03-02,10854,los kogutos,67,1098.0,
2026-03-02,13470,Oramond,68,1097.0,23210c1bc77590d5a72a
2026-03-02,11712,Sashi,69,1096.0,4c8a28c856ac6c256fd4
2026-03-02,12959,ShindeN,70,1094.0,0788c484a1818e5a6a23
2026-03-02,13479,Omega,71,1085.0,2e6b8a3ce9214aed2816
2026-03-02,13518,Acend,72,1079.0,c1350696f6dc330c1096
2026-03-02,13173,Phantom,73,1078.0,9a0597b081388a585fe0
2026-03-02,11837,Fluxo,74,1077.0,0ffd0f19461a929a88e4
2026-03-02,13617,ex-RUBY,75,1076.0,1628bb8f175c2f68e3c7
2026-03-02,12510,The Huns,76,1070.0,3e5225d5ac3f5f08f2fd
2026-03-02,13499,Voca,77,1069.0,2bba620cd7ac5204c394
2026-03-02,13124,Marsborne,78,1069.0,c486910f1c211a302ecb
2026-03-02,10459,ARCRED,79,1035.0,47e71eaa76b5fa3267f5
2026-03-02,10333,Sangal,80,1035.0,0e7d81e8f7c7407947b8
2026-03-02,11251,Eternal Fire,81,1034.0,c231c03491452703600d
2026-03-02,12967,WW,82,1025.0,5d541806ffc74ea9539b
2026-03-02,11641,Metizport,83,1021.0,62a478c4b8b73184be19
2026-03-02,13553,Oxuji,85,1006.0,
2026-03-02,13602,Morningstar,86,1005.0,
2026-03-02,8840,Lynn Vision,87,999.0,dbed042ec191be814f2c
2026-03-02,11609,GenOne,88,998.0,0a9edd429f8c2d65e0b9
2026-03-02,10503,OG,89,995.0,31d34dd33c29bc1cba86
2026-03-02,7865,HAVU,90,994.0,e1db2c8672ddb8b69b95
2026-03-02,13214,SPARTA,91,993.0,d2f5933777dca610be23
2026-03-02,13703,ex-Fingers Crossed,92,989.0,46f946b744b4ae0ae98c
2026-03-02,12267,UNiTY,93,987.0,f6568e478ed3ecce1cbe
2026-03-02,13178,NOVAQ,94,984.0,54a6f5a1f34da08a9392
2026-03-02,12087,Lazer Cats,95,982.0,84ef11056cd1cea6ed8d
2026-03-02,11514,Rare Atom,96,981.0,61eb80817b49a1538d34
2026-03-02,13237,AM,97,973.0,75764fa2a7fbe889d63c
2026-03-02,4863,TYLOO,98,950.0,2c632070ba401ebd2e9d
2026-03-02,7187,Nexus,99,948.0,ecea19805ac3bb36b4a8
2026-03-02,13623,STATE,100,948.0,45a6943ce4087385e762
2026-03-02,13163,ALGO,101,945.0,aa3b7546ed0fc84fa7da
2026-03-02,10245,JiJieHao,102,945.0,5434bc9a52517565c790
2026-03-02,13510,QWENTRY,103,942.0,032eef28ae3540439bcb
2026-03-02,10975,MIBR fe,104,940.0,9b56a68b02d01406acef
2026-03-02,6626,MINLATE,105,940.0,357e765de69fc71d333c
2026-03-02,13333,ASTRAL,106,937.0,343a2758f058a2fb6b90
2026-03-02,9996,9z,107,936.0,e0eb9e74d9c82b57698d
2026-03-02,12677,Galorys,108,933.0,21a7646cd27ff716f6a6
2026-03-02,11446,Leo,109,928.0,5f5d618186c85997b7b6
2026-03-02,12857,FORZE Reload,110,922.0,1bc6b5f7dbd4c08191d0
2026-03-02,13642,SIXSEVEN,111,917.0,27fa8b589766a53b6a19
2026-03-02,12194,Rune Eaters,112,917.0,
2026-03-02,13613,Bebop,113,915.0,e485c3ca2122712c6530
2026-03-02,12257,Wildcard,114,909.0,032026e7a81f2944d094
2026-03-02,13486,THUNDER dOWNUNDER,115,909.0,37b8d597de5be61440f7
2026-03-02,9621,AaB,116,908.0,bf11301f0861eeb7f77e
2026-03-02,13304,LP,117,906.0,f05957b82dce82160422
2026-03-02,13310,MANA,118,905.0,399ec18a488aff205d39
2026-03-02,13231,Ursa,119,903.0,
2026-03-02,13689,Fuzos,120,898.0,
2026-03-02,12960,Fire Flux,121,893.0,13fc1402433e4224d17a
2026-03-02,13081,Fake do Biru,122,892.0,a6ef555b44ddb3f43cb9
2026-03-02,5378,Virtus.pro,123,882.0,7e43d65944506bdd4e0c
2026-03-02,12776,Bounty Hunters,124,882.0,095df7239eaf635751aa
2026-03-02,12901,SemperFi,125,878.0,e2e6d725d3b81e97d32e
2026-03-02,10567,SAW,126,873.0,
2026-03-02,13364,Famalicão,127,869.0,42f359a93744ea3f74c0
2026-03-02,11718,BIG EQUIPA,128,866.0,d12495477296fea24ee2
2026-03-02,11955,LAG,129,865.0,
2026-03-02,11668,Mindfreak,130,864.0,
2026-03-02,13414,Rave,131,864.0,d07f080d402802bb43ad
2026-03-02,11018,megoshort,132,858.0,105f6b552203b0c0c5cd
2026-03-02,10867,MASONIC,133,852.0,ae9a76d234ccd25e2d1b
2026-03-02,13551,OlyBet,134,852.0,7f1850bc8f04c3de13b7
2026-03-02,6033,Keyd Stars,135,849.0,fd4160f1672efb1f923c
2026-03-02,11790,ENCE Academy,136,846.0,
2026-03-02,13667,NEXVOID,137,846.0,78eaf7627038af7670b5
2026-03-02,12694,RUBY,138,841.0,c0e94ee19d02d0d3458c
2026-03-02,12812,ALLINNERS,139,841.0,0d15811b7d02be4f9cbe
2026-03-02,10864,VP.Prodigy,140,832.0,
2026-03-02,9139,BRUTE,141,827.0,7b9bd97d2aa6b83da1bb
2026-03-02,12646,Chinggis Warriors,142,825.0,00e6d4709d6e129ae7e4
2026-03-02,4548,CPH Wolves,143,823.0,c7762212e7bb2338b84c
2026-03-02,12568,EC BANGA,144,821.0,81699f6f08f99305e17b
2026-03-02,13355,Nemesis,145,819.0,ceca78b6e11a5b2a0cb3
2026-03-02,13012,HYPERSPIRIT,146,815.0,dd433dc1372c447eea34
2026-03-02,11917,NIP Impact,147,810.0,bcf8426eb332bb67eadf
2026-03-02,13175,Change The Game,148,801.0,557c3d7cbce81167ed72
2026-03-02,12536,DEPO,149,800.0,1cc9d2b91f2f9e6d9913
2026-03-02,13475,FOLHA AMARELA,150,798.0,035a7b08994c4486e515
2026-03-02,13568,eLITenergy,151,797.0,7d32a87822277dcdb9ca
2026-03-02,12858,kONO,152,796.0,0e51164e6bbde29e85ab
2026-03-02,10997,Procyon,153,796.0,b369d457d8472654b588
2026-03-02,11933,Yawara,154,790.0,3d8f18e7ce8f8b370c8d
2026-03-02,7900,Spirit Academy,155,787.0,f81754ee526ed23ee1fc
2026-03-02,13159,Prestige,156,786.0,4c52ca5f76030b757d40
2026-03-02,11251,Eternal Fire,157,785.0,05a06f2f02a46096493e
2026-03-02,12533,Atrix,158,784.0,2f6b8f40e062c2af2ee7
2026-03-02,13499,Voca,159,784.0,c25135f074b26d8e8b59
2026-03-02,12421,Let Her Cook,160,783.0,96b84b75df8cd325f8bd
2026-03-02,11571,Gaimin Gladiators,161,782.0,cae6db67a4318f65f0b9
2026-03-02,12899,FengDa,162,782.0,49ed03e65e193ce266e4
2026-03-02,12988,GameHunters,163,782.0,5cf84aa0477c2ec66632
2026-03-02,13233,HEROIC Academy,164,781.0,7543f900ceba6f1f3ea5
2026-03-02,13413,Vasco,165,779.0,556a0381dd709e721161
2026-03-02,12721,Pigeons,166,779.0,50e0ae671f29f0c4f199
2026-03-02,13024,8Sins,167,778.0,d43c8f196fa6a0937de6
2026-03-02,7653,Isurus,168,775.0,
2026-03-02,12534,BOSS,169,772.0,6c40e0a580e0fabc6deb
2026-03-02,9735,Lilmix,170,769.0,5441f95301b654f4391e
2026-03-02,12164,Zomblers,171,765.0,c62ec5102a18908fb43b
2026-03-02,8536,Ground Zero,172,763.0,
2026-03-02,13281,Bushido Wildcats,173,762.0,c6f55ecf0a0016464c21
2026-03-02,13340,CSDIILIT,174,758.0,
2026-03-02,13181,BASEMENT BOYS,175,758.0,ffc6058811a79f0d0c78
2026-03-02,13678,ex-Flame Sharks,176,755.0,
2026-03-02,13251,Mousquetaires,177,753.0,b6076ad1a742be100e9e
2026-03-02,12548,Dusty Roots,178,751.0,6ebb9b9bfd31ae26449e
2026-03-02,13679,FOKUS,179,751.0,a64db9440de6f9c2982e
2026-03-02,11838,Partizan,180,750.0,f729159b528066f40b4e
2026-03-02,13665,FarmVille,181,743.0,
2026-03-02,10287,Legion,182,741.0,
2026-03-02,12586,AMKAL,183,738.0,2f6e31b250d41f1925cc
2026-03-02,13668,Atreides,184,737.0,
2026-03-02,6089,The Last Resort,185,737.0,e51e46ade62533cad99a
2026-03-02,13433,Last Bullet,186,736.0,b138310299bababf44af
2026-03-02,12257,Wildcard,187,736.0,1e0f3c8103c3bc917fdd
2026-03-02,9621,AaB,188,734.0,da2897f195b5b9d3ccf7
2026-03-02,13573,ex-Zero Tenacity,189,734.0,6d032d9f235bc0241dbe
2026-03-02,13666,BMZ,190,732.0,
2026-03-02,13576,TNT,191,728.0,
2026-03-02,12878,BC.Game,192,723.0,
2026-03-02,12812,ALLINNERS,193,716.0,4c74902a02c5250314d2
2026-03-02,6810,aimclub,194,714.0,
2026-03-02,10976,FURIA fe,195,709.0,10dd16af0d8ef7254cf3
2026-03-02,13294,Outfit 49,196,708.0,
2026-03-02,9881,Rooster,197,706.0,
2026-03-02,12948,BORING PLAYERS,198,706.0,cbb3b45ef04eede35ff9
2026-03-02,11838,Partizan,199,705.0,9dcb1d90151421d63fec
2026-03-02,12000,500,200,693.0,b1e682a25485be9f2a5d
2026-03-02,10900,KRÜ,201,691.0,79e3790168f41efc975d
2026-03-02,13375,SportsBetExpert,202,690.0,
2026-03-02,9881,Rooster,203,688.0,0550c99cc52c81bef2b2
2026-03-02,12834,RUSTEC,204,687.0,ae3e0739999dd44e1986
2026-03-02,13181,BASEMENT BOYS,205,686.0,440ea359aba3be9846af
2026-03-02,13501,illwill,206,685.0,1e89e429f7f7dde71c4c
2026-03-02,12825,The QUBE,207,680.0,
2026-03-02,13686,Abyssal,208,678.0,
2026-03-02,9215,MIBR,209,677.0,
2026-03-02,13618,Universe,210,673.0,
2026-03-02,13465,Dziuseppe,211,672.0,
2026-03-02,13662,home,212,668.0,
2026-03-02,12554,regain,213,665.0,1dabcf8b6bc61f3c719b
2026-03-02,13664,ex-KRÜ,214,663.0,
2026-03-02,12707,Underground,215,661.0,
2026-03-02,13685,Skele,216,660.0,
2026-03-02,7720,InControl,217,659.0,d1a0612fbdeb2bb10e71
2026-03-02,11668,Mindfreak,218,659.0,
2026-03-02,13173,Phantom,219,659.0,cf34ff156320098f8751
2026-03-02,12745,brazylijski luz,220,653.0,
2026-03-02,13516,Fingers Crossed fe,221,650.0,c69b7df44fd80035b2bb
2026-03-02,13340,CSDIILIT,222,649.0,4d90841440dc596dd9db
2026-03-02,13405,Nemesis Impact,223,649.0,5822d211e6f36d39e597
2026-03-02,13502,Arise,224,648.0,
2026-03-02,11711,Players,225,646.0,
2026-03-02,13053,Just Swing,226,645.0,de0df596adaaa4158306
2026-03-02,5479,Mythic,227,644.0,2eb72eae58d9b796bd40
2026-03-02,12916,Betclic,228,642.0,
2026-03-02,12097,Eruption,229,639.0,
2026-03-02,13527,Deep Cross,230,639.0,
2026-03-02,13506,ComeBack,231,636.0,
2026-03-02,13393,Peekaboo,232,635.0,56ef561c9f4baa8f0d67
2026-03-02,12908,Aether,233,634.0,
2026-03-02,13026,BESTIA Academy,234,634.0,91820d3544c959fbec0a
2026-03-02,13531,Sakura,235,633.0,
2026-03-02,13406,Flame Sharks fe,236,632.0,
2026-03-02,12301,FlyQuest RED,237,630.0,5033f24a7aa7b0bf1c6e
2026-03-02,13451,Four Magic fe,238,628.0,5c71d2a881e95e3f2f5f
2026-03-02,12646,Chinggis Warriors,239,624.0,fb9c30ef36fce9b8432b
2026-03-02,13383,888aura,240,624.0,
2026-03-02,12366,Aurora Young Blud,241,623.0,
2026-03-02,12846,M1X KS,242,616.0,
2026-03-02,10254,BIG Academy,243,615.0,0bc13c14971800e30b3e
2026-03-02,13395,hindsight,244,611.0,
2026-03-02,12912,thekillaz fe,245,610.0,
2026-03-02,13690,zajezdzacze,246,609.0,
2026-03-02,10823,INFINITE,247,608.0,
2026-03-02,13143,Black Mold,248,607.0,
2026-03-02,7801,Ghost,249,603.0,9d2a01e82636163b925a
2026-03-02,13482,confidence,250,600.0,348dcb940bdf02860873
2026-03-02,13142,AKA HERO KAJO,251,598.0,
2026-03-02,13342,Bad Luck,252,596.0,
2026-03-02,12900,NomadS,253,594.0,
2026-03-02,13102,GATERON,254,593.0,
2026-03-02,10960,Young Ninjas,255,593.0,2a6c5661f43ac44ccbd1
2026-03-02,13381,wwaves,256,592.0,
2026-03-02,13398,Nocturnal,257,592.0,
2026-03-02,13412,Dusty Roses,258,592.0,
2026-03-02,13425,Reign Above,259,591.0,43a915094bb026a73235
2026-03-02,12908,Aether,260,587.0,
2026-03-02,13520,Four Magic,261,585.0,7073277c1782b6f83206
2026-03-02,12702,Lotus fe,262,584.0,
2026-03-02,13417,Curralzinho,263,577.0,
2026-03-02,13643,rottweilers,264,577.0,
2026-03-02,13657,Blitzkrieg,265,576.0,
2026-03-02,13217,ScarX,266,575.0,ede144f83abe8c0cb14b
2026-03-02,12769,Fisher College,267,573.0,508684bdc5b8b876b8c6
2026-03-02,13542,LITE,268,570.0,
2026-03-02,12707,Underground,269,570.0,
2026-03-02,13571,SINQU,270,567.0,97282c67feb029394a01
2026-03-02,10901,OverKnight,271,566.0,
2026-03-02,6788,Crashers,272,566.0,40c4fac672b2a3b95ad7
2026-03-02,6033,Keyd Stars,273,566.0,
2026-03-02,11175,KHAN,274,561.0,
2026-03-02,7376,m1x,275,560.0,571319dc8798baaa92df
2026-03-02,11585,IHC,276,555.0,
2026-03-02,13201,F5,277,551.0,1077c390c0889cf611ac
2026-03-02,13559,Pulse,278,549.0,
2026-03-02,13556,CALAOSCORNOS,279,544.0,
2026-03-02,13450,yngods,280,534.0,
2026-03-02,10943,777,281,531.0,209ba76cac3a4ccfb28c
2026-03-02,13474,FUT Academy,282,528.0,e7e8702bc012d4b6780c
2026-03-02,13485,VRSoholics,283,528.0,
2026-03-02,13328,TSG,284,526.0,
2026-03-02,13180,Straight2Killin,285,525.0,
2026-03-02,12380,CYBERSHOKE,286,524.0,c6ed15d864deff732f50
2026-03-02,13512,Prison Breakers,287,523.0,47db532c9c7f5c349ed5
2026-03-02,12889,G2 Ares,288,522.0,288d9129454faee22255
2026-03-02,13469,Money Crew,289,519.0,
2026-03-02,11312,QUAZAR,290,518.0,
2026-03-02,12988,GameHunters,291,517.0,1e2bfc76d6735b5c5710
2026-03-02,13380,9BOOMPRO,292,517.0,
2026-03-02,13468,ex-Chicken Coop,293,513.0,
2026-03-02,13511,Fuego,294,511.0,b29d3226b57a78ab58ea
2026-03-02,13107,Chicken Coop,295,511.0,
2026-03-02,13294,Outfit 49,296,510.0,
2026-03-02,13327,R2,297,510.0,
2026-03-02,13127,Wildcard Academy,298,510.0,
2026-03-02,13251,Mousquetaires,299,509.0,
2026-03-02,11109,BBBMBCBS,300,509.0,
2026-03-02,13661,mouse,301,508.0,
2026-03-02,12955,THE,302,503.0,
2026-03-02,13466,Fingers Crossed,303,498.0,e3c223f97d9d08700f8a
2026-03-02,13369,The Glecs,304,495.0,
2026-03-02,13163,ALGO,305,494.0,f683710fbdcdb790d426
2026-03-02,13453,HubaBuba,306,493.0,340932bc20553770df86
2026-03-02,12973,NuTorious,307,493.0,
2026-03-02,3044,MIBR Academy,308,491.0,008df279d63681cf55a9
2026-03-02,12916,Betclic,309,490.0,68a644f3ce351ec19021
2026-03-02,4602,Tricked,310,489.0,
2026-03-02,13434,Square Sausages,311,489.0,
2026-03-02,12731,LE-LUX,312,486.0,
2026-03-02,11711,Players,313,483.0,
2026-03-02,12971,Wanted Goons,314,482.0,
2026-03-02,13352,SENZA,315,480.0,
2026-03-02,11905,paiN Academy,316,479.0,
2026-03-02,13316,Animus Victoria,317,475.0,
2026-03-02,10299,FURY,318,471.0,
2026-03-02,11838,Partizan,319,470.0,
2026-03-02,13543,Time Waves,320,468.0,
2026-03-02,12152,KZG,321,465.0,
2026-03-02,13206,anything else,322,460.0,
2026-03-02,13651,ReThink,323,452.0,
2026-03-02,13326,WATERMELON,324,441.0,784c28d485a2d4f94228
2026-03-02,13047,EXSAD,325,438.0,
2026-03-02,13321,Falcons Force,326,431.0,f3f33fef3aac1297a0d8
2026-03-02,13342,Bad Luck,327,429.0,
2026-03-02,13534,Memeories,328,416.0,
2026-03-02,11988,GLORE,329,402.0,
2026-03-02,13459,ex-Inner Circle,330,401.0,
2026-03-02,13629,HereWeGoAgain,331,401.0,
2026-03-02,13265,MAGICOS,332,397.0,
2026-03-02,13397,NYX,333,395.0,
2026-03-02,13519,Charrados,334,384.0,
2026-04-06,9565,Vitality,1,2063.0,91c93eb867d7d47bf729
2026-04-06,4608,Natus Vincere,2,1903.0,9d2b566c8472997adfa4
2026-04-06,12467,PARIVISION,3,1798.0,1b1217ac8c10e36bc2f4
2026-04-06,8297,FURIA,4,1781.0,e0362dcbafd342d82962
2026-04-06,11861,Aurora,5,1777.0,cbc5b9bb3769e1b3d58c
2026-04-06,11283,Falcons,6,1769.0,e17285b415d2dc1447da
2026-04-06,4494,MOUZ,7,1769.0,43f602c729e986479a12
2026-04-06,6248,The MongolZ,8,1747.0,205ddf8f18a2672fc97c
2026-04-06,7020,Spirit,9,1721.0,14048abbf062f10a8a24
2026-04-06,6665,Astralis,10,1689.0,c8d9aa6d3f48b13980c6
2026-04-06,5995,G2,11,1664.0,a4938af082ccd5b989a6
2026-04-06,13286,FUT,12,1619.0,d3179d30c0f804c093f7
2026-04-06,9996,9z,13,1603.0,26629d7dd5e4a60e1228
2026-04-06,4773,paiN,14,1590.0,
2026-04-06,11811,Monte,15,1539.0,7aa468525cb3b414a8bc
2026-04-06,12468,Legacy,16,1530.0,2a8806f4822238e9a8ab
2026-04-06,9928,GamerLegion,17,1529.0,
2026-04-06,7532,BIG,18,1526.0,4d6af2ad9a22ed3240f5
2026-04-06,12394,BetBoom,19,1525.0,d98790a14c38264a9999
2026-04-06,11241,B8,20,1518.0,93a45352761666244eb5
2026-04-06,7175,HEROIC,21,1502.0,2e9c58aeb5c57155eaf2
2026-04-06,10577,SINNERS,22,1480.0,f9db3f6e7670b3bfa33b
2026-04-06,12474,Alliance,23,1470.0,03930c7c65617aec48ea
2026-04-06,4914,3DMAX,24,1458.0,
2026-04-06,12376,M80,25,1456.0,b8f718041db8bac2e331
2026-04-06,6667,FaZe,26,1454.0,3797ea47fc726fe1991c
2026-04-06,4863,TYLOO,27,1441.0,05a56bdf4b57fcae5437
2026-04-06,4411,Ninjas in Pyjamas,28,1429.0,ef7aa1204658206e782f
2026-04-06,6673,NRG,29,1412.0,f7445e78568da096c71a
2026-04-06,12895,K27,30,1410.0,e750fe564bbd5d2ce6ca
2026-04-06,8113,Sharks,31,1408.0,05357aa633fe11759c40
2026-04-06,13404,Gentle Mates,32,1393.0,d807a95213fd6aab9a51
2026-04-06,7969,Nemiga,33,1389.0,70b9ebed80b82e1755ac
2026-04-06,11571,Gaimin Gladiators,34,1376.0,eb730e5c582d6ca5d0ff
2026-04-06,9215,MIBR,35,1369.0,3a4cd843e3fd795394e8
2026-04-06,13501,illwill,36,1367.0,36363a662822877ac2c4
2026-04-06,10621,1win,37,1365.0,582e4bc55e27dc0f56cb
2026-04-06,13355,Nemesis,38,1365.0,52b39665597c7c0bef39
2026-04-06,11737,EYEBALLERS,39,1362.0,7cfc35758b87beeaec16
2026-04-06,5973,Liquid,40,1361.0,02b3dad2593e2c1cf5f4
2026-04-06,8474,100 Thieves,41,1351.0,278d351c9f217b8d7f8d
2026-04-06,13592,magic,42,1336.0,f0a5bed2025716cef475
2026-04-06,8840,Lynn Vision,43,1334.0,dbed042ec191be814f2c
2026-04-06,12144,BESTIA,44,1333.0,dc9c7e9cb94caee9c7ac
2026-04-06,12426,Passion UA,45,1319.0,7a621fd372675372af5c
2026-04-06,11581,HOTU,46,1319.0,bfcaeeb6019cb1bf807b
2026-04-06,10278,9INE,47,1318.0,443c4615601cd0b15794
2026-04-06,13499,Voca,48,1315.0,30d3caf2d466dd49ef3a
2026-04-06,13619,BET-M,49,1314.0,c93afad3985eb352df7c
2026-04-06,13486,THUNDER dOWNUNDER,50,1301.0,37b8d597de5be61440f7
2026-04-06,11768,ODDIK,51,1291.0,4b791fa5afe027b070d8
2026-04-06,13679,FOKUS,52,1290.0,a64db9440de6f9c2982e
2026-04-06,11837,Fluxo,53,1284.0,5e1bae9fef3cbcc15444
2026-04-06,12774,FlyQuest,54,1282.0,63f33835a6fe657c9ce4
2026-04-06,4602,Tricked,55,1281.0,
2026-04-06,13644,TDK,56,1277.0,1df7cd7c9f7db163da71
2026-04-06,12916,Betclic,57,1274.0,984b00f1a8077e81507c
2026-04-06,12604,Johnny Speeds,58,1273.0,6667cac8259deda00abc
2026-04-06,12967,WW,59,1271.0,79767b0fe3c118fe4bcf
2026-04-06,12959,ShindeN,60,1270.0,
2026-04-06,11419,ECSTATIC,61,1262.0,38feabbd02bc1a45468d
2026-04-06,10503,OG,62,1254.0,fe9a3829e18bce4f31c6
2026-04-06,13027,Nuclear TigeRES,63,1250.0,1ee5acb720df1bb50596
2026-04-06,11251,Eternal Fire,64,1241.0,c231c03491452703600d
2026-04-06,7176,RED Canids,65,1241.0,
2026-04-06,10459,ARCRED,66,1240.0,47e71eaa76b5fa3267f5
2026-04-06,13237,AM,67,1235.0,c68c357f71fed7e65ae7
2026-04-06,11712,Sashi,68,1232.0,3a8433523bb30e8b842e
2026-04-06,13518,Acend,69,1231.0,e8bda87950d53bfba312
2026-04-06,9455,Imperial,70,1215.0,110d5035a28e4fb1fe97
2026-04-06,13124,Marsborne,71,1206.0,c486910f1c211a302ecb
2026-04-06,12878,BC.Game,72,1202.0,ae6bcae18d9a803e55f9
2026-04-06,10245,JiJieHao,73,1201.0,5434bc9a52517565c790
2026-04-06,4991,fnatic,74,1200.0,48c1654f9d88d4c6dcbf
2026-04-06,13117,Inner Circle,75,1196.0,82071ca5dd86ae09ac80
2026-04-06,11176,MOUZ NXT,76,1191.0,cd967d20eabd7209546b
2026-04-06,13501,illwill,77,1191.0,114edd783d1398c26977
2026-04-06,13214,SPARTA,78,1190.0,a27cfbcfca10e598409c
2026-04-06,12901,SemperFi,79,1189.0,e2e6d725d3b81e97d32e
2026-04-06,12380,CYBERSHOKE,80,1179.0,
2026-04-06,13314,KOLESIE,81,1173.0,
2026-04-06,13617,ex-RUBY,82,1171.0,
2026-04-06,12818,FAVBET,83,1167.0,7c5e87f24d0ff0cb4725
2026-04-06,4532,ESC,84,1164.0,e589c64ec1c105e17303
2026-04-06,4869,ENCE,85,1163.0,a4061a8fe96be6adc150
2026-04-06,12510,The Huns,86,1161.0,3e5225d5ac3f5f08f2fd
2026-04-06,9621,AaB,87,1160.0,465bb7c4885d1a8e36c3
2026-04-06,11641,Metizport,88,1153.0,62a478c4b8b73184be19
2026-04-06,13510,QWENTRY,89,1145.0,032eef28ae3540439bcb
2026-04-06,13173,Phantom,90,1143.0,8764c47fcf6f513aea28
2026-04-06,10864,VP.Prodigy,91,1135.0,4c9c8c4eb6b04deb086c
2026-04-06,13667,NEXVOID,93,1124.0,b5e1436f4b4124ae1837
2026-04-06,10333,Sangal,94,1122.0,1f39a9823201026e22bb
2026-04-06,13231,Ursa,95,1117.0,
2026-04-06,12646,Chinggis Warriors,96,1117.0,00e6d4709d6e129ae7e4
2026-04-06,11514,Rare Atom,97,1108.0,16c2d753b24a78b4395e
2026-04-06,12776,Bounty Hunters,98,1099.0,43702405db407426c08d
2026-04-06,12677,Galorys,99,1090.0,21a7646cd27ff716f6a6
2026-04-06,13470,Oramond,100,1089.0,23210c1bc77590d5a72a
2026-04-06,13724,5star,101,1083.0,a85cef74e8f56e40d059
2026-04-06,13304,LP,102,1073.0,f05957b82dce82160422
2026-04-06,12609,Lavked,103,1069.0,4542fec7a3ecf4bf4af3
2026-04-06,13163,ALGO,104,1062.0,303df3bc305ad1a2de99
2026-04-06,12257,Wildcard,105,1058.0,33e8394c8ca1d1b46a44
2026-04-06,13602,Morningstar,106,1043.0,
2026-04-06,12087,Lazer Cats,107,1037.0,84ef11056cd1cea6ed8d
2026-04-06,13233,HEROIC Academy,108,1028.0,7543f900ceba6f1f3ea5
2026-04-06,13553,Oxuji,109,1024.0,
2026-04-06,13178,NOVAQ,110,1019.0,54a6f5a1f34da08a9392
2026-04-06,13403,TNC,111,1019.0,
2026-04-06,13479,Omega,112,1011.0,c1d8ba1b6263de56e8ff
2026-04-06,13666,BMZ,113,1009.0,
2026-04-06,11446,Leo,114,1009.0,5f5d618186c85997b7b6
2026-04-06,13081,Fake do Biru,115,1006.0,4d41d59cccccd02ba1f8
2026-04-06,11609,GenOne,116,1006.0,7b43f0d89764c946cc6e
2026-04-06,7865,HAVU,117,1001.0,cafbd75d62b9de4d1423
2026-04-06,13012,HYPERSPIRIT,118,999.0,dd433dc1372c447eea34
2026-04-06,12267,UNiTY,119,994.0,f6568e478ed3ecce1cbe
2026-04-06,5639,aAa,120,990.0,
2026-04-06,13310,MANA,121,989.0,399ec18a488aff205d39
2026-04-06,13613,Bebop,122,988.0,ae6d4f4248e9f09730d2
2026-04-06,12769,Fisher College,123,984.0,508684bdc5b8b876b8c6
2026-04-06,6089,The Last Resort,124,978.0,e51e46ade62533cad99a
2026-04-06,13623,STATE,125,977.0,
2026-04-06,6626,MINLATE,126,977.0,01134b9436d19628d7ca
2026-04-06,7187,Nexus,127,974.0,ecea19805ac3bb36b4a8
2026-04-06,10333,Sangal,128,971.0,c09bdf32e64ec9eb1f32
2026-04-06,13333,ASTRAL,129,966.0,81f5e68099df0d475ef3
2026-04-06,11955,LAG,130,963.0,7fb15e71b243cf94d6d8
2026-04-06,13573,ex-Zero Tenacity,131,957.0,6d032d9f235bc0241dbe
2026-04-06,12857,FORZE Reload,132,956.0,eecc02330865b6bcb94f
2026-04-06,8536,Ground Zero,133,949.0,
2026-04-06,11790,ENCE Academy,134,945.0,
2026-04-06,13364,Famalicão,135,934.0,54ae997fed503317d466
2026-04-06,12534,BOSS,136,931.0,7440d730d82ec1270fa9
2026-04-06,11018,megoshort,137,927.0,e362432dfb0e55fd4240
2026-04-06,13175,Change The Game,138,922.0,557c3d7cbce81167ed72
2026-04-06,13703,ex-Fingers Crossed,139,919.0,46f946b744b4ae0ae98c
2026-04-06,12194,Rune Eaters,140,916.0,dc81a9498b19eabc8b26
2026-04-06,13551,OlyBet,141,902.0,7f1850bc8f04c3de13b7
2026-04-06,10567,SAW,142,901.0,714e311a1e1648ca61a1
2026-04-06,6033,Keyd Stars,143,898.0,
2026-04-06,10867,MASONIC,144,895.0,1bb5496e5f5b88e5ef20
2026-04-06,12825,The QUBE,145,892.0,
2026-04-06,7653,Isurus,146,889.0,
2026-04-06,11668,Mindfreak,147,888.0,
2026-04-06,6810,aimclub,148,885.0,ad57e5c6325161fc8bae
2026-04-06,13181,BASEMENT BOYS,149,883.0,ffc6058811a79f0d0c78
2026-04-06,13321,Falcons Force,150,879.0,60ac4688d84a3a45ffce
2026-04-06,13715,Hashiras,151,879.0,97e9d1cfdae41f412ea9
2026-04-06,10960,Young Ninjas,152,879.0,4ba4ba7c8693ce72d25a
2026-04-06,13340,CSDIILIT,153,868.0,
2026-04-06,12988,GameHunters,154,867.0,5cf84aa0477c2ec66632
2026-04-06,11555,UNO MILLE,155,859.0,7073277c1782b6f83206
2026-04-06,11933,Yawara,156,856.0,3d8f18e7ce8f8b370c8d
2026-04-06,13414,Rave,157,852.0,d07f080d402802bb43ad
2026-04-06,9881,Rooster,158,850.0,
2026-04-06,13689,Fuzos,159,850.0,
2026-04-06,12899,FengDa,160,844.0,
2026-04-06,9958,Alter Ego,161,842.0,
2026-04-06,12363,Arcade,162,841.0,
2026-04-06,9139,BRUTE,163,840.0,7b9bd97d2aa6b83da1bb
2026-04-06,12889,G2 Ares,164,839.0,ed9965b1a9db48ad0b06
2026-04-06,13750,The Night Club,165,837.0,
2026-04-06,12812,ALLINNERS,166,836.0,0d15811b7d02be4f9cbe
2026-04-06,13791,Julie&Cie,167,833.0,
2026-04-06,13281,Bushido Wildcats,168,823.0,c6f55ecf0a0016464c21
2026-04-06,13237,AM,169,819.0,0c00b65cceb738105b5a
2026-04-06,13642,SIXSEVEN,170,819.0,27fa8b589766a53b6a19
2026-04-06,12960,Fire Flux,171,818.0,13fc1402433e4224d17a
2026-04-06,9735,Lilmix,172,813.0,5441f95301b654f4391e
2026-04-06,10975,MIBR fe,173,811.0,9b56a68b02d01406acef
2026-04-06,10823,INFINITE,174,811.0,
2026-04-06,13789,Subtop De France,175,811.0,
2026-04-06,13024,8Sins,176,810.0,
2026-04-06,13576,TNT,177,806.0,
2026-04-06,13433,Last Bullet,178,789.0,b138310299bababf44af
2026-04-06,11641,Metizport,179,789.0,925cf771181ecf1b5088
2026-04-06,13594,CYBERSHOKE Prospects,180,786.0,
2026-04-06,13528,Misa,181,782.0,
2026-04-06,13691,Back to Back,182,781.0,
2026-04-06,12908,Aether,183,777.0,
2026-04-06,10997,Procyon,184,775.0,b369d457d8472654b588
2026-04-06,9996,9z,185,775.0,e0eb9e74d9c82b57698d
2026-04-06,11718,BIG EQUIPA,186,771.0,d12495477296fea24ee2
2026-04-06,13159,Prestige,187,767.0,4c52ca5f76030b757d40
2026-04-06,13614,japczany,188,766.0,
2026-04-06,13665,FarmVille,189,763.0,
2026-04-06,13664,ex-KRÜ,190,761.0,
2026-04-06,13735,Haunted House,191,761.0,
2026-04-06,13107,Chicken Coop,192,761.0,
2026-04-06,13475,FOLHA AMARELA,193,757.0,
2026-04-06,5378,Virtus.pro,194,753.0,7e43d65944506bdd4e0c
2026-04-06,10254,BIG Academy,195,751.0,0bc13c14971800e30b3e
2026-04-06,11917,NIP Impact,196,749.0,bcf8426eb332bb67eadf
2026-04-06,13026,BESTIA Academy,197,748.0,91820d3544c959fbec0a
2026-04-06,12536,DEPO,198,748.0,f4ec929092c180a8c1ce
2026-04-06,13568,eLITenergy,199,748.0,7d32a87822277dcdb9ca
2026-04-06,12534,BOSS,200,746.0,f56448ed065525d01e79
2026-04-06,12568,EC BANGA,201,745.0,
2026-04-06,7532,BIG,202,745.0,c2393512125e357a0b35
2026-04-06,7720,InControl,203,744.0,d1a0612fbdeb2bb10e71
2026-04-06,12421,Let Her Cook,204,744.0,96b84b75df8cd325f8bd
2026-04-06,13201,F5,205,741.0,1077c390c0889cf611ac
2026-04-06,13375,SportsBetExpert,206,740.0,
2026-04-06,12533,Atrix,207,739.0,2f6b8f40e062c2af2ee7
2026-04-06,13327,R2,208,739.0,
2026-04-06,13726,METANOIA Wolves,209,737.0,48ba31276cedae8a718a
2026-04-06,13714,DONSTU,210,735.0,902534a456b2b4fcb254
2026-04-06,13678,ex-Flame Sharks,211,732.0,
2026-04-06,13575,WAZABI,212,731.0,
2026-04-06,6033,Keyd Stars,213,730.0,16a081214320bf9daeb6
2026-04-06,12834,RUSTEC,214,729.0,ae3e0739999dd44e1986
2026-04-06,13355,Nemesis,215,728.0,ceca78b6e11a5b2a0cb3
2026-04-06,13668,Atreides,216,725.0,
2026-04-06,13053,Just Swing,217,721.0,de0df596adaaa4158306
2026-04-06,13413,Vasco,218,720.0,556a0381dd709e721161
2026-04-06,13686,Abyssal,219,718.0,
2026-04-06,12721,Pigeons,220,718.0,50e0ae671f29f0c4f199
2026-04-06,13729,EMPIRE,221,717.0,
2026-04-06,10287,Legion,222,713.0,
2026-04-06,13450,yngods,223,712.0,
2026-04-06,13524,OLDBOYS PL,224,712.0,
2026-04-06,13643,rottweilers,225,704.0,
2026-04-06,12948,BORING PLAYERS,226,700.0,
2026-04-06,13251,Mousquetaires,227,700.0,b6076ad1a742be100e9e
2026-04-06,11251,Eternal Fire,228,697.0,05a06f2f02a46096493e
2026-04-06,13499,Voca,229,697.0,c25135f074b26d8e8b59
2026-04-06,12366,Aurora Young Blud,230,695.0,
2026-04-06,11129,bankaPEPSI,231,692.0,
2026-04-06,12431,Betera,232,691.0,3901811535021c8b7cec
2026-04-06,13294,Outfit 49,233,689.0,
2026-04-06,12164,Zomblers,234,685.0,c62ec5102a18908fb43b
2026-04-06,6788,Crashers,235,685.0,40c4fac672b2a3b95ad7
2026-04-06,11905,paiN Academy,236,676.0,
2026-04-06,9621,AaB,237,675.0,da2897f195b5b9d3ccf7
2026-04-06,12745,brazylijski luz,238,672.0,
2026-04-06,13552,Endless Journey,239,671.0,
2026-04-06,4246,Enjoy,240,670.0,
2026-04-06,7900,Spirit Academy,241,670.0,f81754ee526ed23ee1fc
2026-04-06,13502,Arise,242,665.0,
2026-04-06,11711,Players,243,665.0,
2026-04-06,12554,regain,244,664.0,
2026-04-06,12812,ALLINNERS,245,659.0,4c74902a02c5250314d2
2026-04-06,13014,Wave,246,656.0,
2026-04-06,12846,M1X KS,247,653.0,
2026-04-06,13757,ACROBATS,248,652.0,944ca66770db484f1cbc
2026-04-06,10900,KRÜ,249,652.0,24ab81558b1ef2521e91
2026-04-06,12694,RUBY,250,652.0,c0e94ee19d02d0d3458c
2026-04-06,13238,JUMBO,251,651.0,
2026-04-06,12586,AMKAL,252,651.0,2f6e31b250d41f1925cc
2026-04-06,11571,Gaimin Gladiators,253,647.0,cae6db67a4318f65f0b9
2026-04-06,11312,QUAZAR,254,645.0,52dd62918cc4f253eb05
2026-04-06,3044,MIBR Academy,255,644.0,45d509d0b413e59f0313
2026-04-06,12899,FengDa,256,643.0,e94a7585d2fc6da92781
2026-04-06,10976,FURIA fe,257,642.0,10dd16af0d8ef7254cf3
2026-04-06,11838,Partizan,258,642.0,f729159b528066f40b4e
2026-04-06,9881,Rooster,259,639.0,0550c99cc52c81bef2b2
2026-04-06,12878,BC.Game,260,635.0,
2026-04-06,12971,Wanted Goons,261,633.0,
2026-04-06,4548,CPH Wolves,262,633.0,c7762212e7bb2338b84c
2026-04-06,13662,home,263,632.0,
2026-04-06,12548,Dusty Roots,264,631.0,
2026-04-06,13531,Sakura,265,631.0,
2026-04-06,13340,CSDIILIT,266,628.0,4d90841440dc596dd9db
2026-04-06,13405,Nemesis Impact,267,623.0,
2026-04-06,13698,GAMEHARMONY,268,620.0,
2026-04-06,6673,NRG,269,620.0,1c7dbd769cf99bae54c8
2026-04-06,12257,Wildcard,270,620.0,1e0f3c8103c3bc917fdd
2026-04-06,13516,Fingers Crossed fe,271,619.0,c69b7df44fd80035b2bb
2026-04-06,10823,INFINITE,272,619.0,
2026-04-06,13681,Inner Circle Academy,273,614.0,
2026-04-06,13393,Peekaboo,274,613.0,
2026-04-06,12960,Fire Flux,275,611.0,
2026-04-06,13451,Four Magic fe,276,609.0,5c71d2a881e95e3f2f5f
2026-04-06,13173,Phantom,277,607.0,cf34ff156320098f8751
2026-04-06,12000,500,278,603.0,
2026-04-06,13527,Deep Cross,279,600.0,
2026-04-06,13725,GUARA,280,597.0,
2026-04-06,6033,Keyd Stars,281,597.0,2da6af6b3aa2d44cbd7a
2026-04-06,12301,FlyQuest RED,282,597.0,5033f24a7aa7b0bf1c6e
2026-04-06,13425,Reign Above,283,596.0,43a915094bb026a73235
2026-04-06,13395,hindsight,284,596.0,
2026-04-06,13634,METANOIA,285,595.0,
2026-04-06,13675,ex-FUT Academy,286,592.0,e7e8702bc012d4b6780c
2026-04-06,13482,confidence,287,588.0,348dcb940bdf02860873
2026-04-06,13214,SPARTA,288,587.0,2d1bdedd60fc86200dd8
2026-04-06,13571,SINQU,289,585.0,97282c67feb029394a01
2026-04-06,13618,Universe,290,582.0,
2026-04-06,7801,Ghost,291,581.0,9d2a01e82636163b925a
2026-04-06,13685,Skele,292,579.0,
2026-04-06,7376,m1x,293,579.0,571319dc8798baaa92df
2026-04-06,5479,Mythic,294,575.0,2eb72eae58d9b796bd40
2026-04-06,13142,AKA HERO KAJO,295,572.0,
2026-04-06,12702,Lotus fe,296,567.0,
2026-04-06,13476,VEXA,297,563.0,
2026-04-06,13657,Blitzkrieg,298,557.0,
2026-04-06,13465,Dziuseppe,299,553.0,
2026-04-06,13542,LITE,301,542.0,
2026-04-06,11275,NSN,302,541.0,
2026-04-06,10960,Young Ninjas,303,540.0,2a6c5661f43ac44ccbd1
2026-04-06,13242,XDM,304,536.0,460f2945a49655b53c31
2026-04-06,13342,Bad Luck,305,536.0,
2026-04-06,13706,Pugdesonesto,306,535.0,
2026-04-06,13417,Curralzinho,307,532.0,
2026-04-06,13180,Straight2Killin,308,532.0,
2026-04-06,13704,Drama,309,530.0,
2026-04-06,10943,777,310,529.0,865353f4eb0937684a62
2026-04-06,11433,Surge,311,529.0,
2026-04-06,13265,MAGICOS,312,528.0,
2026-04-06,13730,BA 2,313,527.0,
2026-04-06,13534,Memeories,314,526.0,
2026-04-06,13161,eternal premium,315,524.0,
2026-04-06,9942,MARKandLARRY,316,524.0,
2026-04-06,13181,BASEMENT BOYS,317,516.0,440ea359aba3be9846af
2026-04-06,13629,HereWeGoAgain,318,515.0,
2026-04-06,13512,Prison Breakers,319,513.0,47db532c9c7f5c349ed5
2026-04-06,13708,5Actors,320,512.0,090af28c5f21b7845839
2026-04-06,13661,mouse,321,509.0,
2026-04-06,10901,OverKnight,322,509.0,
2026-04-06,13398,Nocturnal,323,507.0,
2026-04-06,12973,NuTorious,324,506.0,
2026-04-06,13380,9BOOMPRO,325,505.0,094e0172259e2ecc3449
2026-04-06,13328,TSG,326,501.0,
2026-04-06,12567,Akimbo,327,498.0,
2026-04-06,13294,Outfit 49,328,495.0,
2026-04-06,13545,Haemus,329,489.0,
2026-04-06,13469,Money Crew,330,489.0,
2026-04-06,12455,Vantage,331,487.0,
2026-04-06,11838,Partizan,332,485.0,
2026-04-06,13369,The Glecs,333,484.0,
2026-04-06,12988,GameHunters,334,484.0,1e2bfc76d6735b5c5710
2026-04-06,13316,Animus Victoria,335,479.0,
2026-04-06,13774,FRZ,336,477.0,
2026-04-06,12731,LE-LUX,337,477.0,
2026-04-06,13770,Unitronics,338,475.0,
2026-04-06,13466,Fingers Crossed,339,472.0,e3c223f97d9d08700f8a
2026-04-06,13471,ALZON,340,472.0,
2026-04-06,10299,FURY,341,470.0,
2026-04-06,13546,Strael Bora,342,469.0,
2026-04-06,13707,Younglings,343,464.0,
2026-04-06,13577,MUERTA,344,464.0,
2026-04-06,13163,ALGO,345,464.0,f683710fbdcdb790d426
2026-04-06,12352,Sashi Academy,346,458.0,
2026-04-06,13511,Fuego,347,457.0,
2026-04-06,13712,Z7,348,455.0,
2026-04-06,13543,Time Waves,349,447.0,
2026-04-06,13651,ReThink,350,440.0,
2026-04-06,13610,Beyond Limits,351,437.0,
2026-04-06,11109,BBBMBCBS,352,431.0,
2026-04-06,13116,UR,353,428.0,
2026-04-06,13047,EXSAD,354,428.0,
2026-04-06,13217,ScarX,355,417.0,
2026-04-06,13453,HubaBuba,356,405.0,340932bc20553770df86
2026-04-06,13537,Zealous,357,403.0,986671ed0f7346c54ca9
2026-05-04,9565,Vitality,1,2081.0,91c93eb867d7d47bf729
2026-05-04,4608,Natus Vincere,2,1885.0,9d2b566c8472997adfa4
2026-05-04,11283,Falcons,3,1823.0,e17285b415d2dc1447da
2026-05-04,13286,FUT,4,1808.0,d3179d30c0f804c093f7
2026-05-04,7020,Spirit,5,1807.0,14048abbf062f10a8a24
2026-05-04,6665,Astralis,6,1800.0,c8d9aa6d3f48b13980c6
2026-05-04,6248,The MongolZ,7,1791.0,205ddf8f18a2672fc97c
2026-05-04,12467,PARIVISION,8,1747.0,1b1217ac8c10e36bc2f4
2026-05-04,11861,Aurora,9,1742.0,cbc5b9bb3769e1b3d58c
2026-05-04,8297,FURIA,10,1730.0,e0362dcbafd342d82962
2026-05-04,4494,MOUZ,11,1730.0,43f602c729e986479a12
2026-05-04,5995,G2,12,1673.0,a4938af082ccd5b989a6
2026-05-04,9928,GamerLegion,13,1566.0,
2026-05-04,12468,Legacy,14,1562.0,2a8806f4822238e9a8ab
2026-05-04,4914,3DMAX,15,1552.0,
2026-05-04,11241,B8,16,1547.0,93a45352761666244eb5
2026-05-04,4773,paiN,17,1532.0,
2026-05-04,11811,Monte,18,1529.0,7aa468525cb3b414a8bc
2026-05-04,9996,9z,19,1508.0,26629d7dd5e4a60e1228
2026-05-04,7175,HEROIC,20,1482.0,2e9c58aeb5c57155eaf2
2026-05-04,12394,BetBoom,21,1471.0,d98790a14c38264a9999
2026-05-04,6667,FaZe,22,1460.0,3797ea47fc726fe1991c
2026-05-04,7532,BIG,23,1445.0,4d6af2ad9a22ed3240f5
2026-05-04,12376,M80,24,1417.0,b8f718041db8bac2e331
2026-05-04,12474,Alliance,25,1413.0,03930c7c65617aec48ea
2026-05-04,4411,Ninjas in Pyjamas,26,1411.0,1a67dd87e16b576f53f6
2026-05-04,9215,MIBR,27,1402.0,3a4cd843e3fd795394e8
2026-05-04,13355,Nemesis,28,1394.0,52b39665597c7c0bef39
2026-05-04,11737,EYEBALLERS,29,1383.0,7cfc35758b87beeaec16
2026-05-04,10577,SINNERS,30,1379.0,f9db3f6e7670b3bfa33b
2026-05-04,6673,NRG,31,1375.0,f7445e78568da096c71a
2026-05-04,12257,Wildcard,32,1374.0,e084f753677bdc11410f
2026-05-04,13679,FOKUS,33,1374.0,a64db9440de6f9c2982e
2026-05-04,4863,TYLOO,34,1348.0,05a56bdf4b57fcae5437
2026-05-04,7969,Nemiga,35,1347.0,70b9ebed80b82e1755ac
2026-05-04,12895,K27,36,1338.0,e750fe564bbd5d2ce6ca
2026-05-04,8113,Sharks,37,1334.0,05357aa633fe11759c40
2026-05-04,13404,Gentle Mates,38,1327.0,d807a95213fd6aab9a51
2026-05-04,12144,BESTIA,39,1320.0,dc9c7e9cb94caee9c7ac
2026-05-04,11571,Gaimin Gladiators,40,1319.0,eb730e5c582d6ca5d0ff
2026-05-04,11581,HOTU,41,1301.0,bf99af5339d636cba94c
2026-05-04,13501,illwill,42,1293.0,0fd23724f279a2fe1534
2026-05-04,12426,Passion UA,43,1286.0,7a621fd372675372af5c
2026-05-04,13499,Voca,44,1278.0,6cbe43b53f1de08a2516
2026-05-04,8474,100 Thieves,45,1276.0,278d351c9f217b8d7f8d
2026-05-04,13592,magic,46,1274.0,f0a5bed2025716cef475
2026-05-04,5973,Liquid,47,1267.0,02b3dad2593e2c1cf5f4
2026-05-04,10823,INFINITE,48,1253.0,fdc3453f77f54b677754
2026-05-04,8840,Lynn Vision,49,1249.0,dbed042ec191be814f2c
2026-05-04,10621,1win,50,1248.0,582e4bc55e27dc0f56cb
2026-05-04,13644,TDK,51,1233.0,556338662212f778ab73
2026-05-04,13027,Nuclear TigeRES,52,1229.0,1ee5acb720df1bb50596
2026-05-04,13117,Inner Circle,53,1227.0,82071ca5dd86ae09ac80
2026-05-04,9455,Imperial,54,1226.0,110d5035a28e4fb1fe97
2026-05-04,11712,Sashi,55,1225.0,3a8433523bb30e8b842e
2026-05-04,13486,THUNDER dOWNUNDER,56,1224.0,37b8d597de5be61440f7
2026-05-04,12959,ShindeN,57,1219.0,
2026-05-04,4602,Tricked,58,1211.0,
2026-05-04,13619,BET-M,59,1208.0,c93afad3985eb352df7c
2026-05-04,12916,Betclic,60,1204.0,984b00f1a8077e81507c
2026-05-04,10278,9INE,61,1199.0,443c4615601cd0b15794
2026-05-04,11768,ODDIK,62,1194.0,4b791fa5afe027b070d8
2026-05-04,10459,ARCRED,63,1190.0,47e71eaa76b5fa3267f5
2026-05-04,10245,JiJieHao,64,1189.0,b4056806b5e2be8b942c
2026-05-04,13237,AM,65,1188.0,c68c357f71fed7e65ae7
2026-05-04,9621,AaB,66,1185.0,7a2d3e5c8fcab4a09d6b
2026-05-04,7176,RED Canids,67,1183.0,
2026-05-04,11837,Fluxo,68,1180.0,5e1bae9fef3cbcc15444
2026-05-04,13808,Walczaki,69,1179.0,e589c64ec1c105e17303
2026-05-04,13214,SPARTA,70,1172.0,a27cfbcfca10e598409c
2026-05-04,11251,Eternal Fire,71,1171.0,ef1ff3938631321a7a78
2026-05-04,12380,CYBERSHOKE,72,1165.0,c6e3351ead85d33c1a26
2026-05-04,10503,OG,73,1165.0,fe9a3829e18bce4f31c6
2026-05-04,12774,FlyQuest,74,1164.0,63f33835a6fe657c9ce4
2026-05-04,12967,WW,75,1162.0,79767b0fe3c118fe4bcf
2026-05-04,13518,Acend,76,1159.0,e8bda87950d53bfba312
2026-05-04,13667,NEXVOID,77,1154.0,2bde7389cf2a5a29ff44
2026-05-04,12604,Johnny Speeds,78,1154.0,6667cac8259deda00abc
2026-05-04,12878,BC.Game,79,1134.0,ae6bcae18d9a803e55f9
2026-05-04,13124,Marsborne,80,1133.0,c486910f1c211a302ecb
2026-05-04,4991,fnatic,81,1130.0,48c1654f9d88d4c6dcbf
2026-05-04,13231,Ursa,82,1124.0,
2026-05-04,11419,ECSTATIC,83,1123.0,38feabbd02bc1a45468d
2026-05-04,12510,The Huns,84,1122.0,3e5225d5ac3f5f08f2fd
2026-05-04,12901,SemperFi,85,1120.0,e2e6d725d3b81e97d32e
2026-05-04,13799,PsychoFace,86,1120.0,032eef28ae3540439bcb
2026-05-04,13724,5star,87,1116.0,a85cef74e8f56e40d059
2026-05-04,12776,Bounty Hunters,88,1114.0,43702405db407426c08d
2026-05-04,13314,KOLESIE,89,1108.0,e8287d89dea8c1e92e4d
2026-05-04,10333,Sangal,90,1108.0,1f39a9823201026e22bb
2026-05-04,13501,illwill,91,1107.0,36363a662822877ac2c4
2026-05-04,11641,Metizport,92,1106.0,3fdb26044685833c8b78
2026-05-04,12646,Chinggis Warriors,93,1090.0,4f71830ed12ece962920
2026-05-04,12769,Fisher College,94,1087.0,508684bdc5b8b876b8c6
2026-05-04,13081,Fake do Biru,95,1079.0,4d41d59cccccd02ba1f8
2026-05-04,13617,ex-RUBY,96,1075.0,767f4df640410769c6df
2026-05-04,11514,Rare Atom,97,1068.0,dfac3fc8bf9bc1fcb0b1
2026-05-04,13173,Phantom,98,1068.0,149bf3f58d3a90c3f230
2026-05-04,12677,Galorys,99,1065.0,b123f70b4101b109ca9e
2026-05-04,12609,Lavked,100,1065.0,4542fec7a3ecf4bf4af3
2026-05-04,11176,MOUZ NXT,101,1061.0,9abb825c74b777d46bd0
2026-05-04,12818,FAVBET,102,1055.0,7c5e87f24d0ff0cb4725
2026-05-04,10864,VP.Prodigy,104,1049.0,4c9c8c4eb6b04deb086c
2026-05-04,13814,INOX Division,105,1041.0,fc8c472e16bb7a27aa20
2026-05-04,13613,Bebop,106,1030.0,e485c3ca2122712c6530
2026-05-04,4869,ENCE,107,1015.0,a4061a8fe96be6adc150
2026-05-04,13553,Oxuji,108,1014.0,
2026-05-04,13333,ASTRAL,109,1008.0,81f5e68099df0d475ef3
2026-05-04,13304,LP,110,999.0,f05957b82dce82160422
2026-05-04,13623,STATE,111,997.0,02719e07c49e93b5c038
2026-05-04,12834,RUSTEC,112,981.0,ae3e0739999dd44e1986
2026-05-04,12889,G2 Ares,113,977.0,ed9965b1a9db48ad0b06
2026-05-04,13012,HYPERSPIRIT,114,976.0,dd433dc1372c447eea34
2026-05-04,13310,MANA,115,974.0,399ec18a488aff205d39
2026-05-04,12536,DEPO,116,973.0,f4ec929092c180a8c1ce
2026-05-04,5639,aAa,117,965.0,
2026-05-04,12087,Lazer Cats,118,963.0,84ef11056cd1cea6ed8d
2026-05-04,13666,BMZ,119,958.0,
2026-05-04,12899,FengDa,120,957.0,
2026-05-04,13178,NOVAQ,121,956.0,54a6f5a1f34da08a9392
2026-05-04,8536,Ground Zero,122,955.0,
2026-05-04,13470,Oramond,123,954.0,23210c1bc77590d5a72a
2026-05-04,13331,Kaleido,124,953.0,
2026-05-04,10960,Young Ninjas,125,952.0,aeca58676bb982ff0b39
2026-05-04,4869,ENCE,126,951.0,23fbf32475964fa1d8d0
2026-05-04,9958,Alter Ego,127,949.0,
2026-05-04,6089,The Last Resort,128,946.0,e51e46ade62533cad99a
2026-05-04,11446,Leo,129,945.0,
2026-05-04,13575,WAZABI,130,945.0,
2026-05-04,7865,HAVU,131,944.0,cafbd75d62b9de4d1423
2026-05-04,6033,Keyd Stars,132,944.0,
2026-05-04,11955,LAG,133,943.0,7fb15e71b243cf94d6d8
2026-05-04,11609,GenOne,134,941.0,7b43f0d89764c946cc6e
2026-05-04,13163,ALGO,135,940.0,303df3bc305ad1a2de99
2026-05-04,11555,UNO MILLE,136,936.0,
2026-05-04,13479,Omega,137,934.0,c1d8ba1b6263de56e8ff
2026-05-04,7653,Isurus,138,929.0,
2026-05-04,13715,Hashiras,139,912.0,ddf2ab9cc772c71a022c
2026-05-04,13433,Last Bullet,140,903.0,b138310299bababf44af
2026-05-04,13233,HEROIC Academy,141,899.0,
2026-05-04,12267,UNiTY,142,897.0,135d80b16d19a4cf2b21
2026-05-04,13124,Marsborne,143,893.0,48b57f423ddf478e3c3e
2026-05-04,12825,The QUBE,144,891.0,
2026-05-04,12534,BOSS,145,891.0,7440d730d82ec1270fa9
2026-05-04,7187,Nexus,146,888.0,ecea19805ac3bb36b4a8
2026-05-04,13403,TNC,147,882.0,
2026-05-04,13107,Chicken Coop,148,881.0,
2026-05-04,13321,Falcons Force,149,878.0,60ac4688d84a3a45ffce
2026-05-04,3044,MIBR Academy,150,877.0,45d509d0b413e59f0313
2026-05-04,13594,CYBERSHOKE Prospects,151,876.0,1946cba97c12a88f4e2d
2026-05-04,13175,Change The Game,152,872.0,557c3d7cbce81167ed72
2026-05-04,13792,Persona Grata,153,865.0,c8df75e6032b06e674fd
2026-05-04,12554,regain,154,863.0,89df96943262dbf71e57
2026-05-04,12988,GameHunters,155,857.0,5cf84aa0477c2ec66632
2026-05-04,10254,BIG Academy,156,852.0,0bc13c14971800e30b3e
2026-05-04,12908,Aether,157,852.0,
2026-05-04,13776,Just Players,158,850.0,
2026-05-04,10867,MASONIC,159,850.0,
2026-05-04,11933,Yawara,160,849.0,3d8f18e7ce8f8b370c8d
2026-05-04,9735,Lilmix,161,848.0,28985fe85a9f7a3f2188
2026-05-04,12194,Rune Eaters,162,847.0,
2026-05-04,7120,Entropy,163,844.0,
2026-05-04,12745,brazylijski luz,164,843.0,
2026-05-04,6810,aimclub,165,840.0,b7417bf13be04fca0304
2026-05-04,12164,Zomblers,166,839.0,
2026-05-04,10333,Sangal,167,834.0,c09bdf32e64ec9eb1f32
2026-05-04,13364,Famalicão,168,833.0,54ae997fed503317d466
2026-05-04,7720,InControl,169,833.0,d1a0612fbdeb2bb10e71
2026-05-04,13576,TNT,170,832.0,
2026-05-04,13703,ex-Fingers Crossed,171,825.0,46f946b744b4ae0ae98c
2026-05-04,13413,Vasco,172,824.0,da95e6e7bc6013aa8c91
2026-05-04,13053,Just Swing,173,818.0,de0df596adaaa4158306
2026-05-04,13573,ex-Zero Tenacity,174,813.0,6d032d9f235bc0241dbe
2026-05-04,13668,Atreides,175,810.0,
2026-05-04,13181,BASEMENT BOYS,176,810.0,ffc6058811a79f0d0c78
2026-05-04,9139,BRUTE,177,805.0,4c7879ebda65cf133cac
2026-05-04,13686,Abyssal,178,803.0,
2026-05-04,13528,Misa,179,802.0,
2026-05-04,13689,Fuzos,180,799.0,
2026-05-04,13812,Project 91,181,799.0,267cb9985c5110461dd3
2026-05-04,13714,DONSTU,182,796.0,902534a456b2b4fcb254
2026-05-04,12857,FORZE Reload,183,796.0,2f9ca71da4eeb149c84d
2026-05-04,13791,Julie&Cie,184,795.0,
2026-05-04,11018,megoshort,185,793.0,e362432dfb0e55fd4240
2026-05-04,13201,F5,186,789.0,1077c390c0889cf611ac
2026-05-04,9881,Rooster,187,782.0,
2026-05-04,13450,yngods,188,781.0,
2026-05-04,13414,Rave,189,780.0,d07f080d402802bb43ad
2026-05-04,11668,Mindfreak,190,780.0,
2026-05-04,10567,SAW,191,780.0,714e311a1e1648ca61a1
2026-05-04,12194,Rune Eaters,192,777.0,b25799466df088cbac51
2026-05-04,13524,OLDBOYS PL,193,775.0,
2026-05-04,13665,FarmVille,194,775.0,
2026-05-04,12567,Akimbo,195,773.0,
2026-05-04,13691,Back to Back,196,768.0,
2026-05-04,13726,METANOIA Wolves,197,765.0,48ba31276cedae8a718a
2026-05-04,13789,Subtop De France,198,763.0,
2026-05-04,6788,Crashers,199,758.0,40c4fac672b2a3b95ad7
2026-05-04,13340,CSDIILIT,200,753.0,
2026-05-04,13778,insane players,201,752.0,
2026-05-04,13551,OlyBet,202,752.0,
2026-05-04,13664,ex-KRÜ,203,752.0,
2026-05-04,13281,Bushido Wildcats,204,750.0,c6f55ecf0a0016464c21
2026-05-04,11905,paiN Academy,205,750.0,
2026-05-04,12363,Arcade,206,750.0,
2026-05-04,12948,BORING PLAYERS,207,747.0,
2026-05-04,10997,Procyon,208,746.0,b369d457d8472654b588
2026-05-04,11553,Dripmen,209,744.0,
2026-05-04,13419,Venom,210,742.0,34ede30a39edceb4e4f4
2026-05-04,13729,EMPIRE,211,739.0,
2026-05-04,12352,Sashi Academy,212,737.0,
2026-05-04,13327,R2,213,736.0,
2026-05-04,13690,zajezdzacze,214,734.0,
2026-05-04,13681,Inner Circle Academy,215,731.0,
2026-05-04,13159,Prestige,216,730.0,4c52ca5f76030b757d40
2026-05-04,12534,BOSS,217,729.0,f56448ed065525d01e79
2026-05-04,13775,playersclub,218,728.0,
2026-05-04,13475,FOLHA AMARELA,219,723.0,
2026-05-04,12812,ALLINNERS,220,720.0,0d15811b7d02be4f9cbe
2026-05-04,11312,QUAZAR,221,719.0,52dd62918cc4f253eb05
2026-05-04,11668,Mindfreak,222,719.0,
2026-05-04,10864,VP.Prodigy,223,718.0,
2026-05-04,11251,Eternal Fire,224,716.0,82800d3685edecf8170c
2026-05-04,12457,ROUNDS,225,713.0,
2026-05-04,11129,bankaPEPSI,226,712.0,
2026-05-04,13735,Haunted House,227,707.0,
2026-05-04,12960,Fire Flux,228,705.0,13fc1402433e4224d17a
2026-05-04,10975,MIBR fe,229,700.0,9b56a68b02d01406acef
2026-05-04,13026,BESTIA Academy,230,698.0,91820d3544c959fbec0a
2026-05-04,13642,SIXSEVEN,231,696.0,27fa8b589766a53b6a19
2026-05-04,4246,Enjoy,232,692.0,
2026-05-04,12421,Let Her Cook,233,690.0,96b84b75df8cd325f8bd
2026-05-04,11711,Players,234,686.0,
2026-05-04,12366,Aurora Young Blud,235,685.0,
2026-05-04,13736,Sensation,236,677.0,
2026-05-04,9139,BRUTE,237,677.0,7f8a89194296ac5c14b3
2026-05-04,11917,NIP Impact,238,674.0,bcf8426eb332bb67eadf
2026-05-04,11718,BIG EQUIPA,239,669.0,d12495477296fea24ee2
2026-05-04,13745,KUUSAMO,240,662.0,
2026-05-04,13665,FarmVille,241,661.0,
2026-05-04,12971,Wanted Goons,242,660.0,
2026-05-04,13161,eternal premium,243,659.0,
2026-05-04,13788,Clutchain fe,244,658.0,
2026-05-04,12846,M1X KS,245,657.0,
2026-05-04,13237,AM,246,655.0,0c00b65cceb738105b5a
2026-05-04,10287,Legion,247,651.0,
2026-05-04,12533,Atrix,248,650.0,
2026-05-04,13794,900FPSvsECO,249,650.0,
2026-05-04,13787,ZEVS,250,649.0,
2026-05-04,13643,rottweilers,251,646.0,
2026-05-04,13502,Arise,252,646.0,
2026-05-04,9996,9z,253,641.0,e0eb9e74d9c82b57698d
2026-05-04,9621,AaB,254,639.0,c2a8aa8ccbc2055a3292
2026-05-04,13552,Endless Journey,255,639.0,
2026-05-04,13757,ACROBATS,256,639.0,944ca66770db484f1cbc
2026-05-04,13294,Outfit 49,257,636.0,
2026-05-04,13574,Club 333,258,634.0,
2026-05-04,11514,Rare Atom,259,633.0,b389ec04583bcfad9601
2026-05-04,6033,Keyd Stars,260,633.0,16a081214320bf9daeb6
2026-05-04,11641,Metizport,261,631.0,925cf771181ecf1b5088
2026-05-04,13761,Vexar,262,630.0,
2026-05-04,13014,Wave,263,626.0,
2026-05-04,13355,Nemesis,264,625.0,ceca78b6e11a5b2a0cb3
2026-05-04,13238,JUMBO,265,623.0,
2026-05-04,10976,FURIA fe,266,619.0,10dd16af0d8ef7254cf3
2026-05-04,13756,ALKA,267,618.0,
2026-05-04,10838,Incognito,268,608.0,
2026-05-04,11275,NSN,269,607.0,
2026-05-04,13425,Reign Above,270,606.0,632eecd9934efefcb9c7
2026-05-04,13704,Drama,271,602.0,
2026-05-04,12276,DXA,272,599.0,
2026-05-04,12568,EC BANGA,273,599.0,
2026-05-04,13746,MTX,274,598.0,
2026-05-04,13251,Mousquetaires,275,597.0,b6076ad1a742be100e9e
2026-05-04,13698,GAMEHARMONY,276,595.0,
2026-05-04,13265,MAGICOS,277,595.0,
2026-05-04,13725,GUARA,278,593.0,
2026-05-04,13516,Fingers Crossed fe,279,593.0,c69b7df44fd80035b2bb
2026-05-04,13501,illwill,280,593.0,5d6607e2e9131ce36975
2026-05-04,13340,CSDIILIT,281,591.0,4d90841440dc596dd9db
2026-05-04,13660,Ding Cuts,282,588.0,
2026-05-04,10900,KRÜ,283,585.0,24ab81558b1ef2521e91
2026-05-04,11999,Grindas,284,584.0,e3c223f97d9d08700f8a
2026-05-04,10823,INFINITE,285,584.0,
2026-05-04,12960,Fire Flux,286,580.0,
2026-05-04,13753,Basement Bobs,287,579.0,
2026-05-04,12301,FlyQuest RED,288,577.0,5033f24a7aa7b0bf1c6e
2026-05-04,13395,hindsight,289,573.0,
2026-05-04,13743,bond1e,290,572.0,
2026-05-04,12586,AMKAL,291,571.0,2f6e31b250d41f1925cc
2026-05-04,13214,SPARTA,292,568.0,2d1bdedd60fc86200dd8
2026-05-04,12190,Shimmer,293,568.0,
2026-05-04,6673,NRG,294,565.0,1c7dbd769cf99bae54c8
2026-05-04,13634,METANOIA,295,563.0,
2026-05-04,11433,Surge,296,561.0,
2026-05-04,13542,LITE,297,561.0,
2026-05-04,13798,Clutchain,298,559.0,
2026-05-04,13685,Skele,299,557.0,
2026-05-04,9942,MARKandLARRY,300,556.0,
2026-05-04,13705,Imperial Academy,301,553.0,
2026-05-04,13657,Blitzkrieg,302,552.0,
2026-05-04,5479,Mythic,303,551.0,2eb72eae58d9b796bd40
2026-05-04,13675,ex-FUT Academy,304,549.0,e7e8702bc012d4b6780c
2026-05-04,13571,SINQU,305,546.0,97282c67feb029394a01
2026-05-04,12973,NuTorious,306,545.0,
2026-05-04,4548,CPH Wolves,307,542.0,c7762212e7bb2338b84c
2026-05-04,13661,mouse,308,542.0,
2026-05-04,12878,BC.Game,309,540.0,
2026-05-04,13242,XDM,310,534.0,460f2945a49655b53c31
2026-05-04,13577,MUERTA,311,534.0,
2026-05-04,13706,Pugdesonesto,312,533.0,
2026-05-04,13294,Outfit 49,313,533.0,fc14f9f1b6295f49f03d
2026-05-04,13826,Nas,314,527.0,
2026-05-04,10299,FURY,315,526.0,
2026-05-04,13716,IDoPieca,316,526.0,
2026-05-04,13770,Unitronics,317,525.0,
2026-05-04,13730,BA 2,318,523.0,
2026-05-04,13651,ReThink,319,518.0,
2026-05-04,13342,Bad Luck,320,516.0,
2026-05-04,13534,Memeories,321,513.0,
2026-05-04,13662,home,322,513.0,
2026-05-04,13270,girl kissers,323,505.0,
2026-05-04,13708,5Actors,324,499.0,090af28c5f21b7845839
2026-05-04,13217,ScarX,325,494.0,
2026-05-04,13527,Deep Cross,326,491.0,
2026-05-04,9735,Lilmix,327,489.0,d4a6ebbb8cb343ee8e5f
2026-05-04,13512,Prison Breakers,328,487.0,47db532c9c7f5c349ed5
2026-05-04,10960,Young Ninjas,329,487.0,2a6c5661f43ac44ccbd1
2026-05-04,12858,kONO,330,484.0,
2026-05-04,13519,Charrados,331,480.0,
2026-05-04,10943,777,332,473.0,865353f4eb0937684a62
2026-05-04,13629,HereWeGoAgain,333,472.0,
2026-05-04,11109,BBBMBCBS,334,469.0,
2026-05-04,13546,Strael Bora,335,462.0,
2026-05-04,10901,OverKnight,336,459.0,
2026-05-04,13557,The Bardolphs,337,457.0,
2026-05-04,13712,Z7,338,456.0,
2026-05-04,13563,Diamant,339,455.0,
2026-05-04,12352,Sashi Academy,340,454.0,
2026-05-04,13676,LAGUNA,341,452.0,
2026-05-04,13707,Younglings,342,450.0,
2026-05-04,13380,9BOOMPRO,343,450.0,094e0172259e2ecc3449
2026-05-04,13774,FRZ,344,448.0,
2026-05-04,13610,Beyond Limits,345,429.0,
2026-05-04,13116,UR,346,428.0,
2026-05-04,13809,low cortisol,347,426.0,
2026-05-04,13543,Time Waves,348,420.0,
2026-05-04,13142,AKA HERO KAJO,349,414.0,
2026-05-04,13699,Nigel Mirage,350,411.0,
2026-05-04,13047,EXSAD,351,406.0,
2026-05-04,13545,Haemus,352,405.0,
2026-05-04,11838,Partizan,353,401.0,f729159b528066f40b4e
2026-05-04,13537,Zealous,354,394.0,986671ed0f7346c54ca9
2026-05-04,13471,ALZON,355,391.0,
2026-05-04,11838,Partizan,356,386.0,
2026-06-01,9565,Vitality,1,2024.0,91c93eb867d7d47bf729
2026-06-01,7020,Spirit,2,1990.0,14048abbf062f10a8a24
2026-06-01,11283,Falcons,3,1954.0,fa8d993a96ce3adabef3
2026-06-01,4608,Natus Vincere,4,1940.0,9d2b566c8472997adfa4
2026-06-01,4494,MOUZ,5,1859.0,1bf99a6f3e9f2b1bd4a9
2026-06-01,12468,Legacy,6,1856.0,2a8806f4822238e9a8ab
2026-06-01,6248,The MongolZ,7,1763.0,205ddf8f18a2672fc97c
2026-06-01,11861,Aurora,8,1741.0,cbc5b9bb3769e1b3d58c
2026-06-01,9928,GamerLegion,9,1724.0,
2026-06-01,6665,Astralis,10,1721.0,c8d9aa6d3f48b13980c6
2026-06-01,8297,FURIA,11,1716.0,e0362dcbafd342d82962
2026-06-01,13286,FUT,12,1694.0,d3179d30c0f804c093f7
2026-06-01,5995,G2,13,1683.0,a4938af082ccd5b989a6
2026-06-01,12467,PARIVISION,14,1679.0,1b1217ac8c10e36bc2f4
2026-06-01,9996,9z,15,1633.0,26629d7dd5e4a60e1228
2026-06-01,11241,B8,16,1582.0,93a45352761666244eb5
2026-06-01,12394,BetBoom,17,1562.0,d98790a14c38264a9999
2026-06-01,13592,magic,18,1550.0,f0a5bed2025716cef475
2026-06-01,4773,paiN,19,1549.0,
2026-06-01,9215,MIBR,20,1535.0,3a4cd843e3fd795394e8
2026-06-01,11811,Monte,21,1517.0,7aa468525cb3b414a8bc
2026-06-01,6667,FaZe,22,1492.0,78538139155a44af60f9
2026-06-01,4411,Ninjas in Pyjamas,23,1460.0,1a67dd87e16b576f53f6
2026-06-01,8840,Lynn Vision,24,1443.0,dbed042ec191be814f2c
2026-06-01,12257,Wildcard,25,1431.0,e084f753677bdc11410f
2026-06-01,4914,3DMAX,26,1429.0,
2026-06-01,7175,HEROIC,27,1420.0,2e9c58aeb5c57155eaf2
2026-06-01,7532,BIG,28,1416.0,4d6af2ad9a22ed3240f5
2026-06-01,12474,Alliance,29,1405.0,03930c7c65617aec48ea
2026-06-01,13404,Gentle Mates,30,1403.0,d807a95213fd6aab9a51
2026-06-01,11581,HOTU,31,1402.0,799303ae2e78af257279
2026-06-01,4863,TYLOO,32,1395.0,05a56bdf4b57fcae5437
2026-06-01,12376,M80,33,1385.0,b8f718041db8bac2e331
2026-06-01,10577,SINNERS,34,1378.0,f9db3f6e7670b3bfa33b
2026-06-01,13355,Nemesis,35,1376.0,52b39665597c7c0bef39
2026-06-01,11737,EYEBALLERS,36,1368.0,7cfc35758b87beeaec16
2026-06-01,13679,FOKUS,37,1368.0,a64db9440de6f9c2982e
2026-06-01,8113,Sharks,38,1354.0,05357aa633fe11759c40
2026-06-01,13027,Nuclear TigeRES,39,1333.0,1ee5acb720df1bb50596
2026-06-01,7969,Nemiga,40,1329.0,70b9ebed80b82e1755ac
2026-06-01,5378,Virtus.pro,41,1329.0,c1ddc4dbd072559d3f5b
2026-06-01,12895,K27,42,1323.0,b7826d7049989d4816a1
2026-06-01,13117,Inner Circle,43,1316.0,82071ca5dd86ae09ac80
2026-06-01,10245,JiJieHao,44,1315.0,b4056806b5e2be8b942c
2026-06-01,5973,Liquid,45,1304.0,02b3dad2593e2c1cf5f4
2026-06-01,13808,Walczaki,46,1301.0,e589c64ec1c105e17303
2026-06-01,8474,100 Thieves,47,1275.0,278d351c9f217b8d7f8d
2026-06-01,10823,INFINITE,48,1269.0,fdc3453f77f54b677754
2026-06-01,12144,BESTIA,49,1262.0,dc9c7e9cb94caee9c7ac
2026-06-01,4602,Tricked,50,1251.0,
2026-06-01,10621,1win,51,1247.0,582e4bc55e27dc0f56cb
2026-06-01,6673,NRG,52,1247.0,f7445e78568da096c71a
2026-06-01,13644,TDK,53,1246.0,556338662212f778ab73
2026-06-01,13499,Voca,54,1240.0,6cbe43b53f1de08a2516
2026-06-01,11571,Gaimin Gladiators,55,1233.0,eb730e5c582d6ca5d0ff
2026-06-01,10459,ARCRED,56,1228.0,47e71eaa76b5fa3267f5
2026-06-01,10503,OG,57,1226.0,d9a73821e0b4f55492ac
2026-06-01,11251,Eternal Fire,58,1219.0,ef1ff3938631321a7a78
2026-06-01,12959,ShindeN,59,1206.0,
2026-06-01,13501,illwill,60,1206.0,0fd23724f279a2fe1534
2026-06-01,13518,Acend,61,1200.0,9d9fd28afd24d0c2b85c
2026-06-01,11712,Sashi,62,1196.0,4c8a28c856ac6c256fd4
2026-06-01,13304,LP,63,1188.0,f05957b82dce82160422
2026-06-01,13486,THUNDER dOWNUNDER,64,1181.0,37b8d597de5be61440f7
2026-06-01,13724,5star,65,1178.0,a85cef74e8f56e40d059
2026-06-01,12967,WW,66,1172.0,1a3dcfff1ae4dff47e60
2026-06-01,12380,CYBERSHOKE,67,1171.0,e80ce46dce541868371b
2026-06-01,12426,Passion UA,68,1170.0,c1717c6bbcf5638ad467
2026-06-01,9686,Turma do Pagode,69,1170.0,aeb0162d9f1ca5a689ff
2026-06-01,12510,The Huns,70,1159.0,3e5225d5ac3f5f08f2fd
2026-06-01,7176,RED Canids,71,1155.0,
2026-06-01,13237,AM,72,1155.0,1c299998799f5210370e
2026-06-01,9455,Imperial,73,1149.0,110d5035a28e4fb1fe97
2026-06-01,13619,BET-M,74,1139.0,c93afad3985eb352df7c
2026-06-01,12604,Johnny Speeds,75,1138.0,5b822390018de906b2e7
2026-06-01,13314,KOLESIE,76,1137.0,e8287d89dea8c1e92e4d
2026-06-01,13553,Oxuji,77,1137.0,
2026-06-01,12609,Lavked,78,1122.0,4542fec7a3ecf4bf4af3
2026-06-01,13814,INOX Division,79,1121.0,fc8c472e16bb7a27aa20
2026-06-01,12677,Galorys,80,1120.0,159d5a78a9fbbd876d68
2026-06-01,4991,fnatic,81,1117.0,48c1654f9d88d4c6dcbf
2026-06-01,13667,NEXVOID,82,1115.0,2bde7389cf2a5a29ff44
2026-06-01,12774,FlyQuest,83,1112.0,63f33835a6fe657c9ce4
2026-06-01,12646,Chinggis Warriors,84,1110.0,4f71830ed12ece962920
2026-06-01,13617,ex-RUBY,86,1104.0,b5f89cf233a35ebf040e
2026-06-01,13868,DragonClaw,87,1102.0,e050cd797127c9424139
2026-06-01,11837,Fluxo,88,1093.0,5e1bae9fef3cbcc15444
2026-06-01,12769,Fisher College,89,1093.0,508684bdc5b8b876b8c6
2026-06-01,11419,ECSTATIC,90,1092.0,38feabbd02bc1a45468d
2026-06-01,12776,Bounty Hunters,91,1091.0,43702405db407426c08d
2026-06-01,12916,Betclic,92,1082.0,984b00f1a8077e81507c
2026-06-01,13181,BASEMENT BOYS,93,1080.0,ffc6058811a79f0d0c78
2026-06-01,12901,SemperFi,94,1078.0,879d9886680924226fd0
2026-06-01,10278,9INE,95,1077.0,443c4615601cd0b15794
2026-06-01,13124,Marsborne,96,1073.0,c486910f1c211a302ecb
2026-06-01,13214,SPARTA,97,1071.0,a27cfbcfca10e598409c
2026-06-01,11641,Metizport,98,1065.0,510fbf4f7d35b68ef272
2026-06-01,11609,GenOne,99,1061.0,7b43f0d89764c946cc6e
2026-06-01,13838,EAC,100,1060.0,7a2d3e5c8fcab4a09d6b
2026-06-01,13623,STATE,101,1059.0,02719e07c49e93b5c038
2026-06-01,10333,Sangal,102,1059.0,1f39a9823201026e22bb
2026-06-01,12878,BC.Game,103,1050.0,ae6bcae18d9a803e55f9
2026-06-01,13501,illwill,104,1047.0,36363a662822877ac2c4
2026-06-01,13081,Fake do Biru,105,1041.0,4d41d59cccccd02ba1f8
2026-06-01,11514,Rare Atom,106,1033.0,dfac3fc8bf9bc1fcb0b1
2026-06-01,13107,Chicken Coop,107,1028.0,
2026-06-01,11176,MOUZ NXT,108,1025.0,8c0cdb9b6c2df0556f04
2026-06-01,13231,Ursa,109,1024.0,
2026-06-01,13799,PsychoFace,110,1019.0,032eef28ae3540439bcb
2026-06-01,11933,Yawara,111,1019.0,
2026-06-01,13668,Atreides,112,1017.0,
2026-06-01,13331,Kaleido,113,1016.0,
2026-06-01,12536,DEPO,114,1015.0,dfb2413e96fa6e09d875
2026-06-01,13124,Marsborne,115,1010.0,48b57f423ddf478e3c3e
2026-06-01,13173,Phantom,116,1004.0,ebcd61bc27b709150836
2026-06-01,13594,CYBERSHOKE Prospects,117,994.0,1946cba97c12a88f4e2d
2026-06-01,10278,9INE,118,993.0,6841d702ce6000341a27
2026-06-01,6033,Keyd Stars,119,991.0,
2026-06-01,12834,RUSTEC,120,989.0,ae3e0739999dd44e1986
2026-06-01,13479,Omega,121,987.0,8124f8bbbc49482a2df3
2026-06-01,13776,Just Players,122,985.0,00c93be2d895e606b2d0
2026-06-01,13333,ASTRAL,123,980.0,81f5e68099df0d475ef3
2026-06-01,12818,FAVBET,124,980.0,7c5e87f24d0ff0cb4725
2026-06-01,12889,G2 Ares,125,968.0,ed9965b1a9db48ad0b06
2026-06-01,11955,LAG,126,963.0,1e62d46e6fafda8a6e23
2026-06-01,9958,Alter Ego,127,961.0,
2026-06-01,4869,ENCE,128,955.0,a4061a8fe96be6adc150
2026-06-01,7653,Isurus,129,944.0,
2026-06-01,13012,HYPERSPIRIT,130,940.0,
2026-06-01,13403,TNC,131,937.0,bb2912b1abf4a5329cd0
2026-06-01,8536,Ground Zero,132,936.0,
2026-06-01,12194,Rune Eaters,133,934.0,b25799466df088cbac51
2026-06-01,13666,BMZ,134,929.0,
2026-06-01,11555,UNO MILLE,135,929.0,
2026-06-01,9139,BRUTE,136,924.0,5c6cbfcd870288d243e1
2026-06-01,4869,ENCE,137,924.0,23fbf32475964fa1d8d0
2026-06-01,13178,NOVAQ,138,913.0,54a6f5a1f34da08a9392
2026-06-01,7865,HAVU,139,911.0,cafbd75d62b9de4d1423
2026-06-01,6089,The Last Resort,140,910.0,e51e46ade62533cad99a
2026-06-01,11446,Leo,141,909.0,
2026-06-01,13575,WAZABI,142,907.0,
2026-06-01,13310,MANA,143,907.0,
2026-06-01,12267,UNiTY,144,905.0,135d80b16d19a4cf2b21
2026-06-01,13613,Bebop,145,903.0,e485c3ca2122712c6530
2026-06-01,10960,Young Ninjas,146,901.0,63b5e78425de47e3f0b1
2026-06-01,12899,FengDa,147,895.0,
2026-06-01,11555,UNO MILLE,148,892.0,7073277c1782b6f83206
2026-06-01,13163,ALGO,149,885.0,6d64a1dbb12d177cedee
2026-06-01,12087,Lazer Cats,150,884.0,
2026-06-01,13433,Last Bullet,151,881.0,b138310299bababf44af
2026-06-01,13681,Inner Circle Academy,152,872.0,
2026-06-01,13175,Change The Game,153,871.0,557c3d7cbce81167ed72
2026-06-01,13375,SportsBetExpert,154,869.0,0ebc4320265d65fe65d0
2026-06-01,12825,The QUBE,155,864.0,
2026-06-01,5639,aAa,156,864.0,
2026-06-01,11581,HOTU,157,862.0,bfcaeeb6019cb1bf807b
2026-06-01,10867,MASONIC,158,861.0,
2026-06-01,13321,Falcons Force,159,859.0,
2026-06-01,12534,BOSS,160,858.0,7440d730d82ec1270fa9
2026-06-01,13715,Hashiras,161,857.0,c1b98de59b3e8c13d064
2026-06-01,12554,regain,162,853.0,89df96943262dbf71e57
2026-06-01,13573,ex-Zero Tenacity,163,848.0,813971a6c47f31b6eb30
2026-06-01,13735,Haunted House,164,848.0,
2026-06-01,12745,brazylijski luz,165,848.0,
2026-06-01,4246,Enjoy,166,842.0,
2026-06-01,13201,F5,167,832.0,1077c390c0889cf611ac
2026-06-01,11018,megoshort,168,832.0,
2026-06-01,3044,MIBR Academy,169,832.0,45d509d0b413e59f0313
2026-06-01,13857,Iowa Stormboar,170,827.0,d1a0612fbdeb2bb10e71
2026-06-01,12164,Zomblers,171,825.0,
2026-06-01,13403,TNC,172,821.0,
2026-06-01,13827,NEW VISION,173,818.0,
2026-06-01,13053,Just Swing,174,816.0,de0df596adaaa4158306
2026-06-01,7120,Entropy,175,807.0,
2026-06-01,13233,HEROIC Academy,176,806.0,7543f900ceba6f1f3ea5
2026-06-01,10254,BIG Academy,177,802.0,0bc13c14971800e30b3e
2026-06-01,13792,Persona Grata,178,800.0,c8df75e6032b06e674fd
2026-06-01,6810,aimclub,179,798.0,b7417bf13be04fca0304
2026-06-01,13726,METANOIA Wolves,180,795.0,
2026-06-01,12352,Sashi Academy,181,788.0,
2026-06-01,13528,Misa,182,786.0,
2026-06-01,11905,paiN Academy,183,783.0,
2026-06-01,12194,Rune Eaters,184,783.0,
2026-06-01,7187,Nexus,185,783.0,ecea19805ac3bb36b4a8
2026-06-01,13646,Fortress,186,782.0,
2026-06-01,12908,Aether,187,777.0,
2026-06-01,13665,FarmVille,188,775.0,
2026-06-01,13686,Abyssal,189,772.0,
2026-06-01,13364,Famalicão,190,770.0,54ae997fed503317d466
2026-06-01,13524,OLDBOYS PL,191,770.0,
2026-06-01,12988,GameHunters,192,767.0,07e3abb59aafbd11d2e0
2026-06-01,13691,Back to Back,193,758.0,
2026-06-01,13761,Vexar,194,758.0,
2026-06-01,9881,Rooster,195,758.0,
2026-06-01,13664,ex-KRÜ,196,754.0,
2026-06-01,11668,Mindfreak,197,754.0,
2026-06-01,12948,BORING PLAYERS,198,752.0,
2026-06-01,10997,Procyon,199,751.0,b369d457d8472654b588
2026-06-01,12567,Akimbo,200,749.0,
2026-06-01,13551,OlyBet,201,747.0,
2026-06-01,13450,yngods,202,745.0,
2026-06-01,13163,ALGO,203,744.0,aa3b7546ed0fc84fa7da
2026-06-01,13714,DONSTU,204,744.0,902534a456b2b4fcb254
2026-06-01,11110,Honvéd,205,742.0,
2026-06-01,13778,insane players,206,739.0,
2026-06-01,13791,Julie&Cie,207,735.0,
2026-06-01,10567,SAW,208,734.0,179bdc3f5ac646be126d
2026-06-01,10333,Sangal,209,734.0,c09bdf32e64ec9eb1f32
2026-06-01,13689,Fuzos,210,734.0,
2026-06-01,9735,Lilmix,211,729.0,86ec571d574992444ac0
2026-06-01,13413,Vasco,212,725.0,da95e6e7bc6013aa8c91
2026-06-01,13729,EMPIRE,213,725.0,
2026-06-01,13026,BESTIA Academy,214,724.0,
2026-06-01,13856,ex-Aether,215,722.0,
2026-06-01,12363,Arcade,216,719.0,
2026-06-01,9735,Lilmix,217,716.0,
2026-06-01,13475,FOLHA AMARELA,218,716.0,
2026-06-01,13414,Rave,219,714.0,d07f080d402802bb43ad
2026-06-01,13425,Reign Above,220,712.0,f203bf60af884d505ba4
2026-06-01,12457,ROUNDS,221,712.0,
2026-06-01,12534,BOSS,222,708.0,f56448ed065525d01e79
2026-06-01,12857,FORZE Reload,223,703.0,2f9ca71da4eeb149c84d
2026-06-01,13789,Subtop De France,224,703.0,
2026-06-01,13858,cirahvi,225,700.0,
2026-06-01,13237,AM,226,699.0,75764fa2a7fbe889d63c
2026-06-01,13552,Endless Journey,227,698.0,
2026-06-01,13756,ALKA,228,693.0,
2026-06-01,13599,benched gods,229,693.0,
2026-06-01,13327,R2,230,692.0,
2026-06-01,11553,Dripmen,232,690.0,
2026-06-01,11312,QUAZAR,233,690.0,52dd62918cc4f253eb05
2026-06-01,13161,eternal premium,234,688.0,
2026-06-01,13812,Project 91,235,687.0,892843ad4a3c8506645c
2026-06-01,11129,bankaPEPSI,236,686.0,
2026-06-01,13775,playersclub,237,686.0,
2026-06-01,13159,Prestige,238,686.0,4c52ca5f76030b757d40
2026-06-01,13281,Bushido Wildcats,239,681.0,347e60be70d4afed29f5
2026-06-01,12366,Aurora Young Blud,240,681.0,
2026-06-01,10864,VP.Prodigy,241,677.0,
2026-06-01,12812,ALLINNERS,242,675.0,0d15811b7d02be4f9cbe
2026-06-01,13834,A Great Chaos,243,668.0,
2026-06-01,12568,EC BANGA,244,667.0,
2026-06-01,13736,Sensation,245,664.0,
2026-06-01,13546,Strael Bora,246,662.0,
2026-06-01,12971,Wanted Goons,247,660.0,
2026-06-01,13787,ZEVS,248,659.0,
2026-06-01,12745,brazylijski luz,249,657.0,
2026-06-01,10567,SAW,250,656.0,9c3bd9b3ce1afe43eeb7
2026-06-01,12846,M1X KS,251,654.0,
2026-06-01,13703,ex-Fingers Crossed,252,653.0,46f946b744b4ae0ae98c
2026-06-01,13845,Dark Moon,253,651.0,
2026-06-01,13757,ACROBATS,254,649.0,944ca66770db484f1cbc
2026-06-01,13613,Bebop,255,647.0,
2026-06-01,10287,Legion,256,646.0,
2026-06-01,13476,VEXA,257,640.0,
2026-06-01,13794,900FPSvsECO,258,640.0,
2026-06-01,12421,Let Her Cook,259,638.0,96b84b75df8cd325f8bd
2026-06-01,13665,FarmVille,260,634.0,
2026-06-01,11251,Eternal Fire,261,629.0,82800d3685edecf8170c
2026-06-01,13643,rottweilers,262,628.0,
2026-06-01,12960,Fire Flux,263,627.0,13fc1402433e4224d17a
2026-06-01,13294,Outfit 49,264,623.0,
2026-06-01,13502,Arise,265,622.0,
2026-06-01,6788,Crashers,266,620.0,
2026-06-01,13745,KUUSAMO,267,619.0,
2026-06-01,11711,Players,268,619.0,
2026-06-01,11668,Mindfreak,269,617.0,
2026-06-01,13642,SIXSEVEN,270,613.0,27fa8b589766a53b6a19
2026-06-01,13803,DNK,271,611.0,
2026-06-01,13797,ZOTIX,272,605.0,
2026-06-01,12988,GameHunters,273,604.0,d6024adb56da337980e3
2026-06-01,13788,Clutchain fe,274,602.0,
2026-06-01,13014,Wave,275,599.0,
2026-06-01,13574,Club 333,276,596.0,
2026-06-01,13725,GUARA,277,596.0,
2026-06-01,12276,DXA,278,595.0,
2026-06-01,13704,Drama,279,594.0,
2026-06-01,13238,JUMBO,280,592.0,
2026-06-01,10838,Incognito,281,592.0,
2026-06-01,13746,MTX,282,587.0,
2026-06-01,13355,Nemesis,283,587.0,ceca78b6e11a5b2a0cb3
2026-06-01,11275,NSN,284,587.0,
2026-06-01,11718,BIG EQUIPA,285,586.0,d12495477296fea24ee2
2026-06-01,13753,Basement Bobs,286,586.0,
2026-06-01,10823,INFINITE,287,586.0,
2026-06-01,13516,Fingers Crossed fe,288,584.0,c69b7df44fd80035b2bb
2026-06-01,13660,Ding Cuts,289,583.0,
2026-06-01,10976,FURIA fe,290,583.0,10dd16af0d8ef7254cf3
2026-06-01,13798,Clutchain,291,581.0,
2026-06-01,13743,bond1e,292,580.0,
2026-06-01,13766,Phantom Academy,293,579.0,
2026-06-01,13698,GAMEHARMONY,294,575.0,
2026-06-01,9621,AaB,295,575.0,c2a8aa8ccbc2055a3292
2026-06-01,13265,MAGICOS,296,573.0,
2026-06-01,13395,hindsight,297,567.0,
2026-06-01,10679,Red Feet,298,561.0,
2026-06-01,12301,FlyQuest RED,299,558.0,5033f24a7aa7b0bf1c6e
2026-06-01,13419,Venom,300,553.0,34ede30a39edceb4e4f4
2026-06-01,13471,ALZON,301,552.0,
2026-06-01,13705,Imperial Academy,302,551.0,
2026-06-01,13214,SPARTA,303,547.0,2d1bdedd60fc86200dd8
2026-06-01,9942,MARKandLARRY,304,541.0,
2026-06-01,11433,Surge,305,539.0,
2026-06-01,11999,Grindas,306,536.0,e3c223f97d9d08700f8a
2026-06-01,13571,SINQU,307,536.0,97282c67feb029394a01
2026-06-01,13662,home,308,536.0,
2026-06-01,13826,Nas,309,535.0,
2026-06-01,13685,Skele,310,534.0,
2026-06-01,12973,NuTorious,311,533.0,
2026-06-01,13661,mouse,312,533.0,
2026-06-01,13770,Unitronics,313,533.0,
2026-06-01,13657,Blitzkrieg,314,531.0,
2026-06-01,9139,BRUTE,315,530.0,7f8a89194296ac5c14b3
2026-06-01,13730,BA 2,316,530.0,
2026-06-01,13501,illwill,317,528.0,5d6607e2e9131ce36975
2026-06-01,9139,BRUTE,318,528.0,
2026-06-01,10299,FURY,319,524.0,
2026-06-01,11711,Players,320,523.0,
2026-06-01,13577,MUERTA,321,522.0,
2026-06-01,13242,XDM,322,522.0,460f2945a49655b53c31
2026-06-01,13716,IDoPieca,323,521.0,
2026-06-01,12533,Atrix,324,520.0,
2026-06-01,12960,Fire Flux,325,516.0,
2026-06-01,13697,DAMAJUANA,326,512.0,
2026-06-01,12190,Shimmer,327,512.0,
2026-06-01,13706,Pugdesonesto,328,506.0,
2026-06-01,13651,ReThink,329,504.0,
2026-06-01,13270,girl kissers,330,503.0,
2026-06-01,13425,Reign Above,331,502.0,
2026-06-01,13342,Bad Luck,332,502.0,
2026-06-01,11018,megoshort,333,500.0,05a7293f4e2106957e49
2026-06-01,13534,Memeories,334,494.0,
2026-06-01,13614,japczany,335,494.0,
2026-06-01,13774,FRZ,336,491.0,
2026-06-01,13265,MAGICOS,337,489.0,
2026-06-01,13519,Charrados,338,485.0,
2026-06-01,12694,RUBY,339,483.0,a4cfafa28a6a55aa2b69
2026-06-01,13708,5Actors,340,482.0,090af28c5f21b7845839
2026-06-01,4548,CPH Wolves,341,482.0,c7762212e7bb2338b84c
2026-06-01,13512,Prison Breakers,342,478.0,47db532c9c7f5c349ed5
2026-06-01,13624,ELITES,343,476.0,
2026-06-01,13662,home,344,476.0,
2026-06-01,13629,HereWeGoAgain,345,474.0,
2026-06-01,13629,HereWeGoAgain,346,472.0,
2026-06-01,13777,PURE,347,463.0,
2026-06-01,11109,BBBMBCBS,348,462.0,
2026-06-01,10901,OverKnight,349,457.0,
2026-06-01,5479,Mythic,350,452.0,2eb72eae58d9b796bd40
2026-06-01,13712,Z7,351,447.0,
2026-06-01,13676,LAGUNA,352,447.0,
2026-06-01,13707,Younglings,353,439.0,
2026-06-01,13563,Diamant,354,439.0,
2026-06-01,13610,Beyond Limits,355,425.0,
2026-06-01,13809,low cortisol,356,425.0,
2026-06-01,13116,UR,357,422.0,
2026-06-01,9719,OKSUCC,358,417.0,
2026-06-01,6033,Keyd Stars,359,416.0,16a081214320bf9daeb6
2026-06-01,13294,Outfit 49,360,414.0,fc14f9f1b6295f49f03d
2026-06-01,13142,AKA HERO KAJO,361,406.0,
2026-06-01,10943,777,362,400.0,865353f4eb0937684a62
2026-06-01,13047,EXSAD,363,398.0,
2026-06-01,13543,Time Waves,364,397.0,
2026-07-06,7020,Spirit,1,1993.0,14048abbf062f10a8a24
2026-07-06,11283,Falcons,2,1988.0,fa8d993a96ce3adabef3
2026-07-06,9565,Vitality,3,1908.0,91c93eb867d7d47bf729
2026-07-06,4608,Natus Vincere,4,1837.0,9d2b566c8472997adfa4
2026-07-06,8297,FURIA,5,1797.0,e0362dcbafd342d82962
2026-07-06,4494,MOUZ,6,1762.0,1bf99a6f3e9f2b1bd4a9
2026-07-06,12468,Legacy,7,1752.0,2a8806f4822238e9a8ab
2026-07-06,11861,Aurora,8,1723.0,cbc5b9bb3769e1b3d58c
2026-07-06,5995,G2,9,1713.0,a4938af082ccd5b989a6
2026-07-06,12394,BetBoom,10,1705.0,74f075c0f766053b8a3c
2026-07-06,13286,FUT,11,1692.0,d3179d30c0f804c093f7
2026-07-06,9996,9z,12,1684.0,26629d7dd5e4a60e1228
2026-07-06,6248,The MongolZ,13,1644.0,205ddf8f18a2672fc97c
2026-07-06,11241,B8,14,1563.0,93a45352761666244eb5
2026-07-06,6665,Astralis,15,1551.0,c8d9aa6d3f48b13980c6
2026-07-06,9928,GamerLegion,16,1534.0,
2026-07-06,11811,Monte,17,1519.0,7aa468525cb3b414a8bc
2026-07-06,9215,MIBR,18,1518.0,3a4cd843e3fd795394e8
2026-07-06,12467,PARIVISION,19,1483.0,1b1217ac8c10e36bc2f4
2026-07-06,13592,magic,20,1453.0,f0a5bed2025716cef475
2026-07-06,4773,paiN,21,1441.0,
2026-07-06,4863,TYLOO,22,1422.0,05a56bdf4b57fcae5437
2026-07-06,6667,FaZe,23,1404.0,78538139155a44af60f9
2026-07-06,12376,M80,24,1391.0,b8f718041db8bac2e331
2026-07-06,13117,Inner Circle,25,1372.0,82071ca5dd86ae09ac80
2026-07-06,7532,BIG,26,1371.0,4d6af2ad9a22ed3240f5
2026-07-06,12474,Alliance,27,1365.0,e66fcd64cfe5cf8f8ff5
2026-07-06,4411,Ninjas in Pyjamas,28,1358.0,1a67dd87e16b576f53f6
2026-07-06,8840,Lynn Vision,29,1350.0,dbed042ec191be814f2c
2026-07-06,12257,Wildcard,30,1338.0,e084f753677bdc11410f
2026-07-06,8113,Sharks,31,1316.0,05357aa633fe11759c40
2026-07-06,13027,Nuclear TigeRES,32,1307.0,1ee5acb720df1bb50596
2026-07-06,4914,3DMAX,33,1291.0,
2026-07-06,11581,HOTU,34,1281.0,799303ae2e78af257279
2026-07-06,10823,INFINITE,35,1273.0,fdc3453f77f54b677754
2026-07-06,13355,Nemesis,36,1272.0,52b39665597c7c0bef39
2026-07-06,13644,TDK,37,1268.0,556338662212f778ab73
2026-07-06,7175,HEROIC,38,1268.0,2e9c58aeb5c57155eaf2
2026-07-06,13404,Gentle Mates,39,1261.0,d807a95213fd6aab9a51
2026-07-06,13871,Echo,40,1257.0,
2026-07-06,11737,EYEBALLERS,41,1252.0,7cfc35758b87beeaec16
2026-07-06,8474,100 Thieves,42,1251.0,278d351c9f217b8d7f8d
2026-07-06,13808,Walczaki,43,1250.0,335cfe57911dc17efbcb
2026-07-06,5973,Liquid,44,1248.0,02b3dad2593e2c1cf5f4
2026-07-06,13679,FOKUS,45,1240.0,a64db9440de6f9c2982e
2026-07-06,13518,Acend,46,1235.0,9d9fd28afd24d0c2b85c
2026-07-06,12895,K27,47,1227.0,b7826d7049989d4816a1
2026-07-06,5378,Virtus.pro,48,1223.0,c1ddc4dbd072559d3f5b
2026-07-06,10245,JiJieHao,49,1208.0,b4056806b5e2be8b942c
2026-07-06,10577,SINNERS,50,1195.0,f9db3f6e7670b3bfa33b
2026-07-06,7969,Nemiga,51,1191.0,70b9ebed80b82e1755ac
2026-07-06,13617,ex-RUBY,52,1156.0,b5f89cf233a35ebf040e
2026-07-06,12144,BESTIA,53,1153.0,dc9c7e9cb94caee9c7ac
2026-07-06,10621,1win,54,1147.0,582e4bc55e27dc0f56cb
2026-07-06,6673,NRG,55,1145.0,f7445e78568da096c71a
2026-07-06,12774,FlyQuest,56,1142.0,63f33835a6fe657c9ce4
2026-07-06,11712,Sashi,57,1119.0,4c8a28c856ac6c256fd4
2026-07-06,12959,ShindeN,58,1118.0,
2026-07-06,13499,Voca,59,1114.0,6cbe43b53f1de08a2516
2026-07-06,13486,THUNDER dOWNUNDER,60,1106.0,37b8d597de5be61440f7
2026-07-06,13304,LP,61,1103.0,f05957b82dce82160422
2026-07-06,11641,Metizport,62,1102.0,510fbf4f7d35b68ef272
2026-07-06,10459,ARCRED,63,1099.0,47e71eaa76b5fa3267f5
2026-07-06,13594,CYBERSHOKE Prospects,64,1096.0,1946cba97c12a88f4e2d
2026-07-06,11251,Eternal Fire,65,1096.0,ef1ff3938631321a7a78
2026-07-06,13814,INOX Division,66,1095.0,fc8c472e16bb7a27aa20
2026-07-06,13173,Phantom,67,1093.0,ebcd61bc27b709150836
2026-07-06,10503,OG,68,1093.0,d9a73821e0b4f55492ac
2026-07-06,13623,STATE,69,1088.0,02719e07c49e93b5c038
2026-07-06,4991,fnatic,70,1083.0,c0828b31f530161b9faf
2026-07-06,13724,5star,71,1081.0,a85cef74e8f56e40d059
2026-07-06,12380,CYBERSHOKE,72,1078.0,e80ce46dce541868371b
2026-07-06,10278,9INE,73,1071.0,443c4615601cd0b15794
2026-07-06,12510,The Huns,74,1069.0,3e5225d5ac3f5f08f2fd
2026-07-06,13181,BASEMENT BOYS,75,1069.0,ffc6058811a79f0d0c78
2026-07-06,13314,KOLESIE,76,1067.0,e8287d89dea8c1e92e4d
2026-07-06,11571,Gaimin Gladiators,77,1066.0,e497530fd06760744e1a
2026-07-06,12916,Betclic,78,1064.0,984b00f1a8077e81507c
2026-07-06,12604,Johnny Speeds,79,1061.0,5b822390018de906b2e7
2026-07-06,13237,AM,80,1059.0,1c299998799f5210370e
2026-07-06,12426,Passion UA,81,1058.0,c1717c6bbcf5638ad467
2026-07-06,11609,GenOne,82,1046.0,7b43f0d89764c946cc6e
2026-07-06,12609,Lavked,83,1038.0,4542fec7a3ecf4bf4af3
2026-07-06,9686,Turma do Pagode,84,1035.0,aeb0162d9f1ca5a689ff
2026-07-06,13553,Oxuji,85,1033.0,
2026-07-06,12677,Galorys,86,1029.0,159d5a78a9fbbd876d68
2026-07-06,13107,Chicken Coop,87,1023.0,
2026-07-06,12967,WW,88,1019.0,1a3dcfff1ae4dff47e60
2026-07-06,13619,BET-M,89,1015.0,c93afad3985eb352df7c
2026-07-06,13838,EAC,90,1013.0,277bbd479dcb475c9994
2026-07-06,9455,Imperial,91,1009.0,110d5035a28e4fb1fe97
2026-07-06,12646,Chinggis Warriors,92,1009.0,4f71830ed12ece962920
2026-07-06,12769,Fisher College,93,1007.0,508684bdc5b8b876b8c6
2026-07-06,7176,RED Canids,95,1002.0,
2026-07-06,13124,Marsborne,96,999.0,48b57f423ddf478e3c3e
2026-07-06,11837,Fluxo,97,994.0,9e314b60b5d2a2436771
2026-07-06,13501,illwill,98,992.0,0fd23724f279a2fe1534
2026-07-06,13667,NEXVOID,99,990.0,2bde7389cf2a5a29ff44
2026-07-06,13479,Omega,100,981.0,8124f8bbbc49482a2df3
2026-07-06,12901,SemperFi,101,980.0,879d9886680924226fd0
2026-07-06,12776,Bounty Hunters,102,979.0,43702405db407426c08d
2026-07-06,13231,Ursa,103,969.0,
2026-07-06,11446,Leo,104,967.0,
2026-07-06,11419,ECSTATIC,105,966.0,38feabbd02bc1a45468d
2026-07-06,13333,ASTRAL,106,959.0,81f5e68099df0d475ef3
2026-07-06,10333,Sangal,107,951.0,1f39a9823201026e22bb
2026-07-06,13214,SPARTA,108,950.0,5164102d4124bfadc840
2026-07-06,12536,DEPO,109,949.0,9b70f8642ef055c20cb4
2026-07-06,13501,illwill,110,942.0,b64e267724655fc75998
2026-07-06,13868,DragonClaw,111,936.0,e050cd797127c9424139
2026-07-06,13124,Marsborne,112,929.0,c486910f1c211a302ecb
2026-07-06,13081,Fake do Biru,113,928.0,4d41d59cccccd02ba1f8
2026-07-06,11555,UNO MILLE,114,926.0,
2026-07-06,11176,MOUZ NXT,115,922.0,8c0cdb9b6c2df0556f04
2026-07-06,13805,Washed,116,921.0,
2026-07-06,12889,G2 Ares,117,920.0,ed9965b1a9db48ad0b06
2026-07-06,13799,PsychoFace,118,916.0,032eef28ae3540439bcb
2026-07-06,13054,PCIFIC,119,916.0,
2026-07-06,11514,Rare Atom,120,914.0,dfac3fc8bf9bc1fcb0b1
2026-07-06,6033,Keyd Stars,121,912.0,
2026-07-06,12878,BC.Game,122,908.0,ae6bcae18d9a803e55f9
2026-07-06,11933,Yawara,123,903.0,
2026-07-06,10960,Young Ninjas,124,899.0,63b5e78425de47e3f0b1
2026-07-06,10867,MASONIC,125,897.0,
2026-07-06,13331,Kaleido,126,896.0,
2026-07-06,12194,Rune Eaters,127,891.0,b25799466df088cbac51
2026-07-06,13613,Bebop,128,890.0,fcbafb946053f287d542
2026-07-06,13012,HYPERSPIRIT,129,887.0,dd433dc1372c447eea34
2026-07-06,12818,FAVBET,130,885.0,7c5e87f24d0ff0cb4725
2026-07-06,13776,Just Players,131,884.0,00c93be2d895e606b2d0
2026-07-06,6089,The Last Resort,132,884.0,e51e46ade62533cad99a
2026-07-06,13651,ReThink,133,882.0,
2026-07-06,7187,Nexus,134,879.0,574b0d3cf2502fc2ba03
2026-07-06,13573,ex-Zero Tenacity,135,877.0,813971a6c47f31b6eb30
2026-07-06,9958,Alter Ego,136,871.0,
2026-07-06,11955,LAG,137,867.0,7fb15e71b243cf94d6d8
2026-07-06,9139,BRUTE,138,862.0,5c6cbfcd870288d243e1
2026-07-06,12967,WW,139,861.0,79767b0fe3c118fe4bcf
2026-07-06,10854,los kogutos,140,860.0,bb2912b1abf4a5329cd0
2026-07-06,4246,Enjoy,141,860.0,
2026-07-06,12834,RUSTEC,142,859.0,ae3e0739999dd44e1986
2026-07-06,13681,Inner Circle Academy,143,859.0,
2026-07-06,11312,QUAZAR,144,859.0,bd4c1abf3532e6173417
2026-07-06,7653,Isurus,145,853.0,
2026-07-06,13178,NOVAQ,146,852.0,54a6f5a1f34da08a9392
2026-07-06,13375,SportsBetExpert,147,851.0,0ebc4320265d65fe65d0
2026-07-06,13668,Atreides,148,851.0,
2026-07-06,11110,Honvéd,149,840.0,
2026-07-06,13281,Bushido Wildcats,150,839.0,347e60be70d4afed29f5
2026-07-06,13666,BMZ,151,838.0,
2026-07-06,4869,ENCE,152,836.0,23fbf32475964fa1d8d0
2026-07-06,12745,brazylijski luz,153,833.0,
2026-07-06,13552,Endless Journey,154,830.0,
2026-07-06,13314,KOLESIE,155,829.0,
2026-07-06,13163,ALGO,156,825.0,6d64a1dbb12d177cedee
2026-07-06,6810,aimclub,157,825.0,b7417bf13be04fca0304
2026-07-06,13575,WAZABI,158,819.0,
2026-07-06,7865,HAVU,159,816.0,cafbd75d62b9de4d1423
2026-07-06,13892,ex-MANA,160,815.0,
2026-07-06,8536,Ground Zero,161,813.0,
2026-07-06,13888,roamsfiest,162,813.0,
2026-07-06,12267,UNiTY,163,813.0,135d80b16d19a4cf2b21
2026-07-06,11446,Leo,164,813.0,b3ce33756740485a0960
2026-07-06,13877,Noir Verse,165,812.0,
2026-07-06,13894,Mai Tai,166,811.0,
2026-07-06,11555,UNO MILLE,167,808.0,7073277c1782b6f83206
2026-07-06,13433,Last Bullet,168,806.0,b138310299bababf44af
2026-07-06,4869,ENCE,169,806.0,a4061a8fe96be6adc150
2026-07-06,3044,MIBR Academy,170,805.0,45d509d0b413e59f0313
2026-07-06,12554,regain,171,805.0,89df96943262dbf71e57
2026-07-06,13715,Hashiras,172,804.0,c1b98de59b3e8c13d064
2026-07-06,13857,Iowa Stormboar,173,799.0,9dfb1cf2f9ff7b9c9083
2026-07-06,12899,FengDa,174,796.0,
2026-07-06,13175,Change The Game,175,790.0,557c3d7cbce81167ed72
2026-07-06,10278,9INE,176,789.0,6841d702ce6000341a27
2026-07-06,12534,BOSS,177,787.0,7440d730d82ec1270fa9
2026-07-06,9881,Rooster,178,780.0,
2026-07-06,8536,Ground Zero,179,779.0,
2026-07-06,12825,The QUBE,180,779.0,
2026-07-06,11581,HOTU,181,778.0,bfcaeeb6019cb1bf807b
2026-07-06,13735,Haunted House,182,776.0,
2026-07-06,12352,Sashi Academy,183,776.0,
2026-07-06,11248,SAW Youngsters,184,775.0,d0b40adb3da8c9644e5b
2026-07-06,12087,Lazer Cats,185,773.0,
2026-07-06,12164,Zomblers,186,771.0,
2026-07-06,10975,MIBR fe,187,771.0,9b56a68b02d01406acef
2026-07-06,7120,Entropy,188,767.0,
2026-07-06,13321,Falcons Force,189,766.0,60ac4688d84a3a45ffce
2026-07-06,13233,HEROIC Academy,190,762.0,7543f900ceba6f1f3ea5
2026-07-06,5639,aAa,191,762.0,
2026-07-06,13201,F5,192,761.0,1077c390c0889cf611ac
2026-07-06,13528,Misa,193,760.0,
2026-07-06,13524,OLDBOYS PL,194,759.0,
2026-07-06,13747,BERG,195,751.0,
2026-07-06,13053,Just Swing,196,749.0,de0df596adaaa4158306
2026-07-06,13683,WBT,197,748.0,
2026-07-06,13726,METANOIA Wolves,198,745.0,
2026-07-06,13646,Fortress,199,744.0,
2026-07-06,11905,paiN Academy,200,743.0,
2026-07-06,13761,Vexar,201,741.0,
2026-07-06,13665,FarmVille,202,740.0,
2026-07-06,13714,DONSTU,203,738.0,
2026-07-06,13766,Phantom Academy,204,733.0,
2026-07-06,13237,AM,205,731.0,58b43b63fd6e2e22c967
2026-07-06,12960,Fire Flux,206,731.0,
2026-07-06,7875,struggletony,207,727.0,
2026-07-06,12908,Aether,208,727.0,
2026-07-06,13827,NEW VISION,209,726.0,
2026-07-06,13161,eternal premium,210,723.0,
2026-07-06,11018,megoshort,211,723.0,
2026-07-06,13546,Strael Bora,212,720.0,
2026-07-06,13664,ex-KRÜ,213,712.0,
2026-07-06,13889,train launcher,214,711.0,
2026-07-06,13856,ex-Aether,215,709.0,
2026-07-06,11699,BAKS,216,708.0,
2026-07-06,13778,insane players,217,708.0,
2026-07-06,12567,Akimbo,218,707.0,
2026-07-06,13691,Back to Back,219,705.0,
2026-07-06,12948,BORING PLAYERS,220,704.0,
2026-07-06,9735,Lilmix,221,702.0,86ec571d574992444ac0
2026-07-06,11668,Mindfreak,222,701.0,
2026-07-06,13729,EMPIRE,223,699.0,
2026-07-06,12988,GameHunters,224,699.0,
2026-07-06,10997,Procyon,225,699.0,b369d457d8472654b588
2026-07-06,10254,BIG Academy,226,696.0,0bc13c14971800e30b3e
2026-07-06,13450,yngods,227,695.0,
2026-07-06,13425,Reign Above,228,694.0,f203bf60af884d505ba4
2026-07-06,13364,Famalicão,229,694.0,54ae997fed503317d466
2026-07-06,13686,Abyssal,230,690.0,
2026-07-06,12457,ROUNDS,231,688.0,
2026-07-06,7187,Nexus,232,687.0,ecea19805ac3bb36b4a8
2026-07-06,12194,Rune Eaters,233,687.0,
2026-07-06,13574,Club 333,234,686.0,
2026-07-06,13776,Just Players,235,684.0,
2026-07-06,13789,Subtop De France,236,684.0,
2026-07-06,13026,BESTIA Academy,237,681.0,
2026-07-06,13599,benched gods,238,681.0,
2026-07-06,13413,Vasco,239,677.0,da95e6e7bc6013aa8c91
2026-07-06,11795,Villainous,240,675.0,
2026-07-06,12363,Arcade,241,674.0,
2026-07-06,6033,Keyd Stars,242,673.0,
2026-07-06,13689,Fuzos,243,672.0,
2026-07-06,9735,Lilmix,244,670.0,
2026-07-06,13858,cirahvi,245,670.0,
2026-07-06,11553,Dripmen,246,668.0,
2026-07-06,12971,Wanted Goons,247,666.0,
2026-07-06,13791,Julie&Cie,248,666.0,
2026-07-06,13865,Arch,249,665.0,
2026-07-06,13756,ALKA,250,664.0,
2026-07-06,13837,SHISHKA,251,662.0,cb5413a184cb101e8d2c
2026-07-06,11129,bankaPEPSI,252,659.0,
2026-07-06,13475,FOLHA AMARELA,253,659.0,
2026-07-06,10333,Sangal,254,657.0,c09bdf32e64ec9eb1f32
2026-07-06,13173,Phantom,255,657.0,9a0597b081388a585fe0
2026-07-06,13834,A Great Chaos,256,654.0,
2026-07-06,13327,R2,257,653.0,
2026-07-06,13414,Rave,258,650.0,d07f080d402802bb43ad
2026-07-06,12534,BOSS,259,648.0,f56448ed065525d01e79
2026-07-06,13792,Persona Grata,260,646.0,c8df75e6032b06e674fd
2026-07-06,13366,Invicta,261,644.0,
2026-07-06,13551,OlyBet,262,642.0,
2026-07-06,11336,DETONATE,263,642.0,
2026-07-06,8947,XI,264,639.0,
2026-07-06,13845,Dark Moon,265,639.0,
2026-07-06,13788,Clutchain fe,266,637.0,
2026-07-06,13855,Overtake Sector,267,635.0,
2026-07-06,13736,Sensation,268,634.0,
2026-07-06,13787,ZEVS,269,633.0,
2026-07-06,13014,Wave,270,631.0,
2026-07-06,12190,Shimmer,271,630.0,
2026-07-06,13794,900FPSvsECO,272,628.0,
2026-07-06,13775,playersclub,273,626.0,
2026-07-06,12366,Aurora Young Blud,275,625.0,
2026-07-06,13665,FarmVille,276,622.0,
2026-07-06,12421,Let Her Cook,277,616.0,96b84b75df8cd325f8bd
2026-07-06,11278,Coalesce,278,616.0,
2026-07-06,12568,EC BANGA,279,615.0,
2026-07-06,12812,ALLINNERS,280,614.0,0d15811b7d02be4f9cbe
2026-07-06,12276,DXA,281,614.0,
2026-07-06,9942,MARKandLARRY,282,612.0,
2026-07-06,13159,Prestige,283,610.0,4c52ca5f76030b757d40
2026-07-06,12846,M1X KS,284,607.0,
2026-07-06,13803,DNK,285,607.0,
2026-07-06,10287,Legion,286,606.0,
2026-07-06,13294,Outfit 49,287,605.0,
2026-07-06,13476,VEXA,288,605.0,
2026-07-06,13797,ZOTIX,289,602.0,
2026-07-06,13745,KUUSAMO,290,600.0,
2026-07-06,13757,ACROBATS,291,598.0,944ca66770db484f1cbc
2026-07-06,12533,Atrix,292,598.0,2f6b8f40e062c2af2ee7
2026-07-06,6788,Crashers,293,598.0,
2026-07-06,13660,Ding Cuts,294,596.0,
2026-07-06,11711,Players,295,591.0,
2026-07-06,13643,rottweilers,296,590.0,
2026-07-06,13502,Arise,297,586.0,
2026-07-06,13725,GUARA,298,582.0,
2026-07-06,10864,VP.Prodigy,299,579.0,
2026-07-06,13746,MTX,300,578.0,
2026-07-06,13732,B8 Academy,301,574.0,
2026-07-06,10976,FURIA fe,302,573.0,10dd16af0d8ef7254cf3
2026-07-06,13516,Fingers Crossed fe,303,573.0,c69b7df44fd80035b2bb
2026-07-06,11718,BIG EQUIPA,304,572.0,d12495477296fea24ee2
2026-07-06,13613,Bebop,305,568.0,
2026-07-06,10838,Incognito,306,566.0,
2026-07-06,13884,Olympus,307,566.0,
2026-07-06,13753,Basement Bobs,308,565.0,
2026-07-06,12857,FORZE Reload,309,562.0,
2026-07-06,13704,Drama,310,562.0,
2026-07-06,13395,hindsight,311,560.0,
2026-07-06,13798,Clutchain,312,559.0,
2026-07-06,13703,ex-Fingers Crossed,313,559.0,46f946b744b4ae0ae98c
2026-07-06,12301,FlyQuest RED,314,558.0,5033f24a7aa7b0bf1c6e
2026-07-06,9621,AaB,315,552.0,bf11301f0861eeb7f77e
2026-07-06,11275,NSN,316,551.0,
2026-07-06,13743,bond1e,317,550.0,
2026-07-06,13238,JUMBO,318,546.0,
2026-07-06,13265,MAGICOS,319,541.0,
2026-07-06,10823,INFINITE,320,538.0,
2026-07-06,11251,Eternal Fire,321,537.0,82800d3685edecf8170c
2026-07-06,12988,GameHunters,322,537.0,d6024adb56da337980e3
2026-07-06,13870,Wingman,323,534.0,
2026-07-06,13471,ALZON,324,528.0,
2026-07-06,10679,Red Feet,325,527.0,
2026-07-06,13163,ALGO,326,527.0,aa3b7546ed0fc84fa7da
2026-07-06,13705,Imperial Academy,327,526.0,
2026-07-06,10299,FURY,328,523.0,
2026-07-06,13662,home,329,518.0,
2026-07-06,11433,Surge,330,518.0,
2026-07-06,13214,SPARTA,331,518.0,2d1bdedd60fc86200dd8
2026-07-06,13895,SINQU REHTI,332,516.0,
2026-07-06,13571,SINQU,333,515.0,97282c67feb029394a01
2026-07-06,13698,GAMEHARMONY,334,515.0,
2026-07-06,13685,Skele,335,514.0,
2026-07-06,13826,Nas,336,514.0,
2026-07-06,13770,Unitronics,337,511.0,
2026-07-06,13657,Blitzkrieg,338,510.0,
2026-07-06,9199,Aimhaus,339,507.0,
2026-07-06,11999,Grindas,340,505.0,
2026-07-06,13716,IDoPieca,341,505.0,
2026-07-06,13777,PURE,342,504.0,
2026-07-06,9139,BRUTE,343,503.0,7f8a89194296ac5c14b3
2026-07-06,13242,XDM,344,503.0,460f2945a49655b53c31
2026-07-06,13270,girl kissers,345,498.0,
2026-07-06,13697,DAMAJUANA,346,498.0,
2026-07-06,12973,NuTorious,347,498.0,
2026-07-06,11711,Players,348,495.0,
2026-07-06,13563,Diamant,349,490.0,
2026-07-06,11018,megoshort,350,489.0,05a7293f4e2106957e49
2026-07-06,13706,Pugdesonesto,351,485.0,
2026-07-06,13342,Bad Luck,352,483.0,
2026-07-06,13519,Charrados,353,482.0,
2026-07-06,13662,home,354,482.0,
2026-07-06,5479,Mythic,355,480.0,2eb72eae58d9b796bd40
2026-07-06,13624,ELITES,356,478.0,
2026-07-06,13774,FRZ,357,478.0,
2026-07-06,9139,BRUTE,358,477.0,
2026-07-06,13614,japczany,359,474.0,
2026-07-06,13265,MAGICOS,360,473.0,
2026-07-06,13629,HereWeGoAgain,361,468.0,
2026-07-06,13629,HereWeGoAgain,362,465.0,
2026-07-06,13512,Prison Breakers,363,464.0,47db532c9c7f5c349ed5
2026-07-06,11109,BBBMBCBS,364,463.0,
2026-07-06,10901,OverKnight,365,462.0,
2026-07-06,13708,5Actors,366,456.0,090af28c5f21b7845839
2026-07-06,13882,6666,367,438.0,
2026-07-06,12352,Sashi Academy,368,435.0,
2026-07-06,13676,LAGUNA,369,435.0,
2026-07-06,13712,Z7,370,433.0,
2026-07-06,13279,LPH,371,424.0,
2026-07-06,13707,Younglings,372,422.0,
2026-07-06,13116,UR,373,414.0,
2026-07-06,9719,OKSUCC,374,413.0,
2026-07-06,13142,AKA HERO KAJO,375,401.0,
2026-07-06,10943,777,376,401.0,865353f4eb0937684a62
2026-07-06,13642,SIXSEVEN,377,400.0,
2026-07-06,13543,Time Waves,378,392.0,
2026-08-03,7020,Spirit,1,2011.0,14048abbf062f10a8a24
2026-08-03,11283,Falcons,2,1950.0,fa8d993a96ce3adabef3
2026-08-03,4494,MOUZ,3,1873.0,
2026-08-03,9996,9z,4,1847.0,26629d7dd5e4a60e1228
2026-08-03,9565,Vitality,5,1836.0,91c93eb867d7d47bf729
2026-08-03,4608,Natus Vincere,6,1802.0,9d2b566c8472997adfa4
2026-08-03,12468,Legacy,7,1773.0,2a8806f4822238e9a8ab
2026-08-03,8297,FURIA,8,1771.0,e0362dcbafd342d82962
2026-08-03,12394,BetBoom,9,1742.0,74f075c0f766053b8a3c
2026-08-03,11861,Aurora,10,1690.0,60e33272652b581b11b5
2026-08-03,5995,G2,11,1688.0,a4938af082ccd5b989a6
2026-08-03,12467,PARIVISION,12,1685.0,b7f6efac5345a44c475e
2026-08-03,6667,FaZe,13,1677.0,a7f8c9ae029a5e9f3092
2026-08-03,13286,FUT,14,1663.0,d3179d30c0f804c093f7
2026-08-03,6248,The MongolZ,15,1637.0,205ddf8f18a2672fc97c
2026-08-03,9215,MIBR,16,1611.0,757d50eee9cf0c993999
2026-08-03,12474,Alliance,17,1583.0,e66fcd64cfe5cf8f8ff5
2026-08-03,4863,TYLOO,18,1565.0,05a56bdf4b57fcae5437
2026-08-03,6665,Astralis,19,1555.0,c8d9aa6d3f48b13980c6
2026-08-03,11241,B8,20,1550.0,93a45352761666244eb5
2026-08-03,7532,BIG,21,1516.0,4d6af2ad9a22ed3240f5
2026-08-03,9928,GamerLegion,22,1504.0,
2026-08-03,13592,magic,23,1478.0,f0a5bed2025716cef475
2026-08-03,6290,Luminosity,24,1468.0,7aa468525cb3b414a8bc
2026-08-03,13117,Inner Circle,25,1464.0,82071ca5dd86ae09ac80
2026-08-03,4773,paiN,26,1446.0,
2026-08-03,4411,Ninjas in Pyjamas,27,1444.0,69b434117d09e87fee19
2026-08-03,13926,DENDELE,28,1440.0,05357aa633fe11759c40
2026-08-03,8840,Lynn Vision,29,1431.0,dbed042ec191be814f2c
2026-08-03,7175,HEROIC,30,1427.0,cecbc60c9300c1eb4b55
2026-08-03,4914,3DMAX,31,1410.0,
2026-08-03,5973,Liquid,32,1397.0,02b3dad2593e2c1cf5f4
2026-08-03,11737,EYEBALLERS,33,1385.0,ec16634baf36b6925887
2026-08-03,13355,Nemesis,34,1374.0,52b39665597c7c0bef39
2026-08-03,11581,HOTU,35,1365.0,799303ae2e78af257279
2026-08-03,12376,M80,36,1361.0,b8f718041db8bac2e331
2026-08-03,5378,Virtus.pro,37,1359.0,c1ddc4dbd072559d3f5b
2026-08-03,12257,Wildcard,38,1352.0,e084f753677bdc11410f
2026-08-03,12895,K27,39,1319.0,2ad5c3b5d691dfb305ea
2026-08-03,8474,100 Thieves,40,1310.0,278d351c9f217b8d7f8d
2026-08-03,12774,FlyQuest,41,1295.0,
2026-08-03,13871,Echo,42,1289.0,
2026-08-03,13679,FOKUS,43,1285.0,a64db9440de6f9c2982e
2026-08-03,5116,Bulgaria,44,1283.0,9d9fd28afd24d0c2b85c
2026-08-03,13404,Gentle Mates,45,1274.0,f0fef5ec47d6c5dec0e0
2026-08-03,10823,INFINITE,46,1272.0,e82142782877bf13408e
2026-08-03,13027,Nuclear TigeRES,47,1259.0,1ee5acb720df1bb50596
2026-08-03,13644,TDK,48,1228.0,0115c495bdaf1794db6e
2026-08-03,6673,NRG,49,1228.0,22650440d422854b12f0
2026-08-03,12967,WW,50,1222.0,1a3dcfff1ae4dff47e60
2026-08-03,13617,ex-RUBY,51,1221.0,b5f89cf233a35ebf040e
2026-08-03,7969,Nemiga,52,1202.0,70b9ebed80b82e1755ac
2026-08-03,10577,SINNERS,53,1196.0,f9db3f6e7670b3bfa33b
2026-08-03,13808,Walczaki,54,1190.0,335cfe57911dc17efbcb
2026-08-03,11712,Sashi,55,1179.0,4c8a28c856ac6c256fd4
2026-08-03,12144,BESTIA,56,1177.0,dc9c7e9cb94caee9c7ac
2026-08-03,11837,Fluxo,57,1159.0,9e314b60b5d2a2436771
2026-08-03,10245,JiJieHao,58,1159.0,b4056806b5e2be8b942c
2026-08-03,9455,Imperial,59,1150.0,08ccd1138f5a4981b319
2026-08-03,13486,THUNDER dOWNUNDER,60,1149.0,37b8d597de5be61440f7
2026-08-03,4991,fnatic,61,1141.0,6669426c475872ac65f0
2026-08-03,10459,ARCRED,62,1141.0,54d5af26fed8e2037f75
2026-08-03,13479,Omega,63,1140.0,8124f8bbbc49482a2df3
2026-08-03,13173,Phantom,64,1130.0,ebcd61bc27b709150836
2026-08-03,13943,ex-1win,65,1123.0,582e4bc55e27dc0f56cb
2026-08-03,13178,NOVAQ,66,1119.0,
2026-08-03,12380,CYBERSHOKE,67,1114.0,c6e3351ead85d33c1a26
2026-08-03,11609,GenOne,68,1095.0,7b43f0d89764c946cc6e
2026-08-03,13814,INOX Division,69,1094.0,92fe825d6818b311d87f
2026-08-03,13304,LP,70,1087.0,f05957b82dce82160422
2026-08-03,12959,ShindeN,71,1084.0,
2026-08-03,12536,DEPO,72,1084.0,b4bd3f705246a4c0338d
2026-08-03,13623,STATE,73,1078.0,02719e07c49e93b5c038
2026-08-03,13499,Voca,74,1077.0,
2026-08-03,13181,BASEMENT BOYS,75,1077.0,ffc6058811a79f0d0c78
2026-08-03,11641,Metizport,76,1076.0,510fbf4f7d35b68ef272
2026-08-03,9139,BRUTE,77,1075.0,64ef1dc5397cab44d4b2
2026-08-03,13594,CYBERSHOKE Prospects,78,1061.0,1946cba97c12a88f4e2d
2026-08-03,13314,KOLESIE,79,1061.0,e8287d89dea8c1e92e4d
2026-08-03,13908,Butterfly,80,1056.0,
2026-08-03,12878,BC.Game,81,1051.0,1e8dc4b366663fe51a5d
2026-08-03,13838,EAC,82,1045.0,f9e61d9b25d0dd791862
2026-08-03,12604,Johnny Speeds,83,1040.0,5b822390018de906b2e7
2026-08-03,12194,Rune Eaters,84,1034.0,b25799466df088cbac51
2026-08-03,10503,OG,85,1032.0,d9a73821e0b4f55492ac
2026-08-03,11251,Eternal Fire,86,1031.0,ef1ff3938631321a7a78
2026-08-03,12510,The Huns,87,1024.0,a594a1d32bcaf95ae9f0
2026-08-03,13776,Just Players,88,1017.0,7d74861adcc715886094
2026-08-03,10278,9INE,89,1009.0,443c4615601cd0b15794
2026-08-03,13724,5star,90,1009.0,a85cef74e8f56e40d059
2026-08-03,11312,QUAZAR,91,1004.0,bd4c1abf3532e6173417
2026-08-03,12677,Galorys,92,1004.0,159d5a78a9fbbd876d68
2026-08-03,13333,ASTRAL,93,1002.0,81f5e68099df0d475ef3
2026-08-03,12426,Passion UA,94,1002.0,c1717c6bbcf5638ad467
2026-08-03,11699,BAKS,95,1001.0,
2026-08-03,13214,SPARTA,96,993.0,5164102d4124bfadc840
2026-08-03,12776,Bounty Hunters,97,991.0,43702405db407426c08d
2026-08-03,13237,AM,98,987.0,c68c357f71fed7e65ae7
2026-08-03,13619,BET-M,99,986.0,c93afad3985eb352df7c
2026-08-03,11446,Leo,100,986.0,
2026-08-03,6089,The Last Resort,101,984.0,e51e46ade62533cad99a
2026-08-03,8536,Ground Zero,103,983.0,
2026-08-03,12916,Betclic,104,981.0,984b00f1a8077e81507c
2026-08-03,13375,SportsBetExpert,105,980.0,3433cd3a6430aa5baa73
2026-08-03,11571,Gaimin Gladiators,106,972.0,e497530fd06760744e1a
2026-08-03,13667,NEXVOID,107,971.0,2bde7389cf2a5a29ff44
2026-08-03,13107,Chicken Coop,108,970.0,
2026-08-03,13924,Black Phoenix,109,967.0,
2026-08-03,9686,Turma do Pagode,110,966.0,aeb0162d9f1ca5a689ff
2026-08-03,12769,Fisher College,111,959.0,508684bdc5b8b876b8c6
2026-08-03,7653,Isurus,112,958.0,
2026-08-03,13124,Marsborne,113,957.0,b315ae2a0e18bc654ba4
2026-08-03,13054,PCIFIC,114,955.0,
2026-08-03,13799,PsychoFace,115,954.0,338561d5d37924076cbb
2026-08-03,10867,MASONIC,116,951.0,
2026-08-03,12609,Lavked,117,949.0,
2026-08-03,12889,G2 Ares,118,948.0,ed9965b1a9db48ad0b06
2026-08-03,12087,Lazer Cats,119,942.0,8d1d44d2eaaccb75283a
2026-08-03,6033,Keyd Stars,120,929.0,
2026-08-03,13644,TDK,121,928.0,68e6f4aded759194f56f
2026-08-03,13937,Nordic Partners,122,927.0,1c299998799f5210370e
2026-08-03,13901,ex-RUSTEC,123,925.0,eb2dacc94c350f4c113b
2026-08-03,13868,DragonClaw,124,923.0,e050cd797127c9424139
2026-08-03,13805,Washed,125,917.0,
2026-08-03,13651,ReThink,126,916.0,
2026-08-03,12901,SemperFi,127,915.0,879d9886680924226fd0
2026-08-03,7187,Nexus,128,913.0,574b0d3cf2502fc2ba03
2026-08-03,7176,RED Canids,129,907.0,
2026-08-03,11251,Eternal Fire,130,905.0,c231c03491452703600d
2026-08-03,13777,PURE,131,899.0,
2026-08-03,11110,Honvéd,132,899.0,
2026-08-03,4869,ENCE,133,898.0,23fbf32475964fa1d8d0
2026-08-03,10333,Sangal,134,897.0,1f39a9823201026e22bb
2026-08-03,11555,UNO MILLE,135,887.0,
2026-08-03,4246,Enjoy,136,882.0,
2026-08-03,13747,BERG,137,880.0,
2026-08-03,13668,Atreides,138,880.0,
2026-08-03,13552,Endless Journey,139,877.0,
2026-08-03,13501,illwill,140,875.0,b64e267724655fc75998
2026-08-03,10960,Young Ninjas,141,874.0,63b5e78425de47e3f0b1
2026-08-03,11933,Yawara,142,872.0,
2026-08-03,13081,Fake do Biru,143,870.0,1f1dbb0f42b950798552
2026-08-03,11419,ECSTATIC,144,870.0,38feabbd02bc1a45468d
2026-08-03,13613,Bebop,145,870.0,
2026-08-03,13281,Bushido Wildcats,146,866.0,347e60be70d4afed29f5
2026-08-03,7120,Entropy,147,862.0,
2026-08-03,13546,Strael Bora,148,862.0,
2026-08-03,13573,ex-Zero Tenacity,149,860.0,813971a6c47f31b6eb30
2026-08-03,5137,Poland,150,857.0,
2026-08-03,12646,Chinggis Warriors,151,857.0,5931cfe123f0e4081778
2026-08-03,13617,ex-RUBY,152,856.0,767f4df640410769c6df
2026-08-03,11514,Rare Atom,153,854.0,dfac3fc8bf9bc1fcb0b1
2026-08-03,7865,HAVU,154,854.0,cafbd75d62b9de4d1423
2026-08-03,13681,Inner Circle Academy,155,852.0,
2026-08-03,11176,MOUZ NXT,156,849.0,
2026-08-03,11955,LAG,157,847.0,9baf20a3414cd4412c07
2026-08-03,13012,HYPERSPIRIT,158,845.0,dd433dc1372c447eea34
2026-08-03,12554,regain,159,833.0,08e9948a9b34bce5efdf
2026-08-03,13124,Marsborne,160,831.0,c486910f1c211a302ecb
2026-08-03,13877,Noir Verse,161,830.0,
2026-08-03,13331,Kaleido,162,830.0,
2026-08-03,13888,roamsfiest,163,826.0,
2026-08-03,13571,SINQU,164,821.0,
2026-08-03,13683,WBT,165,820.0,
2026-08-03,9958,Alter Ego,166,820.0,
2026-08-03,11768,ODDIK,167,816.0,
2026-08-03,12646,Chinggis Warriors,168,815.0,4f71830ed12ece962920
2026-08-03,12818,FAVBET,169,815.0,7c5e87f24d0ff0cb4725
2026-08-03,13163,ALGO,170,812.0,6d64a1dbb12d177cedee
2026-08-03,9881,Rooster,171,809.0,
2026-08-03,3044,MIBR Academy,172,805.0,dd26a1d3b1d4224734ae
2026-08-03,11248,SAW Youngsters,173,804.0,d0b40adb3da8c9644e5b
2026-08-03,13501,illwill,174,804.0,0fd23724f279a2fe1534
2026-08-03,13575,WAZABI,175,803.0,
2026-08-03,10975,MIBR fe,176,800.0,9b56a68b02d01406acef
2026-08-03,7900,Spirit Academy,177,789.0,
2026-08-03,13321,Falcons Force,178,787.0,
2026-08-03,13666,BMZ,179,785.0,
2026-08-03,12352,Sashi Academy,180,782.0,
2026-08-03,13715,Hashiras,181,780.0,c1b98de59b3e8c13d064
2026-08-03,12609,Lavked,182,775.0,d2f5933777dca610be23
2026-08-03,5973,Liquid,183,775.0,88b14056df374018c887
2026-08-03,12878,BC.Game,184,774.0,ae6bcae18d9a803e55f9
2026-08-03,10854,los kogutos,185,773.0,
2026-08-03,12973,NuTorious,186,772.0,1077c390c0889cf611ac
2026-08-03,13433,Last Bullet,187,766.0,b138310299bababf44af
2026-08-03,11668,Mindfreak,188,766.0,
2026-08-03,13894,Mai Tai,189,766.0,
2026-08-03,11555,UNO MILLE,190,766.0,7073277c1782b6f83206
2026-08-03,11795,Villainous,191,766.0,
2026-08-03,11446,Leo,192,765.0,b3ce33756740485a0960
2026-08-03,13761,Vexar,193,763.0,
2026-08-03,6810,aimclub,194,760.0,
2026-08-03,13735,Haunted House,195,757.0,
2026-08-03,13646,Fortress,196,756.0,
2026-08-03,11581,HOTU,197,753.0,bfcaeeb6019cb1bf807b
2026-08-03,10371,NAVI Junior,198,752.0,
2026-08-03,13714,DONSTU,199,752.0,
2026-08-03,13528,Misa,200,752.0,
2026-08-03,12988,GameHunters,201,752.0,
2026-08-03,5639,aAa,202,749.0,
2026-08-03,13524,OLDBOYS PL,203,747.0,
2026-08-03,12534,BOSS,204,747.0,7440d730d82ec1270fa9
2026-08-03,12960,Fire Flux,205,747.0,
2026-08-03,13914,Privateer,206,745.0,
2026-08-03,13599,benched gods,207,745.0,
2026-08-03,13857,Iowa Stormboar,208,745.0,d1a0612fbdeb2bb10e71
2026-08-03,13403,TNC,209,744.0,
2026-08-03,12745,brazylijski luz,210,742.0,
2026-08-03,13175,Change The Game,211,742.0,557c3d7cbce81167ed72
2026-08-03,13894,Mai Tai,212,742.0,
2026-08-03,13026,BESTIA Academy,213,741.0,
2026-08-03,13694,THE UNIT,214,741.0,
2026-08-03,12164,Zomblers,215,741.0,
2026-08-03,12899,FengDa,216,737.0,
2026-08-03,11018,megoshort,217,737.0,
2026-08-03,13233,HEROIC Academy,218,736.0,7543f900ceba6f1f3ea5
2026-08-03,13766,Phantom Academy,219,736.0,
2026-08-03,13892,ex-MANA,220,734.0,
2026-08-03,13574,Club 333,221,731.0,
2026-08-03,8536,Ground Zero,222,730.0,
2026-08-03,13889,train launcher,223,730.0,
2026-08-03,6033,Keyd Stars,224,728.0,
2026-08-03,12267,UNiTY,225,726.0,f6568e478ed3ecce1cbe
2026-08-03,13827,NEW VISION,226,723.0,
2026-08-03,11955,LAG,227,722.0,
2026-08-03,12825,The QUBE,228,719.0,
2026-08-03,13665,FarmVille,229,718.0,
2026-08-03,13053,Just Swing,230,717.0,de0df596adaaa4158306
2026-08-03,13314,KOLESIE,231,717.0,
2026-08-03,7875,struggletony,232,716.0,
2026-08-03,10254,BIG Academy,233,714.0,
2026-08-03,13902,BORRACHEIROS,234,713.0,
2026-08-03,13161,eternal premium,235,710.0,
2026-08-03,9735,Lilmix,236,707.0,
2026-08-03,13756,ALKA,237,704.0,
2026-08-03,12363,Arcade,238,704.0,
2026-08-03,11905,paiN Academy,239,703.0,
2026-08-03,13856,ex-Aether,240,698.0,
2026-08-03,11011,Patins da Ferrari,241,692.0,
2026-08-03,12908,Aether,242,689.0,
2026-08-03,13778,insane players,243,688.0,
2026-08-03,12948,BORING PLAYERS,244,686.0,
2026-08-03,10854,los kogutos,245,686.0,
2026-08-03,12267,UNiTY,246,685.0,135d80b16d19a4cf2b21
2026-08-03,13837,SHISHKA,247,684.0,cb5413a184cb101e8d2c
2026-08-03,13776,Just Players,248,683.0,
2026-08-03,13425,Reign Above,249,678.0,f203bf60af884d505ba4
2026-08-03,13729,EMPIRE,250,677.0,
2026-08-03,13858,cirahvi,251,674.0,
2026-08-03,13691,Back to Back,252,672.0,
2026-08-03,13759,mellren,253,668.0,
2026-08-03,6810,aimclub,254,668.0,b7417bf13be04fca0304
2026-08-03,11668,Mindfreak,255,668.0,
2026-08-03,11018,megoshort,256,667.0,e362432dfb0e55fd4240
2026-08-03,12190,Shimmer,257,667.0,
2026-08-03,10278,9INE,258,666.0,6841d702ce6000341a27
2026-08-03,13686,Abyssal,259,666.0,
2026-08-03,13450,yngods,260,663.0,
2026-08-03,12457,ROUNDS,261,662.0,
2026-08-03,13574,Club 333,262,662.0,
2026-08-03,13591,ALTAY,263,661.0,
2026-08-03,13788,Clutchain fe,264,660.0,
2026-08-03,13364,Famalicão,265,659.0,54ae997fed503317d466
2026-08-03,13865,Arch,266,658.0,
2026-08-03,13745,KUUSAMO,267,656.0,
2026-08-03,11129,bankaPEPSI,268,653.0,
2026-08-03,13366,Invicta,269,651.0,
2026-08-03,13791,Julie&Cie,270,650.0,
2026-08-03,13789,Subtop De France,271,649.0,
2026-08-03,13726,METANOIA Wolves,272,647.0,
2026-08-03,10997,Procyon,273,647.0,35b2da0cb01ba7ba577d
2026-08-03,13855,Overtake Sector,274,646.0,
2026-08-03,9735,Lilmix,275,645.0,
2026-08-03,13845,Dark Moon,276,645.0,
2026-08-03,13834,A Great Chaos,277,644.0,
2026-08-03,12971,Wanted Goons,278,643.0,
2026-08-03,13551,OlyBet,279,642.0,
2026-08-03,13726,METANOIA Wolves,280,642.0,48ba31276cedae8a718a
2026-08-03,13327,R2,281,640.0,
2026-08-03,11336,DETONATE,282,639.0,
2026-08-03,8947,XI,283,638.0,
2026-08-03,13689,Fuzos,284,636.0,
2026-08-03,13499,Voca,285,634.0,2bba620cd7ac5204c394
2026-08-03,13279,LPH,286,634.0,
2026-08-03,13915,Voracity,287,633.0,
2026-08-03,11278,Coalesce,288,630.0,
2026-08-03,13475,FOLHA AMARELA,289,628.0,
2026-08-03,13803,DNK,290,627.0,
2026-08-03,7556,Tricksters,291,626.0,
2026-08-03,5105,Romania,292,626.0,ecea19805ac3bb36b4a8
2026-08-03,13787,ZEVS,293,625.0,
2026-08-03,12194,Rune Eaters,294,620.0,
2026-08-03,9942,MARKandLARRY,295,620.0,
2026-08-03,11905,paiN Academy,296,619.0,
2026-08-03,13794,900FPSvsECO,297,618.0,
2026-08-03,13736,Sensation,298,618.0,
2026-08-03,13660,Ding Cuts,299,617.0,
2026-08-03,13552,Endless Journey,301,614.0,
2026-08-03,13870,Wingman,302,613.0,
2026-08-03,12533,Atrix,303,611.0,2f6b8f40e062c2af2ee7
2026-08-03,13909,Jumprava,304,610.0,
2026-08-03,13014,Wave,305,609.0,
2026-08-03,12276,DXA,306,608.0,
2026-08-03,6788,Crashers,307,607.0,
2026-08-03,13414,Rave,308,607.0,d07f080d402802bb43ad
2026-08-03,13664,ex-KRÜ,309,606.0,
2026-08-03,13797,ZOTIX,310,606.0,
2026-08-03,12534,BOSS,311,605.0,f56448ed065525d01e79
2026-08-03,13879,Festina Lente,312,604.0,
2026-08-03,12568,EC BANGA,313,601.0,
2026-08-03,12366,Aurora Young Blud,314,593.0,
2026-08-03,13665,FarmVille,315,590.0,
2026-08-03,13265,MAGICOS,316,590.0,
2026-08-03,4869,ENCE,317,590.0,a4061a8fe96be6adc150
2026-08-03,12421,Let Her Cook,318,589.0,96b84b75df8cd325f8bd
2026-08-03,11711,Players,319,588.0,
2026-08-03,13775,playersclub,320,588.0,
2026-08-03,13695,CTRL,321,587.0,
2026-08-03,13792,Persona Grata,322,587.0,c8df75e6032b06e674fd
2026-08-03,12846,M1X KS,323,582.0,
2026-08-03,13746,MTX,324,581.0,
2026-08-03,13732,B8 Academy,325,579.0,
2026-08-03,13413,Vasco,326,578.0,ce518f0cae5d9dd6255f
2026-08-03,13757,ACROBATS,327,578.0,944ca66770db484f1cbc
2026-08-03,10976,FURIA fe,328,576.0,10dd16af0d8ef7254cf3
2026-08-03,13725,GUARA,329,571.0,
2026-08-03,10679,Red Feet,330,565.0,
2026-08-03,10930,atputies,331,564.0,
2026-08-03,13643,rottweilers,332,563.0,
2026-08-03,11718,BIG EQUIPA,333,563.0,d12495477296fea24ee2
2026-08-03,13912,Grêmio,334,560.0,
2026-08-03,13516,Fingers Crossed fe,335,560.0,c69b7df44fd80035b2bb
2026-08-03,13913,Trainwrecks,336,559.0,
2026-08-03,13753,Basement Bobs,337,558.0,
2026-08-03,12973,NuTorious,338,555.0,
2026-08-03,13884,Olympus,339,551.0,
2026-08-03,13395,hindsight,340,550.0,
2026-08-03,10838,Incognito,341,548.0,
2026-08-03,13704,Drama,342,542.0,
2026-08-03,13798,Clutchain,343,540.0,
2026-08-03,13613,Bebop,344,533.0,ae6d4f4248e9f09730d2
2026-08-03,13743,bond1e,345,530.0,
2026-08-03,13708,5Actors,346,529.0,090af28c5f21b7845839
2026-08-03,11275,NSN,347,528.0,
2026-08-03,10299,FURY,348,527.0,
2026-08-03,10864,VP.Prodigy,349,520.0,
2026-08-03,9199,Aimhaus,350,516.0,
2026-08-03,13571,SINQU,351,516.0,97282c67feb029394a01
2026-08-03,13705,Imperial Academy,352,514.0,
2026-08-03,13796,Young TigeRES,353,514.0,
2026-08-03,12857,FORZE Reload,354,514.0,
2026-08-03,13657,Blitzkrieg,355,509.0,
2026-08-03,13716,IDoPieca,356,509.0,
2026-08-03,11433,Surge,357,509.0,
2026-08-03,13662,home,358,507.0,
2026-08-03,10287,Legion,359,507.0,
2026-08-03,10823,INFINITE,360,506.0,
2026-08-03,13163,ALGO,361,502.0,aa3b7546ed0fc84fa7da
2026-08-03,13698,GAMEHARMONY,362,498.0,
2026-08-03,13270,girl kissers,363,497.0,
2026-08-03,13685,Skele,364,497.0,
2026-08-03,13697,DAMAJUANA,365,495.0,
2026-08-03,11999,Grindas,366,492.0,
2026-08-03,13242,XDM,367,491.0,460f2945a49655b53c31
2026-08-03,13703,ex-Fingers Crossed,368,489.0,
2026-08-03,9139,BRUTE,369,486.0,7b9bd97d2aa6b83da1bb
2026-08-03,13502,Arise,370,484.0,
2026-08-03,13662,home,371,484.0,
2026-08-03,13624,ELITES,372,483.0,
2026-08-03,5479,Mythic,373,480.0,2eb72eae58d9b796bd40
2026-08-03,12301,FlyQuest RED,374,476.0,5033f24a7aa7b0bf1c6e
2026-08-03,13706,Pugdesonesto,375,474.0,
2026-08-03,13874,raisedbypixels,376,473.0,
2026-08-03,13629,HereWeGoAgain,377,472.0,
2026-08-03,13519,Charrados,378,472.0,
2026-08-03,13774,FRZ,379,467.0,
2026-08-03,11109,BBBMBCBS,380,466.0,
2026-08-03,13629,HereWeGoAgain,381,465.0,
2026-08-03,13342,Bad Luck,382,464.0,
2026-08-03,11711,Players,383,463.0,
2026-08-03,10901,OverKnight,384,452.0,
2026-08-03,13882,6666,385,449.0,
2026-08-03,13826,Nas,386,435.0,
2026-08-03,13770,Unitronics,387,433.0,
2026-08-03,13676,LAGUNA,388,428.0,
2026-08-03,12352,Sashi Academy,389,426.0,
2026-08-03,13712,Z7,390,424.0,
2026-08-03,13707,Younglings,391,413.0,
2026-08-03,13116,UR,392,407.0,
2026-08-03,13563,Diamant,393,403.0,
2026-08-03,13142,AKA HERO KAJO,394,399.0,
2026-08-03,13543,Time Waves,395,398.0,
2026-08-03,13471,ALZON,396,397.0,
2026-09-07,7020,Spirit,1,2031.0,14048abbf062f10a8a24
2026-09-07,4494,MOUZ,2,1902.0,
2026-09-07,11283,Falcons,3,1881.0,fa8d993a96ce3adabef3
2026-09-07,13286,FUT,4,1846.0,de7bb15534f87900b1e7
2026-09-07,9565,Vitality,5,1841.0,fb355ad45f970d7a7460
2026-09-07,12468,Legacy,6,1783.0,62da00795203c7bd47f6
2026-09-07,8297,FURIA,7,1754.0,e0362dcbafd342d82962
2026-09-07,5995,G2,8,1723.0,85a7d1d66417043c287c
2026-09-07,9996,9z,9,1606.0,26629d7dd5e4a60e1228
2026-09-07,6667,FaZe,10,1599.0,a7f8c9ae029a5e9f3092
2026-09-07,4608,Natus Vincere,11,1579.0,9d2b566c8472997adfa4
2026-09-07,11861,Aurora,12,1552.0,60e33272652b581b11b5
2026-09-07,11241,B8,13,1515.0,93a45352761666244eb5
2026-09-07,13117,Inner Circle,14,1502.0,82071ca5dd86ae09ac80
2026-09-07,12394,BETBOOM,15,1499.0,cdcebaae9b89d9abf120
2026-09-07,7532,BIG,16,1480.0,4d6af2ad9a22ed3240f5
2026-09-07,5973,Liquid,17,1465.0,710ed148200e2762b1ab
2026-09-07,12467,PARIVISION,18,1461.0,b7f6efac5345a44c475e
2026-09-07,6248,The MongolZ,19,1460.0,01b12c2fdae17201dc37
2026-09-07,6665,Astralis,20,1446.0,c8d9aa6d3f48b13980c6
2026-09-07,9215,MIBR,21,1408.0,757d50eee9cf0c993999
2026-09-07,12474,Alliance,22,1402.0,e66fcd64cfe5cf8f8ff5
2026-09-07,13592,magic,23,1402.0,f0a5bed2025716cef475
2026-09-07,7175,HEROIC,24,1379.0,cecbc60c9300c1eb4b55
2026-09-07,11581,HOTU,25,1371.0,799303ae2e78af257279
2026-09-07,4863,TYLOO,26,1364.0,05a56bdf4b57fcae5437
2026-09-07,8474,100 Thieves,27,1347.0,179bf391f68c205e0bb9
2026-09-07,9928,GamerLegion,28,1345.0,e4ac330e2ee20921557a
2026-09-07,4411,Ninjas in Pyjamas,29,1338.0,69b434117d09e87fee19
2026-09-07,12916,Betclic,30,1331.0,dbb06ab979803c45c554
2026-09-07,10621,1win,31,1314.0,0115c495bdaf1794db6e
2026-09-07,10245,JiJieHao,32,1313.0,b4056806b5e2be8b942c
2026-09-07,4991,fnatic,33,1310.0,6669426c475872ac65f0
2026-09-07,13926,DENDELE,34,1301.0,05357aa633fe11759c40
2026-09-07,4914,3DMAX,35,1298.0,
2026-09-07,11737,EYEBALLERS,36,1290.0,ec16634baf36b6925887
2026-09-07,12895,K27,37,1283.0,98e7ebf1b616b052b8f9
2026-09-07,12878,BC.Game,38,1276.0,1e8dc4b366663fe51a5d
2026-09-07,8840,Lynn Vision,39,1274.0,dbed042ec191be814f2c
2026-09-07,5378,Virtus.pro,40,1270.0,c1ddc4dbd072559d3f5b
2026-09-07,12376,M80,41,1269.0,b8f718041db8bac2e331
2026-09-07,4773,paiN,42,1268.0,
2026-09-07,13027,Nuclear TigeRES,43,1241.0,1ee5acb720df1bb50596
2026-09-07,6290,Luminosity,44,1228.0,511494a49abfdef7edbd
2026-09-07,13355,Nemesis,45,1228.0,52b39665597c7c0bef39
2026-09-07,13518,Acend,46,1221.0,9d9fd28afd24d0c2b85c
2026-09-07,10823,INFINITE,47,1206.0,e82142782877bf13408e
2026-09-07,11712,Sashi,48,1201.0,e77b81b2bb1af7631c88
2026-09-07,7969,Nemiga,49,1169.0,61437385a5d55823f7eb
2026-09-07,6673,NRG,50,1167.0,22650440d422854b12f0
2026-09-07,13679,FOKUS,51,1162.0,c7016978e18d9b2a439e
2026-09-07,12774,FlyQuest,52,1150.0,c8c3914f21ebfc022460
2026-09-07,13996,BBL,53,1136.0,
2026-09-07,12257,Wildcard,54,1135.0,e084f753677bdc11410f
2026-09-07,13479,Omega,55,1128.0,8124f8bbbc49482a2df3
2026-09-07,13946,Jam,56,1126.0,a4db5a4900099fddff60
2026-09-07,13814,INOX Division,57,1121.0,fc8c472e16bb7a27aa20
2026-09-07,10577,SINNERS,58,1116.0,f9db3f6e7670b3bfa33b
2026-09-07,12536,DEPO,59,1114.0,b4bd3f705246a4c0338d
2026-09-07,13973,Color,60,1107.0,582e4bc55e27dc0f56cb
2026-09-07,13104,Iberian Soul,61,1106.0,f0fef5ec47d6c5dec0e0
2026-09-07,11641,Metizport,62,1102.0,bf3f142a181b91d97151
2026-09-07,13173,Phantom,63,1092.0,890bb8cdfed77829d5ff
2026-09-07,12967,WW,64,1088.0,1a3dcfff1ae4dff47e60
2026-09-07,9455,Imperial,65,1085.0,08ccd1138f5a4981b319
2026-09-07,13617,ex-RUBY,66,1082.0,33ae6d2a7009e60c0014
2026-09-07,11251,Eternal Fire,67,1082.0,5bd946b1a67947c3efe3
2026-09-07,11609,GenOne,68,1075.0,7b43f0d89764c946cc6e
2026-09-07,13375,SportsBetExpert,69,1075.0,3433cd3a6430aa5baa73
2026-09-07,13908,Butterfly,70,1073.0,
2026-09-07,10278,9INE,71,1070.0,8252392811fd4f90f676
2026-09-07,11837,Fluxo,72,1065.0,9e314b60b5d2a2436771
2026-09-07,13333,ASTRAL,73,1054.0,81f5e68099df0d475ef3
2026-09-07,9139,BRUTE,74,1045.0,64ef1dc5397cab44d4b2
2026-09-07,12194,Rune Eaters,75,1045.0,994b0c0012f23d9df80d
2026-09-07,13573,ex-Zero Tenacity,76,1043.0,56f30d60d4612b05ae48
2026-09-07,13486,THUNDER dOWNUNDER,77,1041.0,37b8d597de5be61440f7
2026-09-07,12380,CYBERSHOKE,78,1029.0,c6e3351ead85d33c1a26
2026-09-07,13178,NOVAQ,79,1020.0,
2026-09-07,11312,QUAZAR,80,1018.0,bd4c1abf3532e6173417
2026-09-07,13838,EAC,81,1017.0,f9e61d9b25d0dd791862
2026-09-07,10503,OG,82,1013.0,d9a73821e0b4f55492ac
2026-09-07,13989,UPGRADE,83,1012.0,1946cba97c12a88f4e2d
2026-09-07,12677,Galorys,84,1006.0,346a293a223512477611
2026-09-07,12144,BESTIA,85,1001.0,dc9c7e9cb94caee9c7ac
2026-09-07,13181,BASEMENT BOYS,86,990.0,ffc6058811a79f0d0c78
2026-09-07,11955,LAG,87,984.0,9baf20a3414cd4412c07
2026-09-07,13281,Bushido Wildcats,88,979.0,347e60be70d4afed29f5
2026-09-07,13619,BET-M,89,977.0,d1997d69c404a98d1b76
2026-09-07,13924,Black Phoenix,90,975.0,
2026-09-07,13314,KOLESIE,91,973.0,e8287d89dea8c1e92e4d
2026-09-07,13499,Voca,92,970.0,561ec338f0d24d7c4910
2026-09-07,12267,UNiTY,93,967.0,961e3be6691601cf603f
2026-09-07,13808,Walczaki,94,967.0,042922c232bfd59e5b8b
2026-09-07,7187,Nexus,95,963.0,574b0d3cf2502fc2ba03
2026-09-07,13214,SPARTA,96,959.0,d697d7042e91a6e063f8
2026-09-07,12959,ShindeN,97,952.0,
2026-09-07,13901,ex-RUSTEC,98,951.0,d95376afadedca7d6a7a
2026-09-07,12857,FORZE Reload,99,944.0,1c5eb5017c493c82509a
2026-09-07,11699,BAKS,100,939.0,960ff0e6c968a052e212
2026-09-07,13304,LP,101,939.0,f05957b82dce82160422
2026-09-07,10459,ARCRED,102,927.0,54d5af26fed8e2037f75
2026-09-07,13623,STATE,103,920.0,c8cf8cfee09e87cca48f
2026-09-07,8536,Ground Zero,104,919.0,
2026-09-07,13124,Marsborne,105,911.0,b315ae2a0e18bc654ba4
2026-09-07,12604,Johnny Speeds,106,911.0,28fefe5094ccb7d4b2b7
2026-09-07,12889,G2 Ares,107,904.0,7530516c0d2d0ffe6302
2026-09-07,6089,The Last Resort,108,901.0,e51e46ade62533cad99a
2026-09-07,13681,Inner Circle Academy,109,896.0,
2026-09-07,13776,Just Players,110,895.0,
2026-09-07,12604,Johnny Speeds,111,884.0,5b822390018de906b2e7
2026-09-07,11446,Leo,112,883.0,
2026-09-07,12380,CYBERSHOKE,113,882.0,e80ce46dce541868371b
2026-09-07,12609,Lavked,114,881.0,
2026-09-07,13799,PsychoFace,115,878.0,338561d5d37924076cbb
2026-09-07,7900,Spirit Academy,116,874.0,
2026-09-07,7865,HAVU,117,873.0,fb7838b0a70059b63f11
2026-09-07,12776,Bounty Hunters,118,872.0,d7ba80171b93121bf02b
2026-09-07,13107,Chicken Coop,119,871.0,
2026-09-07,7120,Entropy,120,869.0,
2026-09-07,13724,5star,121,867.0,a85cef74e8f56e40d059
2026-09-07,4869,ENCE,122,862.0,cc3af0b14ed3198d8660
2026-09-07,13991,Azuolas,123,860.0,
2026-09-07,13937,Nordic Partners,124,851.0,92a04594d14380d991a1
2026-09-07,4246,Enjoy,125,850.0,
2026-09-07,12642,RBLS,126,849.0,4cbbbad01d97b153ea29
2026-09-07,10371,NAVI Junior,127,847.0,
2026-09-07,13759,mellren,128,840.0,
2026-09-07,13651,ReThink,129,839.0,
2026-09-07,10867,MASONIC,130,839.0,
2026-09-07,11768,ODDIK,131,836.0,419be3cf01a3fa5ac687
2026-09-07,13173,Phantom,132,836.0,
2026-09-07,13683,WBT,133,835.0,
2026-09-07,13012,HYPERSPIRIT,134,833.0,
2026-09-07,12087,Lazer Cats,135,833.0,8d1d44d2eaaccb75283a
2026-09-07,13667,NEXVOID,136,832.0,dbf7f724d59a7bbe3bef
2026-09-07,12916,Betclic,137,828.0,984b00f1a8077e81507c
2026-09-07,13054,PCIFIC,138,827.0,
2026-09-07,6033,Keyd Stars,139,823.0,
2026-09-07,13805,Washed,140,822.0,
2026-09-07,13552,Endless Journey,141,816.0,
2026-09-07,11514,Rare Atom,142,814.0,90b6580294f9baaab03f
2026-09-07,7653,Isurus,143,810.0,
2026-09-07,11110,Honvéd,144,810.0,
2026-09-07,9958,Alter Ego,145,809.0,
2026-09-07,12769,Fisher College,146,808.0,508684bdc5b8b876b8c6
2026-09-07,12800,For Fun,147,807.0,
2026-09-07,13599,benched gods,148,807.0,
2026-09-07,12426,Passion UA,149,807.0,c1717c6bbcf5638ad467
2026-09-07,6914,Without a Roof,150,793.0,
2026-09-07,13877,Noir Verse,151,787.0,
2026-09-07,12646,Chinggis Warriors,152,787.0,4f71830ed12ece962920
2026-09-07,13756,ALKA,153,786.0,
2026-09-07,13571,SINQU,154,785.0,
2026-09-07,13970,Drip Too Hard,155,782.0,a69bec226cfc819ec6ff
2026-09-07,13761,Vexar,156,781.0,
2026-09-07,12960,Fire Flux,157,777.0,
2026-09-07,9686,Turma do Pagode,158,775.0,aeb0162d9f1ca5a689ff
2026-09-07,11933,Yawara,159,774.0,1f81894aab49ffed004a
2026-09-07,13279,LPH,160,773.0,
2026-09-07,13868,DragonClaw,161,771.0,e050cd797127c9424139
2026-09-07,13668,Atreides,162,771.0,
2026-09-07,12009,Permitta,163,768.0,
2026-09-07,12554,regain,164,767.0,08e9948a9b34bce5efdf
2026-09-07,12510,The Huns,165,762.0,a594a1d32bcaf95ae9f0
2026-09-07,10975,MIBR fe,166,758.0,9b56a68b02d01406acef
2026-09-07,13081,Fake do Biru,167,757.0,1f1dbb0f42b950798552
2026-09-07,13888,roamsfiest,168,755.0,
2026-09-07,13882,6666,169,754.0,
2026-09-07,13528,Misa,170,743.0,
2026-09-07,13977,ex-MIBR Academy,171,741.0,
2026-09-07,11571,Gaimin Gladiators,172,741.0,e497530fd06760744e1a
2026-09-07,13546,Strael Bora,173,740.0,
2026-09-07,11555,UNO MILLE,174,739.0,
2026-09-07,13501,illwill,175,739.0,b64e267724655fc75998
2026-09-07,9139,BRUTE,176,739.0,5c6cbfcd870288d243e1
2026-09-07,13694,THE UNIT,177,736.0,
2026-09-07,13747,BERG,178,735.0,
2026-09-07,13855,Overtake Sector,179,734.0,
2026-09-07,7176,RED Canids,180,733.0,
2026-09-07,13237,AM,181,732.0,c68c357f71fed7e65ae7
2026-09-07,6810,aimclub,182,731.0,
2026-09-07,13979,Peladona,183,731.0,
2026-09-07,13321,Falcons Force,184,730.0,60ac4688d84a3a45ffce
2026-09-07,13894,Mai Tai,185,730.0,
2026-09-07,11248,SAW Youngsters,186,728.0,d0b40adb3da8c9644e5b
2026-09-07,9881,Rooster,187,727.0,
2026-09-07,13331,Kaleido,188,727.0,
2026-09-07,13827,NEW VISION,189,723.0,
2026-09-07,13613,Bebop,190,723.0,
2026-09-07,11668,Mindfreak,191,720.0,
2026-09-07,13892,ex-MANA,192,718.0,
2026-09-07,13646,Fortress,193,718.0,
2026-09-07,13163,ALGO,194,717.0,6d64a1dbb12d177cedee
2026-09-07,11176,MOUZ NXT,195,715.0,
2026-09-07,10333,Sangal,196,715.0,1f39a9823201026e22bb
2026-09-07,13686,Abyssal,197,714.0,
2026-09-07,11018,megoshort,198,712.0,
2026-09-07,13714,DONSTU,199,710.0,
2026-09-07,13053,Just Swing,200,710.0,de0df596adaaa4158306
2026-09-07,7120,Entropy,201,710.0,
2026-09-07,13715,Hashiras,202,708.0,c1b98de59b3e8c13d064
2026-09-07,13902,BORRACHEIROS,203,705.0,
2026-09-07,11795,Villainous,204,705.0,
2026-09-07,3044,MIBR Academy,205,701.0,45d509d0b413e59f0313
2026-09-07,12973,NuTorious,206,699.0,0eec6a05f55e73f7f25d
2026-09-07,13857,Iowa Stormboar,207,698.0,
2026-09-07,12901,SemperFi,208,697.0,879d9886680924226fd0
2026-09-07,12164,Zomblers,209,696.0,
2026-09-07,13983,Vitalem Aerem,210,695.0,00c25d960399ef044f5b
2026-09-07,5639,aAa,211,692.0,
2026-09-07,13893,ex-Sashi Academy,212,690.0,
2026-09-07,4411,Ninjas in Pyjamas,213,690.0,ef7aa1204658206e782f
2026-09-07,13945,MAYBE,214,689.0,
2026-09-07,13026,BESTIA Academy,215,688.0,
2026-09-07,12745,brazylijski luz,216,687.0,
2026-09-07,11555,UNO MILLE,217,685.0,
2026-09-07,13644,TDK,218,683.0,68e6f4aded759194f56f
2026-09-07,12646,Chinggis Warriors,219,682.0,bdb1e381fd8230340975
2026-09-07,13575,WAZABI,220,679.0,
2026-09-07,12878,BC.Game,221,677.0,ae6bcae18d9a803e55f9
2026-09-07,10960,Young Ninjas,222,676.0,aeca58676bb982ff0b39
2026-09-07,13403,TNC,223,676.0,
2026-09-07,13524,OLDBOYS PL,224,675.0,
2026-09-07,12818,FAVBET,225,673.0,7c5e87f24d0ff0cb4725
2026-09-07,11176,MOUZ NXT,226,671.0,8c0cdb9b6c2df0556f04
2026-09-07,11514,Rare Atom,227,669.0,16c2d753b24a78b4395e
2026-09-07,11336,DETONATE,228,668.0,
2026-09-07,13766,Phantom Academy,229,668.0,
2026-09-07,7120,Entropy,230,668.0,
2026-09-07,13617,ex-RUBY,231,666.0,767f4df640410769c6df
2026-09-07,13233,HEROIC Academy,232,665.0,7543f900ceba6f1f3ea5
2026-09-07,13735,Haunted House,233,664.0,
2026-09-07,13729,EMPIRE,234,664.0,a27bdc0c7aa011e76395
2026-09-07,13124,Marsborne,235,663.0,c486910f1c211a302ecb
2026-09-07,13974,Ryvex,236,662.0,
2026-09-07,13574,Club 333,237,662.0,
2026-09-07,9735,Lilmix,238,660.0,d920c0ae8a56baa9aa40
2026-09-07,13856,ex-Aether,239,658.0,
2026-09-07,13938,MEIA NOITE,240,655.0,aeaa86c4a42145230185
2026-09-07,13971,Revise,241,653.0,
2026-09-07,10254,BIG Academy,242,653.0,
2026-09-07,5973,Liquid,243,652.0,88b14056df374018c887
2026-09-07,12363,Arcade,244,652.0,
2026-09-07,12899,FengDa,245,652.0,
2026-09-07,12971,Wanted Goons,246,652.0,
2026-09-07,11419,ECSTATIC,247,652.0,38feabbd02bc1a45468d
2026-09-07,13889,train launcher,248,649.0,
2026-09-07,13591,ALTAY,249,649.0,
2026-09-07,9686,Turma do Pagode,250,649.0,26d72f612fa57018806c
2026-09-07,13665,FarmVille,251,648.0,
2026-09-07,13914,Privateer,252,647.0,
2026-09-07,12534,BOSS,253,647.0,7440d730d82ec1270fa9
2026-09-07,13788,Clutchain fe,254,646.0,
2026-09-07,7875,struggletony,255,644.0,
2026-09-07,13732,B8 Academy,256,643.0,
2026-09-07,11905,paiN Academy,257,642.0,
2026-09-07,11446,Leo,258,642.0,
2026-09-07,13811,QUINTESSÊNCIA,259,641.0,
2026-09-07,13778,insane players,260,641.0,
2026-09-07,11581,HOTU,261,640.0,bfcaeeb6019cb1bf807b
2026-09-07,13175,Change The Game,262,639.0,557c3d7cbce81167ed72
2026-09-07,11251,Eternal Fire,263,639.0,c231c03491452703600d
2026-09-07,12352,Sashi Academy,264,636.0,
2026-09-07,12948,BORING PLAYERS,265,635.0,
2026-09-07,13837,SHISHKA,266,635.0,cb5413a184cb101e8d2c
2026-09-07,12267,UNiTY,267,634.0,f6568e478ed3ecce1cbe
2026-09-07,13776,Just Players,268,633.0,
2026-09-07,13665,FarmVille,269,630.0,
2026-09-07,13745,KUUSAMO,270,630.0,
2026-09-07,12190,Shimmer,271,630.0,
2026-09-07,12908,Aether,272,629.0,
2026-09-07,13894,Mai Tai,273,624.0,
2026-09-07,13729,EMPIRE,274,623.0,
2026-09-07,10997,Procyon,275,620.0,35b2da0cb01ba7ba577d
2026-09-07,13366,Invicta,276,618.0,
2026-09-07,13574,Club 333,277,618.0,
2026-09-07,5412,eSuba,278,618.0,
2026-09-07,13984,Banzai,279,618.0,
2026-09-07,13845,Dark Moon,280,616.0,
2026-09-07,13161,eternal premium,281,614.0,
2026-09-07,13789,Subtop De France,282,613.0,
2026-09-07,13858,cirahvi,283,612.0,
2026-09-07,13425,Reign Above,284,609.0,f203bf60af884d505ba4
2026-09-07,12457,ROUNDS,285,607.0,
2026-09-07,13972,Raccoons,286,606.0,735143390145f05498fe
2026-09-07,13726,METANOIA Wolves,287,603.0,
2026-09-07,8947,XI,288,603.0,
2026-09-07,11129,bankaPEPSI,289,603.0,
2026-09-07,13797,ZOTIX,290,603.0,
2026-09-07,13691,Back to Back,291,603.0,
2026-09-07,13666,BMZ,292,602.0,
2026-09-07,13803,DNK,293,602.0,
2026-09-07,9942,MARKandLARRY,294,601.0,
2026-09-07,13660,Ding Cuts,295,600.0,
2026-09-07,12533,Atrix,296,597.0,2f6b8f40e062c2af2ee7
2026-09-07,13879,Festina Lente,297,596.0,
2026-09-07,6033,Keyd Stars,298,595.0,
2026-09-07,13909,Jumprava,299,595.0,
2026-09-07,13704,Drama,300,591.0,
2026-09-07,11905,paiN Academy,301,590.0,
2026-09-07,13985,QuantumX,302,590.0,
2026-09-07,13834,A Great Chaos,303,589.0,
2026-09-07,13865,Arch,304,588.0,
2026-09-07,11838,Partizan,305,585.0,
2026-09-07,13794,900FPSvsECO,306,583.0,
2026-09-07,13791,Julie&Cie,307,582.0,
2026-09-07,13551,OlyBet,308,580.0,
2026-09-07,13870,Wingman,309,573.0,
2026-09-07,13976,LFO 8,310,572.0,
2026-09-07,13664,ex-KRÜ,311,572.0,
2026-09-07,6788,Crashers,312,571.0,
2026-09-07,10867,MASONIC,313,570.0,
2026-09-07,13986,LEGAM,314,567.0,
2026-09-07,13736,Sensation,315,567.0,
2026-09-07,11668,Mindfreak,316,560.0,
2026-09-07,13912,Grêmio,317,560.0,
2026-09-07,10930,atputies,318,557.0,
2026-09-07,13413,Vasco,319,556.0,ce518f0cae5d9dd6255f
2026-09-07,11711,Players,320,555.0,
2026-09-07,13988,Elusive,321,555.0,
2026-09-07,6810,aimclub,322,554.0,b7417bf13be04fca0304
2026-09-07,13913,Trainwrecks,323,544.0,
2026-09-07,5105,Romania,324,540.0,ecea19805ac3bb36b4a8
2026-09-07,13766,Phantom Academy,325,539.0,
2026-09-07,13944,GamersLab,326,539.0,
2026-09-07,13847,Xcity,327,538.0,
2026-09-07,13706,Pugdesonesto,328,537.0,48ba31276cedae8a718a
2026-09-07,14008,your end,329,536.0,
2026-09-07,13707,Younglings,331,532.0,
2026-09-07,12366,Aurora Young Blud,332,531.0,
2026-09-07,13884,Olympus,333,529.0,
2026-09-07,12846,M1X KS,334,525.0,
2026-09-07,13757,ACROBATS,335,524.0,944ca66770db484f1cbc
2026-09-07,13826,Nas,336,524.0,
2026-09-07,13990,New Legends,337,523.0,
2026-09-07,7556,Tricksters,338,521.0,
2026-09-07,13753,Basement Bobs,339,519.0,
2026-09-07,13746,MTX,340,518.0,
2026-09-07,13450,yngods,341,517.0,
2026-09-07,13978,Sementes do Mal,342,516.0,
2026-09-07,13775,playersclub,343,515.0,
2026-09-07,13796,Young TigeRES,344,515.0,
2026-09-07,13364,Famalicão,345,515.0,54ae997fed503317d466
2026-09-07,10838,Incognito,346,514.0,
2026-09-07,13242,XDM,347,511.0,460f2945a49655b53c31
2026-09-07,11275,NSN,348,509.0,
2026-09-07,13792,Persona Grata,349,509.0,c8df75e6032b06e674fd
2026-09-07,13798,Clutchain,350,508.0,
2026-09-07,11018,megoshort,351,507.0,e362432dfb0e55fd4240
2026-09-07,10299,FURY,352,506.0,
2026-09-07,13643,rottweilers,353,505.0,
2026-09-07,13327,R2,354,499.0,
2026-09-07,13738,Chicanery,355,498.0,
2026-09-07,13613,Bebop,356,497.0,ae6d4f4248e9f09730d2
2026-09-07,13789,Subtop De France,357,495.0,
2026-09-07,13704,Drama,358,495.0,
2026-09-07,13571,SINQU,359,493.0,97282c67feb029394a01
2026-09-07,13270,girl kissers,360,485.0,
2026-09-07,10287,Legion,361,484.0,
2026-09-07,13726,METANOIA Wolves,362,483.0,
2026-09-07,13265,MAGICOS,363,483.0,
2026-09-07,12568,EC BANGA,364,482.0,
2026-09-07,13716,IDoPieca,365,482.0,
2026-09-07,11278,Coalesce,366,482.0,
2026-09-07,13697,DAMAJUANA,367,478.0,
2026-09-07,10333,Sangal,368,478.0,8340dc419a4cb09d780e
2026-09-07,13657,Blitzkrieg,369,476.0,
2026-09-07,10864,VP.Prodigy,370,475.0,
2026-09-07,13725,GUARA,371,474.0,
2026-09-07,12194,Rune Eaters,372,472.0,
2026-09-07,13874,raisedbypixels,373,472.0,
2026-09-07,9735,Lilmix,374,469.0,
2026-09-07,13980,Mansão Maromba,375,466.0,
2026-09-07,11109,BBBMBCBS,376,465.0,
2026-09-07,13519,Charrados,377,464.0,
2026-09-07,13833,Zetta,378,464.0,
2026-09-07,13662,home,379,451.0,
2026-09-07,12822,Spirit HU,380,446.0,
2026-09-07,13882,6666,381,433.0,
2026-09-07,9199,Aimhaus,382,431.0,
2026-09-07,13777,PURE,383,429.0,
2026-09-07,13995,Unreal Nightmare,384,424.0,
2026-09-07,13770,Unitronics,385,419.0,
2026-09-07,14015,wachoskys,386,418.0,
2026-09-07,12352,Sashi Academy,387,408.0,
2026-09-07,13712,Z7,388,407.0,
2026-09-07,11999,Grindas,389,406.0,
2026-09-07,12745,brazylijski luz,390,403.0,
2026-09-07,13116,UR,391,401.0,
2026-09-07,13689,Fuzos,392,400.0,
2026-09-07,10976,FURIA fe,393,400.0,10dd16af0d8ef7254cf3
2026-09-07,13502,Arise,394,399.0,
2026-09-07,11718,BIG EQUIPA,395,399.0,
2026-09-07,13142,AKA HERO KAJO,396,399.0,
2026-09-07,13685,Skele,397,398.0,
2026-09-07,10901,OverKnight,398,397.0,
2026-09-07,13629,HereWeGoAgain,399,396.0,
2026-09-07,13543,Time Waves,400,395.0,
2026-09-07,13698,GAMEHARMONY,401,385.0,
