snapshot_date,team_id,team_name,player_ids,player_names,roster_hash,players_resolved,players_expected
2025-01-06,5995.0,G2,2553;3741;3972;11617;19230,huNter-;m0NESY;malbsMd;NiKo;Snax,e2fd491a5a85983fd670,5,5
2025-01-06,7020.0,Spirit,7716;16920;18317;20423;21167,chopper;donk;magixx;sh1ro;zont1x,8ddd7c3d52942c256b57,5,5
2025-01-06,6248.0,The MongolZ,20194;20275;20903;21001;21809,910;bLitz;mzinho;Senzu;Techno,75e5d950f37342b03568,5,5
2025-01-06,9565.0,Vitality,7322;11893;16693;18221;18462,apEX;flameZ;mezii;Spinx;ZywOo,a095c2caa3c0454e0eb8,5,5
2025-01-06,6667.0,FaZe,429;8183;9960;11816;18053,broky;frozen;karrigan;rain;ropz,4b23c6b06a96a7d7ac4c,5,5
2025-01-06,4494.0,MOUZ,13666;16820;18072;18850;20312,Brollan;Jimpphat;siuhy;torzsi;xertioN,dcaaf14356a20ed5fbf7,5,5
2025-01-06,4608.0,Natus Vincere,9816;14759;18987;19206;20127,Aleksib;b1t;iM;jL;w0nderful,996316e9c05448acf739,5,5
2025-01-06,7175.0,HEROIC,9436;12018;14148;19677,degster;kyxsan;NertZ;sjuush;TeSeS,,4,5
2025-01-06,5973.0,Liquid,4679;8520;10394;13915;21763,jks;NAF;Twistzz;ultimate;YEKINDAR,aedd0960e4cf3b33351d,5,5
2025-01-06,8297.0,FURIA,2023;10566;12553;15631;18676,chelo;FalleN;KSCERATO;skullz;yuurih,677d24247aa53119fe45,5,5
2025-01-06,4773.0,paiN,18141;19694;20085;20563,biguzera;kauez;lux;nqz;snow,,4,5
2025-01-06,9215.0,MIBR,11154;18717;18835;21037,drop;exit;insani;Lucaozy;saffee,,4,5
2025-01-06,4914.0,3DMAX,13138;19738;19739;21969,Djoko;Ex3rcice;Graviti;Lucky;Maka,,4,5
2025-01-06,11251.0,Eternal Fire,150;7938;8574;8575;21243,Calyx;MAJ3R;Wicadia;woxic;XANTARES,b94bbca445be35649bd6,5,5
2025-01-06,9928.0,GamerLegion,16486;20301;20358;20870;20994,FL4MUS;sl3nd;Tauson;volt;ztr,c838a8f1c1d3646a49eb,5,5
2025-01-06,5005.0,Complexity,8738;11630;12840;13578,EliGE;floppy;Grim;hallzerk;JT,,4,5
2025-01-06,10567.0,SAW,630;1154;20462;20464;21014,Ag1l;ewjerkz;MUTiRiS;roman;story,b6fab48cf7ca57fe7d9b,5,5
2025-01-06,7532.0,BIG,5794;12708;14929;19899,JDC;Krimbo;rigoN;syrsoN;tabseN,,4,5
2025-01-06,12774.0,FlyQuest,9115;10588;11139;11140;17384,aliStair;dexter;INS;Liazz;Vexite,608ae2e60b05c77291e1,5,5
2025-01-06,6665.0,Astralis,7964;10994;16717;17956;20304,br0;cadiaN;jabbi;Staehr;stavn,1b746188881126db5a62,5,5
2025-01-06,12257.0,Wildcard,8507;8711;16726;21163;21665,JBa;phzy;Sonic;stanislaw;susp,928ad8a13dcda967f95d,5,5
2025-01-06,5378.0,Virtus.pro,8918;12732;13776;16612;20101,electroNic;fame;FL1T;Jame;n0rb3r7,0d148559cfb0a5be5e51,5,5
2025-01-06,,Imperial fe,12758;16497;18775;21756,ANa;Kat;tory;twenty3;zAAz,,4,5
2025-01-06,10976.0,FURIA fe,11872;16340;17288;21219;22839,bizinha;gabs;izaa;kaahSENSEI;lulitenz,10dd16af0d8ef7254cf3,5,5
2025-01-06,10333.0,Sangal,19187;19310;20245;22047;22361,jottAAA;LNZ;SaMey;xfl0ud;yxngstxr,d961095f565ed0be5cf5,5,5
2025-01-06,7969.0,Nemiga,20387;21266;22460;23317;23685,1eeR;khaN;riskyb0b;Xant3r;zweih,5f7d948e2932e569ccbe,5,5
2025-01-06,,NAVI Javelins,15831;21849;22062;22063;22065,Angelka;ASTRA;D7;Hanka;vicu,3b11c82d36dd5bf7d31e,5,5
2025-01-06,7187.0,Nexus,1206;9626;15573;16971;18294,ADRON;BTN;Ciocardau;XELLOW;zewts,c436f0c283513f0845d2,5,5
2025-01-06,4869.0,ENCE,12731;21815;21972;23372,gla1ve;Neityu;podi;sdy;xKacpersky,,4,5
2025-01-06,11837.0,Fluxo,12521;18714;19692;20385,arT;kye;nicks;piriajr;zevy,,4,5
2025-01-06,11883.0,9 Pandas,14273;17011;17508;20357;20709,d1Ledez;glowiing;iDISBALANCE;r3salt;shalfey,db7d3a5e02e8b30328a5,5,5
2025-01-06,12376.0,M80,15370;16599;17378;20104;22921,Lake;reck;s1n;slaxz-;Swisher,764bfbaf02d5ad51d83f,5,5
2025-01-06,7441.0,ECLOT,9911;19069;19594;19815;21165,Dytor;forsyy;kreaz;M1key;nbqq,084edd6496736d402877,5,5
2025-01-06,6673.0,NRG,7687;13249;18838;20333,Brehze;HexT;Jeorge;nitr0;oSee,,4,5
2025-01-06,12426.0,Passion UA,17803;23046;23414;23415,fear;jackasmo;jambo;s-chilla;zeRRoFIX,,4,5
2025-01-06,11838.0,Partizan,2476;13026;20252;20253,c0llins;Dragon;emi;Kind0;ROGA,,4,5
2025-01-06,11241.0,B8,16147;19592;20112;21708;23643,alex666;cptkurtka023;esenthial;headtr1ck;npl,723335631d281525f8e3,5,5
2025-01-06,12394.0,BetBoom,15662;16921;18506;19920;21667,KaiR0N-;Magnojez;nafany;s1ren;zorte,493c9d9f1b976456dd31,5,5
2025-01-06,9455.0,Imperial,9219;12822;19869;20183;22564,decenty;felps;noway;try;VINI,bcc3d95f12d003200086,5,5
2025-01-06,12471.0,GUN5,18670;19808;22471;23047;23783,fineshine52;Sdaim;SELLTER;tN1R;xiELO,f6e56009e56ff84ae7a2,5,5
2025-01-06,11641.0,Metizport,14218;19065;20119;20878;21164,adamb;L00m1;nilo;Plopski;SHiNE,a2cfb768012f4eb4bcfc,5,5
2025-01-06,12312.0,ATOX,22333;22415;23457,AccuracyTG;dobu;kabal;MiQ;Zesta,,3,5
2025-01-06,,PEGADA,16102;17003;20054,Linko;NOPEEJ;pr;rafaxF;snapy,,3,5
2025-01-06,4991.0,fnatic,7528;8374;13670;15165;21062,blameF;bodyy;KRIMZ;MATYS;nawwk,7d9654e666bd7e5dbb2b,5,5
2025-01-06,,Cloud9,11840;15071;16555;20447;21439,Ax1Le;Boombl4;HeavyGod;ICY;interz,31036d7867d816f762b5,5,5
2025-01-06,8113.0,Sharks,20558;21170;21921;22911,doc;gafolo;hoax;koala;rdnzao,,4,5
2025-01-06,10371.0,NAVI Junior,20584;22203;22673;22674;23553,cmtry;dem0n;dziugss;Krabeni;makazze,2c03c52da3ae13074093,5,5
2025-01-06,7900.0,Spirit Academy,22864;23319;24176;24177,alkarenn;kyousuke;Mokuj1n;robo;syph0,,4,5
2025-01-06,12144.0,BESTIA,2161;20394;20690;21155;22570,luchov;naz;Noktse;tomaszin;zock,bc4e03a474be6170c00b,5,5
2025-01-06,4411.0,Ninjas in Pyjamas,9278;16811;17937;20425;22759,isak;jocab;MisteM;r1nkle;REZ,3bc05fc25b51bc00c745,5,5
2025-01-06,11811.0,Monte,16080;16848;17504;19733;20282,DemQQ;dycha;hades;KEi;kRaSnaL,f6867fa7ba13b580c30f,5,5
2025-01-06,12604.0,Johnny Speeds,9255;9766;19064;21012;21159,bobeksde;draken;hampus;Ro1f;spooke,a2051d0db9aa8f62c0e0,5,5
2025-01-06,12000.0,500,11217;11219;11343;17145,CeRq;oxygeN;Rainwaker;SHiPZ;SPELLAN,,4,5
2025-01-06,12468.0,Legacy,9482;15698;17585;19045;22965,b4rtiN;dumau;latto;NEKIZ;saadzin,8f090ee090a00ba7fa0b,5,5
2025-01-06,7176.0,RED Canids,8565;9216;18743;18865;21288,coldzera;dav1deuS;HEN1;nython;venomzera,141115268c3a51a45bdf,5,5
2025-01-06,11948.0,Nouns,14494;21620;22135,cJ dA K1nG;junior;nicx;Peeping;RUSH,,3,5
2025-01-06,10278.0,9INE,2898;14932;21159,bobeksde;faveN;mantuu;raalz;refrezh,,3,5
2025-01-06,11283.0,Falcons,922;7998;9032;11777,dupreeh;Maden;Magisk;s1mple;Snappi,,4,5
2025-01-06,11712.0,Sashi,16705;16723;16731;21199,Altekz;Cabbi;IceBerg;Lucky;MistR,,4,5
2025-01-06,10577.0,SINNERS,798;11199;12810;20229;22280,beastik;majky;MoriiSko;oskar;SHOCK,8ff00b28a128f6466bdb,5,5
2025-01-06,12534.0,BOSS,15176;18706;19079;19128;20564,Cryptic;d4rty;freshie;Fruitcupx;SLIGHT,187e49c0d70d388a6892,5,5
2025-01-06,,UNPAID,9618;18571;20097;20813,CYPHER;h4rn;jkaem;nexa;VLDN,,4,5
2025-01-06,11419.0,ECSTATIC,10961;11995;16723;16753;21779,Cabbi;Kristou;n1Xen;nut nut;TMB,7a4581976ef3fcafec03,5,5
2025-01-06,12366.0,Aurora Young Blud,22803;22880;22884;23193;23302,bl1x1;bluewh1te;gr1ks;m1QUSE;VILBy,7f69f860c01fb98c916a,5,5
2025-01-06,11523.0,Zero Tenacity,5351;8311;21302;21783;21784,aVN;brutmonster;Cjoffo;nEMANHA;simke,78c45e5390fe107cd659,5,5
2025-01-06,9996.0,9z,12092;14736;20607;21239;22613,buda;dgt;HUASOPEEK;MartinezSa;max,345abb242c90eadd201a,5,5
2025-01-06,,France fe,1656;21793;21849;22356,ASTRA;Emerald;Kaoday;Monkey D Julie;RacheLL,,4,5
2025-01-06,11861.0,Aurora,12004;19236;19673;19882;22884,clax;gr1ks;KENSI;Norwi;Patsi,0e7ced82edf77cf5b175,5,5
2025-01-06,11164.0,Into the Breach,11271;15117;15203;15369;18120,Keoz;REDSTAR;reiko;sinnopsyy;smooya,578dd630d0a48fce61d1,5,5
2025-01-06,4501.0,ALTERNATE aTTaX,19284;20122,ArroW;FreeZe;hyped;PerX;prosus,,2,5
2025-01-06,11514.0,Rare Atom,7028;19681;21825,ChildKing;L1haNg;somebody;Summer;z8z,,3,5
2025-01-06,10503.0,OG,19044;20941;21113;21165;21983,Buzz;Chr1zN;F1KU;M1key;MoDo,f6891cc4045107bce057,5,5
2025-01-06,11768.0,ODDIK,14390;17181;22182,ksloks;matios;naitte;togs;WOOD7,,3,5
2025-01-06,10854.0,los kogutos,16847;20283;20284;21142;23668,AMSALEM;maaryy;mASKED;mhL;tomiko,b837469b73d8344171ba,5,5
2025-01-06,11571.0,Gaimin Gladiators,13602;13749;20300,kraghen;nicoodoz;Nodios;Queenix;roeJ,,3,5
2025-01-06,,Apogee,18070;18979;22383;23765;23766,Demho;hfah;hypex;jcobbb;Prism,1191985bc02c56d5769c,5,5
2025-01-06,8840.0,Lynn Vision,16551;16872;18744;22922,afufu;EmiliaQAQ;flying;Westmelon;z4kr,,4,5
2025-01-06,12818.0,FAVBET,2131;18240;20110;20228,bondik;j3kie;Marix;Smash;t3ns1on,,4,5
2025-01-06,12858.0,kONO,16147;19614;19617,amster;byr9;cptkurtka023;nifee;s4ltovsk1yy,,3,5
2025-01-06,,timbermen,17918;19709;19710;19711;20692,dare;dea;nosraC;shane;snav,965cf30c0767a5159a11,5,5
2025-01-06,,KOI,9254;11205;18749;19509;19698,adamS;dav1g;mopoz;sausol;stadodo,21f1774b413583472fc9,5,5
2025-01-06,12467.0,PARIVISION,13239;19235;19673;20430;21348,alpha;ArtFr0st;BELCHONOKK;Patsi;Qikert,043e31e963ce7277bf47,5,5
2025-01-06,12233.0,Solid,9483;16645;20522;22163,ALLE;destiny;drg;gbb;Misfit,,4,5
2025-01-06,12586.0,AMKAL,12027;13982;16948;22929;24326,Forester;Krad;nota;topo;TRAVIS,511be8df08c558658f9a,5,5
2025-01-06,12510.0,The Huns,15072;19957;20703,Bart4k;cobra;nin9;Veccil;xerolte,,3,5
2025-01-06,4863.0,TYLOO,19645;20254;20702;20895;21621,JamYoung;Jee;Mercury;Moseyuh;Starry,226478e93fe49c0382f4,5,5
2025-01-06,8038.0,Party Astronauts,13250;14619;17372;18761;22967,ben1337;FaNg;Infinite;ogwizard;viz,d71f630e5e8612ad7feb,5,5
2025-01-06,12960.0,Fire Flux,8212;9353;20625;20968,Banjo;paz;S3NSEY;ScrunK;soulfly,,4,5
2025-01-06,12380.0,CYBERSHOKE,20948;21362;21710;22879;24286,FenomeN;levantino;lov1kus;notineki;TruNiQ,99729e46a16e372b9eaa,5,5
2025-01-06,,TSM,3741;10330;20090;22695,acoR;niko;sirah;valde;Zyphon,,4,5
2025-01-06,12267.0,UNiTY,15818;15821;22371;23469,K1-FiDa;Levi;NEOFRAG;Pechyn;woozzzi,,4,5
2025-01-06,,Monte Gen,17117;21217;21816;22563,fnl;Gizmy;leen;ryu;shield,,4,5
2025-01-06,,DRILLAS,9656;15778;16885;21452,hAdji;Kvem;meztal;SENER1;Woro2k,,4,5
2025-01-06,12747.0,DMS,20600;21692;22075;22076;24144,AW;kAlash;molodoy;sFade8;sm3t,28cfc982f706b8d65fbc,5,5
2025-01-06,,FLUFFY AIMERS,14799;23674;24048,brett;den1ed;jason;slump;Wolffe,,3,5
2025-01-06,,Verdant,20336;20339;20340;22192,arTisT;Extinct;Girafffe;leaf;Vacancy,,4,5
2025-01-06,4548.0,CPH Wolves,16487;17113;20926;22048;22191,aNdu;eraa;MAGILA;szejn;Tapewaare,68cdae0e97242634ab9b,5,5
2025-01-06,12474.0,Alliance,7443;9811;16487;22760;22860,avid;eraa;PlesseN;twist;upE,db319c58b5a99d95930a,5,5
2025-01-06,,Sampi,8488;14388,fino;sAvana1;semtex;The eLiVe;ZEDKO,,2,5
2025-01-06,12559.0,RUSH B,3459;20534;22040;22927;22930,executor;kinqie;Kiro;tex1y;z1Nny,7b0b9043d43aaf43b52c,5,5
2025-01-06,,ex-Enterprise,15940;18070;20413;20958;20960,bajmi;Demho;ex1st;mwlky;Sobol,62d9750c4f75e924b088,5,5
2025-01-06,12878.0,BC.Game,9261;18790;21139,CacaNito;GuardiaN;jkaem;Lekr0;pr1metapz,,3,5
2025-01-06,11718.0,BIG EQUIPA,7653;16764;20165;21727;22871,JennyR;juliano;LETi;pauliiee;Zana,d817dbf63c7931b871ef,5,5
2025-01-06,,L&G,20421;21065;21650;21651;22649,kL1o;kr1vda;Malkiss;marat2k;OneUn1que,60c96df3b77e5b788a47,5,5
2025-01-06,,Undone,13230;17353;19705,chop;cxzi;motm;Skadoodle;steel,,3,5
2025-01-06,8813.0,Illuminar,22129;24179,AntyVirus;discoStar;Furlan;kadziu;SpavaQu,,2,5
2025-01-06,11827.0,JANO,4076;7775;18848,Aerial;allu;HENU;juho;xseveN,,3,5
2025-01-06,,Fluxo Demons,20503;21736;21800;21801,annaEX;goddess;josi;poppins;yungher,,4,5
2025-01-06,12124.0,Insilio,18510;20197;20201;21630,faydett;FpSSS;Pipw;Polt;sugaR,,4,5
2025-01-06,12787.0,WOPA,14242;20248;21571;22950,Gnøffe;leakz;PR1mE;sL1m3;Vster,,4,5
2025-01-06,,Rebels,3669;21715;23295,casey;flayy;innocent;kisserek;SZPERO,,3,5
2025-01-06,7234.0,Endpoint,7996;22106;22702,AZUWU;cej0t;CRUC1AL;MiGHTYMAX;Surreal,,3,5
2025-01-06,,inSanitY,11213;17553;18140;20185,cass1n;delboNi;f4stzin;iDk;pesadelo,,4,5
2025-01-06,,Apogee,18070;18979;22008;22473;22476,Demho;Prism;Qlocuu;swiz;virtuoso,0c6a726e6fc83427ec55,5,5
2025-01-06,10900.0,KRÜ,9221;18549;21169,atarax1a;deco;laser;reversive;righi,,3,5
2025-01-06,12646.0,Chinggis Warriors,15060;19229;21396;21398;22414,ariucle;controlez;Efire;NEUZ;ROUX,aa1a1aadf8a7ff47aafa,5,5
2025-01-06,13025.0,Tropa do Taco,16816;16817;16835,farias;hardzao;ponter;TACO;vsm,,3,5
2025-01-06,11581.0,HOTU,18752;19962;21385;23783,fineshine52;kade0;lampada;mizu;Re1GN,,4,5
2025-01-06,12548.0,Dusty Roots,18554;21221,1962;alexer;maxxkor;OwensinhoM;tom1jed,,2,5
2025-01-06,12124.0,Insilio,18510;20197;22535;23048;23858,dwushka;faydett;kelieN;mo0N;sugaR,17803d4b3f5c1cc0be1e,5,5
2025-01-06,10947.0,Rhyno,17003;20054;21014;23140;23237,Ag1l;krazy;rafaxF;snapy;TMKj,72d08ab16db0741beda4,5,5
2025-01-06,12833.0,TNL,24168;24281;24283,cairne;onic;st0m4k;yukitoro;zogeN,,3,5
2025-01-06,11917.0,NIP Impact,1572;21796;21798;22095;23090,aiM;Nayomy;Qiyarah;ramziiN;vilga,4c0a0f62bc8d88416e7e,5,5
2025-01-06,11609.0,GenOne,284;10569;19742;20482;21971,Brooxsy;devoduvek;drac;JACKZ;Kursy,91625ab3ea668cf9fc3f,5,5
2025-01-06,,Revenant,7168;15203;20761;21972,lauNX;NBK-;Neityu;Nivera;reiko,,4,5
2025-01-06,11790.0,ENCE Academy,20677;21233;21930;22733;24149,2high;millert;myltsi;Schwarz;teme,9c4a36a264a74f4d8d93,5,5
2025-01-06,10973.0,Anonymo,24243,chudy;darchevile;Enzo;Michat;Nami,,1,5
2025-01-06,11321.0,Kappa Bar,7700;16487,Bååten;eraa;robiin;SeBreeZe;Siz,,2,5
2025-01-06,,Case,18875;21099;22126;22181,bsd;nyezin;RICIOLI;urban0;yepz,,4,5
2025-01-06,,K27 fe,24005;24006,Elizabeth;f6tal;k175un4;sosya;wieenN,,2,5
2025-01-06,6668.0,FLuffy Gangsters,24171;24172,Djon8;h1ghnesS;OverDrive;takanashi;yuramyata,,2,5
2025-01-06,11737.0,EYEBALLERS,3849;16029;22060;22914;23397,delle;dex;HEAP;JW;poiii,c56d0a8e8d57b2d80c10,5,5
2025-01-06,11861.0,Aurora,13240;19236;19882;20113;20709,deko;KENSI;Lack1;Norwi;r3salt,4178295899d8d80d2276,5,5
2025-01-06,10960.0,Young Ninjas,16811;22759;23372,BluePho3nix;jocab;MisteM;Silence;xKacpersky,,3,5
2025-01-06,10459.0,ARCRED,18447;18671;20402;21363;21369,1NVISIBLEE;DSSj;Get_Jeka;shg;synyx,fe47061e7cbb19bd7eb4,5,5
2025-01-06,12722.0,E-Xolos LAZER,10838;10840;16814,danoco;land1n;mawth;tatazin;w1,,3,5
2025-01-06,2955.0,Denmark fe,23621,anja;Ismo;KiTKaT;marie;Sukkerzhok,,1,5
2025-01-06,4548.0,CPH Wolves,16718;17113;22048,BøghmagiC;Fessor;sense;szejn;Tapewaare,,3,5
2025-01-06,,Hype,20083;20939;22109,history;leo_drk;ninjaZ;redi;vinaabEAST,,3,5
2025-01-06,10954.0,Astralis Talent,21381,ANSG1;kiR;Rytter;suma;Zanto,,1,5
2025-01-06,12611.0,vagrants,18090;22552;23199,Cyrix;mason;micro;Sandman;Seb,,3,5
2025-01-06,11176.0,MOUZ NXT,21972;22904;24457,Burmylov;Neityu;PR;TOBIZ;xelex,,3,5
2025-01-06,,Vikings KR,2544;12092;14010;23045,lukiz;max;realz1n;remix;zmb,,4,5
2025-01-06,,ex-GR,,7nation;mediocrity;Runnin;SALO_MUX;weqt2,,0,5
2025-01-06,11711.0,Players,22085,dok;dzt;MITHPUTTINI;spinnie;xns,,1,5
2025-01-06,12567.0,Akimbo,20572;23458,kmrn;kralz;laxiee;N2o;obi,,2,5
2025-01-06,12646.0,Chinggis Warriors,15060;20703;21428;21828,fury5k;NEUZ;sergelen19k;xerolte;Zilkenberg,,4,5
2025-01-06,12301.0,FlyQuest RED,8850;14401;18641;21793;22111,BiBiAhn;Emy;GooseBreeder;Kaoday;vanessa,ac151fb0784772bb4cdb,5,5
2025-01-06,11660.0,Take Flyte,13689;21749,cbass;Champ;Grave;jchancE;z0mb1e,,2,5
2025-01-06,12415.0,Gods Reign,23323,Bhavi;f1redup;Ph1NNN;R2B2;Rossi,,1,5
2025-01-06,12959.0,ShindeN,19872;20451;20992,abizz;BK1;ivz;relentless;roy,,3,5
2025-01-06,,Revenge Nation,23589;23675,Evan;MagiC;MERL;NIGHT666LADE;TABEN,,2,5
2025-01-06,12890.0,Bad News Chickens,17132;17133;20521,Alisson;desh;Leomonster;short;skr,,3,5
2025-01-06,10245.0,JiJieHao,10449;13466;17675;18163,Aaron;Bibu;dennyslaw;ISSAA;m1N1,,4,5
2025-01-06,12988.0,GameHunters,10827;17028;22084,abr;Lich;mello;pedrinzy;prt,,3,5
2025-01-06,,undefined,13230;19705;19846;20204,BeaKie;chop;CLASIA;motm;stamina,,4,5
2025-01-06,10975.0,MIBR fe,16341;22270;23463,Babs;Dani;GaBi;hera;showliana,,3,5
2025-01-06,,Bromo,20258;21509,FIOURN;Miami;rage;SPine;Zy88,,2,5
2025-01-06,11668.0,Mindfreak,,gump;pain;Rickeh;Texta;tucks,,0,5
2025-01-06,9881.0,Rooster,12877;18545;20527;20881,asap;chelleos;Rackem;sliimey;TjP,,4,5
2025-01-06,10621.0,1WIN,8528;11940;11942;19703;20700,buster;HObbit;lattykk;neaLaN;Ryujin,271effb2897a5924605f,5,5
2025-01-06,13447.0,DASH,16563;23642;24282,ch1rs;Dawy;Flierax;nifee;Psycho,,3,5
2025-01-06,,Spirit fe,22029,AverOna;Jammie;kr4sy;Rony4ka;uulis,,1,5
2025-01-06,12677.0,Galorys,11213;18610;20083;22362;23551,delboNi;detr0ittJ;ninjaZ;Tomate;xureba,84c83b01f7e6083c960c,5,5
2025-01-06,12522.0,Heimo,9325;14236,arvid;japE;oopee;spargo;Welho,,2,5
2025-01-06,8813.0,Illuminar,18048;20637;24081,b1elany;Furlan;kadziu;keis;m4tthi,,3,5
2025-01-06,,Daystar,21775;23106;24426,BehinDx;mAnGo;Speedie;stesso;Viggo,,3,5
2025-01-06,12533.0,Atrix,20501;21733;23092,bokor;LyttleZ;mari;s1non;Sofiaxyz,,3,5
2025-01-06,12431.0,Betera,13281;19874;20422;22459;24173,El1an;MaSvAl;OWNER;sh1nejezzz;tENZY,75033a164399b2acc065,5,5
2025-01-06,11933.0,Yawara,22364;22956;22957;24284,j0w;lash;revoltz;stax;tele D,,4,5
2025-01-06,3044.0,MIBR Academy,20029;21286;21700;22777;23094,brn$;card;diozera;mlhzin;RenanZin,92bcf85e3629d8816cb6,5,5
2025-01-06,12884.0,The Art of War,21395,BaN4na;neo;Oath;Terryyy;viridian,,1,5
2025-01-06,12915.0,NITRO,21284,beg0d;happ;Lcm;leleo;LUCAS1,,1,5
2025-01-06,11312.0,QUAZAR,23687;24316;24317;24318;24319,gehji;Muk0s;n4mb3r5;tommy;whisper,5c916781e1112d162675,5,5
2025-01-06,,inSanitY fe,23148,armk4m;Brendinha;cAmyy;chjna;ujliana,,1,5
2025-01-06,12776.0,Bounty Hunters,13287;14737;18322,bnc;Bruninho;KAISER;meyern;SHOOWTiME,,3,5
2025-01-06,8574.0,W7M,18894;20029;22964,card;fokiu;jz;stormzyn;t9rnay,,3,5
2025-01-06,,Intense,19972;20885;21100,ckzao;fREQ;jz;keiz;zede,,3,5
2025-01-06,,Qiang,17293;18163;20289,Aaron;Bibu;DGL;kory;Porya,,3,5
2025-01-06,12334.0,Preasy,22091;23106;23338,AcilioN;Beccie;Equip;Griller;Viggo,,3,5
2025-01-06,12912.0,thekillaz fe,21042,Cellax;fly;hera;Samys;showliana,,1,5
2025-01-06,8210.0,TALON,14294;16847;18214;20086,ADDICT;AZR;hazr;mhL;nettik,,4,5
2025-01-06,,Limitless,22552,Aureo;DJF;Sandman;Seb;Wolffe,,1,5
2025-01-06,,SovvyKiNG,19575;21362;22039;22189,danistzz;H4SAN4TOR;rexxie;TruNiQ;X5G7V,,4,5
2025-01-06,12921.0,Housebets,,apocdud;BRACE;damyo;Omichella;yourwombat,,0,5
2025-01-06,12694.0,RUBY,22325;22326;23541;23599;23858,forkyz;Kaide;mo0N;sowalio;tasman,4120092029828a8d3f68,5,5
2025-01-06,,CatEvil,16768;19735;22000,BZA;Cate;lan;Roninbaby;tanxiaomei,,3,5
2025-01-06,12276.0,DXA,,helix;Kiyo;lucas222;prakM;Roflko,,0,5
2025-01-06,9506.0,Viperio,21657;23735,dezt;shyyne;Skrimo;swicher;zodi,,2,5
2025-01-06,12889.0,G2 Ares,19173;21272;23192;23544,fNk;hitori;ketsuo;kl1m;tAk,,4,5
2025-01-06,11011.0,Patins da Ferrari,18891;21290,CSO;CutzMeretz;land1n;lub;perez,,2,5
2025-01-06,12152.0,KZG,,dpr;Estate;Hassie;Samuukxs;Zuko,,0,5
2025-01-06,12363.0,Arcade,,foggers;Kras;TRIPLUS;versa;void,,0,5
2025-01-06,7720.0,InControl,20330;20573;23199;23672;23690,Andrew;DYLAN;jsfeltner;mason;TyRa,ffb80662b6034a143226,5,5
2025-01-06,13052.0,2070,,Demonos;lealziNho;roz;swarmyzz;voltera,,0,5
2025-01-06,,Canada,21128,Gabie;J0LZ;Melio;Pluto;YuZ,,1,5
2025-01-06,,Final Form,20273;23410,CAJUN;CoolComs;Drop;FxRE;YNGHunter,,2,5
2025-01-06,,PEAK fe,23514,Cara de Banana;Dynasty;Eleven;Luulu4k;valulu,,1,5
2025-01-06,12472.0,MANTRA,,cheeseball;cookie;Reapz;rekonz;Winnieeeee,,0,5
2025-01-06,12895.0,K27,22886;23684;23686;24725,Aliot;kashl1d;qw1nk1;relaxxie;xeedo,,4,5
2025-01-06,11955.0,LAG,21021,Experative;Nyyx;rayxts;TR0JN;Weeza,,1,5
2025-01-06,,JOGA DE TERNO,23960;24298;24328,ALENNNCAR;BALEROSTYLE;BRNZ1K;Lukita;sakamoto,,3,5
2025-01-06,12789.0,LaChampionsLiga,17997;19086;19985;20689;24091,dott1;Hezz;lenci;nacho;pavv,e154a84320f588f175a0,5,5
2025-01-06,12967.0,WW,13157;14175;21690;22350;23927,Aunkere;ct0m;Jerry;StRoGo;tried,6ecb71f497aacb2079ca,5,5
2025-01-06,5479.0,Mythic,7808;8503;15007;20793;22022,Austin;Cooper;fl0m;freakazoid;Trucklover86,e4b6c6fa18f3a24c20a4,5,5
2025-01-06,10978.0,VELOX,10499;10506;24558,JonY BoY;maaxg1;nbl;toto;tutehen,,3,5
2025-01-06,11006.0,9z Academy,23549;24639,lezy;MaxOff;neozix;rw;zock9,,2,5
2025-01-06,11421.0,Kosovo,20434;21108,BledarD;Caleyy;deb0;Dementor;HYPERI1,,2,5
2025-01-06,9958.0,Alter Ego,20066,aidKiT;BnTeT;dobu;Freeman;XigN,,1,5
2025-01-06,6652.0,GameAgents,,dosikzz;for2na;KarmaN;ResoLuxe;WANGJ,,0,5
2025-01-06,7865.0,HAVU,9818;22144,Airax;Jelo;ottoNd;puuha;uli,,2,5
2025-01-06,,ADEPTS,15118;21331;21967;22481,cHeuuuuk;Chucky;HippoV;SBT;Tarkky,,4,5
2025-01-06,12455.0,Vantage,,alecc;Drox;Jynx;Mingovi;supar,,0,5
2025-01-06,12908.0,Aether,23830,Drew;Frost;Izik;LUKE4k;SolGoat,,1,5
2025-01-06,,True Rippers,,Anasasis;Crunchy;DEFAULTER;Mcg!LLzZz;Rossi,,0,5
2025-01-06,,SPORT,,DANVIET;PremiuM;timid;voltera;xns,,0,5
2025-01-06,11336.0,DETONATE,20578;20787;23136;23137;23138,arcade;dvrk;Pose1doNN;sasha;Zucar,ba1d1612f747b5c57920,5,5
2025-01-06,13579.0,USA,17437;20234;23199,CoJoMo;Gabe;Louie;mason;mds,,3,5
2025-01-06,11905.0,paiN Academy,22566,deemO;legy;Markz;Tatu;tsug,,1,5
2025-01-13,5995.0,G2,2553;3741;3972;11617;19230,huNter-;m0NESY;malbsMd;NiKo;Snax,e2fd491a5a85983fd670,5,5
2025-01-13,7020.0,Spirit,7716;16920;18317;20423;21167,chopper;donk;magixx;sh1ro;zont1x,8ddd7c3d52942c256b57,5,5
2025-01-13,6248.0,The MongolZ,20194;20275;20903;21001;21809,910;bLitz;mzinho;Senzu;Techno,75e5d950f37342b03568,5,5
2025-01-13,6667.0,FaZe,429;8183;9960;11816;18053,broky;frozen;karrigan;rain;ropz,4b23c6b06a96a7d7ac4c,5,5
2025-01-13,9565.0,Vitality,7322;11893;16693;18221;18462,apEX;flameZ;mezii;Spinx;ZywOo,a095c2caa3c0454e0eb8,5,5
2025-01-13,4494.0,MOUZ,13666;16820;18072;18850;20312,Brollan;Jimpphat;siuhy;torzsi;xertioN,dcaaf14356a20ed5fbf7,5,5
2025-01-13,4608.0,Natus Vincere,9816;14759;18987;19206;20127,Aleksib;b1t;iM;jL;w0nderful,996316e9c05448acf739,5,5
2025-01-13,7175.0,HEROIC,9436;12018;14148;19677,degster;kyxsan;NertZ;sjuush;TeSeS,,4,5
2025-01-13,5973.0,Liquid,4679;8520;10394;13915;21763,jks;NAF;Twistzz;ultimate;YEKINDAR,aedd0960e4cf3b33351d,5,5
2025-01-13,8297.0,FURIA,2023;10566;12553;15631;18676,chelo;FalleN;KSCERATO;skullz;yuurih,677d24247aa53119fe45,5,5
2025-01-13,4773.0,paiN,18141;19694;20085;20563,biguzera;kauez;lux;nqz;snow,,4,5
2025-01-13,9215.0,MIBR,11154;18717;18835;21037,drop;exit;insani;Lucaozy;saffee,,4,5
2025-01-13,4914.0,3DMAX,13138;19738;19739;21969,Djoko;Ex3rcice;Graviti;Lucky;Maka,,4,5
2025-01-13,9928.0,GamerLegion,16486;20301;20358;20870;20994,FL4MUS;sl3nd;Tauson;volt;ztr,c838a8f1c1d3646a49eb,5,5
2025-01-13,12257.0,Wildcard,8507;8711;16726;21163;21665,JBa;phzy;Sonic;stanislaw;susp,928ad8a13dcda967f95d,5,5
2025-01-13,11251.0,Eternal Fire,150;7938;8574;8575;21243,Calyx;MAJ3R;Wicadia;woxic;XANTARES,b94bbca445be35649bd6,5,5
2025-01-13,5005.0,Complexity,8738;11630;12840;13578,EliGE;floppy;Grim;hallzerk;JT,,4,5
2025-01-13,7532.0,BIG,5794;12708;14929;19899,JDC;Krimbo;rigoN;syrsoN;tabseN,,4,5
2025-01-13,10567.0,SAW,630;1154;20462;20464;21014,Ag1l;ewjerkz;MUTiRiS;roman;story,b6fab48cf7ca57fe7d9b,5,5
2025-01-13,12774.0,FlyQuest,9115;10588;11139;11140;17384,aliStair;dexter;INS;Liazz;Vexite,608ae2e60b05c77291e1,5,5
2025-01-13,6665.0,Astralis,7964;10994;16717;17956;20304,br0;cadiaN;jabbi;Staehr;stavn,1b746188881126db5a62,5,5
2025-01-13,5378.0,Virtus.pro,8918;12732;13776;16612;20101,electroNic;fame;FL1T;Jame;n0rb3r7,0d148559cfb0a5be5e51,5,5
2025-01-13,,Imperial fe,12758;16497;18775;21756,ANa;Kat;tory;twenty3;zAAz,,4,5
2025-01-13,12312.0,ATOX,22333;22415;23457,AccuracyTG;dobu;kabal;MiQ;Zesta,,3,5
2025-01-13,10976.0,FURIA fe,11872;16340;17288;21219;22839,bizinha;gabs;izaa;kaahSENSEI;lulitenz,10dd16af0d8ef7254cf3,5,5
2025-01-13,7187.0,Nexus,1206;9626;15573;16971;18294,ADRON;BTN;Ciocardau;XELLOW;zewts,c436f0c283513f0845d2,5,5
2025-01-13,10333.0,Sangal,19187;19310;20245;22047;22361,jottAAA;LNZ;SaMey;xfl0ud;yxngstxr,d961095f565ed0be5cf5,5,5
2025-01-13,7969.0,Nemiga,20387;21266;22460;23317;23685,1eeR;khaN;riskyb0b;Xant3r;zweih,5f7d948e2932e569ccbe,5,5
2025-01-13,,NAVI Javelins,15831;21849;22062;22063;22065,Angelka;ASTRA;D7;Hanka;vicu,3b11c82d36dd5bf7d31e,5,5
2025-01-13,4869.0,ENCE,12731;21815;21972;23372,gla1ve;Neityu;podi;sdy;xKacpersky,,4,5
2025-01-13,11883.0,9 Pandas,12027;17011;20357;20709;23764,Alv;d1Ledez;Krad;r3salt;shalfey,f0799d6dc7ece6953b94,5,5
2025-01-13,6673.0,NRG,7687;13249;18838;20333,Brehze;HexT;Jeorge;nitr0;oSee,,4,5
2025-01-13,12376.0,M80,15370;16599;17378;20104;22921,Lake;reck;s1n;slaxz-;Swisher,764bfbaf02d5ad51d83f,5,5
2025-01-13,11837.0,Fluxo,12521;18714;19692;20385,arT;kye;nicks;piriajr;zevy,,4,5
2025-01-13,7441.0,ECLOT,9911;19069;19594;19815;21165,Dytor;forsyy;kreaz;M1key;nbqq,084edd6496736d402877,5,5
2025-01-13,11838.0,Partizan,2476;13026;20252;20253,c0llins;Dragon;emi;Kind0;ROGA,,4,5
2025-01-13,11514.0,Rare Atom,7028;19681;21825,ChildKing;kaze;L1haNg;somebody;Summer,,3,5
2025-01-13,12426.0,Passion UA,17803;23046;23414;23415,fear;jackasmo;jambo;s-chilla;zeRRoFIX,,4,5
2025-01-13,11641.0,Metizport,14218;19065;20119;20878;21164,adamb;L00m1;nilo;Plopski;SHiNE,a2cfb768012f4eb4bcfc,5,5
2025-01-13,12471.0,GUN5,18670;19808;22471;23047;23783,fineshine52;Sdaim;SELLTER;tN1R;xiELO,f6e56009e56ff84ae7a2,5,5
2025-01-13,9455.0,Imperial,9219;12822;19869;20183;22564,decenty;felps;noway;try;VINI,bcc3d95f12d003200086,5,5
2025-01-13,,PEGADA,16102;17003;20054,Linko;NOPEEJ;pr;rafaxF;snapy,,3,5
2025-01-13,12144.0,BESTIA,2161;16314;20394;21155;22570,luchov;naz;Noktse;pancc;tomaszin,856b7a0559245db92cf2,5,5
2025-01-13,11241.0,B8,16147;19592;20112;21708;23643,alex666;cptkurtka023;esenthial;headtr1ck;npl,723335631d281525f8e3,5,5
2025-01-13,12394.0,BetBoom,15662;16921;18506;19920;21667,KaiR0N-;Magnojez;nafany;S1ren;zorte,493c9d9f1b976456dd31,5,5
2025-01-13,8113.0,Sharks,20558;21170;21921;22911,doc;gafolo;hoax;koala;rdnzao,,4,5
2025-01-13,4991.0,fnatic,7528;8374;13670;15165;21062,blameF;bodyy;KRIMZ;MATYS;nawwk,7d9654e666bd7e5dbb2b,5,5
2025-01-13,7900.0,Spirit Academy,22864;23319;24176;24177,alkarenn;kyousuke;Mokuj1n;robo;syph0,,4,5
2025-01-13,,Cloud9,11840;15071;16555;20447;21439,Ax1Le;Boombl4;HeavyGod;ICY;interz,31036d7867d816f762b5,5,5
2025-01-13,4411.0,Ninjas in Pyjamas,9278;16811;17937;20425;22759,isak;jocab;MisteM;r1nkle;REZ,3bc05fc25b51bc00c745,5,5
2025-01-13,10371.0,NAVI Junior,20584;22203;22673;22674;23553,cmtry;dem0n;dziugss;Krabeni;makazze,2c03c52da3ae13074093,5,5
2025-01-13,12604.0,Johnny Speeds,9255;9766;19064;21012;21159,bobeksde;draken;hampus;Ro1f;spooke,a2051d0db9aa8f62c0e0,5,5
2025-01-13,11811.0,Monte,16080;16848;17504;19733;20282,DemQQ;dycha;hades;KEi;kRaSnaL,f6867fa7ba13b580c30f,5,5
2025-01-13,12468.0,Legacy,15698;19045;19686;20563;22965,dumau;latto;lux;n1ssim;saadzin,5cfd43d0258204c4872c,5,5
2025-01-13,12000.0,500,11217;11219;11343;17145,CeRq;oxygeN;Rainwaker;SHiPZ;SPELLAN,,4,5
2025-01-13,11948.0,Nouns,14494;21620;22135,cJ dA K1nG;junior;nicx;Peeping;RUSH,,3,5
2025-01-13,7176.0,RED Canids,8565;9216;18743;18865;21288,coldzera;dav1deuS;HEN1;nython;venomzera,141115268c3a51a45bdf,5,5
2025-01-13,12534.0,BOSS,15176;18706;19079;19128;20564,Cryptic;d4rty;freshie;Fruitcupx;SLIGHT,187e49c0d70d388a6892,5,5
2025-01-13,10577.0,SINNERS,8488;11199;12810;20229;23763,beastik;MoriiSko;Pepo;SHOCK;ZEDKO,2740412c48959f554e2c,5,5
2025-01-13,10278.0,9INE,2898;14932;21159,bobeksde;faveN;mantuu;raalz;refrezh,,3,5
2025-01-13,11523.0,Zero Tenacity,5351;8311;21302;21783;21784,aVN;brutmonster;Cjoffo;nEMANHA;simke,78c45e5390fe107cd659,5,5
2025-01-13,11283.0,Falcons,922;7998;9032;11777,dupreeh;Maden;Magisk;s1mple;Snappi,,4,5
2025-01-13,,UNPAID,9618;18571;20097;20813,CYPHER;h4rn;jkaem;nexa;VLDN,,4,5
2025-01-13,11712.0,Sashi,13602;16705;16723;16731,Altekz;Cabbi;IceBerg;Lucky;nicoodoz,,4,5
2025-01-13,12366.0,Aurora Young Blud,22803;22880;22884;23193;23302,bl1x1;bluewh1te;gr1ks;m1QUSE;VILBy,7f69f860c01fb98c916a,5,5
2025-01-13,9996.0,9z,12092;14736;20607;21239;22613,buda;dgt;HUASOPEEK;MartinezSa;max,345abb242c90eadd201a,5,5
2025-01-13,8840.0,Lynn Vision,16551;18744;20254;22922;24747,EmiliaQAQ;Starry;suki;Westmelon;z4kr,2970fc165b9a9a4d3ea5,5,5
2025-01-13,4501.0,ALTERNATE aTTaX,19284;20122,ArroW;FreeZe;hyped;PerX;prosus,,2,5
2025-01-13,11419.0,ECSTATIC,10961;11995;16753;20417;21779,Anlelele;Kristou;n1Xen;nut nut;TMB,c4e7e444d827e80f278e,5,5
2025-01-13,11861.0,Aurora,12004;19236;19673;19882;22884,clax;gr1ks;KENSI;Norwi;Patsi,0e7ced82edf77cf5b175,5,5
2025-01-13,10947.0,Rhyno,20683;20750;22807;23140;23141,aragornN;Icarus;krazy;P3R3IIRA;seabraez,a5b74eab4210e81faa6e,5,5
2025-01-13,11164.0,Into the Breach,11271;15117;15203;15369;18120,Keoz;REDSTAR;reiko;sinnopsyy;smooya,578dd630d0a48fce61d1,5,5
2025-01-13,10854.0,los kogutos,16847;20283;20284;21142;23668,AMSALEM;maaryy;mASKED;mhL;tomiko,b837469b73d8344171ba,5,5
2025-01-13,10503.0,OG,19044;20941;21113;21165;21983,Buzz;Chr1zN;F1KU;M1key;MoDo,f6891cc4045107bce057,5,5
2025-01-13,11768.0,ODDIK,14390;17181;22182,ksloks;matios;naitte;togs;WOOD7,,3,5
2025-01-13,11571.0,Gaimin Gladiators,13602;13749;20300,kraghen;nicoodoz;Nodios;Queenix;roeJ,,3,5
2025-01-13,12510.0,The Huns,15072;19957;20703,Bart4k;cobra;nin9;Veccil;xerolte,,3,5
2025-01-13,,Apogee,18070;18979;22383;23765;23766,Demho;hfah;hypex;jcobbb;Prism,1191985bc02c56d5769c,5,5
2025-01-13,12818.0,FAVBET,2131;18240;20110;20228,bondik;j3kie;Marix;Smash;t3ns1on,,4,5
2025-01-13,12233.0,Solid,9483;16645;18743;20522;23551,destiny;drg;gbb;nython;Tomate,21a7646cd27ff716f6a6,5,5
2025-01-13,,timbermen,17918;19709;19710;19711;20692,dare;dea;nosraC;shane;snav,965cf30c0767a5159a11,5,5
2025-01-13,12858.0,kONO,16147;19614;19617,amster;byr9;cptkurtka023;s4ltovsk1yy;Sijeyy,,3,5
2025-01-13,,KOI,9254;11205;18749;19509;19698,adamS;dav1g;mopoz;sausol;stadodo,21f1774b413583472fc9,5,5
2025-01-13,4863.0,TYLOO,19645;20254;20702;20895;21621,JamYoung;Jee;Mercury;Moseyuh;Starry,226478e93fe49c0382f4,5,5
2025-01-13,12467.0,PARIVISION,13239;19235;19673;20430;21348,alpha;ArtFr0st;BELCHONOKK;Patsi;Qikert,043e31e963ce7277bf47,5,5
2025-01-13,12586.0,AMKAL,12027;13982;16948;22929;24326,Forester;Krad;nota;topo;TRAVIS,511be8df08c558658f9a,5,5
2025-01-13,8038.0,Party Astronauts,13250;14619;17372;18761;22967,ben1337;FaNg;Infinite;ogwizard;viz,d71f630e5e8612ad7feb,5,5
2025-01-13,12960.0,Fire Flux,8212;9353;20625;20968,Banjo;paz;S3NSEY;ScrunK;soulfly,,4,5
2025-01-13,12380.0,CYBERSHOKE,20948;21362;21710;22879;24286,FenomeN;levantino;lov1kus;notineki;TruNiQ,99729e46a16e372b9eaa,5,5
2025-01-13,12267.0,UNiTY,15818;15821;22371;23469,K1-FiDa;Levi;NEOFRAG;Pechyn;woozzzi,,4,5
2025-01-13,,TSM,3741;10330;20090;22695,acoR;niko;sirah;valde;Zyphon,,4,5
2025-01-13,,Verdant,20336;20339;20340;22192,arTisT;Extinct;Girafffe;leaf;Vacancy,,4,5
2025-01-13,,Monte Gen,17117;21217;21816;22563,fnl;Gizmy;leen;ryu;shield,,4,5
2025-01-13,,FLUFFY AIMERS,14799;23674;24048,brett;den1ed;jason;slump;Wolffe,,3,5
2025-01-13,12474.0,Alliance,7443;9811;16487;22760;22860,avid;eraa;PlesseN;twist;upE,db319c58b5a99d95930a,5,5
2025-01-13,,DRILLAS,9656;15778;16885;21452,hAdji;Kvem;meztal;SENER1;Woro2k,,4,5
2025-01-13,12559.0,RUSH B,3459;20534;22040;22927;22930,executor;kinqie;Kiro;tex1y;z1Nny,7b0b9043d43aaf43b52c,5,5
2025-01-13,,Sampi,8488;14388,fino;sAvana1;semtex;The eLiVe;ZEDKO,,2,5
2025-01-13,12878.0,BC.Game,9261;18790;21139,CacaNito;GuardiaN;jkaem;Lekr0;pr1metapz,,3,5
2025-01-13,,ex-Enterprise,15940;18070;20413;20958;20960,bajmi;Demho;ex1st;mwlky;Sobol,62d9750c4f75e924b088,5,5
2025-01-13,11718.0,BIG EQUIPA,7653;16764;20165;21727;22871,JennyR;juliano;LETi;pauliiee;Zana,d817dbf63c7931b871ef,5,5
2025-01-13,12747.0,DMS,20600;21692;22075;22076;24144,AW;kAlash;molodoy;sFade8;sm3t,28cfc982f706b8d65fbc,5,5
2025-01-13,,Undone,13230;17353;19705,chop;cxzi;motm;Skadoodle;steel,,3,5
2025-01-13,8813.0,Illuminar,22129;24179,AntyVirus;discoStar;Furlan;kadziu;SpavaQu,,2,5
2025-01-13,,L&G,20421;21065;21650;21651;22649,kL1o;kr1vda;Malkiss;marat2k;OneUn1que,60c96df3b77e5b788a47,5,5
2025-01-13,,Fluxo Demons,20503;21736;21800;21801,annaEX;goddess;josi;poppins;yungher,,4,5
2025-01-13,11737.0,EYEBALLERS,3849;16029;22060;22914;23397,delle;dex;HEAP;JW;poiii,c56d0a8e8d57b2d80c10,5,5
2025-01-13,12787.0,WOPA,14242;20248;21571;22950,Gnøffe;leakz;PR1mE;sL1m3;Vster,,4,5
2025-01-13,11827.0,JANO,4076;7775;18848,Aerial;allu;HENU;juho;xseveN,,3,5
2025-01-13,11609.0,GenOne,284;10569;19742;20482;21971,Brooxsy;devoduvek;drac;JACKZ;Kursy,91625ab3ea668cf9fc3f,5,5
2025-01-13,12124.0,Insilio,18510;20197;20201;21630,faydett;FpSSS;Pipw;Polt;sugaR,,4,5
2025-01-13,7234.0,Endpoint,7996;22106;22702,AZUWU;cej0t;CRUC1AL;MiGHTYMAX;Surreal,,3,5
2025-01-13,,Rebels,3669;21715;23295,casey;flayy;innocent;kisserek;SZPERO,,3,5
2025-01-13,4548.0,CPH Wolves,13669;17113;20637;20926;22048,aNdu;b1elany;Jackinho;szejn;Tapewaare,211deb9c07219e5ea3fb,5,5
2025-01-13,12548.0,Dusty Roots,18554;21221;24749,1962;FraGuTy;maxxkor;tom1jed;toto,,3,5
2025-01-13,12124.0,Insilio,18510;20197;22535;23048;23858,dwushka;faydett;kelieN;mo0N;sugaR,17803d4b3f5c1cc0be1e,5,5
2025-01-13,12646.0,Chinggis Warriors,15060;19229;21396;21398;22414,ariucle;controlez;Efire;NEUZ;ROUX,aa1a1aadf8a7ff47aafa,5,5
2025-01-13,4548.0,CPH Wolves,16487;16718;17113;18749;22048,eraa;Fessor;sausol;szejn;Tapewaare,7a37c1c422a967d5a2fe,5,5
2025-01-13,,inSanitY,11213;17553;18140;20185,cass1n;delboNi;f4stzin;iDk;pesadelo,,4,5
2025-01-13,10900.0,KRÜ,9221;18549;21169,atarax1a;deco;laser;reversive;righi,,3,5
2025-01-13,13025.0,Tropa do Taco,16816;16817;16835,farias;hardzao;ponter;TACO;vsm,,3,5
2025-01-13,,Apogee,18070;18979;22008;22473;22476,Demho;Prism;Qlocuu;swiz;virtuoso,0c6a726e6fc83427ec55,5,5
2025-01-13,11790.0,ENCE Academy,20677;21233;21930;22733;24149,2high;millert;myltsi;Schwarz;teme,9c4a36a264a74f4d8d93,5,5
2025-01-13,11581.0,HOTU,18752;19962;21385;23783,fineshine52;kade0;lampada;mizu;Re1GN,,4,5
2025-01-13,12833.0,TNL,24168;24281;24283,cairne;onic;st0m4k;yukitoro;zogeN,,3,5
2025-01-13,11917.0,NIP Impact,1572;21796;21798;22095;23090,aiM;Nayomy;Qiyarah;ramziiN;vilga,4c0a0f62bc8d88416e7e,5,5
2025-01-13,10947.0,Rhyno,17003;20054;21014;23140;23237,Ag1l;krazy;rafaxF;snapy;TMKj,72d08ab16db0741beda4,5,5
2025-01-13,11321.0,Kappa Bar,7700;16487,Bååten;eraa;robiin;SeBreeZe;Siz,,2,5
2025-01-13,,Revenant,7168;15203;20761;21972,lauNX;NBK-;Neityu;Nivera;reiko,,4,5
2025-01-13,,Case,18875;21099;22126;22181,bsd;nyezin;RICIOLI;urban0;yepz,,4,5
2025-01-13,11883.0,9 Pandas,12004;14273;17011;17508;20357,clax;d1Ledez;glowiing;iDISBALANCE;shalfey,cb36cb0017453ab18593,5,5
2025-01-13,10973.0,Anonymo,24243,chudy;darchevile;Enzo;Michat;Nami,,1,5
2025-01-13,,K27 fe,24005;24006,Elizabeth;f6tal;k175un4;sosya;wieenN,,2,5
2025-01-13,10459.0,ARCRED,18447;18671;20402;21363;21369,1NVISIBLEE;DSSj;Get_Jeka;shg;synyx,fe47061e7cbb19bd7eb4,5,5
2025-01-13,2955.0,Denmark fe,23621,anja;Ismo;KiTKaT;marie;Sukkerzhok,,1,5
2025-01-13,,Hype,20083;20939;22109,history;leo_drk;ninjaZ;redi;vinaabEAST,,3,5
2025-01-13,10960.0,Young Ninjas,16811;22759;23372,BluePho3nix;jocab;MisteM;Silence;xKacpersky,,3,5
2025-01-13,12722.0,E-Xolos LAZER,10838;10840;11337;16814;22182,danoco;ksloks;mawth;RCF;tatazin,c3532511377b43be97bf,5,5
2025-01-13,10954.0,Astralis Talent,21381,ANSG1;kiR;Rytter;suma;Zanto,,1,5
2025-01-13,,ex-GR,,7nation;mediocrity;Runnin;SALO_MUX;weqt2,,0,5
2025-01-13,6668.0,FLuffy Gangsters,24171;24172,Djon8;h1ghnesS;SoLb;takanashi;yuramyata,,2,5
2025-01-13,12611.0,vagrants,18090;22552;23199,Cyrix;mason;micro;Sandman;Seb,,3,5
2025-01-13,11861.0,Aurora,13240;19236;19882;20113;20709,deko;KENSI;Lack1;Norwi;r3salt,4178295899d8d80d2276,5,5
2025-01-13,13099.0,ex-Vikings,2544;12092;13287;14010,bnc;max;realz1n;remix;zmb,,4,5
2025-01-13,11711.0,Players,22085,dok;dzt;MITHPUTTINI;spinnie;xns,,1,5
2025-01-13,12959.0,ShindeN,19872;20451;20992,abizz;BK1;ivz;relentless;roy,,3,5
2025-01-13,12890.0,Bad News Chickens,17132;17133;20885;21100,desh;fREQ;Leomonster;short;zede,,4,5
2025-01-13,12567.0,Akimbo,20572;23458,kmrn;kralz;laxiee;N2o;obi,,2,5
2025-01-13,12415.0,Gods Reign,23323,Bhavi;f1redup;Ph1NNN;R2B2;Rossi,,1,5
2025-01-13,11660.0,Take Flyte,13689;21749,cbass;Champ;Grave;jchancE;z0mb1e,,2,5
2025-01-13,12301.0,FlyQuest RED,8850;14401;18641;21793;22111,BiBiAhn;Emy;GooseBreeder;Kaoday;vanessa,ac151fb0784772bb4cdb,5,5
2025-01-13,11176.0,MOUZ NXT,21972;22904;24457,Burmylov;Neityu;PR;TOBIZ;xelex,,3,5
2025-01-13,,Revenge Nation,23589;23675,Evan;MagiC;MERL;NIGHT666LADE;TABEN,,2,5
2025-01-13,12833.0,TNL,23642;24168;24282;24283,cairne;Dawy;Flierax;nifee;onic,,4,5
2025-01-13,,Bromo,20258;21509,FIOURN;Miami;rage;SPine;Zy88,,2,5
2025-01-13,10245.0,JiJieHao,10449;13466;17675;18163,Aaron;Bibu;dennyslaw;ISSAA;m1N1,,4,5
2025-01-13,,undefined,13230;19705;19846;20204,BeaKie;chop;CLASIA;motm;stamina,,4,5
2025-01-13,10975.0,MIBR fe,16341;22270;23463,Babs;Dani;GaBi;hera;showliana,,3,5
2025-01-13,11668.0,Mindfreak,,gump;pain;Rickeh;Texta;tucks,,0,5
2025-01-13,12988.0,GameHunters,10827;17028;22084,abr;mello;nolkz;pedrinzy;prt,,3,5
2025-01-13,12522.0,Heimo,9325;14236,arvid;japE;oopee;spargo;Welho,,2,5
2025-01-13,9881.0,Rooster,12877;18545;20527;20881,asap;chelleos;Rackem;sliimey;TjP,,4,5
2025-01-13,,Spirit fe,22029,AverOna;Jammie;kr4sy;Rony4ka;uulis,,1,5
2025-01-13,12334.0,Preasy,22091;23106;23338;24425,AcilioN;Beccie;bekker;Griller;Viggo,,4,5
2025-01-13,12677.0,Galorys,11213;18610;20083;22362;23551,delboNi;detr0ittJ;ninjaZ;Tomate;xureba,84c83b01f7e6083c960c,5,5
2025-01-13,12533.0,Atrix,20501;21733;23092,bokor;LyttleZ;mari;s1non;Sofiaxyz,,3,5
2025-01-13,,Daystar,21775;23106;24426,BehinDx;mAnGo;Speedie;stesso;Viggo,,3,5
2025-01-13,10621.0,1WIN,8528;11940;11942;19703;20700,buster;HObbit;lattykk;neaLaN;Ryujin,271effb2897a5924605f,5,5
2025-01-13,11933.0,Yawara,22364;22956;22957;24284,j0w;lash;revoltz;stax;tele D,,4,5
2025-01-13,12431.0,Betera,13281;19874;20422;22459;24173,El1an;MaSvAl;OWNER;sh1nejezzz;tENZY,75033a164399b2acc065,5,5
2025-01-13,8813.0,Illuminar,18048;20637;24081,b1elany;Furlan;kadziu;keis;m4tthi,,3,5
2025-01-13,3044.0,MIBR Academy,20029;21286;21700;22777;23094,brn$;card;diozera;mlhzin;RenanZin,92bcf85e3629d8816cb6,5,5
2025-01-13,12233.0,Solid,9483;20522;22362,ALLE;destiny;gbb;Lcm;xureba,,3,5
2025-01-13,12884.0,The Art of War,21395,BaN4na;neo;Oath;Terryyy;viridian,,1,5
2025-01-13,12915.0,NITRO,21284,beg0d;happ;Lcm;leleo;LUCAS1,,1,5
2025-01-13,11312.0,QUAZAR,23687;24316;24317;24318;24319,gehji;Muk0s;n4mb3r5;tommy;whisper,5c916781e1112d162675,5,5
2025-01-13,,inSanitY fe,23148,armk4m;Brendinha;cAmyy;chjna;ujliana,,1,5
2025-01-13,12776.0,Bounty Hunters,13287;14737;18322,bnc;Bruninho;KAISER;meyern;SHOOWTiME,,3,5
2025-01-13,,Intense,19972;20885;21100,ckzao;fREQ;jz;keiz;zede,,3,5
2025-01-13,12912.0,thekillaz fe,21042,Cellax;fly;hera;Samys;showliana,,1,5
2025-01-13,,Limitless,22552,Aureo;DJF;Sandman;Seb;Wolffe,,1,5
2025-01-13,12921.0,Housebets,,apocdud;BRACE;damyo;Omichella;yourwombat,,0,5
2025-01-13,8210.0,TALON,14294;16847;18214;20086,ADDICT;AZR;hazr;mhL;nettik,,4,5
2025-01-13,8574.0,W7M,18894;20029;22964,card;fokiu;jz;stormzyn;t9rnay,,3,5
2025-01-13,,Qiang,17293;18163;20289,Aaron;Bibu;DGL;kory;Porya,,3,5
2025-01-13,9506.0,Viperio,21657;23735,dezt;shyyne;Skrimo;swicher;zodi,,2,5
2025-01-13,12276.0,DXA,,helix;Kiyo;lucas222;prakM;Roflko,,0,5
2025-01-13,,CatEvil,16768;19735;22000,BZA;Cate;lan;Roninbaby;tanxiaomei,,3,5
2025-01-13,12152.0,KZG,,dpr;Estate;Hassie;Samuukxs;Zuko,,0,5
2025-01-13,,SovvyKiNG,19575;21362;22039;22189,danistzz;H4SAN4TOR;rexxie;TruNiQ;X5G7V,,4,5
2025-01-13,11011.0,Patins da Ferrari,18891;21290,CSO;CutzMeretz;land1n;lub;perez,,2,5
2025-01-13,7720.0,InControl,20330;20573;23199;23672;23690,Andrew;DYLAN;jsfeltner;mason;TyRa,ffb80662b6034a143226,5,5
2025-01-13,,Canada,21128,Gabie;J0LZ;Melio;Pluto;YuZ,,1,5
2025-01-13,13052.0,2070,,Demonos;lealziNho;roz;swarmyzz;voltera,,0,5
2025-01-13,12363.0,Arcade,,foggers;Kras;TRIPLUS;versa;void,,0,5
2025-01-13,12889.0,G2 Ares,19173;21272;23192;23544,fNk;hitori;ketsuo;kl1m;tAk,,4,5
2025-01-13,12694.0,RUBY,22325;22326;23541;23599;23858,forkyz;Kaide;mo0N;sowalio;tasman,4120092029828a8d3f68,5,5
2025-01-13,,Final Form,20273;23410,CAJUN;CoolComs;Drop;FxRE;YNGHunter,,2,5
2025-01-13,,PEAK fe,23514,Cara de Banana;Dynasty;Eleven;Luulu4k;valulu,,1,5
2025-01-13,12472.0,MANTRA,,cheeseball;cookie;Reapz;rekonz;Winnieeeee,,0,5
2025-01-13,12895.0,K27,22886;23684;23686;24725,Aliot;kashl1d;qw1nk1;relaxxie;xeedo,,4,5
2025-01-13,,JOGA DE TERNO,23960;24298;24328,ALENNNCAR;BALEROSTYLE;BRNZ1K;Lukita;sakamoto,,3,5
2025-01-13,12789.0,LaChampionsLiga,17997;19086;19985;20689;24091,dott1;Hezz;lenci;nacho;pavv,e154a84320f588f175a0,5,5
2025-01-13,11955.0,LAG,21021,Experative;Nyyx;rayxts;TR0JN;Weeza,,1,5
2025-01-13,12967.0,WW,13157;14175;21690;22350;23927,Aunkere;ct0m;Jerry;StRoGo;tried,6ecb71f497aacb2079ca,5,5
2025-01-13,5479.0,Mythic,7808;8503;15007;20793;22022,Austin;Cooper;fl0m;freakazoid;Trucklover86,e4b6c6fa18f3a24c20a4,5,5
2025-01-13,10978.0,VELOX,10499;10506;24558,JonY BoY;maaxg1;nbl;toto;tutehen,,3,5
2025-01-13,11421.0,Kosovo,20434;21108,BledarD;Caleyy;deb0;Dementor;HYPERI1,,2,5
2025-01-13,11006.0,9z Academy,23549;24639,lezy;MaxOff;neozix;rw;zock9,,2,5
2025-01-13,,ADEPTS,15118;21331;21967;22481,cHeuuuuk;Chucky;HippoV;SBT;Tarkky,,4,5
2025-01-13,6652.0,GameAgents,,dosikzz;for2na;KarmaN;ResoLuxe;WANGJ,,0,5
2025-01-13,12908.0,Aether,23830,Drew;Frost;Izik;LUKE4k;SolGoat,,1,5
2025-01-13,12455.0,Vantage,,alecc;Drox;Jynx;Mingovi;supar,,0,5
2025-01-13,,True Rippers,,Anasasis;Crunchy;DEFAULTER;Mcg!LLzZz;Rossi,,0,5
2025-01-13,11336.0,DETONATE,20578;20787;23136;23137;23138,arcade;dvrk;Pose1doNN;sasha;Zucar,ba1d1612f747b5c57920,5,5
2025-01-13,13579.0,USA,17437;20234;23199,CoJoMo;Gabe;Louie;mason;mds,,3,5
2025-01-13,11905.0,paiN Academy,22566,deemO;legy;Markz;Tatu;tsug,,1,5
2025-01-16,5995.0,G2,2553;3741;3972;11617;19230,huNter-;m0NESY;malbsMd;NiKo;Snax,e2fd491a5a85983fd670,5,5
2025-01-16,7020.0,Spirit,7716;16920;18317;20423;21167,chopper;donk;magixx;sh1ro;zont1x,8ddd7c3d52942c256b57,5,5
2025-01-16,6667.0,FaZe,429;8183;8738;9960;18053,broky;EliGE;frozen;karrigan;rain,9daa2e0f8baba62ac327,5,5
2025-01-16,6248.0,The MongolZ,20194;20275;20903;21001;21809,910;bLitz;mzinho;Senzu;Techno,75e5d950f37342b03568,5,5
2025-01-16,9565.0,Vitality,7322;11816;11893;16693;18462,apEX;flameZ;mezii;ropz;ZywOo,91c93eb867d7d47bf729,5,5
2025-01-16,4494.0,MOUZ,13666;16820;18072;18850;20312,Brollan;Jimpphat;siuhy;torzsi;xertioN,dcaaf14356a20ed5fbf7,5,5
2025-01-16,4608.0,Natus Vincere,9816;14759;18987;19206;20127,Aleksib;b1t;iM;jL;w0nderful,996316e9c05448acf739,5,5
2025-01-16,11283.0,Falcons,3741;9032;12018;19677,degster;kyxsan;Magisk;NiKo;TeSeS,,4,5
2025-01-16,5973.0,Liquid,4679;8520;9436;10394;21763,jks;NAF;NertZ;Twistzz;ultimate,08cb3a4c68233b3b9901,5,5
2025-01-16,8297.0,FURIA,2023;10566;12553;15631;18676,chelo;FalleN;KSCERATO;skullz;yuurih,677d24247aa53119fe45,5,5
2025-01-16,4773.0,paiN,18141;19694;20085;20563,biguzera;kauez;lux;nqz;snow,,4,5
2025-01-16,9215.0,MIBR,11154;18717;18835;21037,drop;exit;insani;Lucaozy;saffee,,4,5
2025-01-16,4914.0,3DMAX,13138;19738;19739;21969,Djoko;Ex3rcice;Graviti;Lucky;Maka,,4,5
2025-01-16,9928.0,GamerLegion,16486;20301;20358;20870;20994,FL4MUS;sl3nd;Tauson;volt;ztr,c838a8f1c1d3646a49eb,5,5
2025-01-16,11251.0,Eternal Fire,150;7938;8574;21243;22361,jottAAA;MAJ3R;Wicadia;woxic;XANTARES,0a254842e1149d2d09f6,5,5
2025-01-16,7532.0,BIG,5794;14929;19899;20170,hyped;JDC;Krimbo;kyuubii;tabseN,,4,5
2025-01-16,12774.0,FlyQuest,9115;10588;11140;17384;20123,dexter;INS;Liazz;regali;Vexite,6134a6e55af912438a31,5,5
2025-01-16,12257.0,Wildcard,8507;8711;16726;21163;21665,JBa;phzy;Sonic;stanislaw;susp,928ad8a13dcda967f95d,5,5
2025-01-16,6665.0,Astralis,7592;7964;10994;17956;20304,cadiaN;device;jabbi;Staehr;stavn,99347eabbb0a1fedcb74,5,5
2025-01-16,5005.0,Complexity,11630;12840;13578;17353;21620,cxzi;Grim;hallzerk;JT;nicx,a957c1e3fa87abcbbeb9,5,5
2025-01-16,10567.0,SAW,630;1154;20462;21014,Ag1l;MUTiRiS;roman;Shr;story,,4,5
2025-01-16,5378.0,Virtus.pro,8918;12732;20101;20994;21439,electroNic;fame;FL1T;FL4MUS;ICY,f1c05542faa91e6b6868,5,5
2025-01-16,10976.0,FURIA fe,11872;16340;17288;21219;22839,bizinha;gabs;izaa;kaahSENSEI;lulitenz,10dd16af0d8ef7254cf3,5,5
2025-01-16,,Imperial fe,12758;16497;18775;21756,ANa;Kat;tory;twenty3;zAAz,,4,5
2025-01-16,7175.0,HEROIC,19164;19187;19310;19808;22047,LNZ;SunPayus;tN1R;xfl0ud;yxngstxr,a640c4181cc7b506ee9c,5,5
2025-01-16,7187.0,Nexus,1206;9626;15573;16971;18294,ADRON;BTN;Ciocardau;XELLOW;zewts,c436f0c283513f0845d2,5,5
2025-01-16,,NAVI Javelins,15831;21849;22062;22063;22065,Angelka;ASTRA;D7;Hanka;vicu,3b11c82d36dd5bf7d31e,5,5
2025-01-16,7969.0,Nemiga,20387;21266;22460;23317;23685,1eeR;khaN;riskyb0b;Xant3r;zweih,5f7d948e2932e569ccbe,5,5
2025-01-16,4869.0,ENCE,12731;21815;21972;23372,gla1ve;Neityu;podi;sdy;xKacpersky,,4,5
2025-01-16,6673.0,NRG,7687;13249;18838;20333,Brehze;HexT;Jeorge;nitr0;oSee,,4,5
2025-01-16,11883.0,9 Pandas,12027;17011;20357;20709;23764,Alv;d1Ledez;Krad;r3salt;shalfey,f0799d6dc7ece6953b94,5,5
2025-01-16,7441.0,ECLOT,9911;19069;19594;19815;21165,Dytor;forsyy;kreaz;M1key;nbqq,084edd6496736d402877,5,5
2025-01-16,12376.0,M80,12781;15370;16599;20104;22921,k1to;Lake;s1n;slaxz-;Swisher,7cf6f1bf49326d06b542,5,5
2025-01-16,11641.0,Metizport,9766;14218;17937;20878;21164,adamb;hampus;isak;L00m1;Plopski,4d51241454abe4475e92,5,5
2025-01-16,11837.0,Fluxo,12521;18714;20385;20939,arT;history;kye;nicks;piriajr,,4,5
2025-01-16,12312.0,ATOX,22333;22415;23457,AccuracyTG;dobu;kabal;MiQ;Zesta,,3,5
2025-01-16,11838.0,Partizan,2476;13026;20252;20253,c0llins;Dragon;emi;Kind0;ROGA,,4,5
2025-01-16,12426.0,Passion UA,17803;23046;23414;23415,fear;jackasmo;jambo;s-chilla;zeRRoFIX,,4,5
2025-01-16,,PEGADA,16102;17003;20054,Linko;NOPEEJ;pr;rafaxF;snapy,,3,5
2025-01-16,12471.0,GUN5,18670;19808;22471;23047;23783,fineshine52;Sdaim;SELLTER;tN1R;xiELO,f6e56009e56ff84ae7a2,5,5
2025-01-16,12144.0,BESTIA,2161;16314;20394;21155;22570,luchov;naz;Noktse;pancc;tomaszin,856b7a0559245db92cf2,5,5
2025-01-16,9455.0,Imperial,9219;12822;19869;20183;22564,decenty;felps;noway;try;VINI,bcc3d95f12d003200086,5,5
2025-01-16,11241.0,B8,16147;19592;20112;21708;23643,alex666;cptkurtka023;esenthial;headtr1ck;npl,723335631d281525f8e3,5,5
2025-01-16,12394.0,BetBoom,15662;16921;18506;19920;21667,KaiR0N-;Magnojez;nafany;S1ren;zorte,493c9d9f1b976456dd31,5,5
2025-01-16,8113.0,Sharks,20558;21170;21921;22911,doc;gafolo;hoax;koala;rdnzao,,4,5
2025-01-16,4991.0,fnatic,7528;15165;17803;21062;22904,blameF;Burmylov;fear;KRIMZ;MATYS,9408d7d410d7d138b52e,5,5
2025-01-16,,Cloud9,11840;15071;16555;20447;21439,Ax1Le;Boombl4;HeavyGod;ICY;interz,31036d7867d816f762b5,5,5
2025-01-16,7900.0,Spirit Academy,22864;23319;24176;24177,alkarenn;kyousuke;Mokuj1n;robo;syph0,,4,5
2025-01-16,4411.0,Ninjas in Pyjamas,9278;16811;17937;20425;22759,isak;jocab;MisteM;r1nkle;REZ,3bc05fc25b51bc00c745,5,5
2025-01-16,10371.0,NAVI Junior,20584;22203;22673;22674;23553,cmtry;dem0n;dziugss;Krabeni;makazze,2c03c52da3ae13074093,5,5
2025-01-16,12604.0,Johnny Speeds,9255;9766;19064;21012;21159,bobeksde;draken;hampus;Ro1f;spooke,a2051d0db9aa8f62c0e0,5,5
2025-01-16,11811.0,Monte,16080;16848;17504;19733;20282,DemQQ;dycha;hades;KEi;kRaSnaL,f6867fa7ba13b580c30f,5,5
2025-01-16,12468.0,Legacy,15698;19045;19686;20563;22965,dumau;latto;lux;n1ssim;saadzin,5cfd43d0258204c4872c,5,5
2025-01-16,12000.0,500,11217;11219;11343;17145,CeRq;oxygeN;Rainwaker;SHiPZ;SPELLAN,,4,5
2025-01-16,11948.0,Nouns,14494;21620;22135,cJ dA K1nG;junior;nicx;Peeping;RUSH,,3,5
2025-01-16,7176.0,RED Canids,8565;9216;18743;18865;21288,coldzera;dav1deuS;HEN1;nython;venomzera,141115268c3a51a45bdf,5,5
2025-01-16,12534.0,BOSS,15176;18706;19079;19128;20564,Cryptic;d4rty;freshie;Fruitcupx;SLIGHT,187e49c0d70d388a6892,5,5
2025-01-16,10577.0,SINNERS,8488;11199;12810;20229;23763,beastik;MoriiSko;Pepo;SHOCK;ZEDKO,2740412c48959f554e2c,5,5
2025-01-16,10278.0,9INE,2898;14932;21159,bobeksde;faveN;mantuu;raalz;refrezh,,3,5
2025-01-16,11712.0,Sashi,16705;16723;16731;21199,Altekz;Cabbi;IceBerg;Lucky;MistR,,4,5
2025-01-16,12366.0,Aurora Young Blud,22803;22880;22884;23193;23302,bl1x1;bluewh1te;gr1ks;m1QUSE;VILBy,7f69f860c01fb98c916a,5,5
2025-01-16,,UNPAID,9618;18571;20097;20813,CYPHER;h4rn;jkaem;nexa;VLDN,,4,5
2025-01-16,11283.0,Falcons,922;7998;9032;11777,dupreeh;Maden;Magisk;s1mple;Snappi,,4,5
2025-01-16,11523.0,Zero Tenacity,5351;8311;21302;21783;21784,aVN;brutmonster;Cjoffo;nEMANHA;simke,78c45e5390fe107cd659,5,5
2025-01-16,9996.0,9z,12092;14736;20607;21239;22613,buda;dgt;HUASOPEEK;MartinezSa;max,345abb242c90eadd201a,5,5
2025-01-16,4501.0,ALTERNATE aTTaX,19284;20122,ArroW;FreeZe;hyped;PerX;prosus,,2,5
2025-01-16,10947.0,Rhyno,20683;20750;22807;23140;23141,aragornN;Icarus;krazy;P3R3IIRA;seabraez,a5b74eab4210e81faa6e,5,5
2025-01-16,11514.0,Rare Atom,7028;19681;21825,ChildKing;L1haNg;somebody;Summer;z8z,,3,5
2025-01-16,11419.0,ECSTATIC,10961;11995;16753;20417;21779,Anlelele;Kristou;n1Xen;nut nut;TMB,c4e7e444d827e80f278e,5,5
2025-01-16,10854.0,los kogutos,16847;20283;20284;21142;23668,AMSALEM;maaryy;mASKED;mhL;tomiko,b837469b73d8344171ba,5,5
2025-01-16,11861.0,Aurora,12004;19236;19673;19882;22884,clax;gr1ks;KENSI;Norwi;Patsi,0e7ced82edf77cf5b175,5,5
2025-01-16,11164.0,Into the Breach,11271;15117;15203;15369;18120,Keoz;REDSTAR;reiko;sinnopsyy;smooya,578dd630d0a48fce61d1,5,5
2025-01-16,10503.0,OG,19044;20941;21113;21165;21983,Buzz;Chr1zN;F1KU;M1key;MoDo,f6891cc4045107bce057,5,5
2025-01-16,11571.0,Gaimin Gladiators,13602;13749;20300,kraghen;nicoodoz;Nodios;Queenix;roeJ,,3,5
2025-01-16,11768.0,ODDIK,14390;17181;22182,ksloks;matios;naitte;togs;WOOD7,,3,5
2025-01-16,,Apogee,18070;18979;22383;23765;23766,Demho;hfah;hypex;jcobbb;Prism,1191985bc02c56d5769c,5,5
2025-01-16,12510.0,The Huns,15072;19957;20703,Bart4k;cobra;nin9;Veccil;xerolte,,3,5
2025-01-16,8840.0,Lynn Vision,16551;16872;18744;22922,afufu;EmiliaQAQ;flying;Westmelon;z4kr,,4,5
2025-01-16,12858.0,kONO,16147;19614;19617,amster;byr9;cptkurtka023;s4ltovsk1yy;Sijeyy,,3,5
2025-01-16,12818.0,FAVBET,2131;18240;20110;20228,bondik;j3kie;Marix;Smash;t3ns1on,,4,5
2025-01-16,,timbermen,17918;19709;19710;19711;20692,dare;dea;nosraC;shane;snav,965cf30c0767a5159a11,5,5
2025-01-16,,KOI,9254;11205;18749;19509;19698,adamS;dav1g;mopoz;sausol;stadodo,21f1774b413583472fc9,5,5
2025-01-16,12960.0,Fire Flux,8212;9353;20625;20968,Banjo;paz;S3NSEY;ScrunK;soulfly,,4,5
2025-01-16,12233.0,Solid,9483;16645;18743;20522;23551,destiny;drg;gbb;nython;Tomate,21a7646cd27ff716f6a6,5,5
2025-01-16,8038.0,Party Astronauts,13250;14619;17372;18761;22967,ben1337;FaNg;Infinite;ogwizard;viz,d71f630e5e8612ad7feb,5,5
2025-01-16,12586.0,AMKAL,12027;13982;16948;22929;24326,Forester;Krad;nota;topo;TRAVIS,511be8df08c558658f9a,5,5
2025-01-16,12467.0,PARIVISION,13239;19235;19673;20430;21348,alpha;ArtFr0st;BELCHONOKK;Patsi;Qikert,043e31e963ce7277bf47,5,5
2025-01-16,4863.0,TYLOO,19645;20254;20702;20895;21621,JamYoung;Jee;Mercury;Moseyuh;Starry,226478e93fe49c0382f4,5,5
2025-01-16,12267.0,UNiTY,15818;15821;22371;23469,K1-FiDa;Levi;NEOFRAG;Pechyn;woozzzi,,4,5
2025-01-16,11737.0,EYEBALLERS,3849;16029;22060;22914;23397,delle;dex;HEAP;JW;poiii,c56d0a8e8d57b2d80c10,5,5
2025-01-16,12474.0,Alliance,7443;9811;16487;22760;22860,avid;eraa;PlesseN;twist;upE,db319c58b5a99d95930a,5,5
2025-01-16,13105.0,ALASKA,20336;20339;20340;22192,arTisT;Extinct;Girafffe;leaf;Vacancy,,4,5
2025-01-16,,FLUFFY AIMERS,14799;23674;24048,brett;den1ed;jason;slump;Wolffe,,3,5
2025-01-16,,TSM,3741;10330;20090;22695,acoR;niko;sirah;valde;Zyphon,,4,5
2025-01-16,,Monte Gen,17117;21217;21816;22563,fnl;Gizmy;leen;ryu;shield,,4,5
2025-01-16,12559.0,RUSH B,3459;20534;22040;22927;22930,executor;kinqie;Kiro;tex1y;z1Nny,7b0b9043d43aaf43b52c,5,5
2025-01-16,,Sampi,8488;14388,fino;sAvana1;semtex;The eLiVe;ZEDKO,,2,5
2025-01-16,12380.0,CYBERSHOKE,17508;20948;21710;22803;22879,bl1x1;FenomeN;glowiing;lov1kus;notineki,147ad7582e5f73129850,5,5
2025-01-16,,DRILLAS,9656;15778;16885;21452,hAdji;Kvem;meztal;SENER1;Woro2k,,4,5
2025-01-16,,Undone,13230;17353;19705,chop;cxzi;motm;Skadoodle;steel,,3,5
2025-01-16,,ex-Enterprise,15940;18070;20413;20958;20960,bajmi;Demho;ex1st;mwlky;Sobol,62d9750c4f75e924b088,5,5
2025-01-16,12878.0,BC.Game,9261;18790;21139,CacaNito;GuardiaN;jkaem;Lekr0;pr1metapz,,3,5
2025-01-16,8813.0,Illuminar,22129;24179,AntyVirus;discoStar;Furlan;kadziu;SpavaQu,,2,5
2025-01-16,,L&G,20421;21065;21650;21651;22649,kL1o;kr1vda;Malkiss;marat2k;OneUn1que,60c96df3b77e5b788a47,5,5
2025-01-16,11718.0,BIG EQUIPA,16764;20165;22871;23436,JennyR;meli;pauliiee;pullox;Zana,,4,5
2025-01-16,11827.0,JANO,4076;18848,Aerial;Airax;allu;HENU;Jelo,,2,5
2025-01-16,4548.0,CPH Wolves,13669;17113;20637;20926;22048,aNdu;b1elany;Jackinho;szejn;Tapewaare,211deb9c07219e5ea3fb,5,5
2025-01-16,7234.0,Endpoint,7996;22106;22702,AZUWU;cej0t;CRUC1AL;MiGHTYMAX;Surreal,,3,5
2025-01-16,,Rebels,3669;15940;20283;21715;23295,flayy;innocent;kisserek;Sobol;tomiko,7f875c8fdb10914aef8b,5,5
2025-01-16,12787.0,WOPA,14242;20248;21571;22950,Gnøffe;leakz;PR1mE;sL1m3;Vster,,4,5
2025-01-16,10975.0,MIBR fe,16341;21800;21801;23463,Dani;GaBi;goddess;poppins;yungher,,4,5
2025-01-16,11609.0,GenOne,10569;19742;20482;21971,Brooxsy;devoduvek;drac;HippoV;Kursy,,4,5
2025-01-16,12586.0,AMKAL,20600;21692;22075;22076;24144,AW;kAlash;molodoy;sFade8;sm3t,28cfc982f706b8d65fbc,5,5
2025-01-16,12124.0,Insilio,18510;20197;20201;21630,faydett;FpSSS;Pipw;Polt;sugaR,,4,5
2025-01-16,12124.0,Insilio,18510;20197;22535;23048;23858,dwushka;faydett;kelieN;mo0N;sugaR,17803d4b3f5c1cc0be1e,5,5
2025-01-16,12646.0,Chinggis Warriors,15060;19229;21396;21398;22414,ariucle;controlez;Efire;NEUZ;ROUX,aa1a1aadf8a7ff47aafa,5,5
2025-01-16,4548.0,CPH Wolves,16487;16718;17113;18749;22048,eraa;Fessor;sausol;szejn;Tapewaare,7a37c1c422a967d5a2fe,5,5
2025-01-16,13025.0,Tropa do Taco,12092;16816;16835,farias;max;ponter;TACO;vsm,,3,5
2025-01-16,,Apogee,18070;18979;22008;22473;22476,Demho;Prism;Qlocuu;swiz;virtuoso,0c6a726e6fc83427ec55,5,5
2025-01-16,10900.0,KRÜ,9221;18549;21169,atarax1a;deco;laser;reversive;righi,,3,5
2025-01-16,12833.0,TNL,24168;24281;24283,cairne;onic;st0m4k;yukitoro;zogeN,,3,5
2025-01-16,11581.0,HOTU,18752;19962;21385;23783,fineshine52;kade0;lampada;mizu;Re1GN,,4,5
2025-01-16,12483.0,MIGHT,12102;17437;22835,djay;Louie;Outback;REKMEISTER;Snakes,,3,5
2025-01-16,11917.0,NIP Impact,1572;21796;21798;22095;23090,aiM;Nayomy;Qiyarah;ramziiN;vilga,4c0a0f62bc8d88416e7e,5,5
2025-01-16,11790.0,ENCE Academy,20677;21233;21930;22733;24149,2high;millert;myltsi;Schwarz;teme,9c4a36a264a74f4d8d93,5,5
2025-01-16,10947.0,Rhyno,17003;20054;21014;23140;23237,Ag1l;krazy;rafaxF;snapy;TMKj,72d08ab16db0741beda4,5,5
2025-01-16,12548.0,Dusty Roots,18554;21221;24749,1962;FraGuTy;maxxkor;tom1jed;toto,,3,5
2025-01-16,11321.0,Kappa Bar,7700;16487,Bååten;eraa;robiin;SeBreeZe;Siz,,2,5
2025-01-16,,Revenant,7168;15203;20761;21972,lauNX;NBK-;Neityu;Nivera;reiko,,4,5
2025-01-16,,inSanitY,11739;17553;18140;20185,cass1n;f4stzin;iDk;pesadelo;shz,,4,5
2025-01-16,12890.0,Bad News Chickens,17132;17133;20885;21100,desh;fREQ;Leomonster;short;zede,,4,5
2025-01-16,2955.0,Denmark fe,23621,anja;Ismo;KiTKaT;marie;Sukkerzhok,,1,5
2025-01-16,12722.0,E-Xolos LAZER,10838;10840;16814;18610,danoco;detr0ittJ;jz;mawth;tatazin,,4,5
2025-01-16,,Case,18875;21099;22126;22181,bsd;nyezin;RICIOLI;urban0;yepz,,4,5
2025-01-16,,K27 fe,24005;24006,Elizabeth;f6tal;k175un4;sosya;wieenN,,2,5
2025-01-16,12959.0,ShindeN,19872;19985;20451;20992,abizz;BK1;ivz;nacho;roy,,4,5
2025-01-16,10459.0,ARCRED,18447;18671;20402;21363;21369,1NVISIBLEE;DSSj;Get_Jeka;shg;synyx,fe47061e7cbb19bd7eb4,5,5
2025-01-16,11883.0,9 Pandas,12004;14273;17011;17508;20357,clax;d1Ledez;glowiing;iDISBALANCE;shalfey,cb36cb0017453ab18593,5,5
2025-01-16,,Hype,20083;20939;22109,history;leo_drk;ninjaZ;redi;vinaabEAST,,3,5
2025-01-16,12567.0,Akimbo,14744;20572;23458,calamity;kmrn;kralz;laxiee;N2o,,3,5
2025-01-16,10954.0,Astralis Talent,21381,ANSG1;kiR;Rytter;suma;Zanto,,1,5
2025-01-16,10973.0,Anonymo,22385;24243,chudy;darchevile;Enzo;Melavi;Nami,,2,5
2025-01-16,10960.0,Young Ninjas,16811;22759;23372,BluePho3nix;jocab;MisteM;Silence;xKacpersky,,3,5
2025-01-16,,ex-GR,,7nation;mediocrity;Runnin;SALO_MUX;weqt2,,0,5
2025-01-16,12611.0,vagrants,18090;22552;23199,Cyrix;mason;micro;Sandman;Seb,,3,5
2025-01-16,13112.0,Bad News Capybaras,13689;20234;21749,cbass;Gabe;Grave;jchancE;LaffyTs,,3,5
2025-01-16,12415.0,Gods Reign,23323,Bhavi;f1redup;Ph1NNN;R2B2;Rossi,,1,5
2025-01-16,6668.0,FLuffy Gangsters,24171;24172,Djon8;h1ghnesS;SoLb;takanashi;yuramyata,,2,5
2025-01-16,11861.0,Aurora,13240;19236;19882;20113;20709,deko;KENSI;Lack1;Norwi;r3salt,4178295899d8d80d2276,5,5
2025-01-16,12301.0,FlyQuest RED,8850;14401;18641;21793;22111,BiBiAhn;Emy;GooseBreeder;Kaoday;vanessa,ac151fb0784772bb4cdb,5,5
2025-01-16,11555.0,UNO MILLE,2544;13287;14010;22404,bnc;cerolzin;realz1n;remix;zmb,,4,5
2025-01-16,11711.0,Players,22085,dok;dzt;MITHPUTTINI;spinnie;xns,,1,5
2025-01-16,12988.0,GameHunters,10827;17028;22084,abr;mello;nolkz;pedrinzy;prt,,3,5
2025-01-16,,Revenge Nation,23589;23675,Evan;MagiC;MERL;NIGHT666LADE;TABEN,,2,5
2025-01-16,,Bromo,20258;21509,FIOURN;Miami;rage;SPine;Zy88,,2,5
2025-01-16,10975.0,MIBR fe,16341;22270;23463,Babs;Dani;GaBi;hera;showliana,,3,5
2025-01-16,11176.0,MOUZ NXT,21972;22904;24457,Burmylov;Neityu;PR;TOBIZ;xelex,,3,5
2025-01-16,,undefined,13230;19705;19846;20204,BeaKie;chop;CLASIA;motm;stamina,,4,5
2025-01-16,11668.0,Mindfreak,,gump;pain;Rickeh;Texta;tucks,,0,5
2025-01-16,10245.0,JiJieHao,10449;13466;17675;18163,Aaron;Bibu;dennyslaw;ISSAA;m1N1,,4,5
2025-01-16,12334.0,Preasy,13077;22091;23106;23338,AcilioN;Beccie;Griller;Patti;Viggo,,4,5
2025-01-16,12522.0,Heimo,9325;14236,arvid;japE;oopee;spargo;Welho,,2,5
2025-01-16,9881.0,Rooster,12877;18545;20527;20881,asap;chelleos;Rackem;sliimey;TjP,,4,5
2025-01-16,,Spirit fe,22029,AverOna;Jammie;kr4sy;Rony4ka;uulis,,1,5
2025-01-16,13447.0,DASH,16563;23642;24282,ch1rs;Dawy;Flierax;nifee;Psycho,,3,5
2025-01-16,12533.0,Atrix,20501;21733;23092,bokor;LyttleZ;mari;s1non;Sofiaxyz,,3,5
2025-01-16,12677.0,Galorys,11213;18610;20083;22362;23551,delboNi;detr0ittJ;ninjaZ;Tomate;xureba,84c83b01f7e6083c960c,5,5
2025-01-16,,Daystar,21775;23106;24426,BehinDx;mAnGo;Speedie;stesso;Viggo,,3,5
2025-01-16,12431.0,Betera,13281;19874;20422;22459;24173,El1an;MaSvAl;OWNER;sh1nejezzz;tENZY,75033a164399b2acc065,5,5
2025-01-16,3044.0,MIBR Academy,20029;21286;21700;22777;23094,brn$;card;diozera;mlhzin;RenanZin,92bcf85e3629d8816cb6,5,5
2025-01-16,11933.0,Yawara,22364;22956;22957;24284,j0w;lash;revoltz;stax;tele D,,4,5
2025-01-16,11837.0,Fluxo,12521;18717;19692;20026,arT;chayJESUS;Lucaozy;nicks;zevy,,4,5
2025-01-16,8813.0,Illuminar,18048;20637;24081,b1elany;Furlan;kadziu;keis;m4tthi,,3,5
2025-01-16,10621.0,1WIN,8528;11940;11942;19703;20700,buster;HObbit;lattykk;neaLaN;Ryujin,271effb2897a5924605f,5,5
2025-01-16,12884.0,The Art of War,21395,BaN4na;neo;Oath;Terryyy;viridian,,1,5
2025-01-16,13052.0,2070,,bountt;Demonos;Floki;swarmyzz;voltera,,0,5
2025-01-16,11011.0,Patins da Ferrari,18891;21290;22163,CutzMeretz;lub;Misfit;perez;PremiuM,,3,5
2025-01-16,,inSanitY fe,23148,armk4m;Brendinha;cAmyy;chjna;ujliana,,1,5
2025-01-16,11312.0,QUAZAR,23687;24316;24317;24318;24319,gehji;Muk0s;n4mb3r5;tommy;whisper,5c916781e1112d162675,5,5
2025-01-16,12915.0,NITRO,21284,beg0d;happ;Lcm;leleo;LUCAS1,,1,5
2025-01-16,12912.0,thekillaz fe,21042,Cellax;fly;hera;Samys;showliana,,1,5
2025-01-16,,Limitless,22552,Aureo;DJF;Sandman;Seb;Wolffe,,1,5
2025-01-16,12776.0,Bounty Hunters,13287;18322;21038,bnc;Bruninho;KAISER;reix;SHOOWTiME,,3,5
2025-01-16,12921.0,Housebets,,apocdud;BRACE;damyo;Omichella;yourwombat,,0,5
2025-01-16,9506.0,Viperio,21657;23735,dezt;shyyne;Skrimo;swicher;zodi,,2,5
2025-01-16,8210.0,TALON,14294;16847;18214;20086,ADDICT;AZR;hazr;mhL;nettik,,4,5
2025-01-16,12276.0,DXA,,helix;Kiyo;lucas222;prakM;Roflko,,0,5
2025-01-16,,Intense,19972;20885;21100,ckzao;fREQ;jz;keiz;zede,,3,5
2025-01-16,12152.0,KZG,,dpr;Estate;Hassie;Samuukxs;Zuko,,0,5
2025-01-16,,CatEvil,16768;19735;22000,BZA;Cate;lan;Roninbaby;tanxiaomei,,3,5
2025-01-16,7720.0,InControl,20330;23672;23690,Beast;DYLAN;jsfeltner;milo;TyRa,,3,5
2025-01-16,,Canada,21128,Gabie;J0LZ;Melio;Pluto;YuZ,,1,5
2025-01-16,12363.0,Arcade,,foggers;Kras;TRIPLUS;versa;void,,0,5
2025-01-16,,SovvyKiNG,19575;21362;22039;22189,danistzz;H4SAN4TOR;rexxie;TruNiQ;X5G7V,,4,5
2025-01-16,8574.0,W7M,18894;20029;22964,card;fokiu;jz;stormzyn;t9rnay,,3,5
2025-01-16,12889.0,G2 Ares,19173;21272;23192;23544,fNk;hitori;ketsuo;kl1m;tAk,,4,5
2025-01-16,12694.0,RUBY,22325;22326;23541;23599;23858,forkyz;Kaide;mo0N;sowalio;tasman,4120092029828a8d3f68,5,5
2025-01-16,,PEAK fe,23514,Cara de Banana;Dynasty;Eleven;Luulu4k;valulu,,1,5
2025-01-16,12472.0,MANTRA,,cheeseball;cookie;Reapz;rekonz;Winnieeeee,,0,5
2025-01-16,12180.0,Tsunami,20273;20787;23410,CAJUN;CoolComs;Drop;FxRE;Pose1doNN,,3,5
2025-01-16,,JOGA DE TERNO,23960;24298;24328,ALENNNCAR;BALEROSTYLE;BRNZ1K;Lukita;sakamoto,,3,5
2025-01-16,12789.0,LaChampionsLiga,17997;19086;19985;20689;24091,dott1;Hezz;lenci;nacho;pavv,e154a84320f588f175a0,5,5
2025-01-16,12895.0,K27,22886;23684;23686;24725,Aliot;kashl1d;qw1nk1;relaxxie;xeedo,,4,5
2025-01-16,11955.0,LAG,21021,Experative;Nyyx;rayxts;TR0JN;Weeza,,1,5
2025-01-16,10978.0,VELOX,10499;10506;24558,JonY BoY;maaxg1;nbl;toto;tutehen,,3,5
2025-01-16,12967.0,WW,13157;14175;21690;22350;23927,Aunkere;ct0m;Jerry;StRoGo;tried,6ecb71f497aacb2079ca,5,5
2025-01-16,11006.0,9z Academy,23549;24639,lezy;MaxOff;neozix;rw;zock9,,2,5
2025-01-16,11421.0,Kosovo,20434;21108,BledarD;Caleyy;deb0;Dementor;HYPERI1,,2,5
2025-01-16,5479.0,Mythic,8503;15007;20510;20793;22022,Austin;Cooper;fl0m;hyza;Trucklover86,3b40a809b0d8c9007db9,5,5
2025-01-16,12233.0,Solid,9483;20522;22362,ALLE;destiny;gbb;Lcm;xureba,,3,5
2025-01-16,12908.0,Aether,23830,Drew;Frost;Izik;LUKE4k;SolGoat,,1,5
2025-01-16,12455.0,Vantage,,alecc;Drox;Jynx;Mingovi;supar,,0,5
2025-01-16,6652.0,GameAgents,,dosikzz;for2na;KarmaN;ResoLuxe;WANGJ,,0,5
2025-01-16,,True Rippers,,Anasasis;Crunchy;DEFAULTER;Mcg!LLzZz;Rossi,,0,5
2025-01-16,11336.0,DETONATE,20578;20787;23136;23137;23138,arcade;dvrk;Pose1doNN;sasha;Zucar,ba1d1612f747b5c57920,5,5
2025-01-16,13579.0,USA,17437;20234;23199,CoJoMo;Gabe;Louie;mason;mds,,3,5
2025-01-16,11905.0,paiN Academy,22566,deemO;legy;Markz;Tatu;tsug,,1,5
2025-01-17,5995.0,G2,2553;3741;3972;11617;19230,huNter-;m0NESY;malbsMd;NiKo;Snax,e2fd491a5a85983fd670,5,5
2025-01-17,7020.0,Spirit,7716;16920;18317;20423;21167,chopper;donk;magixx;sh1ro;zont1x,8ddd7c3d52942c256b57,5,5
2025-01-17,6667.0,FaZe,429;8183;8738;9960;18053,broky;EliGE;frozen;karrigan;rain,9daa2e0f8baba62ac327,5,5
2025-01-17,6248.0,The MongolZ,20194;20275;20903;21001;21809,910;bLitz;mzinho;Senzu;Techno,75e5d950f37342b03568,5,5
2025-01-17,9565.0,Vitality,7322;11816;11893;16693;18462,apEX;flameZ;mezii;ropz;ZywOo,91c93eb867d7d47bf729,5,5
2025-01-17,4494.0,MOUZ,13666;16820;18072;18850;20312,Brollan;Jimpphat;siuhy;torzsi;xertioN,dcaaf14356a20ed5fbf7,5,5
2025-01-17,4608.0,Natus Vincere,9816;14759;18987;19206;20127,Aleksib;b1t;iM;jL;w0nderful,996316e9c05448acf739,5,5
2025-01-17,11283.0,Falcons,3741;9032;12018;19677,degster;kyxsan;Magisk;NiKo;TeSeS,,4,5
2025-01-17,5973.0,Liquid,4679;8520;9436;10394;21763,jks;NAF;NertZ;Twistzz;ultimate,08cb3a4c68233b3b9901,5,5
2025-01-17,8297.0,FURIA,2023;10566;12553;15631;18676,chelo;FalleN;KSCERATO;skullz;yuurih,677d24247aa53119fe45,5,5
2025-01-17,4773.0,paiN,18141;18865;19694;20085,biguzera;dav1deuS;kauez;nqz;snow,,4,5
2025-01-17,9215.0,MIBR,11154;18717;18835;21037,drop;exit;insani;Lucaozy;saffee,,4,5
2025-01-17,9928.0,GamerLegion,9278;16486;20301;20870,PR;REZ;sl3nd;Tauson;ztr,,4,5
2025-01-17,4914.0,3DMAX,13138;19738;19739;21969,Djoko;Ex3rcice;Graviti;Lucky;Maka,,4,5
2025-01-17,11251.0,Eternal Fire,150;7938;8574;21243;22361,jottAAA;MAJ3R;Wicadia;woxic;XANTARES,0a254842e1149d2d09f6,5,5
2025-01-17,7532.0,BIG,5794;14929;19899;20170,hyped;JDC;Krimbo;kyuubii;tabseN,,4,5
2025-01-17,12774.0,FlyQuest,9115;10588;11140;17384;20123,dexter;INS;Liazz;regali;Vexite,6134a6e55af912438a31,5,5
2025-01-17,12257.0,Wildcard,8507;8711;16726;21163;21665,JBa;phzy;Sonic;stanislaw;susp,928ad8a13dcda967f95d,5,5
2025-01-17,6665.0,Astralis,7592;7964;10994;17956;20304,cadiaN;device;jabbi;Staehr;stavn,99347eabbb0a1fedcb74,5,5
2025-01-17,5005.0,Complexity,11630;12840;13578;17353;21620,cxzi;Grim;hallzerk;JT;nicx,a957c1e3fa87abcbbeb9,5,5
2025-01-17,10567.0,SAW,630;1154;20462;21014,Ag1l;MUTiRiS;roman;Shr;story,,4,5
2025-01-17,5378.0,Virtus.pro,8918;12732;20101;20994;21439,electroNic;fame;FL1T;FL4MUS;ICY,f1c05542faa91e6b6868,5,5
2025-01-17,10976.0,FURIA fe,11872;16340;17288;21219;22839,bizinha;gabs;izaa;kaahSENSEI;lulitenz,10dd16af0d8ef7254cf3,5,5
2025-01-17,,Imperial fe,12758;16497;18775;21756,ANa;Kat;tory;twenty3;zAAz,,4,5
2025-01-17,7187.0,Nexus,1206;9626;15573;16971;18294,ADRON;BTN;Ciocardau;XELLOW;zewts,c436f0c283513f0845d2,5,5
2025-01-17,7175.0,HEROIC,19164;19187;19310;19808;22047,LNZ;SunPayus;tN1R;xfl0ud;yxngstxr,a640c4181cc7b506ee9c,5,5
2025-01-17,,NAVI Javelins,15831;21849;22062;22063;22065,Angelka;ASTRA;D7;Hanka;vicu,3b11c82d36dd5bf7d31e,5,5
2025-01-17,7969.0,Nemiga,20387;21266;22460;23317;23685,1eeR;khaN;riskyb0b;Xant3r;zweih,5f7d948e2932e569ccbe,5,5
2025-01-17,6673.0,NRG,7687;13249;18838;20333,Brehze;HexT;Jeorge;nitr0;oSee,,4,5
2025-01-17,4869.0,ENCE,12731;21815;21972;23372,gla1ve;Neityu;podi;sdy;xKacpersky,,4,5
2025-01-17,11883.0,9 Pandas,12027;17011;20357;20709;23764,Alv;d1Ledez;Krad;r3salt;shalfey,f0799d6dc7ece6953b94,5,5
2025-01-17,12394.0,BetBoom,11840;15662;16555;18506;21667,Ax1Le;Boombl4;Magnojez;S1ren;zorte,351de843dc8e3cb18d4c,5,5
2025-01-17,7441.0,ECLOT,9911;19069;19594;19815;21165,Dytor;forsyy;kreaz;M1key;nbqq,084edd6496736d402877,5,5
2025-01-17,12376.0,M80,12781;15370;16599;20104;22921,k1to;Lake;s1n;slaxz-;Swisher,7cf6f1bf49326d06b542,5,5
2025-01-17,11641.0,Metizport,9766;14218;17937;20878;21164,adamb;hampus;isak;L00m1;Plopski,4d51241454abe4475e92,5,5
2025-01-17,12312.0,ATOX,22333;22415;23457,AccuracyTG;dobu;kabal;MiQ;Zesta,,3,5
2025-01-17,11837.0,Fluxo,12521;18714;20385;20939,arT;history;kye;nicks;piriajr,,4,5
2025-01-17,11838.0,Partizan,2476;13026;20252;20253,c0llins;Dragon;emi;Kind0;ROGA,,4,5
2025-01-17,12426.0,Passion UA,17803;23046;23414;23415,fear;jackasmo;jambo;s-chilla;zeRRoFIX,,4,5
2025-01-17,,PEGADA,16102;17003;20054,Linko;NOPEEJ;pr;rafaxF;snapy,,3,5
2025-01-17,12471.0,GUN5,18670;19808;22471;23047;23783,fineshine52;Sdaim;SELLTER;tN1R;xiELO,f6e56009e56ff84ae7a2,5,5
2025-01-17,9455.0,Imperial,9219;12822;19869;20183;22564,decenty;felps;noway;try;VINI,bcc3d95f12d003200086,5,5
2025-01-17,12144.0,BESTIA,2161;16314;20394;21155;22570,luchov;naz;Noktse;pancc;tomaszin,856b7a0559245db92cf2,5,5
2025-01-17,11241.0,B8,16147;19592;20112;21708;23643,alex666;cptkurtka023;esenthial;headtr1ck;npl,723335631d281525f8e3,5,5
2025-01-17,8113.0,Sharks,20558;21170;21921;22911,doc;gafolo;hoax;koala;rdnzao,,4,5
2025-01-17,4991.0,fnatic,7528;15165;17803;21062;22904,blameF;Burmylov;fear;KRIMZ;MATYS,9408d7d410d7d138b52e,5,5
2025-01-17,7900.0,Spirit Academy,22864;23319;24176;24177,alkarenn;kyousuke;Mokuj1n;robo;syph0,,4,5
2025-01-17,,Cloud9,11840;15071;16555;20447;21439,Ax1Le;Boombl4;HeavyGod;ICY;interz,31036d7867d816f762b5,5,5
2025-01-17,4411.0,Ninjas in Pyjamas,9278;16811;17937;20425;22759,isak;jocab;MisteM;r1nkle;REZ,3bc05fc25b51bc00c745,5,5
2025-01-17,10371.0,NAVI Junior,20584;22203;22673;22674;23553,cmtry;dem0n;dziugss;Krabeni;makazze,2c03c52da3ae13074093,5,5
2025-01-17,12604.0,Johnny Speeds,9255;9766;19064;21012;21159,bobeksde;draken;hampus;Ro1f;spooke,a2051d0db9aa8f62c0e0,5,5
2025-01-17,11811.0,Monte,16080;16848;17504;19733;20282,DemQQ;dycha;hades;KEi;kRaSnaL,f6867fa7ba13b580c30f,5,5
2025-01-17,12468.0,Legacy,15698;19045;19686;20563;22965,dumau;latto;lux;n1ssim;saadzin,5cfd43d0258204c4872c,5,5
2025-01-17,12000.0,500,11217;11219;11343;17145,CeRq;oxygeN;Rainwaker;SHiPZ;SPELLAN,,4,5
2025-01-17,11948.0,Nouns,14494;21620;22135,cJ dA K1nG;junior;nicx;Peeping;RUSH,,3,5
2025-01-17,7176.0,RED Canids,8565;9216;18743;18865;21288,coldzera;dav1deuS;HEN1;nython;venomzera,141115268c3a51a45bdf,5,5
2025-01-17,12534.0,BOSS,15176;18706;19079;19128;20564,Cryptic;d4rty;freshie;Fruitcupx;SLIGHT,187e49c0d70d388a6892,5,5
2025-01-17,10577.0,SINNERS,8488;11199;12810;20229;23763,beastik;MoriiSko;Pepo;SHOCK;ZEDKO,2740412c48959f554e2c,5,5
2025-01-17,10278.0,9INE,2898;14932;21159,bobeksde;faveN;mantuu;raalz;refrezh,,3,5
2025-01-17,11712.0,Sashi,16705;16723;16731;21199,Altekz;Cabbi;IceBerg;Lucky;MistR,,4,5
2025-01-17,12366.0,Aurora Young Blud,22803;22880;22884;23193;23302,bl1x1;bluewh1te;gr1ks;m1QUSE;VILBy,7f69f860c01fb98c916a,5,5
2025-01-17,11283.0,Falcons,922;7998;9032;11777,dupreeh;Maden;Magisk;s1mple;Snappi,,4,5
2025-01-17,,UNPAID,9618;18571;20097;20813,CYPHER;h4rn;jkaem;nexa;VLDN,,4,5
2025-01-17,11523.0,Zero Tenacity,5351;8311;21302;21783;21784,aVN;brutmonster;Cjoffo;nEMANHA;simke,78c45e5390fe107cd659,5,5
2025-01-17,9996.0,9z,12092;14736;20607;21239;22613,buda;dgt;HUASOPEEK;MartinezSa;max,345abb242c90eadd201a,5,5
2025-01-17,4501.0,ALTERNATE aTTaX,19284;20122,ArroW;FreeZe;hyped;PerX;prosus,,2,5
2025-01-17,11514.0,Rare Atom,7028;19681;21825,ChildKing;L1haNg;somebody;Summer;z8z,,3,5
2025-01-17,10947.0,Rhyno,20683;20750;22807;23140;23141,aragornN;Icarus;krazy;P3R3IIRA;seabraez,a5b74eab4210e81faa6e,5,5
2025-01-17,10854.0,los kogutos,16847;20283;20284;21142;23668,AMSALEM;maaryy;mASKED;mhL;tomiko,b837469b73d8344171ba,5,5
2025-01-17,11419.0,ECSTATIC,10961;11995;16753;20417;21779,Anlelele;Kristou;n1Xen;nut nut;TMB,c4e7e444d827e80f278e,5,5
2025-01-17,11861.0,Aurora,12004;19236;19673;19882;22884,clax;gr1ks;KENSI;Norwi;Patsi,0e7ced82edf77cf5b175,5,5
2025-01-17,11164.0,Into the Breach,11271;15117;15203;15369;18120,Keoz;REDSTAR;reiko;sinnopsyy;smooya,578dd630d0a48fce61d1,5,5
2025-01-17,10503.0,OG,19044;20941;21113;21165;21983,Buzz;Chr1zN;F1KU;M1key;MoDo,f6891cc4045107bce057,5,5
2025-01-17,11768.0,ODDIK,14390;17181;22182,ksloks;matios;naitte;togs;WOOD7,,3,5
2025-01-17,11571.0,Gaimin Gladiators,13602;13749;20300,kraghen;nicoodoz;Nodios;Queenix;roeJ,,3,5
2025-01-17,,Apogee,18070;18979;22383;23765;23766,Demho;hfah;hypex;jcobbb;Prism,1191985bc02c56d5769c,5,5
2025-01-17,12510.0,The Huns,15072;19957;20703,Bart4k;cobra;nin9;Veccil;xerolte,,3,5
2025-01-17,8840.0,Lynn Vision,16551;16872;18744;22922,afufu;EmiliaQAQ;flying;Westmelon;z4kr,,4,5
2025-01-17,12858.0,kONO,16147;19614;19617,amster;byr9;cptkurtka023;s4ltovsk1yy;Sijeyy,,3,5
2025-01-17,12233.0,Solid,9483;16645;18743;20522;23551,destiny;drg;gbb;nython;Tomate,21a7646cd27ff716f6a6,5,5
2025-01-17,12818.0,FAVBET,2131;18240;20110;20228,bondik;j3kie;Marix;Smash;t3ns1on,,4,5
2025-01-17,,timbermen,17918;19709;19710;19711;20692,dare;dea;nosraC;shane;snav,965cf30c0767a5159a11,5,5
2025-01-17,,KOI,9254;11205;18749;19509;19698,adamS;dav1g;mopoz;sausol;stadodo,21f1774b413583472fc9,5,5
2025-01-17,8038.0,Party Astronauts,13250;14619;17372;18761;22967,ben1337;FaNg;Infinite;ogwizard;viz,d71f630e5e8612ad7feb,5,5
2025-01-17,12586.0,AMKAL,12027;13982;16948;22929;24326,Forester;Krad;nota;topo;TRAVIS,511be8df08c558658f9a,5,5
2025-01-17,12960.0,Fire Flux,8212;9353;20625;20968,Banjo;paz;S3NSEY;ScrunK;soulfly,,4,5
2025-01-17,4863.0,TYLOO,19645;20254;20702;20895;21621,JamYoung;Jee;Mercury;Moseyuh;Starry,226478e93fe49c0382f4,5,5
2025-01-17,12467.0,PARIVISION,13239;19235;19673;20430;21348,alpha;ArtFr0st;BELCHONOKK;Patsi;Qikert,043e31e963ce7277bf47,5,5
2025-01-17,12267.0,UNiTY,15818;15821;22371;23469,K1-FiDa;Levi;NEOFRAG;Pechyn;woozzzi,,4,5
2025-01-17,,Verdant,20336;20339;20340;22192,arTisT;Extinct;Girafffe;leaf;Vacancy,,4,5
2025-01-17,12380.0,CYBERSHOKE,20948;21362;21710;22879;24286,FenomeN;levantino;lov1kus;notineki;TruNiQ,99729e46a16e372b9eaa,5,5
2025-01-17,,FLUFFY AIMERS,14799;23674;24048,brett;den1ed;jason;slump;Wolffe,,3,5
2025-01-17,12474.0,Alliance,7443;9811;16487;22760;22860,avid;eraa;PlesseN;twist;upE,db319c58b5a99d95930a,5,5
2025-01-17,,TSM,3741;10330;20090;22695,acoR;niko;sirah;valde;Zyphon,,4,5
2025-01-17,12559.0,RUSH B,3459;20534;22040;22927;22930,executor;kinqie;Kiro;tex1y;z1Nny,7b0b9043d43aaf43b52c,5,5
2025-01-17,,Monte Gen,17117;21217;21816;22563,fnl;Gizmy;leen;ryu;shield,,4,5
2025-01-17,,Sampi,8488;14388,fino;sAvana1;semtex;The eLiVe;ZEDKO,,2,5
2025-01-17,,DRILLAS,9656;15778;16885;21452,hAdji;Kvem;meztal;SENER1;Woro2k,,4,5
2025-01-17,11718.0,BIG EQUIPA,7653;16764;20165;21727;22871,JennyR;juliano;LETi;pauliiee;Zana,d817dbf63c7931b871ef,5,5
2025-01-17,12878.0,BC.Game,9261;18790;21139,CacaNito;GuardiaN;jkaem;Lekr0;pr1metapz,,3,5
2025-01-17,,Undone,13230;17353;19705,chop;cxzi;motm;Skadoodle;steel,,3,5
2025-01-17,,ex-Enterprise,15940;18070;20413;20958;20960,bajmi;Demho;ex1st;mwlky;Sobol,62d9750c4f75e924b088,5,5
2025-01-17,8813.0,Illuminar,22129;24179,AntyVirus;discoStar;Furlan;kadziu;SpavaQu,,2,5
2025-01-17,9928.0,GamerLegion,16486;20358;20870;20926;20994,aNdu;FL4MUS;sl3nd;volt;ztr,470f5d0e32cea90a0552,5,5
2025-01-17,,L&G,20421;21065;21650;21651;22649,kL1o;kr1vda;Malkiss;marat2k;OneUn1que,60c96df3b77e5b788a47,5,5
2025-01-17,,Fluxo Demons,20503;21736;21800;21801,annaEX;goddess;josi;poppins;yungher,,4,5
2025-01-17,12787.0,WOPA,14242;20248;21571;22950,Gnøffe;leakz;PR1mE;sL1m3;Vster,,4,5
2025-01-17,12747.0,DMS,20600;21692;22075;22076;24144,AW;kAlash;molodoy;sFade8;sm3t,28cfc982f706b8d65fbc,5,5
2025-01-17,11737.0,EYEBALLERS,3849;16029;22060;22914;23397,delle;dex;HEAP;JW;poiii,c56d0a8e8d57b2d80c10,5,5
2025-01-17,11609.0,GenOne,284;10569;19742;20482;21971,Brooxsy;devoduvek;drac;JACKZ;Kursy,91625ab3ea668cf9fc3f,5,5
2025-01-17,11827.0,JANO,4076;7775;18848,Aerial;allu;HENU;juho;xseveN,,3,5
2025-01-17,12548.0,Dusty Roots,18554;21221;24749,1962;FraGuTy;maxxkor;tom1jed;toto,,3,5
2025-01-17,4548.0,CPH Wolves,13669;17113;20637;20926;22048,aNdu;b1elany;Jackinho;szejn;Tapewaare,211deb9c07219e5ea3fb,5,5
2025-01-17,,Rebels,3669;21715;23295,casey;flayy;innocent;kisserek;SZPERO,,3,5
2025-01-17,12124.0,Insilio,18510;20197;20201;21630,faydett;FpSSS;Pipw;Polt;sugaR,,4,5
2025-01-17,7234.0,Endpoint,7996;22106;22702,AZUWU;cej0t;CRUC1AL;MiGHTYMAX;Surreal,,3,5
2025-01-17,12124.0,Insilio,18510;20197;22535;23048;23858,dwushka;faydett;kelieN;mo0N;sugaR,17803d4b3f5c1cc0be1e,5,5
2025-01-17,12646.0,Chinggis Warriors,15060;19229;21396;21398;22414,ariucle;controlez;Efire;NEUZ;ROUX,aa1a1aadf8a7ff47aafa,5,5
2025-01-17,,inSanitY,11213;17553;18140;20185,cass1n;delboNi;f4stzin;iDk;pesadelo,,4,5
2025-01-17,4548.0,CPH Wolves,16487;16718;17113;18749;22048,eraa;Fessor;sausol;szejn;Tapewaare,7a37c1c422a967d5a2fe,5,5
2025-01-17,13025.0,Tropa do Taco,16816;16817;16835,farias;hardzao;ponter;TACO;vsm,,3,5
2025-01-17,10900.0,KRÜ,9221;18549;21169,atarax1a;deco;laser;reversive;righi,,3,5
2025-01-17,,Apogee,18070;18979;22008;22473;22476,Demho;Prism;Qlocuu;swiz;virtuoso,0c6a726e6fc83427ec55,5,5
2025-01-17,12833.0,TNL,24168;24281;24283,cairne;onic;st0m4k;yukitoro;zogeN,,3,5
2025-01-17,11581.0,HOTU,18752;19962;21385;23783,fineshine52;kade0;lampada;mizu;Re1GN,,4,5
2025-01-17,11917.0,NIP Impact,1572;21796;21798;22095;23090,aiM;Nayomy;Qiyarah;ramziiN;vilga,4c0a0f62bc8d88416e7e,5,5
2025-01-17,11790.0,ENCE Academy,20677;21233;21930;22733;24149,2high;millert;myltsi;Schwarz;teme,9c4a36a264a74f4d8d93,5,5
2025-01-17,11321.0,Kappa Bar,7700;16487,Bååten;eraa;robiin;SeBreeZe;Siz,,2,5
2025-01-17,10947.0,Rhyno,17003;20054;21014;23140;23237,Ag1l;krazy;rafaxF;snapy;TMKj,72d08ab16db0741beda4,5,5
2025-01-17,,Revenant,7168;15203;20761;21972,lauNX;NBK-;Neityu;Nivera;reiko,,4,5
2025-01-17,2955.0,Denmark fe,23621,anja;Ismo;KiTKaT;marie;Sukkerzhok,,1,5
2025-01-17,10973.0,Anonymo,24243,chudy;darchevile;Enzo;Michat;Nami,,1,5
2025-01-17,10459.0,ARCRED,18447;18671;20402;21363;21369,1NVISIBLEE;DSSj;Get_Jeka;shg;synyx,fe47061e7cbb19bd7eb4,5,5
2025-01-17,,K27 fe,24005;24006,Elizabeth;f6tal;k175un4;sosya;wieenN,,2,5
2025-01-17,,Case,18875;21099;22126;22181,bsd;nyezin;RICIOLI;urban0;yepz,,4,5
2025-01-17,11883.0,9 Pandas,12004;14273;17011;17508;20357,clax;d1Ledez;glowiing;iDISBALANCE;shalfey,cb36cb0017453ab18593,5,5
2025-01-17,,Hype,20083;20939;22109,history;leo_drk;ninjaZ;redi;vinaabEAST,,3,5
2025-01-17,10954.0,Astralis Talent,21381,ANSG1;kiR;Rytter;suma;Zanto,,1,5
2025-01-17,12722.0,E-Xolos LAZER,10838;10840;11337;16814;22182,danoco;ksloks;mawth;RCF;tatazin,c3532511377b43be97bf,5,5
2025-01-17,10960.0,Young Ninjas,16811;22759;23372,BluePho3nix;jocab;MisteM;Silence;xKacpersky,,3,5
2025-01-17,,ex-GR,,7nation;mediocrity;Runnin;SALO_MUX;weqt2,,0,5
2025-01-17,6668.0,FLuffy Gangsters,24171;24172,Djon8;h1ghnesS;SoLb;takanashi;yuramyata,,2,5
2025-01-17,12611.0,vagrants,18090;22552;23199,Cyrix;mason;micro;Sandman;Seb,,3,5
2025-01-17,13099.0,ex-Vikings,2544;12092;13287;14010,bnc;max;realz1n;remix;zmb,,4,5
2025-01-17,11711.0,Players,22085,dok;dzt;MITHPUTTINI;spinnie;xns,,1,5
2025-01-17,12959.0,ShindeN,19872;20451;20992,abizz;BK1;ivz;relentless;roy,,3,5
2025-01-17,12890.0,Bad News Chickens,17132;17133;20885;21100,desh;fREQ;Leomonster;short;zede,,4,5
2025-01-17,12567.0,Akimbo,20572;23458,kmrn;kralz;laxiee;N2o;obi,,2,5
2025-01-17,12415.0,Gods Reign,23323,Bhavi;f1redup;Ph1NNN;R2B2;Rossi,,1,5
2025-01-17,11660.0,Take Flyte,13689;21749,cbass;Champ;Grave;jchancE;z0mb1e,,2,5
2025-01-17,12301.0,FlyQuest RED,8850;14401;18641;21793;22111,BiBiAhn;Emy;GooseBreeder;Kaoday;vanessa,ac151fb0784772bb4cdb,5,5
2025-01-17,11861.0,Aurora,13240;19236;19882;20113;20709,deko;KENSI;Lack1;Norwi;r3salt,4178295899d8d80d2276,5,5
2025-01-17,,Revenge Nation,23589;23675,Evan;MagiC;MERL;NIGHT666LADE;TABEN,,2,5
2025-01-17,,Bromo,20258;21509,FIOURN;Miami;rage;SPine;Zy88,,2,5
2025-01-17,10975.0,MIBR fe,16341;22270;23463,Babs;Dani;GaBi;hera;showliana,,3,5
2025-01-17,11668.0,Mindfreak,,gump;pain;Rickeh;Texta;tucks,,0,5
2025-01-17,,undefined,13230;19705;19846;20204,BeaKie;chop;CLASIA;motm;stamina,,4,5
2025-01-17,10245.0,JiJieHao,10449;13466;17675;18163,Aaron;Bibu;dennyslaw;ISSAA;m1N1,,4,5
2025-01-17,11176.0,MOUZ NXT,21972;22904;24457,Burmylov;Neityu;PR;TOBIZ;xelex,,3,5
2025-01-17,12334.0,Preasy,13077;22091;23106;23338,AcilioN;Beccie;Griller;Patti;Viggo,,4,5
2025-01-17,12522.0,Heimo,9325;14236,arvid;japE;oopee;spargo;Welho,,2,5
2025-01-17,12988.0,GameHunters,10827;17028;22084,abr;mello;nolkz;pedrinzy;prt,,3,5
2025-01-17,9881.0,Rooster,12877;18545;20527;20881,asap;chelleos;Rackem;sliimey;TjP,,4,5
2025-01-17,,Spirit fe,22029,AverOna;Jammie;kr4sy;Rony4ka;uulis,,1,5
2025-01-17,13447.0,DASH,16563;23642;24282,ch1rs;Dawy;Flierax;nifee;Psycho,,3,5
2025-01-17,12533.0,Atrix,20501;21733;23092,bokor;LyttleZ;mari;s1non;Sofiaxyz,,3,5
2025-01-17,11933.0,Yawara,22364;22956;22957;24284,j0w;lash;revoltz;stax;tele D,,4,5
2025-01-17,,Daystar,21775;23106;24426,BehinDx;mAnGo;Speedie;stesso;Viggo,,3,5
2025-01-17,12677.0,Galorys,11213;18610;20083;22362;23551,delboNi;detr0ittJ;ninjaZ;Tomate;xureba,84c83b01f7e6083c960c,5,5
2025-01-17,3044.0,MIBR Academy,20029;21286;21700;22777;23094,brn$;card;diozera;mlhzin;RenanZin,92bcf85e3629d8816cb6,5,5
2025-01-17,12431.0,Betera,13281;19874;20422;22459;24173,El1an;MaSvAl;OWNER;sh1nejezzz;tENZY,75033a164399b2acc065,5,5
2025-01-17,8813.0,Illuminar,18048;20637;24081,b1elany;Furlan;kadziu;keis;m4tthi,,3,5
2025-01-17,11837.0,Fluxo,12521;18717;19692;20026,arT;chayJESUS;Lucaozy;nicks;zevy,,4,5
2025-01-17,12884.0,The Art of War,21395,BaN4na;neo;Oath;Terryyy;viridian,,1,5
2025-01-17,10621.0,1WIN,8528;11940;11942;19703;20700,buster;HObbit;lattykk;neaLaN;Ryujin,271effb2897a5924605f,5,5
2025-01-17,12915.0,NITRO,21284,beg0d;happ;Lcm;leleo;LUCAS1,,1,5
2025-01-17,,inSanitY fe,23148,armk4m;Brendinha;cAmyy;chjna;ujliana,,1,5
2025-01-17,11312.0,QUAZAR,23687;24316;24317;24318;24319,gehji;Muk0s;n4mb3r5;tommy;whisper,5c916781e1112d162675,5,5
2025-01-17,12912.0,thekillaz fe,21042,Cellax;fly;hera;Samys;showliana,,1,5
2025-01-17,12776.0,Bounty Hunters,13287;14737;18322,bnc;Bruninho;KAISER;meyern;SHOOWTiME,,3,5
2025-01-17,,Limitless,22552,Aureo;DJF;Sandman;Seb;Wolffe,,1,5
2025-01-17,12921.0,Housebets,,apocdud;BRACE;damyo;Omichella;yourwombat,,0,5
2025-01-17,,Intense,19972;20885;21100,ckzao;fREQ;jz;keiz;zede,,3,5
2025-01-17,9506.0,Viperio,21657;23735,dezt;shyyne;Skrimo;swicher;zodi,,2,5
2025-01-17,12276.0,DXA,,helix;Kiyo;lucas222;prakM;Roflko,,0,5
2025-01-17,8210.0,TALON,14294;16847;18214;20086,ADDICT;AZR;hazr;mhL;nettik,,4,5
2025-01-17,12152.0,KZG,,dpr;Estate;Hassie;Samuukxs;Zuko,,0,5
2025-01-17,7720.0,InControl,20330;20573;23199;23672;23690,Andrew;DYLAN;jsfeltner;mason;TyRa,ffb80662b6034a143226,5,5
2025-01-17,11011.0,Patins da Ferrari,18891;21290,CSO;CutzMeretz;land1n;lub;perez,,2,5
2025-01-17,,CatEvil,16768;19735;22000,BZA;Cate;lan;Roninbaby;tanxiaomei,,3,5
2025-01-17,,Canada,21128,Gabie;J0LZ;Melio;Pluto;YuZ,,1,5
2025-01-17,13052.0,2070,,Demonos;lealziNho;roz;swarmyzz;voltera,,0,5
2025-01-17,12363.0,Arcade,,foggers;Kras;TRIPLUS;versa;void,,0,5
2025-01-17,,SovvyKiNG,19575;21362;22039;22189,danistzz;H4SAN4TOR;rexxie;TruNiQ;X5G7V,,4,5
2025-01-17,12889.0,G2 Ares,19173;21272;23192;23544,fNk;hitori;ketsuo;kl1m;tAk,,4,5
2025-01-17,,PEAK fe,23514,Cara de Banana;Dynasty;Eleven;Luulu4k;valulu,,1,5
2025-01-17,12694.0,RUBY,22325;22326;23541;23599;23858,forkyz;Kaide;mo0N;sowalio;tasman,4120092029828a8d3f68,5,5
2025-01-17,,Final Form,20273;23410,CAJUN;CoolComs;Drop;FxRE;YNGHunter,,2,5
2025-01-17,12472.0,MANTRA,,cheeseball;cookie;Reapz;rekonz;Winnieeeee,,0,5
2025-01-17,12789.0,LaChampionsLiga,17997;19086;19985;20689;24091,dott1;Hezz;lenci;nacho;pavv,e154a84320f588f175a0,5,5
2025-01-17,11955.0,LAG,21021,Experative;Nyyx;rayxts;TR0JN;Weeza,,1,5
2025-01-17,,JOGA DE TERNO,23960;24298;24328,ALENNNCAR;BALEROSTYLE;BRNZ1K;Lukita;sakamoto,,3,5
2025-01-17,12895.0,K27,22886;23684;23686;24725,Aliot;kashl1d;qw1nk1;relaxxie;xeedo,,4,5
2025-01-17,12967.0,WW,13157;14175;21690;22350;23927,Aunkere;ct0m;Jerry;StRoGo;tried,6ecb71f497aacb2079ca,5,5
2025-01-17,10978.0,VELOX,10499;10506;24558,JonY BoY;maaxg1;nbl;toto;tutehen,,3,5
2025-01-17,5479.0,Mythic,7808;8503;15007;20793;22022,Austin;Cooper;fl0m;freakazoid;Trucklover86,e4b6c6fa18f3a24c20a4,5,5
2025-01-17,11006.0,9z Academy,23549;24639,lezy;MaxOff;neozix;rw;zock9,,2,5
2025-01-17,11421.0,Kosovo,20434;21108,BledarD;Caleyy;deb0;Dementor;HYPERI1,,2,5
2025-01-17,8574.0,W7M,18894;20029;22964,card;fokiu;jz;stormzyn;t9rnay,,3,5
2025-01-17,12233.0,Solid,9483;20522;22362,ALLE;destiny;gbb;Lcm;xureba,,3,5
2025-01-17,12908.0,Aether,23830,Drew;Frost;Izik;LUKE4k;SolGoat,,1,5
2025-01-17,12455.0,Vantage,,alecc;Drox;Jynx;Mingovi;supar,,0,5
2025-01-17,6652.0,GameAgents,,dosikzz;for2na;KarmaN;ResoLuxe;WANGJ,,0,5
2025-01-17,,True Rippers,,Anasasis;Crunchy;DEFAULTER;Mcg!LLzZz;Rossi,,0,5
2025-01-17,11336.0,DETONATE,20578;20787;23136;23137;23138,arcade;dvrk;Pose1doNN;sasha;Zucar,ba1d1612f747b5c57920,5,5
2025-01-17,13579.0,USA,17437;20234;23199,CoJoMo;Gabe;Louie;mason;mds,,3,5
2025-01-17,11905.0,paiN Academy,22566,deemO;legy;Markz;Tatu;tsug,,1,5
2025-01-20,5995.0,G2,2553;3972;11617;19230;20447,HeavyGod;huNter-;m0NESY;malbsMd;Snax,486da06de1ee8c33aa1d,5,5
2025-01-20,7020.0,Spirit,7716;16920;18317;20423;21167,chopper;donk;magixx;sh1ro;zont1x,8ddd7c3d52942c256b57,5,5
2025-01-20,6248.0,The MongolZ,20194;20275;20903;21001;21809,910;bLitz;mzinho;Senzu;Techno,75e5d950f37342b03568,5,5
2025-01-20,6667.0,FaZe,429;8183;8738;9960;18053,broky;EliGE;frozen;karrigan;rain,9daa2e0f8baba62ac327,5,5
2025-01-20,9565.0,Vitality,7322;11816;11893;16693;18462,apEX;flameZ;mezii;ropz;ZywOo,91c93eb867d7d47bf729,5,5
2025-01-20,4494.0,MOUZ,13666;16820;18072;18850;20312,Brollan;Jimpphat;siuhy;torzsi;xertioN,dcaaf14356a20ed5fbf7,5,5
2025-01-20,4608.0,Natus Vincere,9816;14759;18987;19206;20127,Aleksib;b1t;iM;jL;w0nderful,996316e9c05448acf739,5,5
2025-01-20,11283.0,Falcons,3741;9032;12018;19677,degster;kyxsan;Magisk;NiKo;TeSeS,,4,5
2025-01-20,5973.0,Liquid,4679;8520;9436;10394;21763,jks;NAF;NertZ;Twistzz;ultimate,08cb3a4c68233b3b9901,5,5
2025-01-20,8297.0,FURIA,2023;10566;12553;15631;18676,chelo;FalleN;KSCERATO;skullz;yuurih,677d24247aa53119fe45,5,5
2025-01-20,4773.0,paiN,18141;18865;19694;20085,biguzera;dav1deuS;kauez;nqz;snow,,4,5
2025-01-20,9215.0,MIBR,11154;18717;18835;21037,drop;exit;insani;Lucaozy;saffee,,4,5
2025-01-20,9928.0,GamerLegion,9278;16486;20301;20870,PR;REZ;sl3nd;Tauson;ztr,,4,5
2025-01-20,4914.0,3DMAX,13138;19738;19739;21969,Djoko;Ex3rcice;Graviti;Lucky;Maka,,4,5
2025-01-20,11251.0,Eternal Fire,150;7938;8574;21243;22361,jottAAA;MAJ3R;Wicadia;woxic;XANTARES,0a254842e1149d2d09f6,5,5
2025-01-20,7532.0,BIG,5794;14929;19899;20170,hyped;JDC;Krimbo;kyuubii;tabseN,,4,5
2025-01-20,12774.0,FlyQuest,9115;10588;11140;17384;20123,dexter;INS;Liazz;regali;Vexite,6134a6e55af912438a31,5,5
2025-01-20,12257.0,Wildcard,8507;8711;16726;21163;21665,JBa;phzy;Sonic;stanislaw;susp,928ad8a13dcda967f95d,5,5
2025-01-20,6665.0,Astralis,7592;7964;10994;17956;20304,cadiaN;device;jabbi;Staehr;stavn,99347eabbb0a1fedcb74,5,5
2025-01-20,5005.0,Complexity,11630;12840;13578;17353;21620,cxzi;Grim;hallzerk;JT;nicx,a957c1e3fa87abcbbeb9,5,5
2025-01-20,5378.0,Virtus.pro,8918;12732;20101;20994;21439,electroNic;fame;FL1T;FL4MUS;ICY,f1c05542faa91e6b6868,5,5
2025-01-20,10567.0,SAW,630;1154;20462;21014,Ag1l;MUTiRiS;roman;Shr;story,,4,5
2025-01-20,7175.0,HEROIC,19164;19187;19310;19808;22047,LNZ;SunPayus;tN1R;xfl0ud;yxngstxr,a640c4181cc7b506ee9c,5,5
2025-01-20,10976.0,FURIA fe,11872;16340;17288;21219;22839,bizinha;gabs;izaa;kaahSENSEI;lulitenz,10dd16af0d8ef7254cf3,5,5
2025-01-20,,Imperial fe,12758;16497;18775;21756,ANa;Kat;tory;twenty3;zAAz,,4,5
2025-01-20,7187.0,Nexus,1206;9626;15573;16971;18294,ADRON;BTN;Ciocardau;XELLOW;zewts,c436f0c283513f0845d2,5,5
2025-01-20,,NAVI Javelins,15831;21849;22062;22063;22065,Angelka;ASTRA;D7;Hanka;vicu,3b11c82d36dd5bf7d31e,5,5
2025-01-20,7969.0,Nemiga,20387;21266;22460;23317;23685,1eeR;khaN;riskyb0b;Xant3r;zweih,5f7d948e2932e569ccbe,5,5
2025-01-20,12394.0,BetBoom,11840;15662;16555;18506;21667,Ax1Le;Boombl4;Magnojez;S1ren;zorte,351de843dc8e3cb18d4c,5,5
2025-01-20,6673.0,NRG,7687;13249;18838;20333,Brehze;HexT;Jeorge;nitr0;oSee,,4,5
2025-01-20,4869.0,ENCE,12731;21815;21972;23372,gla1ve;Neityu;podi;sdy;xKacpersky,,4,5
2025-01-20,11883.0,9 Pandas,12027;17011;20357;20709;23764,Alv;d1Ledez;Krad;r3salt;shalfey,f0799d6dc7ece6953b94,5,5
2025-01-20,7441.0,ECLOT,9911;19069;19594;19815;21165,Dytor;forsyy;kreaz;M1key;nbqq,084edd6496736d402877,5,5
2025-01-20,12312.0,ATOX,22333;22415;23457,AccuracyTG;dobu;kabal;MiQ;Zesta,,3,5
2025-01-20,11641.0,Metizport,9766;14218;17937;20878;21164,adamb;hampus;isak;L00m1;Plopski,4d51241454abe4475e92,5,5
2025-01-20,12376.0,M80,12781;15370;16599;20104;22921,k1to;Lake;s1n;slaxz-;Swisher,7cf6f1bf49326d06b542,5,5
2025-01-20,11838.0,Partizan,2476;13026;20252;20253,c0llins;Dragon;emi;Kind0;ROGA,,4,5
2025-01-20,11837.0,Fluxo,12521;18714;20385;20939,arT;history;kye;nicks;piriajr,,4,5
2025-01-20,,PEGADA,16102;17003;20054,Linko;NOPEEJ;pr;rafaxF;snapy,,3,5
2025-01-20,12426.0,Passion UA,17803;23046;23414;23415,fear;jackasmo;jambo;s-chilla;zeRRoFIX,,4,5
2025-01-20,12471.0,GUN5,18670;19808;22471;23047;23783,fineshine52;Sdaim;SELLTER;tN1R;xiELO,f6e56009e56ff84ae7a2,5,5
2025-01-20,9455.0,Imperial,9219;12822;19869;20183;22564,decenty;felps;noway;try;VINI,bcc3d95f12d003200086,5,5
2025-01-20,12144.0,BESTIA,2161;16314;20394;21155;22570,luchov;naz;Noktse;pancc;tomaszin,856b7a0559245db92cf2,5,5
2025-01-20,8113.0,Sharks,20558;21170;21921;22911,doc;gafolo;hoax;koala;rdnzao,,4,5
2025-01-20,11241.0,B8,19592;20112;21708;22842;23643,alex666;esenthial;headtr1ck;kensizor;npl,a557275c96d577ef4eaf,5,5
2025-01-20,4991.0,fnatic,7528;15165;17803;21062;22904,blameF;Burmylov;fear;KRIMZ;MATYS,9408d7d410d7d138b52e,5,5
2025-01-20,7900.0,Spirit Academy,22864;23319;24176;24177,alkarenn;kyousuke;Mokuj1n;robo;syph0,,4,5
2025-01-20,,Cloud9,11840;15071;16555;20447;21439,Ax1Le;Boombl4;HeavyGod;ICY;interz,31036d7867d816f762b5,5,5
2025-01-20,10371.0,NAVI Junior,20584;22203;22673;22674;23553,cmtry;dem0n;dziugss;Krabeni;makazze,2c03c52da3ae13074093,5,5
2025-01-20,4411.0,Ninjas in Pyjamas,9278;16811;17937;20425;22759,isak;jocab;MisteM;r1nkle;REZ,3bc05fc25b51bc00c745,5,5
2025-01-20,12604.0,Johnny Speeds,9255;9766;19064;21012;21159,bobeksde;draken;hampus;Ro1f;spooke,a2051d0db9aa8f62c0e0,5,5
2025-01-20,11811.0,Monte,16080;16848;17504;19733;20282,DemQQ;dycha;hades;KEi;kRaSnaL,f6867fa7ba13b580c30f,5,5
2025-01-20,12468.0,Legacy,15698;19045;19686;20563;22965,dumau;latto;lux;n1ssim;saadzin,5cfd43d0258204c4872c,5,5
2025-01-20,12000.0,500,11217;11219;11343;17145,CeRq;oxygeN;Rainwaker;SHiPZ;SPELLAN,,4,5
2025-01-20,11948.0,Nouns,14494;21620;22135,cJ dA K1nG;junior;nicx;Peeping;RUSH,,3,5
2025-01-20,7176.0,RED Canids,8565;9216;18743;18865;21288,coldzera;dav1deuS;HEN1;nython;venomzera,141115268c3a51a45bdf,5,5
2025-01-20,12534.0,BOSS,15176;18706;19079;19128;20564,Cryptic;d4rty;freshie;Fruitcupx;SLIGHT,187e49c0d70d388a6892,5,5
2025-01-20,10577.0,SINNERS,8488;11199;12810;20229;23763,beastik;MoriiSko;Pepo;SHOCK;ZEDKO,2740412c48959f554e2c,5,5
2025-01-20,10278.0,9INE,2898;14932;21159,bobeksde;faveN;mantuu;raalz;refrezh,,3,5
2025-01-20,11712.0,Sashi,16705;16723;16731;21199,Altekz;Cabbi;IceBerg;Lucky;MistR,,4,5
2025-01-20,12366.0,Aurora Young Blud,22803;22880;22884;23193;23302,bl1x1;bluewh1te;gr1ks;m1QUSE;VILBy,7f69f860c01fb98c916a,5,5
2025-01-20,11523.0,Zero Tenacity,5351;8311;21302;21783;21784,aVN;brutmonster;Cjoffo;nEMANHA;simke,78c45e5390fe107cd659,5,5
2025-01-20,,UNPAID,9618;18571;20097;20813,CYPHER;h4rn;jkaem;nexa;VLDN,,4,5
2025-01-20,11283.0,Falcons,922;7998;9032;11777,dupreeh;Maden;Magisk;s1mple;Snappi,,4,5
2025-01-20,9996.0,9z,12092;14736;20607;21239;22613,buda;dgt;HUASOPEEK;MartinezSa;max,345abb242c90eadd201a,5,5
2025-01-20,4501.0,ALTERNATE aTTaX,19284;20122,ArroW;FreeZe;hyped;PerX;prosus,,2,5
2025-01-20,11514.0,Rare Atom,7028;19681;21825,ChildKing;L1haNg;somebody;Summer;z8z,,3,5
2025-01-20,10854.0,los kogutos,16847;20283;20284;21142;23668,AMSALEM;maaryy;mASKED;mhL;tomiko,b837469b73d8344171ba,5,5
2025-01-20,10947.0,Rhyno,20683;20750;22807;23140;23141,aragornN;Icarus;krazy;P3R3IIRA;seabraez,a5b74eab4210e81faa6e,5,5
2025-01-20,11419.0,ECSTATIC,10961;11995;16753;20417;21779,Anlelele;Kristou;n1Xen;nut nut;TMB,c4e7e444d827e80f278e,5,5
2025-01-20,11861.0,Aurora,12004;19236;19673;19882;22884,clax;gr1ks;KENSI;Norwi;Patsi,0e7ced82edf77cf5b175,5,5
2025-01-20,11164.0,Into the Breach,11271;15117;15203;15369;18120,Keoz;REDSTAR;reiko;sinnopsyy;smooya,578dd630d0a48fce61d1,5,5
2025-01-20,10503.0,OG,19044;20941;21113;21165;21983,Buzz;Chr1zN;F1KU;M1key;MoDo,f6891cc4045107bce057,5,5
2025-01-20,11571.0,Gaimin Gladiators,13602;13749;20300,kraghen;nicoodoz;Nodios;Queenix;roeJ,,3,5
2025-01-20,11768.0,ODDIK,14390;17181;22182,ksloks;matios;naitte;togs;WOOD7,,3,5
2025-01-20,12510.0,The Huns,15072;19957;20703,Bart4k;cobra;nin9;Veccil;xerolte,,3,5
2025-01-20,,Apogee,18070;18979;22383;23765;23766,Demho;hfah;hypex;jcobbb;Prism,1191985bc02c56d5769c,5,5
2025-01-20,8840.0,Lynn Vision,16551;16872;18744;22922,afufu;EmiliaQAQ;flying;Westmelon;z4kr,,4,5
2025-01-20,12858.0,kONO,16147;19614;19617,amster;byr9;cptkurtka023;s4ltovsk1yy;Sijeyy,,3,5
2025-01-20,12818.0,FAVBET,2131;18240;20110;20228,bondik;j3kie;Marix;Smash;t3ns1on,,4,5
2025-01-20,12233.0,Solid,9483;16645;18743;20522;23551,destiny;drg;gbb;nython;Tomate,21a7646cd27ff716f6a6,5,5
2025-01-20,,KOI,9254;11205;18749;19509;19698,adamS;dav1g;mopoz;sausol;stadodo,21f1774b413583472fc9,5,5
2025-01-20,,timbermen,17918;19709;19710;19711;20692,dare;dea;nosraC;shane;snav,965cf30c0767a5159a11,5,5
2025-01-20,8038.0,Party Astronauts,13250;14619;17372;18761;22967,ben1337;FaNg;Infinite;ogwizard;viz,d71f630e5e8612ad7feb,5,5
2025-01-20,12586.0,AMKAL,12027;13982;16948;22929;24326,Forester;Krad;nota;topo;TRAVIS,511be8df08c558658f9a,5,5
2025-01-20,12960.0,Fire Flux,8212;9353;20625;20968,Banjo;paz;S3NSEY;ScrunK;soulfly,,4,5
2025-01-20,4863.0,TYLOO,19645;20254;20702;20895;21621,JamYoung;Jee;Mercury;Moseyuh;Starry,226478e93fe49c0382f4,5,5
2025-01-20,12267.0,UNiTY,15818;15821;22371;23469,K1-FiDa;Levi;NEOFRAG;Pechyn;woozzzi,,4,5
2025-01-20,,Verdant,20336;20339;20340;22192,arTisT;Extinct;Girafffe;leaf;Vacancy,,4,5
2025-01-20,12467.0,PARIVISION,13239;19235;19673;20430;21348,alpha;ArtFr0st;BELCHONOKK;Patsi;Qikert,043e31e963ce7277bf47,5,5
2025-01-20,,FLUFFY AIMERS,14799;23674;24048,brett;den1ed;jason;slump;Wolffe,,3,5
2025-01-20,12474.0,Alliance,7443;9811;16487;22760;22860,avid;eraa;PlesseN;twist;upE,db319c58b5a99d95930a,5,5
2025-01-20,12380.0,CYBERSHOKE,20948;21362;21710;22879;24286,FenomeN;levantino;lov1kus;notineki;TruNiQ,99729e46a16e372b9eaa,5,5
2025-01-20,12559.0,RUSH B,3459;20534;22040;22927;22930,executor;kinqie;Kiro;tex1y;z1Nny,7b0b9043d43aaf43b52c,5,5
2025-01-20,,TSM,3741;10330;20090;22695,acoR;niko;sirah;valde;Zyphon,,4,5
2025-01-20,,Sampi,8488;14388,fino;sAvana1;semtex;The eLiVe;ZEDKO,,2,5
2025-01-20,,Monte Gen,17117;21217;21816;22563,fnl;Gizmy;leen;ryu;shield,,4,5
2025-01-20,11718.0,BIG EQUIPA,7653;16764;20165;21727;22871,JennyR;juliano;LETi;pauliiee;Zana,d817dbf63c7931b871ef,5,5
2025-01-20,,DRILLAS,9656;15778;16885;21452,hAdji;Kvem;meztal;SENER1;Woro2k,,4,5
2025-01-20,12878.0,BC.Game,9261;18790;21139,CacaNito;GuardiaN;jkaem;Lekr0;pr1metapz,,3,5
2025-01-20,,Undone,13230;17353;19705,chop;cxzi;motm;Skadoodle;steel,,3,5
2025-01-20,,ex-Enterprise,15940;18070;20413;20958;20960,bajmi;Demho;ex1st;mwlky;Sobol,62d9750c4f75e924b088,5,5
2025-01-20,8813.0,Illuminar,22129;24179,AntyVirus;discoStar;Furlan;kadziu;SpavaQu,,2,5
2025-01-20,,Fluxo Demons,20503;21736;21800;21801,annaEX;goddess;josi;poppins;yungher,,4,5
2025-01-20,,L&G,20421;21065;21650;21651;22649,kL1o;kr1vda;Malkiss;marat2k;OneUn1que,60c96df3b77e5b788a47,5,5
2025-01-20,12787.0,WOPA,14242;20248;21571;22950,Gnøffe;leakz;PR1mE;sL1m3;Vster,,4,5
2025-01-20,11737.0,EYEBALLERS,3849;16029;22060;22914;23397,delle;dex;HEAP;JW;poiii,c56d0a8e8d57b2d80c10,5,5
2025-01-20,9928.0,GamerLegion,16486;20358;20870;20926;20994,aNdu;FL4MUS;sl3nd;volt;ztr,470f5d0e32cea90a0552,5,5
2025-01-20,12747.0,DMS,20600;21692;22075;22076;24144,AW;kAlash;molodoy;sFade8;sm3t,28cfc982f706b8d65fbc,5,5
2025-01-20,11609.0,GenOne,284;10569;19742;20482;21971,Brooxsy;devoduvek;drac;JACKZ;Kursy,91625ab3ea668cf9fc3f,5,5
2025-01-20,11827.0,JANO,4076;7775;18848,Aerial;allu;HENU;juho;xseveN,,3,5
2025-01-20,12548.0,Dusty Roots,18554;21221;24749,1962;FraGuTy;maxxkor;tom1jed;toto,,3,5
2025-01-20,4548.0,CPH Wolves,13669;17113;20637;20926;22048,aNdu;b1elany;Jackinho;szejn;Tapewaare,211deb9c07219e5ea3fb,5,5
2025-01-20,,Rebels,3669;21715;23295,casey;flayy;innocent;kisserek;SZPERO,,3,5
2025-01-20,12124.0,Insilio,18510;20197;20201;21630,faydett;FpSSS;Pipw;Polt;sugaR,,4,5
2025-01-20,7234.0,Endpoint,7996;22106;22702,AZUWU;cej0t;CRUC1AL;MiGHTYMAX;Surreal,,3,5
2025-01-20,12646.0,Chinggis Warriors,15060;19229;21396;21398;22414,ariucle;controlez;Efire;NEUZ;ROUX,aa1a1aadf8a7ff47aafa,5,5
2025-01-20,12124.0,Insilio,18510;20197;22535;23048;23858,dwushka;faydett;kelieN;mo0N;sugaR,17803d4b3f5c1cc0be1e,5,5
2025-01-20,,inSanitY,11213;17553;18140;20185,cass1n;delboNi;f4stzin;iDk;pesadelo,,4,5
2025-01-20,4548.0,CPH Wolves,16487;16718;17113;18749;22048,eraa;Fessor;sausol;szejn;Tapewaare,7a37c1c422a967d5a2fe,5,5
2025-01-20,13025.0,Tropa do Taco,16816;16817;16835,farias;hardzao;ponter;TACO;vsm,,3,5
2025-01-20,10900.0,KRÜ,9221;18549;21169,atarax1a;deco;laser;reversive;righi,,3,5
2025-01-20,,Apogee,18070;18979;22008;22473;22476,Demho;Prism;Qlocuu;swiz;virtuoso,0c6a726e6fc83427ec55,5,5
2025-01-20,12833.0,TNL,24168;24281;24283,cairne;onic;st0m4k;yukitoro;zogeN,,3,5
2025-01-20,11917.0,NIP Impact,1572;21796;21798;22095;23090,aiM;Nayomy;Qiyarah;ramziiN;vilga,4c0a0f62bc8d88416e7e,5,5
2025-01-20,11581.0,HOTU,18752;19962;21385;23783,fineshine52;kade0;lampada;mizu;Re1GN,,4,5
2025-01-20,11790.0,ENCE Academy,20677;21233;21930;22733;24149,2high;millert;myltsi;Schwarz;teme,9c4a36a264a74f4d8d93,5,5
2025-01-20,11321.0,Kappa Bar,7700;16487,Bååten;eraa;robiin;SeBreeZe;Siz,,2,5
2025-01-20,10947.0,Rhyno,17003;20054;21014;23140;23237,Ag1l;krazy;rafaxF;snapy;TMKj,72d08ab16db0741beda4,5,5
2025-01-20,2955.0,Denmark fe,23621,anja;Ismo;KiTKaT;marie;Sukkerzhok,,1,5
2025-01-20,10973.0,Anonymo,24243,chudy;darchevile;Enzo;Michat;Nami,,1,5
2025-01-20,,Revenant,7168;15203;20761;21972,lauNX;NBK-;Neityu;Nivera;reiko,,4,5
2025-01-20,10459.0,ARCRED,18447;18671;20402;21363;21369,1NVISIBLEE;DSSj;Get_Jeka;shg;synyx,fe47061e7cbb19bd7eb4,5,5
2025-01-20,,K27 fe,24005;24006,Elizabeth;f6tal;k175un4;sosya;wieenN,,2,5
2025-01-20,,Case,18875;21099;22126;22181,bsd;nyezin;RICIOLI;urban0;yepz,,4,5
2025-01-20,,Hype,20083;20939;22109,history;leo_drk;ninjaZ;redi;vinaabEAST,,3,5
2025-01-20,11883.0,9 Pandas,12004;14273;17011;17508;20357,clax;d1Ledez;glowiing;iDISBALANCE;shalfey,cb36cb0017453ab18593,5,5
2025-01-20,10954.0,Astralis Talent,21381,ANSG1;kiR;Rytter;suma;Zanto,,1,5
2025-01-20,12722.0,E-Xolos LAZER,10838;10840;11337;16814;22182,danoco;ksloks;mawth;RCF;tatazin,c3532511377b43be97bf,5,5
2025-01-20,,ex-GR,,7nation;mediocrity;Runnin;SALO_MUX;weqt2,,0,5
2025-01-20,10960.0,Young Ninjas,16811;22759;23372,BluePho3nix;jocab;MisteM;Silence;xKacpersky,,3,5
2025-01-20,6668.0,FLuffy Gangsters,24171;24172,Djon8;h1ghnesS;SoLb;takanashi;yuramyata,,2,5
2025-01-20,12611.0,vagrants,18090;22552;23199,Cyrix;mason;micro;Sandman;Seb,,3,5
2025-01-20,13099.0,ex-Vikings,2544;12092;13287;14010,bnc;max;realz1n;remix;zmb,,4,5
2025-01-20,11711.0,Players,22085,dok;dzt;MITHPUTTINI;spinnie;xns,,1,5
2025-01-20,12959.0,ShindeN,19872;20451;20992,abizz;BK1;ivz;relentless;roy,,3,5
2025-01-20,12890.0,Bad News Chickens,17132;17133;20885;21100,desh;fREQ;Leomonster;short;zede,,4,5
2025-01-20,12415.0,Gods Reign,23323,Bhavi;f1redup;Ph1NNN;R2B2;Rossi,,1,5
2025-01-20,11660.0,Take Flyte,13689;21749,cbass;Champ;Grave;jchancE;z0mb1e,,2,5
2025-01-20,12567.0,Akimbo,20572;23458,kmrn;kralz;laxiee;N2o;obi,,2,5
2025-01-20,12301.0,FlyQuest RED,8850;14401;18641;21793;22111,BiBiAhn;Emy;GooseBreeder;Kaoday;vanessa,ac151fb0784772bb4cdb,5,5
2025-01-20,,Revenge Nation,23589;23675,Evan;MagiC;MERL;NIGHT666LADE;TABEN,,2,5
2025-01-20,,Bromo,20258;21509,FIOURN;Miami;rage;SPine;Zy88,,2,5
2025-01-20,10975.0,MIBR fe,16341;22270;23463,Babs;Dani;GaBi;hera;showliana,,3,5
2025-01-20,11668.0,Mindfreak,,gump;pain;Rickeh;Texta;tucks,,0,5
2025-01-20,10245.0,JiJieHao,10449;13466;17675;18163,Aaron;Bibu;dennyslaw;ISSAA;m1N1,,4,5
2025-01-20,12334.0,Preasy,13077;22091;23106;23338,AcilioN;Beccie;Griller;Patti;Viggo,,4,5
2025-01-20,,undefined,13230;19705;19846;20204,BeaKie;chop;CLASIA;motm;stamina,,4,5
2025-01-20,12522.0,Heimo,9325;14236,arvid;japE;oopee;spargo;Welho,,2,5
2025-01-20,11861.0,Aurora,13240;19236;19882;20113;20709,deko;KENSI;Lack1;Norwi;r3salt,4178295899d8d80d2276,5,5
2025-01-20,12988.0,GameHunters,10827;17028;22084,abr;mello;nolkz;pedrinzy;prt,,3,5
2025-01-20,11176.0,MOUZ NXT,21972;22904;24457,Burmylov;Neityu;PR;TOBIZ;xelex,,3,5
2025-01-20,9881.0,Rooster,12877;18545;20527;20881,asap;chelleos;Rackem;sliimey;TjP,,4,5
2025-01-20,,Spirit fe,22029,AverOna;Jammie;kr4sy;Rony4ka;uulis,,1,5
2025-01-20,13447.0,DASH,16563;23642;24282,ch1rs;Dawy;Flierax;nifee;Psycho,,3,5
2025-01-20,12533.0,Atrix,20501;21733;23092,bokor;LyttleZ;mari;s1non;Sofiaxyz,,3,5
2025-01-20,11933.0,Yawara,22364;22956;22957;24284,j0w;lash;revoltz;stax;tele D,,4,5
2025-01-20,,Daystar,21775;23106;24426,BehinDx;mAnGo;Speedie;stesso;Viggo,,3,5
2025-01-20,3044.0,MIBR Academy,20029;21286;21700;22777;23094,brn$;card;diozera;mlhzin;RenanZin,92bcf85e3629d8816cb6,5,5
2025-01-20,12431.0,Betera,13281;19874;20422;22459;24173,El1an;MaSvAl;OWNER;sh1nejezzz;tENZY,75033a164399b2acc065,5,5
2025-01-20,12677.0,Galorys,11213;18610;20083;22362;23551,delboNi;detr0ittJ;ninjaZ;Tomate;xureba,84c83b01f7e6083c960c,5,5
2025-01-20,8813.0,Illuminar,18048;20637;24081,b1elany;Furlan;kadziu;keis;m4tthi,,3,5
2025-01-20,12884.0,The Art of War,21395,BaN4na;neo;Oath;Terryyy;viridian,,1,5
2025-01-20,11837.0,Fluxo,12521;18717;19692;20026,arT;chayJESUS;Lucaozy;nicks;zevy,,4,5
2025-01-20,12915.0,NITRO,21284,beg0d;happ;Lcm;leleo;LUCAS1,,1,5
2025-01-20,10621.0,1WIN,8528;11940;11942;19703;20700,buster;HObbit;lattykk;neaLaN;Ryujin,271effb2897a5924605f,5,5
2025-01-20,,inSanitY fe,23148,armk4m;Brendinha;cAmyy;chjna;ujliana,,1,5
2025-01-20,11312.0,QUAZAR,23687;24316;24317;24318;24319,gehji;Muk0s;n4mb3r5;tommy;whisper,5c916781e1112d162675,5,5
2025-01-20,12912.0,thekillaz fe,21042,Cellax;fly;hera;Samys;showliana,,1,5
2025-01-20,12776.0,Bounty Hunters,13287;14737;18322,bnc;Bruninho;KAISER;meyern;SHOOWTiME,,3,5
2025-01-20,,Limitless,22552,Aureo;DJF;Sandman;Seb;Wolffe,,1,5
2025-01-20,12921.0,Housebets,,apocdud;BRACE;damyo;Omichella;yourwombat,,0,5
2025-01-20,9506.0,Viperio,21657;23735,dezt;shyyne;Skrimo;swicher;zodi,,2,5
2025-01-20,12276.0,DXA,,helix;Kiyo;lucas222;prakM;Roflko,,0,5
2025-01-20,8210.0,TALON,14294;16847;18214;20086,ADDICT;AZR;hazr;mhL;nettik,,4,5
2025-01-20,12152.0,KZG,,dpr;Estate;Hassie;Samuukxs;Zuko,,0,5
2025-01-20,7720.0,InControl,20330;20573;23199;23672;23690,Andrew;DYLAN;jsfeltner;mason;TyRa,ffb80662b6034a143226,5,5
2025-01-20,13052.0,2070,,Demonos;lealziNho;roz;swarmyzz;voltera,,0,5
2025-01-20,11011.0,Patins da Ferrari,18891;21290,CSO;CutzMeretz;land1n;lub;perez,,2,5
2025-01-20,,Canada,21128,Gabie;J0LZ;Melio;Pluto;YuZ,,1,5
2025-01-20,,CatEvil,16768;19735;22000,BZA;Cate;lan;Roninbaby;tanxiaomei,,3,5
2025-01-20,12363.0,Arcade,,foggers;Kras;TRIPLUS;versa;void,,0,5
2025-01-20,,SovvyKiNG,19575;21362;22039;22189,danistzz;H4SAN4TOR;rexxie;TruNiQ;X5G7V,,4,5
2025-01-20,12889.0,G2 Ares,19173;21272;23192;23544,fNk;hitori;ketsuo;kl1m;tAk,,4,5
2025-01-20,,PEAK fe,23514,Cara de Banana;Dynasty;Eleven;Luulu4k;valulu,,1,5
2025-01-20,,Final Form,20273;23410,CAJUN;CoolComs;Drop;FxRE;YNGHunter,,2,5
2025-01-20,12472.0,MANTRA,,cheeseball;cookie;Reapz;rekonz;Winnieeeee,,0,5
2025-01-20,12694.0,RUBY,22325;22326;23541;23599;23858,forkyz;Kaide;mo0N;sowalio;tasman,4120092029828a8d3f68,5,5
2025-01-20,12789.0,LaChampionsLiga,17997;19086;19985;20689;24091,dott1;Hezz;lenci;nacho;pavv,e154a84320f588f175a0,5,5
2025-01-20,11955.0,LAG,21021,Experative;Nyyx;rayxts;TR0JN;Weeza,,1,5
2025-01-20,,JOGA DE TERNO,23960;24298;24328,ALENNNCAR;BALEROSTYLE;BRNZ1K;Lukita;sakamoto,,3,5
2025-01-20,12895.0,K27,22886;23684;23686;24725,Aliot;kashl1d;qw1nk1;relaxxie;xeedo,,4,5
2025-01-20,10978.0,VELOX,10499;10506;24558,JonY BoY;maaxg1;nbl;toto;tutehen,,3,5
2025-01-20,12967.0,WW,13157;14175;21690;22350;23927,Aunkere;ct0m;Jerry;StRoGo;tried,6ecb71f497aacb2079ca,5,5
2025-01-20,11006.0,9z Academy,23549;24639,lezy;MaxOff;neozix;rw;zock9,,2,5
2025-01-20,5479.0,Mythic,7808;8503;15007;20793;22022,Austin;Cooper;fl0m;freakazoid;Trucklover86,e4b6c6fa18f3a24c20a4,5,5
2025-01-20,11421.0,Kosovo,20434;21108,BledarD;Caleyy;deb0;Dementor;HYPERI1,,2,5
2025-01-20,8574.0,W7M,18894;20029;22964,card;fokiu;jz;stormzyn;t9rnay,,3,5
2025-01-20,12233.0,Solid,9483;20522;22362,ALLE;destiny;gbb;Lcm;xureba,,3,5
2025-01-20,12908.0,Aether,23830,Drew;Frost;Izik;LUKE4k;SolGoat,,1,5
2025-01-20,12455.0,Vantage,,alecc;Drox;Jynx;Mingovi;supar,,0,5
2025-01-20,6652.0,GameAgents,,dosikzz;for2na;KarmaN;ResoLuxe;WANGJ,,0,5
2025-01-20,,True Rippers,,Anasasis;Crunchy;DEFAULTER;Mcg!LLzZz;Rossi,,0,5
2025-01-20,11336.0,DETONATE,20578;20787;23136;23137;23138,arcade;dvrk;Pose1doNN;sasha;Zucar,ba1d1612f747b5c57920,5,5
2025-01-20,13579.0,USA,17437;20234;23199,CoJoMo;Gabe;Louie;mason;mds,,3,5
2025-01-20,11905.0,paiN Academy,22566,deemO;legy;Markz;Tatu;tsug,,1,5
2025-01-27,7020.0,Spirit,7716;16920;18317;20423;21167,chopper;donk;magixx;sh1ro;zont1x,8ddd7c3d52942c256b57,5,5
2025-01-27,5995.0,G2,2553;3972;11617;19230;20447,HeavyGod;huNter-;m0NESY;malbsMd;Snax,486da06de1ee8c33aa1d,5,5
2025-01-27,6248.0,The MongolZ,20194;20275;20903;21001;21809,910;bLitz;mzinho;Senzu;Techno,75e5d950f37342b03568,5,5
2025-01-27,6667.0,FaZe,429;8183;8738;9960;18053,broky;EliGE;frozen;karrigan;rain,9daa2e0f8baba62ac327,5,5
2025-01-27,4608.0,Natus Vincere,9816;14759;18987;19206;20127,Aleksib;b1t;iM;jL;w0nderful,996316e9c05448acf739,5,5
2025-01-27,9565.0,Vitality,7322;11816;11893;16693;18462,apEX;flameZ;mezii;ropz;ZywOo,91c93eb867d7d47bf729,5,5
2025-01-27,4494.0,MOUZ,13666;16820;18072;18850;20312,Brollan;Jimpphat;siuhy;torzsi;xertioN,dcaaf14356a20ed5fbf7,5,5
2025-01-27,11283.0,Falcons,3741;9032;12018;19677,degster;kyxsan;Magisk;NiKo;TeSeS,,4,5
2025-01-27,11251.0,Eternal Fire,150;7938;8574;21243;22361,jottAAA;MAJ3R;Wicadia;woxic;XANTARES,0a254842e1149d2d09f6,5,5
2025-01-27,5973.0,Liquid,4679;8520;9436;10394;21763,jks;NAF;NertZ;Twistzz;ultimate,08cb3a4c68233b3b9901,5,5
2025-01-27,8297.0,FURIA,2023;10566;12553;15631;18676,chelo;FalleN;KSCERATO;skullz;yuurih,677d24247aa53119fe45,5,5
2025-01-27,4773.0,paiN,18141;18865;19694;20085,biguzera;dav1deuS;kauez;nqz;snow,,4,5
2025-01-27,9215.0,MIBR,11154;18717;18835;21037,drop;exit;insani;Lucaozy;saffee,,4,5
2025-01-27,9928.0,GamerLegion,9278;16486;20301;20870,PR;REZ;sl3nd;Tauson;ztr,,4,5
2025-01-27,4914.0,3DMAX,13138;19738;19739;21969,Djoko;Ex3rcice;Graviti;Lucky;Maka,,4,5
2025-01-27,7532.0,BIG,5794;14929;19899;20170,hyped;JDC;Krimbo;kyuubii;tabseN,,4,5
2025-01-27,12257.0,Wildcard,8507;8711;16726;21163;21665,JBa;phzy;Sonic;stanislaw;susp,928ad8a13dcda967f95d,5,5
2025-01-27,12774.0,FlyQuest,9115;10588;11140;17384;20123,dexter;INS;Liazz;regali;Vexite,6134a6e55af912438a31,5,5
2025-01-27,6665.0,Astralis,7592;7964;10994;17956;20304,cadiaN;device;jabbi;Staehr;stavn,99347eabbb0a1fedcb74,5,5
2025-01-27,5005.0,Complexity,11630;12840;13578;17353;21620,cxzi;Grim;hallzerk;JT;nicx,a957c1e3fa87abcbbeb9,5,5
2025-01-27,5378.0,Virtus.pro,8918;12732;20101;20994;21439,electroNic;fame;FL1T;FL4MUS;ICY,f1c05542faa91e6b6868,5,5
2025-01-27,7175.0,HEROIC,11777;19164;19187;19310;22047,LNZ;Maden;SunPayus;xfl0ud;yxngstxr,da8aa84f8d83f3bb84f5,5,5
2025-01-27,7187.0,Nexus,1206;9626;15573;16971;18294,ADRON;BTN;Ciocardau;XELLOW;zewts,c436f0c283513f0845d2,5,5
2025-01-27,10567.0,SAW,630;1154;20462;21014,Ag1l;MUTiRiS;roman;Shr;story,,4,5
2025-01-27,,Imperial fe,12758;16497;18775;21756,ANa;Kat;tory;twenty3;zAAz,,4,5
2025-01-27,10976.0,FURIA fe,11872;16340;17288;21219;22839,bizinha;gabs;izaa;kaahSENSEI;lulitenz,10dd16af0d8ef7254cf3,5,5
2025-01-27,12312.0,ATOX,22333;22415;23457,AccuracyTG;dobu;kabal;MiQ;Zesta,,3,5
2025-01-27,12394.0,BetBoom,16555;16921;18506;19920;21667,Ax1Le;KaiR0N-;Magnojez;nafany;S1ren,427ad60a8b3fe9672cb6,5,5
2025-01-27,,NAVI Javelins,15831;21849;22062;22063;22065,Angelka;ASTRA;D7;Hanka;vicu,3b11c82d36dd5bf7d31e,5,5
2025-01-27,7969.0,Nemiga,20387;21266;22460;23317;23685,1eeR;khaN;riskyb0b;Xant3r;zweih,5f7d948e2932e569ccbe,5,5
2025-01-27,11641.0,Metizport,9766;14218;17937;20878;21164,adamb;hampus;isak;L00m1;Plopski,4d51241454abe4475e92,5,5
2025-01-27,7441.0,ECLOT,9911;19069;19594;19815;21165,Dytor;forsyy;kreaz;M1key;nbqq,084edd6496736d402877,5,5
2025-01-27,4869.0,ENCE,12731;21815;21972;23372,gla1ve;Neityu;podi;sdy;xKacpersky,,4,5
2025-01-27,11837.0,Fluxo,12521;18714;20385;20939,arT;history;kye;nicks;piriajr,,4,5
2025-01-27,,PEGADA,16102;17003;20054,Linko;NOPEEJ;pr;rafaxF;snapy,,3,5
2025-01-27,11838.0,Partizan,2476;13026;20252;20253,c0llins;Dragon;emi;Kind0;ROGA,,4,5
2025-01-27,12376.0,M80,12781;15370;16599;20104;22921,k1to;Lake;s1n;slaxz-;Swisher,7cf6f1bf49326d06b542,5,5
2025-01-27,6673.0,NRG,7687;13249;16717;18838;20333,br0;HexT;Jeorge;nitr0;oSee,495b9c702d422c543a21,5,5
2025-01-27,12426.0,Passion UA,17803;23046;23414;23415,fear;jackasmo;jambo;s-chilla;zeRRoFIX,,4,5
2025-01-27,11883.0,9 Pandas,1950;17011;20357;20709;23764,Alv;d1Ledez;r3salt;shalfey;tonyblack,0e85ac3721ae63ff4ca6,5,5
2025-01-27,8113.0,Sharks,20558;21170;21921;22911,doc;gafolo;hoax;koala;rdnzao,,4,5
2025-01-27,9455.0,Imperial,9219;12822;19869;20183;22564,decenty;felps;noway;try;VINI,bcc3d95f12d003200086,5,5
2025-01-27,11241.0,B8,19592;20112;21708;22842;23643,alex666;esenthial;headtr1ck;kensizor;npl,a557275c96d577ef4eaf,5,5
2025-01-27,10371.0,NAVI Junior,14202;20584;22203;22673;22674,cmtry;coolio;dem0n;Krabeni;makazze,c725c0003cd8295c1cf8,5,5
2025-01-27,4991.0,fnatic,7528;15165;17803;21062;22904,blameF;Burmylov;fear;KRIMZ;MATYS,9408d7d410d7d138b52e,5,5
2025-01-27,7900.0,Spirit Academy,22864;23319;24176;24177,alkarenn;kyousuke;Mokuj1n;robo;syph0,,4,5
2025-01-27,12471.0,GUN5,13240;18670;22471;23047,easy;Lack1;Sdaim;SELLTER;xiELO,,4,5
2025-01-27,,Cloud9,11840;15071;16555;20447;21439,Ax1Le;Boombl4;HeavyGod;ICY;interz,31036d7867d816f762b5,5,5
2025-01-27,12144.0,BESTIA,2161;16314;20394;21155;22570,luchov;naz;Noktse;pancc;tomaszin,856b7a0559245db92cf2,5,5
2025-01-27,4411.0,Ninjas in Pyjamas,9278;16811;17937;20425;22759,isak;jocab;MisteM;r1nkle;REZ,3bc05fc25b51bc00c745,5,5
2025-01-27,12604.0,Johnny Speeds,9255;9766;19064;21012;21159,bobeksde;draken;hampus;Ro1f;spooke,a2051d0db9aa8f62c0e0,5,5
2025-01-27,11811.0,Monte,16080;16848;19733;21217;21816,DemQQ;dycha;Gizmy;hades;ryu,38c8af120b41af9d9ff4,5,5
2025-01-27,11948.0,Nouns,14494;15176;22135,cJ dA K1nG;Cryptic;junior;Peeping;RUSH,,3,5
2025-01-27,12468.0,Legacy,15698;19045;19686;20563;22965,dumau;latto;lux;n1ssim;saadzin,5cfd43d0258204c4872c,5,5
2025-01-27,12534.0,BOSS,18706;19079;19128;19711,freshie;Fruitcupx;SLIGHT;snav;Wolffe,,4,5
2025-01-27,13106.0,Getting Info,10892;17918;19709;19710;20692,dare;dea;MarKE;nosraC;shane,58ad9bf08757c0cf1715,5,5
2025-01-27,10577.0,SINNERS,8488;11199;12810;20229;23763,beastik;MoriiSko;Pepo;SHOCK;ZEDKO,2740412c48959f554e2c,5,5
2025-01-27,12000.0,500,11217;11219;11343;17145,CeRq;oxygeN;Rainwaker;SHiPZ;SPELLAN,,4,5
2025-01-27,11523.0,Zero Tenacity,5351;8311;21302;21783;21784,aVN;brutmonster;Cjoffo;nEMANHA;simke,78c45e5390fe107cd659,5,5
2025-01-27,11712.0,Sashi,16705;16723;16731;20090,Altekz;Cabbi;IceBerg;Lucky;Zyphon,,4,5
2025-01-27,10278.0,9INE,2898;14932;21159,bobeksde;faveN;mantuu;raalz;refrezh,,3,5
2025-01-27,8840.0,Lynn Vision,16551;18744;20254;22922;23100,C4LLM3SU3;EmiliaQAQ;Starry;Westmelon;z4kr,dbed042ec191be814f2c,5,5
2025-01-27,,UNPAID,9618;18571;20097;20813,CYPHER;h4rn;jkaem;nexa;VLDN,,4,5
2025-01-27,4501.0,ALTERNATE aTTaX,19284;20122,ArroW;FreeZe;hyped;PerX;prosus,,2,5
2025-01-27,10854.0,los kogutos,16847;20283;20284;21142;23668,AMSALEM;maaryy;mASKED;mhL;tomiko,b837469b73d8344171ba,5,5
2025-01-27,12510.0,The Huns,15072;19957;20703,Bart4k;cobra;nin9;Veccil;xerolte,,3,5
2025-01-27,7176.0,RED Canids,8565;9216;9219;21288;22126,coldzera;felps;HEN1;nyezin;venomzera,bf90bcbf6d379cbbf7c8,5,5
2025-01-27,12818.0,FAVBET,18240;20110;20228,crush;j3kie;Marix;Smash;t3ns1on,,3,5
2025-01-27,9996.0,9z,12092;14736;20607;21239;22613,buda;dgt;HUASOPEEK;MartinezSa;max,345abb242c90eadd201a,5,5
2025-01-27,10947.0,Rhyno,20683;20750;22807;23140;23141,aragornN;Icarus;krazy;P3R3IIRA;seabraez,a5b74eab4210e81faa6e,5,5
2025-01-27,13098.0,Chimera,22459;22880;23193;23302;24726,bluewh1te;m1QUSE;sh1nejezzz;VILBy;z3ndeR,42e159c01ad11eff3695,5,5
2025-01-27,8038.0,Party Astronauts,13250;17372;17929;18761;22967,ben1337;FaNg;ogwizard;viz;Walco,1dd57eb0278eb52e3d2e,5,5
2025-01-27,11283.0,Falcons,922;7998;9032;11777,dupreeh;Maden;Magisk;s1mple;Snappi,,4,5
2025-01-27,12960.0,Fire Flux,8212;9353;20625;20968,Banjo;paz;S3NSEY;ScrunK;soulfly,,4,5
2025-01-27,10503.0,OG,19044;20941;21113;21165;21983,Buzz;Chr1zN;F1KU;M1key;MoDo,f6891cc4045107bce057,5,5
2025-01-27,11419.0,ECSTATIC,10961;11995;20417;21779;22695,Anlelele;Kristou;nut nut;sirah;TMB,eca76dd469044ed07bc1,5,5
2025-01-27,4863.0,TYLOO,8552;19645;20702;20895;21621,Attacker;JamYoung;Jee;Mercury;Moseyuh,2c632070ba401ebd2e9d,5,5
2025-01-27,11861.0,Aurora,12004;19236;19673;19882;22884,clax;gr1ks;KENSI;Norwi;Patsi,0e7ced82edf77cf5b175,5,5
2025-01-27,11164.0,Into the Breach,11271;15117;15203;15369;18120,Keoz;REDSTAR;reiko;sinnopsyy;smooya,578dd630d0a48fce61d1,5,5
2025-01-27,11571.0,Gaimin Gladiators,13602;13749;20300,kraghen;nicoodoz;Nodios;Queenix;roeJ,,3,5
2025-01-27,,Apogee,18070;18979;22383;23765;23766,Demho;hfah;hypex;jcobbb;Prism,1191985bc02c56d5769c,5,5
2025-01-27,11768.0,ODDIK,14390;17181;22182,ksloks;matios;naitte;togs;WOOD7,,3,5
2025-01-27,11514.0,Rare Atom,7028;19681;20896;21825,ChildKing;kaze;L1haNg;salmon;Summer,,4,5
2025-01-27,13105.0,ALASKA,20336;20339;20340;22192,arTisT;Extinct;Girafffe;Tree60;Vacancy,,4,5
2025-01-27,13124.0,Marsborne,12937;13230;19705,chop;Minus;motm;steel;WolfY,,3,5
2025-01-27,12233.0,Solid,9483;16645;18743;20522;23551,destiny;drg;gbb;nython;Tomate,21a7646cd27ff716f6a6,5,5
2025-01-27,12858.0,kONO,19614;19617;22842,amster;byr9;kensizor;nifee;s4ltovsk1yy,,3,5
2025-01-27,13104.0,Iberian Soul,8371;9254;11205;18749;19509,alex;dav1g;mopoz;sausol;stadodo,6ca7d79ae1c6411ec50d,5,5
2025-01-27,12586.0,AMKAL,12027;13982;16948;22929;24326,Forester;Krad;nota;topo;TRAVIS,511be8df08c558658f9a,5,5
2025-01-27,,FLUFFY AIMERS,14799;23674;24048,brett;den1ed;jason;slump;Wolffe,,3,5
2025-01-27,12474.0,Alliance,7443;9811;16487;22760;22860,avid;eraa;PlesseN;twist;upE,db319c58b5a99d95930a,5,5
2025-01-27,12559.0,RUSH B,3459;20534;22040;22927;22930,executor;kinqie;KIRO;tex1y;z1Nny,7b0b9043d43aaf43b52c,5,5
2025-01-27,12467.0,PARIVISION,13239;13776;19235;20430;22929,alpha;BELCHONOKK;Jame;nota;Qikert,5c5ce0118809f3d76bbf,5,5
2025-01-27,,Sampi,8488;14388,fino;sAvana1;semtex;The eLiVe;ZEDKO,,2,5
2025-01-27,11718.0,BIG EQUIPA,7653;16764;20165;21727;22871,JennyR;juliano;LETi;pauliiee;Zana,d817dbf63c7931b871ef,5,5
2025-01-27,,Monte Gen,17117;21217;21816;22563,fnl;Gizmy;leen;ryu;shield,,4,5
2025-01-27,13109.0,Swingers,17216;20083;21099;22109,bsd;leo_drk;MaLLby;ninjaZ;vinaabEAST,,4,5
2025-01-27,,TSM,3741;10330;20090;22695,acoR;niko;sirah;valde;Zyphon,,4,5
2025-01-27,8813.0,Illuminar,22129;24179,AntyVirus;discoStar;Furlan;kadziu;SpavaQu,,2,5
2025-01-27,12878.0,BC.Game,9261;18790;21139,CacaNito;GuardiaN;jkaem;Lekr0;pr1metapz,,3,5
2025-01-27,11737.0,EYEBALLERS,3849;16029;22060;22914;23397,delle;dex;HEAP;JW;poiii,c56d0a8e8d57b2d80c10,5,5
2025-01-27,12586.0,AMKAL,20600;21692;22075;22076;24144,AW;kAlash;molodoy;sFade8;sm3t,28cfc982f706b8d65fbc,5,5
2025-01-27,12787.0,WOPA,14242;20248;21571;22950,Gnøffe;leakz;PR1mE;sL1m3;Vster,,4,5
2025-01-27,,Fluxo Demons,20503;21736;21800;21801,annaEX;goddess;josi;poppins;yungher,,4,5
2025-01-27,,L&G,20421;21065;21650;21651;22649,kL1o;kr1vda;Malkiss;marat2k;OneUn1que,60c96df3b77e5b788a47,5,5
2025-01-27,,ex-Enterprise,15940;18070;20413;20958;20960,bajmi;Demho;ex1st;mwlky;Sobol,62d9750c4f75e924b088,5,5
2025-01-27,13118.0,Adventurers,9656;16885;17147;19698,adamS;hAdji;juanflatroo;meztal;Woro2k,,4,5
2025-01-27,,Rebels,3669;15940;20283;21715;23295,flayy;innocent;kisserek;Sobol;tomiko,7f875c8fdb10914aef8b,5,5
2025-01-27,11609.0,GenOne,284;10569;19742;20482;21971,Brooxsy;devoduvek;drac;JACKZ;Kursy,91625ab3ea668cf9fc3f,5,5
2025-01-27,12267.0,UNiTY,15818;15821;22371;23469,K1-FiDa;Levi;NEOFRAG;Pechyn;woozzzi,,4,5
2025-01-27,4548.0,CPH Wolves,13669;17113;20637;20926;22048,aNdu;b1elany;Jackinho;szejn;Tapewaare,211deb9c07219e5ea3fb,5,5
2025-01-27,13025.0,Tropa do Taco,12092;16816;16835,farias;max;ponter;TACO;vsm,,3,5
2025-01-27,10900.0,KRÜ,9221;18549;21169,atarax1a;deco;laser;reversive;righi,,3,5
2025-01-27,12548.0,Dusty Roots,18554;21221;24749,1962;FraGuTy;maxxkor;tom1jed;toto,,3,5
2025-01-27,12380.0,CYBERSHOKE,17508;20948;21710;22803;22879,bl1x1;FenomeN;glowiing;lov1kus;notineki,147ad7582e5f73129850,5,5
2025-01-27,11827.0,JANO,4076;7775;18848,Aerial;allu;HENU;juho;xseveN,,3,5
2025-01-27,9928.0,GamerLegion,16486;20358;20870;20926;20994,aNdu;FL4MUS;sl3nd;volt;ztr,470f5d0e32cea90a0552,5,5
2025-01-27,12646.0,Chinggis Warriors,15060;19229;21396;21398;22414,ariucle;controlez;Efire;NEUZ;ROUX,aa1a1aadf8a7ff47aafa,5,5
2025-01-27,7234.0,Endpoint,7996;22106;22702,AZUWU;cej0t;CRUC1AL;MiGHTYMAX;Surreal,,3,5
2025-01-27,12544.0,adalYamigos,11213;18140;19972;20185,cass1n;ckzao;delboNi;f4stzin;SHOOWTiME,,4,5
2025-01-27,5775.0,Elevate,17133;21100;22777,desh;diozera;short;skr;zede,,3,5
2025-01-27,12124.0,Insilio,18510;20197;22535;23048;23858,dwushka;faydett;kelieN;mo0N;sugaR,17803d4b3f5c1cc0be1e,5,5
2025-01-27,12124.0,Insilio,18510;20197;20201;21630,faydett;FpSSS;Pipw;Polt;sugaR,,4,5
2025-01-27,12431.0,Betera,16415;19231;19874;20422;24173,h1te;MaSvAl;OWNER;supra;tENZY,5e489e029fb99de4ddca,5,5
2025-01-27,12833.0,TNL,24168;24281;24283,cairne;onic;st0m4k;yukitoro;zogeN,,3,5
2025-01-27,4548.0,CPH Wolves,16487;16718;17113;18749;22048,eraa;Fessor;sausol;szejn;Tapewaare,7a37c1c422a967d5a2fe,5,5
2025-01-27,13111.0,Aetheris,,graphX;karv3r;Rulik;s1renaa;xsany,,0,5
2025-01-27,11917.0,NIP Impact,1572;21796;21798;22095;23090,aiM;Nayomy;Qiyarah;ramziiN;vilga,4c0a0f62bc8d88416e7e,5,5
2025-01-27,13112.0,Bad News Capybaras,13689;20234;21749,cbass;Gabe;Grave;jchancE;LaffyTs,,3,5
2025-01-27,11321.0,Kappa Bar,7700;16487,Bååten;eraa;robiin;SeBreeZe;Siz,,2,5
2025-01-27,11790.0,ENCE Academy,20677;21233;21930;22733;24149,2high;millert;myltsi;Schwarz;teme,9c4a36a264a74f4d8d93,5,5
2025-01-27,11581.0,HOTU,18752;19962;21385;23783,fineshine52;kade0;lampada;mizu;Re1GN,,4,5
2025-01-27,10947.0,Rhyno,17003;20054;21014;23140;23237,Ag1l;krazy;rafaxF;snapy;TMKj,72d08ab16db0741beda4,5,5
2025-01-27,13116.0,UR,20258;21323;21509;23596,expSasiKi;Miami;rage;Risk;SPine,,4,5
2025-01-27,6652.0,GameAgents,22008;22473;22474;22475;22476,nestee;POLO;Qlocuu;swiz;virtuoso,fc024ca43e672ecea0b8,5,5
2025-01-27,2955.0,Denmark fe,23621,anja;Ismo;KiTKaT;marie;Sukkerzhok,,1,5
2025-01-27,11555.0,UNO MILLE,2544;13287;14010;22404,bnc;cerolzin;realz1n;remix;zmb,,4,5
2025-01-27,10973.0,Anonymo,24243,chudy;darchevile;Enzo;Michat;Nami,,1,5
2025-01-27,,inSanitY,11739;17553;18140;20185,cass1n;f4stzin;iDk;pesadelo;shz,,4,5
2025-01-27,,K27 fe,24005;24006,Elizabeth;f6tal;k175un4;sosya;wieenN,,2,5
2025-01-27,11933.0,Yawara,22364;22957;24284;24772,j0w;nardes;revoltz;stax;tele D,,4,5
2025-01-27,,Case,18875;21099;22126;22181,bsd;nyezin;RICIOLI;urban0;yepz,,4,5
2025-01-27,9881.0,Rooster,12877;18545;20527;20881,asap;chelleos;dpr;sliimey;TjP,,4,5
2025-01-27,10954.0,Astralis Talent,21381,ANSG1;kiR;Rytter;suma;Zanto,,1,5
2025-01-27,10459.0,ARCRED,18447;18671;19703;21363;21369,1NVISIBLEE;DSSj;Get_Jeka;Ryujin;shg,40c702299d63a1ed6d38,5,5
2025-01-27,12988.0,GameHunters,10827;17028;22084,abr;mello;nolkz;pedrinzy;prt,,3,5
2025-01-27,11711.0,Players,22085,dok;dzt;MITHPUTTINI;spinnie;xns,,1,5
2025-01-27,,Revenant,7168;15203;20761;21972,lauNX;NBK-;Neityu;Nivera;reiko,,4,5
2025-01-27,13053.0,Just Swing,8598;10722;20354;22441;24644,gas;Marek;Purely;qqGOD;VanceKK,06197469c87fcf7fc690,5,5
2025-01-27,6668.0,FLuffy Gangsters,24171;24172,Djon8;h1ghnesS;SoLb;takanashi;yuramyata,,2,5
2025-01-27,12567.0,Akimbo,20572;23458,kmrn;laxiee;N2o;obi;zy,,2,5
2025-01-27,13110.0,Chill Guys,23589;23675,Evan;MagiC;MERL;NIGHT666LADE;TABEN,,2,5
2025-01-27,12959.0,ShindeN,19872;20451;20992,abizz;BK1;ivz;relentless;roy,,3,5
2025-01-27,12968.0,Alter Iron,,arias;clipzera;flow;Misha;Talen,,0,5
2025-01-27,12611.0,vagrants,14799;22552;23199,brett;Cyrix;mason;Sandman;Seb,,3,5
2025-01-27,11883.0,9 Pandas,12004;14273;17011;17508;20357,clax;d1Ledez;glowiing;iDISBALANCE;shalfey,cb36cb0017453ab18593,5,5
2025-01-27,12722.0,E-Xolos LAZER,10838;10840;11337;16814;22182,danoco;ksloks;mawth;RCF;tatazin,c3532511377b43be97bf,5,5
2025-01-27,10960.0,Young Ninjas,16811;22759;23372,BluePho3nix;jocab;MisteM;Silence;xKacpersky,,3,5
2025-01-27,12301.0,FlyQuest RED,8850;14401;18641;21793;22111,BiBiAhn;Emy;GooseBreeder;Kaoday;vanessa,ac151fb0784772bb4cdb,5,5
2025-01-27,12546.0,-72c,,1nhuman;borosto;byek;forzetsky;spira,,0,5
2025-01-27,12415.0,Gods Reign,23323,Bhavi;f1redup;Ph1NNN;R2B2;Rossi,,1,5
2025-01-27,12334.0,Preasy,13077;22091;23106;23338,AcilioN;Beccie;Griller;Patti;Viggo,,4,5
2025-01-27,8038.0,Party Astronauts,12937;13250;14619;17353;17372,ben1337;cxzi;FaNg;Infinite;WolfY,3a087bf80f19bfccb172,5,5
2025-01-27,10975.0,MIBR fe,16341;22270;23463,Babs;Dani;GaBi;hera;showliana,,3,5
2025-01-27,,timbermen,19709;19710;19711,aleph;dare;nero;shane;snav,,3,5
2025-01-27,10245.0,JiJieHao,10449;13466;17675;18163,Aaron;Bibu;dennyslaw;ISSAA;m1N1,,4,5
2025-01-27,12522.0,Heimo,9325;14236,arvid;japE;oopee;spargo;Welho,,2,5
2025-01-27,13115.0,harizma,,DeFFeN;Geneka;Haski4;lame;ZinGY,,0,5
2025-01-27,,undefined,13230;17353;19705;20204,BeaKie;chop;cxzi;motm;stamina,,4,5
2025-01-27,,Spirit fe,22029,AverOna;Jammie;kr4sy;Rony4ka;uulis,,1,5
2025-01-27,3044.0,MIBR Academy,20029;21286;21700;22777;23094,brn$;card;diozera;mlhzin;RenanZin,92bcf85e3629d8816cb6,5,5
2025-01-27,12533.0,Atrix,20501;21733;23092,bokor;LyttleZ;mari;s1non;Sofiaxyz,,3,5
2025-01-27,11176.0,MOUZ NXT,21972;22904;24457,Burmylov;Neityu;PR;TOBIZ;xelex,,3,5
2025-01-27,13447.0,DASH,16563;23642;24282,ch1rs;Dawy;Flierax;nifee;Psycho,,3,5
2025-01-27,11668.0,Mindfreak,,gump;pain;Rickeh;Texta;tucks,,0,5
2025-01-27,,LFO 2,,CziTeX;mediocrity;Reminder;SALO_MUX;weqt2,,0,5
2025-01-27,,Daystar,21775;23106;24426,BehinDx;mAnGo;Speedie;stesso;Viggo,,3,5
2025-01-27,12915.0,NITRO,21284,beg0d;happ;Lcm;leleo;LUCAS1,,1,5
2025-01-27,12884.0,The Art of War,21395,BaN4na;neo;Oath;Terryyy;viridian,,1,5
2025-01-27,13107.0,Chicken Coop,18442;22133;24660,BAGEL;FRIZZY;LittleBEER;supa;taggy,,3,5
2025-01-27,12677.0,Galorys,11213;18610;20083;22362;23551,delboNi;detr0ittJ;ninjaZ;Tomate;xureba,84c83b01f7e6083c960c,5,5
2025-01-27,12152.0,KZG,,Estate;foggers;Hassie;Kras;Samuukxs,,0,5
2025-01-27,8813.0,Illuminar,18048;20637;24081,b1elany;Furlan;kadziu;keis;m4tthi,,3,5
2025-01-27,11955.0,LAG,21021,Experative;SnacKZ1;spud;TR0JN;Weeza,,1,5
2025-01-27,,inSanitY fe,23148,armk4m;Brendinha;cAmyy;chjna;ujliana,,1,5
2025-01-27,11312.0,QUAZAR,23687;24316;24317;24318;24319,gehji;Muk0s;n4mb3r5;tommy;whisper,5c916781e1112d162675,5,5
2025-01-27,12912.0,thekillaz fe,21042,Cellax;fly;hera;Samys;showliana,,1,5
2025-01-27,12921.0,Housebets,,apocdud;BRACE;damyo;Omichella;yourwombat,,0,5
2025-01-27,9506.0,Viperio,21657;23735,dezt;shyyne;Skrimo;swicher;zodi,,2,5
2025-01-27,12776.0,Bounty Hunters,13287;18322;21038,bnc;Bruninho;KAISER;Reix;SHOOWTiME,,3,5
2025-01-27,13052.0,2070,,Demonos;lealziNho;roz;swarmyzz;voltera,,0,5
2025-01-27,10621.0,1WIN,8528;11940;11942;19703;20700,buster;HObbit;lattykk;neaLaN;Ryujin,271effb2897a5924605f,5,5
2025-01-27,12276.0,DXA,,helix;Kiyo;lucas222;prakM;Roflko,,0,5
2025-01-27,,CatEvil,16768;19735;22000,BZA;Cate;lan;Roninbaby;tanxiaomei,,3,5
2025-01-27,11011.0,Patins da Ferrari,18891;21290,CSO;CutzMeretz;land1n;lub;perez,,2,5
2025-01-27,8210.0,TALON,14294;16847;18214;20086,ADDICT;AZR;hazr;mhL;nettik,,4,5
2025-01-27,12363.0,Arcade,,foggers;Kras;TRIPLUS;versa;void,,0,5
2025-01-27,,PEAK fe,23514,Cara de Banana;Dynasty;Eleven;Luulu4k;valulu,,1,5
2025-01-27,12889.0,G2 Ares,19173;21272;23192;23544,fNk;hitori;ketsuo;kl1m;tAk,,4,5
2025-01-27,,SovvyKiNG,19575;21362;22039;22189,danistzz;H4SAN4TOR;rexxie;TruNiQ;X5G7V,,4,5
2025-01-27,12867.0,Floripa Stars,23960;24298;24328,ALENNNCAR;BRNZ1K;Lukita;s1cko;sakamoto,,3,5
2025-01-27,12789.0,LaChampionsLiga,17997;19086;19985;20689;24091,dott1;Hezz;lenci;nacho;pavv,e154a84320f588f175a0,5,5
2025-01-27,12694.0,RUBY,22325;22326;23541;23599;23858,forkyz;Kaide;mo0N;sowalio;tasman,4120092029828a8d3f68,5,5
2025-01-27,12900.0,NomadS,24303,CRYTICAL;HenX;hoolig4n;KRST;shinobi,,1,5
2025-01-27,12895.0,K27,22886;23684;23686;24725,Aliot;kashl1d;qw1nk1;relaxxie;xeedo,,4,5
2025-01-27,7720.0,InControl,20330;23672;23690,Beast;DYLAN;jsfeltner;milo;TyRa,,3,5
2025-01-27,12472.0,MANTRA,,cheeseball;cookie;rekonz;SkulL;Winnieeeee,,0,5
2025-01-27,,Canada,21128,Gabie;J0LZ;Melio;Pluto;YuZ,,1,5
2025-01-27,10978.0,VELOX,10499;10506;24558,JonY BoY;maaxg1;nbl;toto;tutehen,,3,5
2025-01-27,11006.0,9z Academy,23549;24639,lezy;MaxOff;neozix;rw;zock9,,2,5
2025-01-27,12967.0,WW,13157;14175;21690;22350;23927,Aunkere;ct0m;Jerry;StRoGo;tried,6ecb71f497aacb2079ca,5,5
2025-01-27,5479.0,Mythic,7808;8503;15007;20793;22022,Austin;Cooper;fl0m;freakazoid;Trucklover86,e4b6c6fa18f3a24c20a4,5,5
2025-01-27,11421.0,Kosovo,20434;21108,BledarD;Caleyy;deb0;Dementor;HYPERI1,,2,5
2025-01-27,12955.0,THE,,Blessed;d0RREN;krc;Sange;vt0rnikk,,0,5
2025-01-27,11955.0,LAG,21620,Experative;nicx;Nyyx;rayxts;Weeza,,1,5
2025-01-27,12825.0,The QUBE,24302;24396;24513;24779,aNSeLMO;bkzcurs3d;Kamui;Paranormal;soloooS,,4,5
2025-01-27,12455.0,Vantage,,alecc;Drox;Jynx;N1ghtraid;nauh,,0,5
2025-01-27,11336.0,DETONATE,20578;20787;23136;23137;23138,arcade;dvrk;Pose1doNN;sasha;Zucar,ba1d1612f747b5c57920,5,5
2025-01-27,13579.0,USA,17437;20234;23199,CoJoMo;Gabe;Louie;mason;mds,,3,5
2025-01-27,11905.0,paiN Academy,22566,deemO;legy;Markz;Tatu;tsug,,1,5
2025-02-03,7020.0,Spirit,7716;16920;18317;20423;21167,chopper;donk;magixx;sh1ro;zont1x,8ddd7c3d52942c256b57,5,5
2025-02-03,5995.0,G2,2553;3972;11617;19230;20447,HeavyGod;huNter-;m0NESY;malbsMd;Snax,486da06de1ee8c33aa1d,5,5
2025-02-03,6248.0,The MongolZ,20194;20275;20903;21001;21809,910;bLitz;mzinho;Senzu;Techno,75e5d950f37342b03568,5,5
2025-02-03,9565.0,Vitality,7322;11816;11893;16693;18462,apEX;flameZ;mezii;ropz;ZywOo,91c93eb867d7d47bf729,5,5
2025-02-03,6667.0,FaZe,429;8183;8738;9960;18053,broky;EliGE;frozen;karrigan;rain,9daa2e0f8baba62ac327,5,5
2025-02-03,4608.0,Natus Vincere,9816;14759;18987;19206;20127,Aleksib;b1t;iM;jL;w0nderful,996316e9c05448acf739,5,5
2025-02-03,11251.0,Eternal Fire,150;7938;8574;21243;22361,jottAAA;MAJ3R;Wicadia;woxic;XANTARES,0a254842e1149d2d09f6,5,5
2025-02-03,4494.0,MOUZ,13666;18072;18850;20312;24457,Brollan;Jimpphat;torzsi;xelex;xertioN,97a914de71e77795f741,5,5
2025-02-03,11283.0,Falcons,3741;9032;12018;19677,degster;kyxsan;Magisk;NiKo;TeSeS,,4,5
2025-02-03,5973.0,Liquid,4679;8520;9436;10394;21763,jks;NAF;NertZ;Twistzz;ultimate,08cb3a4c68233b3b9901,5,5
2025-02-03,8297.0,FURIA,2023;10566;12553;15631;18676,chelo;FalleN;KSCERATO;skullz;yuurih,677d24247aa53119fe45,5,5
2025-02-03,5378.0,Virtus.pro,8918;12732;20101;20994;21439,electroNic;fame;FL1T;FL4MUS;ICY,f1c05542faa91e6b6868,5,5
2025-02-03,9928.0,GamerLegion,9278;16486;20301;20870,PR;REZ;sl3nd;Tauson;ztr,,4,5
2025-02-03,4914.0,3DMAX,13138;19738;19739;21969,Djoko;Ex3rcice;Graviti;Lucky;Maka,,4,5
2025-02-03,6665.0,Astralis,7592;7964;10994;17956;20304,cadiaN;device;jabbi;Staehr;stavn,99347eabbb0a1fedcb74,5,5
2025-02-03,4773.0,paiN,18141;18865;19694;20085,biguzera;dav1deuS;kauez;nqz;snow,,4,5
2025-02-03,9215.0,MIBR,11154;18717;18835;21037,drop;exit;insani;Lucaozy;saffee,,4,5
2025-02-03,7532.0,BIG,5794;14929;19899;20170,hyped;JDC;Krimbo;kyuubii;tabseN,,4,5
2025-02-03,12257.0,Wildcard,8507;8711;16726;21163;21665,JBa;phzy;Sonic;stanislaw;susp,928ad8a13dcda967f95d,5,5
2025-02-03,7175.0,HEROIC,19164;19187;19310;19808;22047,LNZ;SunPayus;tN1R;xfl0ud;yxngstxr,a640c4181cc7b506ee9c,5,5
2025-02-03,12774.0,FlyQuest,9115;10588;11140;17384;20123,dexter;INS;Liazz;regali;Vexite,6134a6e55af912438a31,5,5
2025-02-03,5005.0,Complexity,11630;12840;13578;17353;21620,cxzi;Grim;hallzerk;JT;nicx,a957c1e3fa87abcbbeb9,5,5
2025-02-03,7187.0,Nexus,1206;9626;15573;16971;18294,ADRON;BTN;Ciocardau;XELLOW;zewts,c436f0c283513f0845d2,5,5
2025-02-03,10976.0,FURIA fe,11872;16340;17288;21219;22839,bizinha;gabs;izaa;kaahSENSEI;lulitenz,10dd16af0d8ef7254cf3,5,5
2025-02-03,12394.0,BetBoom,16555;16921;18506;19920;21667,Ax1Le;KaiR0N-;Magnojez;nafany;S1ren,427ad60a8b3fe9672cb6,5,5
2025-02-03,,Imperial fe,12758;18775;21756,ANa;bubble;Kat;twenty3;zAAz,,3,5
2025-02-03,12312.0,ATOX,22333;22415;23457,AccuracyTG;dobu;kabal;MiQ;Zesta,,3,5
2025-02-03,10567.0,SAW,630;1154;20462;21014,Ag1l;MUTiRiS;roman;Shr;story,,4,5
2025-02-03,,NAVI Javelins,15831;21849;22062;22063;22065,Angelka;ASTRA;D7;Hanka;vicu,3b11c82d36dd5bf7d31e,5,5
2025-02-03,7969.0,Nemiga,20387;21266;22460;23317;23685,1eeR;khaN;riskyb0b;Xant3r;zweih,5f7d948e2932e569ccbe,5,5
2025-02-03,11641.0,Metizport,9766;14218;17937;20878;21164,adamb;hampus;isak;L00m1;Plopski,4d51241454abe4475e92,5,5
2025-02-03,7441.0,ECLOT,9911;19069;19594;19815;21165,Dytor;forsyy;kreaz;M1key;nbqq,084edd6496736d402877,5,5
2025-02-03,4869.0,ENCE,12731;21815;21972;23372,gla1ve;Neityu;podi;sdy;xKacpersky,,4,5
2025-02-03,12426.0,Passion UA,17803;23046;23414;23415,fear;jackasmo;jambo;s-chilla;zeRRoFIX,,4,5
2025-02-03,11241.0,B8,19592;20112;21708;22842;23643,alex666;esenthial;headtr1ck;kensizor;npl,a557275c96d577ef4eaf,5,5
2025-02-03,8113.0,Sharks,20558;21170;21921;22911;23588,doc;gafolo;koala;n1cks;rdnzao,3d0059791db0c4f7bd1f,5,5
2025-02-03,11837.0,Fluxo,12521;18714;20385;20939,arT;history;kye;nicks;piriajr,,4,5
2025-02-03,11883.0,9 Pandas,1950;17011;20357;20709;23764,Alv;d1Ledez;r3salt;shalfey;tonyblack,0e85ac3721ae63ff4ca6,5,5
2025-02-03,12376.0,M80,12781;15370;16599;20104;22921,k1to;Lake;s1n;slaxz-;Swisher,7cf6f1bf49326d06b542,5,5
2025-02-03,11838.0,Partizan,2476;13026;20252;20253,c0llins;Dragon;emi;Kind0;ROGA,,4,5
2025-02-03,6673.0,NRG,7687;13249;16717;18838;20333,br0;HexT;Jeorge;nitr0;oSee,495b9c702d422c543a21,5,5
2025-02-03,9455.0,Imperial,9219;12822;19869;20183;22564,decenty;felps;noway;try;VINI,bcc3d95f12d003200086,5,5
2025-02-03,9466.0,GTZ,16102;17003;20054,Linko;ms;NOPEEJ;rafaxF;snapy,,3,5
2025-02-03,7900.0,Spirit Academy,22864;23319;24176;24177,alkarenn;kyousuke;Mokuj1n;robo;syph0,,4,5
2025-02-03,4991.0,fnatic,7528;15165;17803;21062;22904,blameF;Burmylov;fear;KRIMZ;MATYS,9408d7d410d7d138b52e,5,5
2025-02-03,12471.0,GUN5,13240;18670;22471;23047,easy;Lack1;Sdaim;SELLTER;xiELO,,4,5
2025-02-03,12144.0,BESTIA,2161;16314;20394;21155;22570,luchov;naz;Noktse;pancc;tomaszin,856b7a0559245db92cf2,5,5
2025-02-03,10371.0,NAVI Junior,20584;22203;22673;22674;23553,cmtry;dem0n;dziugss;Krabeni;makazze,2c03c52da3ae13074093,5,5
2025-02-03,,Cloud9,11840;15071;16555;20447;21439,Ax1Le;Boombl4;HeavyGod;ICY;interz,31036d7867d816f762b5,5,5
2025-02-03,12534.0,BOSS,18706;19079;19128;19711,freshie;Fruitcupx;SLIGHT;snav;Wolffe,,4,5
2025-02-03,12604.0,Johnny Speeds,9255;9766;19064;21012;21159,bobeksde;draken;hampus;Ro1f;spooke,a2051d0db9aa8f62c0e0,5,5
2025-02-03,13106.0,Getting Info,10892;17918;19709;19710;20692,dare;dea;MarKE;nosraC;shane,58ad9bf08757c0cf1715,5,5
2025-02-03,4411.0,Ninjas in Pyjamas,9278;16811;17937;20425;22759,isak;jocab;MisteM;r1nkle;REZ,3bc05fc25b51bc00c745,5,5
2025-02-03,10577.0,SINNERS,8488;11199;12810;20229;23763,beastik;MoriiSko;Pepo;SHOCK;ZEDKO,2740412c48959f554e2c,5,5
2025-02-03,11811.0,Monte,16080;16848;19733;21217;21816,DemQQ;dycha;Gizmy;hades;ryu,38c8af120b41af9d9ff4,5,5
2025-02-03,12468.0,Legacy,15698;19045;19686;20563;22965,dumau;latto;lux;n1ssim;saadzin,5cfd43d0258204c4872c,5,5
2025-02-03,12000.0,500,11217;11219;11343;17145,CeRq;oxygeN;Rainwaker;SHiPZ;SPELLAN,,4,5
2025-02-03,7176.0,RED Canids,8565;9216;9219;21288;22126,coldzera;felps;HEN1;nyezin;venomzera,bf90bcbf6d379cbbf7c8,5,5
2025-02-03,11948.0,Nouns,14494;15176;22135,cJ dA K1nG;Cryptic;junior;Peeping;RUSH,,3,5
2025-02-03,11712.0,Sashi,16705;16723;16731;20090,Altekz;Cabbi;IceBerg;Lucky;Zyphon,,4,5
2025-02-03,11523.0,Zero Tenacity,5351;8311;21302;21783;21784,aVN;brutmonster;Cjoffo;nEMANHA;simke,78c45e5390fe107cd659,5,5
2025-02-03,8840.0,Lynn Vision,16551;18744;20254;22922;23100,C4LLM3SU3;EmiliaQAQ;Starry;Westmelon;z4kr,dbed042ec191be814f2c,5,5
2025-02-03,,Apogee,18070;18979;22383;23765;23766,Demho;hfah;hypex;jcobbb;Prism,1191985bc02c56d5769c,5,5
2025-02-03,10278.0,9INE,2898;14932;20300;21159,bobeksde;faveN;kraghen;mantuu;raalz,,4,5
2025-02-03,,UNPAID,9618;18571;20097;20813,CYPHER;h4rn;jkaem;nexa;VLDN,,4,5
2025-02-03,12510.0,The Huns,15072;19957;20703,Bart4k;cobra;nin9;Veccil;xerolte,,3,5
2025-02-03,4501.0,ALTERNATE aTTaX,19284;20122,ArroW;FreeZe;hyped;PerX;prosus,,2,5
2025-02-03,10854.0,los kogutos,16847;20283;20284;21142;23668,AMSALEM;maaryy;mASKED;mhL;tomiko,b837469b73d8344171ba,5,5
2025-02-03,12960.0,Fire Flux,8212;9353;20625;20968,Banjo;paz;S3NSEY;ScrunK;soulfly,,4,5
2025-02-03,12818.0,FAVBET,18240;20110;20228,crush;j3kie;Marix;Smash;t3ns1on,,3,5
2025-02-03,13098.0,Chimera,22459;22880;23193;23302;24726,bluewh1te;m1QUSE;sh1nejezzz;VILBy;z3ndeR,42e159c01ad11eff3695,5,5
2025-02-03,11419.0,ECSTATIC,10961;11995;20417;21779;22695,Anlelele;Kristou;nut nut;sirah;TMB,eca76dd469044ed07bc1,5,5
2025-02-03,9996.0,9z,12092;14736;20607;21239;22613,buda;dgt;HUASOPEEK;MartinezSa;max,345abb242c90eadd201a,5,5
2025-02-03,13128.0,moneyF,11271;15117;15203;15369;18120,Keoz;REDSTAR;reiko;sinnopsyy;smooya,578dd630d0a48fce61d1,5,5
2025-02-03,10947.0,Rhyno,20683;20750;22807;23140;23141,aragornN;Icarus;krazy;P3R3IIRA;seabraez,a5b74eab4210e81faa6e,5,5
2025-02-03,10503.0,OG,19044;19064;20941;21113;21983,Buzz;Chr1zN;F1KU;MoDo;spooke,4451d417de2939623d18,5,5
2025-02-03,11571.0,Gaimin Gladiators,13602;13749;20300,kraghen;nicoodoz;Nodios;Queenix;roeJ,,3,5
2025-02-03,4863.0,TYLOO,8552;19645;20702;20895;21621,Attacker;JamYoung;Jee;Mercury;Moseyuh,2c632070ba401ebd2e9d,5,5
2025-02-03,8038.0,Party Astronauts,13250;17372;17929;18761;22967,ben1337;FaNg;ogwizard;viz;Walco,1dd57eb0278eb52e3d2e,5,5
2025-02-03,12233.0,Solid,9483;16645;18743;20522;23551,destiny;drg;gbb;nython;Tomate,21a7646cd27ff716f6a6,5,5
2025-02-03,12474.0,Alliance,7443;9811;16487;22760;22860,avid;eraa;PlesseN;twist;upE,db319c58b5a99d95930a,5,5
2025-02-03,11514.0,Rare Atom,7028;19681;20896;21825,ChildKing;kaze;L1haNg;salmon;Summer,,4,5
2025-02-03,11283.0,Falcons,922;7998;9032;11777,dupreeh;Maden;Magisk;s1mple;Snappi,,4,5
2025-02-03,11768.0,ODDIK,14390;17181;24782,Ceruttera;matios;naitte;togs;WOOD7,,3,5
2025-02-03,11861.0,Aurora,12004;19236;19673;19882;22884,clax;gr1ks;KENSI;Norwi;Patsi,0e7ced82edf77cf5b175,5,5
2025-02-03,13105.0,ALASKA,20336;20339;20340;22192,arTisT;Extinct;Girafffe;Tree60;Vacancy,,4,5
2025-02-03,12858.0,kONO,19614;19617;22842,amster;byr9;kensizor;nifee;s4ltovsk1yy,,3,5
2025-02-03,12586.0,AMKAL,12027;13982;16948;22929;24326,Forester;Krad;nota;topo;TRAVIS,511be8df08c558658f9a,5,5
2025-02-03,,FLUFFY AIMERS,14799;23674;24048,brett;den1ed;jason;slump;Wolffe,,3,5
2025-02-03,12559.0,RUSH B,3459;20534;22040;22927;22930,executor;kinqie;KIRO;tex1y;z1Nny,7b0b9043d43aaf43b52c,5,5
2025-02-03,12467.0,PARIVISION,13239;13776;19235;20430;22929,alpha;BELCHONOKK;Jame;nota;Qikert,5c5ce0118809f3d76bbf,5,5
2025-02-03,,Undone,13230;17353;19705,chop;cxzi;motm;Skadoodle;steel,,3,5
2025-02-03,12544.0,adalYamigos,11213;18140;19972;20185,cass1n;ckzao;delboNi;f4stzin;SHOOWTiME,,4,5
2025-02-03,13104.0,Iberian Soul,8371;9254;11205;18749;19509,alex;dav1g;mopoz;sausol;stadodo,6ca7d79ae1c6411ec50d,5,5
2025-02-03,,Monte Gen,17117;21217;21816;22563,fnl;Gizmy;leen;ryu;shield,,4,5
2025-02-03,10278.0,9INE,2898;14176;19817,mantuu;misutaaa;raalz;refrezh;s0und,,3,5
2025-02-03,11718.0,BIG EQUIPA,7653;16764;20165;21727;22871,JennyR;juliano;LETi;pauliiee;Zana,d817dbf63c7931b871ef,5,5
2025-02-03,,Rebels,3669;15940;20283;21715;23295,flayy;innocent;kisserek;Sobol;tomiko,7f875c8fdb10914aef8b,5,5
2025-02-03,12878.0,BC.Game,9261;18790;21139,CacaNito;GuardiaN;jkaem;Lekr0;pr1metapz,,3,5
2025-02-03,11737.0,EYEBALLERS,3849;16029;22060;22914;23397,delle;dex;HEAP;JW;poiii,c56d0a8e8d57b2d80c10,5,5
2025-02-03,,Sampi,8488;14388,fino;sAvana1;semtex;The eLiVe;ZEDKO,,2,5
2025-02-03,10900.0,KRÜ,9221;18549;21169,atarax1a;deco;laser;reversive;righi,,3,5
2025-02-03,,L&G,20421;21065;21650;21651;22649,kL1o;kr1vda;Malkiss;marat2k;OneUn1que,60c96df3b77e5b788a47,5,5
2025-02-03,11609.0,GenOne,284;10569;19742;20482;21971,Brooxsy;devoduvek;drac;JACKZ;Kursy,91625ab3ea668cf9fc3f,5,5
2025-02-03,8813.0,Illuminar,22129;24179,AntyVirus;discoStar;Furlan;kadziu;SpavaQu,,2,5
2025-02-03,12787.0,WOPA,14242;20248;21571;22950,Gnøffe;leakz;PR1mE;sL1m3;Vster,,4,5
2025-02-03,,TSM,3741;10330;20090;22695,acoR;niko;sirah;valde;Zyphon,,4,5
2025-02-03,,Fluxo Demons,20503;21736;21800;21801,annaEX;goddess;josi;poppins;yungher,,4,5
2025-02-03,12586.0,AMKAL,20600;21692;22075;22076;24144,AW;kAlash;molodoy;sFade8;sm3t,28cfc982f706b8d65fbc,5,5
2025-02-03,13118.0,Adventurers,9656;16885;17147;19698,adamS;hAdji;juanflatroo;meztal;Woro2k,,4,5
2025-02-03,13110.0,Chill Guys,23589;23675,Evan;MagiC;MERL;NIGHT666LADE;TABEN,,2,5
2025-02-03,12431.0,Betera,16415;19231;19874;20422;24173,h1te;MaSvAl;OWNER;supra;tENZY,5e489e029fb99de4ddca,5,5
2025-02-03,13109.0,Swingers,17216;20083;21099;22109,bsd;leo_drk;MaLLby;ninjaZ;vinaabEAST,,4,5
2025-02-03,,ex-Enterprise,15940;18070;20413;20958;20960,bajmi;Demho;ex1st;mwlky;Sobol,62d9750c4f75e924b088,5,5
2025-02-03,4548.0,CPH Wolves,13669;17113;20637;20926;22048,aNdu;b1elany;Jackinho;szejn;Tapewaare,211deb9c07219e5ea3fb,5,5
2025-02-03,12267.0,UNiTY,15818;15821;22371;23469,K1-FiDa;Levi;NEOFRAG;Pechyn;woozzzi,,4,5
2025-02-03,12548.0,Dusty Roots,18554;21221;24749,1962;FraGuTy;maxxkor;tom1jed;toto,,3,5
2025-02-03,13025.0,Tropa do Taco,12092;16816;16835,farias;max;ponter;TACO;vsm,,3,5
2025-02-03,12380.0,CYBERSHOKE,17508;20948;21710;22803;22879,bl1x1;FenomeN;glowiing;lov1kus;notineki,147ad7582e5f73129850,5,5
2025-02-03,11827.0,JANO,4076;7775;18848,Aerial;allu;HENU;juho;xseveN,,3,5
2025-02-03,12646.0,Chinggis Warriors,15060;19229;21396;21398;22414,ariucle;controlez;Efire;NEUZ;ROUX,aa1a1aadf8a7ff47aafa,5,5
2025-02-03,5775.0,Elevate,17133;21100;22777,desh;diozera;short;skr;zede,,3,5
2025-02-03,9928.0,GamerLegion,16486;20358;20870;20926;20994,aNdu;FL4MUS;sl3nd;volt;ztr,470f5d0e32cea90a0552,5,5
2025-02-03,11555.0,UNO MILLE,2544;13287;14010;22404,bnc;cerolzin;realz1n;remix;zmb,,4,5
2025-02-03,7234.0,Endpoint,7996;22106;22702,AZUWU;cej0t;CRUC1AL;MiGHTYMAX;Surreal,,3,5
2025-02-03,12611.0,vagrants,14799;22552;23199,brett;Cyrix;mason;Sandman;Seb,,3,5
2025-02-03,12833.0,TNL,24168;24281;24283,cairne;onic;st0m4k;yukitoro;zogeN,,3,5
2025-02-03,13124.0,Marsborne,12937;13230;19705;20204,BeaKie;chop;Minus;motm;WolfY,,4,5
2025-02-03,12124.0,Insilio,18510;20197;20201;21630,faydett;FpSSS;Pipw;Polt;sugaR,,4,5
2025-02-03,12124.0,Insilio,18510;20197;22535;23048;23858,dwushka;faydett;kelieN;mo0N;sugaR,17803d4b3f5c1cc0be1e,5,5
2025-02-03,4548.0,CPH Wolves,16487;16718;17113;18749;22048,eraa;Fessor;sausol;szejn;Tapewaare,7a37c1c422a967d5a2fe,5,5
2025-02-03,11917.0,NIP Impact,1572;21796;21798;22095;23090,aiM;Nayomy;Qiyarah;ramziiN;vilga,4c0a0f62bc8d88416e7e,5,5
2025-02-03,11790.0,ENCE Academy,20677;21233;21930;22733;24149,2high;millert;myltsi;Schwarz;teme,9c4a36a264a74f4d8d93,5,5
2025-02-03,13111.0,Aetheris,,graphX;karv3r;Rulik;s1renaa;xsany,,0,5
2025-02-03,11321.0,Kappa Bar,7700;16487,Bååten;eraa;robiin;SeBreeZe;Siz,,2,5
2025-02-03,12567.0,Akimbo,20572;23458,kmrn;laxiee;N2o;obi;zy,,2,5
2025-02-03,13116.0,UR,20258;21323;21509;23596,expSasiKi;Miami;rage;Risk;SPine,,4,5
2025-02-03,10459.0,ARCRED,18447;18671;19703;21363;21369,1NVISIBLEE;DSSj;Get_Jeka;Ryujin;shg,40c702299d63a1ed6d38,5,5
2025-02-03,11581.0,HOTU,18752;19962;21385;23783,fineshine52;kade0;lampada;mizu;Re1GN,,4,5
2025-02-03,13112.0,Bad News Capybaras,13689;20234;21749,cbass;Gabe;Grave;jchancE;LaffyTs,,3,5
2025-02-03,10947.0,Rhyno,17003;20054;21014;23140;23237,Ag1l;krazy;rafaxF;snapy;TMKj,72d08ab16db0741beda4,5,5
2025-02-03,10973.0,Anonymo,24243,chudy;darchevile;Enzo;Michat;Nami,,1,5
2025-02-03,9881.0,Rooster,12877;18545;20527;20881,asap;chelleos;dpr;sliimey;TjP,,4,5
2025-02-03,,K27 fe,24005;24006,Elizabeth;f6tal;k175un4;sosya;wieenN,,2,5
2025-02-03,,inSanitY,11739;17553;18140;20185,cass1n;f4stzin;iDk;pesadelo;shz,,4,5
2025-02-03,6652.0,GameAgents,22008;22473;22474;22475;22476,nestee;POLO;Qlocuu;swiz;virtuoso,fc024ca43e672ecea0b8,5,5
2025-02-03,10954.0,Astralis Talent,21381,ANSG1;kiR;Rytter;suma;Zanto,,1,5
2025-02-03,11933.0,Yawara,22364;22957;24284;24772,j0w;nardes;revoltz;stax;tele D,,4,5
2025-02-03,11711.0,Players,22085,dok;dzt;MITHPUTTINI;spinnie;xns,,1,5
2025-02-03,,Case,18875;21099;22126;22181,bsd;nyezin;RICIOLI;urban0;yepz,,4,5
2025-02-03,13053.0,Just Swing,8598;10722;20354;22441;24644,gas;Marek;Purely;qqGOD;VanceKK,06197469c87fcf7fc690,5,5
2025-02-03,6668.0,FLuffy Gangsters,24171;24172,Djon8;h1ghnesS;SoLb;takanashi;yuramyata,,2,5
2025-02-03,12959.0,ShindeN,19872;20451;20992,abizz;BK1;ivz;relentless;roy,,3,5
2025-02-03,12988.0,GameHunters,10827;17028;22084,abr;mello;nolkz;prt;slashzz,,3,5
2025-02-03,12968.0,Alter Iron,,arias;clipzera;flow;Misha;Talen,,0,5
2025-02-03,12722.0,E-Xolos LAZER,10838;10840;11337;16814;22182,danoco;ksloks;mawth;RCF;tatazin,c3532511377b43be97bf,5,5
2025-02-03,12546.0,-72c,,1nhuman;borosto;byek;forzetsky;spira,,0,5
2025-02-03,,Revenant,7168;15203;20761;21972,lauNX;NBK-;Neityu;Nivera;reiko,,4,5
2025-02-03,12301.0,FlyQuest RED,8850;14401;18641;21793;22111,BiBiAhn;Emy;GooseBreeder;Kaoday;vanessa,ac151fb0784772bb4cdb,5,5
2025-02-03,12334.0,Preasy,13077;22091;23106;23338,AcilioN;Beccie;Griller;Patti;Viggo,,4,5
2025-02-03,12415.0,Gods Reign,23323,Bhavi;f1redup;Ph1NNN;R2B2;Rossi,,1,5
2025-02-03,11668.0,Mindfreak,,gump;pain;Rickeh;Texta;tucks,,0,5
2025-02-03,,timbermen,19709;19710;19711,aleph;dare;nero;shane;snav,,3,5
2025-02-03,10975.0,MIBR fe,16341;22270;23463,Babs;Dani;GaBi;hera;showliana,,3,5
2025-02-03,12522.0,Heimo,9325;14236,arvid;japE;oopee;spargo;Welho,,2,5
2025-02-03,8038.0,Party Astronauts,12937;13250;14619;17353;17372,ben1337;cxzi;FaNg;Infinite;WolfY,3a087bf80f19bfccb172,5,5
2025-02-03,10960.0,Young Ninjas,16811;22759;23372,BluePho3nix;jocab;MisteM;Silence;xKacpersky,,3,5
2025-02-03,13115.0,harizma,,DeFFeN;Geneka;Haski4;lame;ZinGY,,0,5
2025-02-03,3044.0,MIBR Academy,20029;21286;21700;22777;23094,brn$;card;diozera;mlhzin;RenanZin,92bcf85e3629d8816cb6,5,5
2025-02-03,10245.0,JiJieHao,10449;13466;17675;18163,Aaron;Bibu;dennyslaw;ISSAA;m1N1,,4,5
2025-02-03,12533.0,Atrix,20501;21733;23092,bokor;LyttleZ;mari;s1non;Sofiaxyz,,3,5
2025-02-03,12915.0,NITRO,21284,beg0d;happ;Lcm;leleo;LUCAS1,,1,5
2025-02-03,,LFO 2,,CziTeX;mediocrity;Reminder;SALO_MUX;weqt2,,0,5
2025-02-03,,Daystar,21775;23106;24426,BehinDx;mAnGo;Speedie;stesso;Viggo,,3,5
2025-02-03,11176.0,MOUZ NXT,21972;22904;24457,Burmylov;Neityu;PR;TOBIZ;xelex,,3,5
2025-02-03,12677.0,Galorys,11213;18610;20083;22362;23551,delboNi;detr0ittJ;ninjaZ;Tomate;xureba,84c83b01f7e6083c960c,5,5
2025-02-03,12921.0,Housebets,,apocdud;damyo;Falcon;pz;yourwombat,,0,5
2025-02-03,13107.0,Chicken Coop,18442;22133;24660,BAGEL;BiNoX;FRIZZY;LittleBEER;taggy,,3,5
2025-02-03,,inSanitY fe,23148,armk4m;Brendinha;cAmyy;chjna;ujliana,,1,5
2025-02-03,11312.0,QUAZAR,23687;24316;24317;24318;24319,gehji;Muk0s;n4mb3r5;tommy;whisper,5c916781e1112d162675,5,5
2025-02-03,8813.0,Illuminar,18048;20637;24081,b1elany;Furlan;kadziu;keis;m4tthi,,3,5
2025-02-03,12912.0,thekillaz fe,21042,Cellax;fly;hera;Samys;showliana,,1,5
2025-02-03,11955.0,LAG,21021,Experative;SnacKZ1;spud;TR0JN;Weeza,,1,5
2025-02-03,12152.0,KZG,,Estate;foggers;Hassie;Kras;Samuukxs,,0,5
2025-02-03,9506.0,Viperio,21657;23735,dezt;shyyne;Skrimo;swicher;zodi,,2,5
2025-02-03,12884.0,The Art of War,,BaN4na;kibstar;neo;Oath;viridian,,0,5
2025-02-03,12276.0,DXA,,helix;Kiyo;lucas222;prakM;Roflko,,0,5
2025-02-03,13052.0,2070,,Demonos;lealziNho;roz;swarmyzz;voltera,,0,5
2025-02-03,,PEAK fe,23514,Cara de Banana;Dynasty;Eleven;Luulu4k;valulu,,1,5
2025-02-03,11011.0,Patins da Ferrari,18891;21290,CSO;CutzMeretz;land1n;lub;perez,,2,5
2025-02-03,12472.0,MANTRA,,cheeseball;cookie;rekonz;SkulL;Winnieeeee,,0,5
2025-02-03,12363.0,Arcade,,foggers;Kras;TRIPLUS;versa;void,,0,5
2025-02-03,8210.0,TALON,14294;16847;18214;20086,ADDICT;AZR;hazr;mhL;nettik,,4,5
2025-02-03,12789.0,LaChampionsLiga,17997;19086;19985;20689;24091,dott1;Hezz;lenci;nacho;pavv,e154a84320f588f175a0,5,5
2025-02-03,,SovvyKiNG,19575;21362;22039;22189,danistzz;H4SAN4TOR;rexxie;TruNiQ;X5G7V,,4,5
2025-02-03,12900.0,NomadS,24303,CRYTICAL;HenX;hoolig4n;KRST;shinobi,,1,5
2025-02-03,12694.0,RUBY,22325;22326;23541;23599;23858,forkyz;Kaide;mo0N;sowalio;tasman,4120092029828a8d3f68,5,5
2025-02-03,7720.0,InControl,20330;23672;23690,Beast;DYLAN;jsfeltner;milo;TyRa,,3,5
2025-02-03,12895.0,K27,22886;23684;23686;24725,Aliot;kashl1d;qw1nk1;relaxxie;xeedo,,4,5
2025-02-03,,Canada,21128,Gabie;J0LZ;Melio;Pluto;YuZ,,1,5
2025-02-03,10978.0,VELOX,10499;10506;24558,JonY BoY;maaxg1;nbl;toto;tutehen,,3,5
2025-02-03,11006.0,9z Academy,23549;24639,lezy;MaxOff;neozix;rw;zock9,,2,5
2025-02-03,12967.0,WW,13157;14175;21690;22350;23927,Aunkere;ct0m;Jerry;StRoGo;tried,6ecb71f497aacb2079ca,5,5
2025-02-03,12955.0,THE,,Blessed;d0RREN;krc;Sange;vt0rnikk,,0,5
2025-02-03,11955.0,LAG,21620,Experative;nicx;Nyyx;rayxts;Weeza,,1,5
2025-02-03,11421.0,Kosovo,20434;21108,BledarD;Caleyy;deb0;Dementor;HYPERI1,,2,5
2025-02-03,12867.0,Floripa Stars,23960;24298;24328,ALENNNCAR;BRNZ1K;Lukita;s1cko;sakamoto,,3,5
2025-02-03,5479.0,Mythic,7808;8503;15007;20793;22022,Austin;Cooper;fl0m;freakazoid;Trucklover86,e4b6c6fa18f3a24c20a4,5,5
2025-02-03,12825.0,The QUBE,24302;24396;24513;24779,aNSeLMO;bkzcurs3d;Kamui;Paranormal;soloooS,,4,5
2025-02-03,12455.0,Vantage,,alecc;Drox;Jynx;N1ghtraid;nauh,,0,5
2025-02-03,13579.0,USA,17437;20234;23199,CoJoMo;Gabe;Louie;mason;mds,,3,5
2025-02-03,11905.0,paiN Academy,22566,deemO;legy;Markz;Tatu;tsug,,1,5
2025-02-24,7020.0,Spirit,7716;16920;18317;20423;21167,chopper;donk;magixx;sh1ro;zont1x,8ddd7c3d52942c256b57,5,5
2025-02-24,9565.0,Vitality,7322;11816;11893;16693;18462,apEX;flameZ;mezii;ropz;ZywOo,91c93eb867d7d47bf729,5,5
2025-02-24,6248.0,The MongolZ,20194;20275;20903;21001;21809,910;bLitz;mzinho;Senzu;Techno,75e5d950f37342b03568,5,5
2025-02-24,4494.0,MOUZ,13666;18072;18221;18850;20312,Brollan;Jimpphat;Spinx;torzsi;xertioN,43f602c729e986479a12,5,5
2025-02-24,6667.0,FaZe,429;8183;8738;9960;18053,broky;EliGE;frozen;karrigan;rain,9daa2e0f8baba62ac327,5,5
2025-02-24,11283.0,Falcons,3741;9032;12018;19677,degster;kyxsan;Magisk;NiKo;TeSeS,,4,5
2025-02-24,5995.0,G2,2553;3972;11617;19230;20447,HeavyGod;huNter-;m0NESY;malbsMd;Snax,486da06de1ee8c33aa1d,5,5
2025-02-24,11251.0,Eternal Fire,150;7938;8574;21243;22361,jottAAA;MAJ3R;Wicadia;woxic;XANTARES,0a254842e1149d2d09f6,5,5
2025-02-24,4608.0,Natus Vincere,9816;14759;18987;19206;20127,Aleksib;b1t;iM;jL;w0nderful,996316e9c05448acf739,5,5
2025-02-24,6665.0,Astralis,7592;7964;10994;17956;20304,cadiaN;device;jabbi;Staehr;stavn,99347eabbb0a1fedcb74,5,5
2025-02-24,4773.0,paiN,18141;18865;19694;20085,biguzera;dav1deuS;kauez;nqz;snow,,4,5
2025-02-24,5378.0,Virtus.pro,8918;12732;20101;20994;21439,electroNic;fame;FL1T;FL4MUS;ICY,f1c05542faa91e6b6868,5,5
2025-02-24,9928.0,GamerLegion,9278;16486;20301;20870,PR;REZ;sl3nd;Tauson;ztr,,4,5
2025-02-24,4914.0,3DMAX,8374;13138;19739;21969,bodyy;Ex3rcice;Graviti;Lucky;Maka,,4,5
2025-02-24,5973.0,Liquid,4679;8520;9436;10394;21763,jks;NAF;NertZ;Twistzz;ultimate,08cb3a4c68233b3b9901,5,5
2025-02-24,8297.0,FURIA,2023;10566;12553;15631;18676,chelo;FalleN;KSCERATO;skullz;yuurih,677d24247aa53119fe45,5,5
2025-02-24,9215.0,MIBR,11154;18717;18835;21037,drop;exit;insani;Lucaozy;saffee,,4,5
2025-02-24,7532.0,BIG,5794;14929;19899;20170,hyped;JDC;Krimbo;kyuubii;tabseN,,4,5
2025-02-24,10567.0,SAW,630;1154;20462;21014,Ag1l;MUTiRiS;roman;Shr;story,,4,5
2025-02-24,12257.0,Wildcard,8507;8711;16726;21163;21665,JBa;phzy;Sonic;stanislaw;susp,928ad8a13dcda967f95d,5,5
2025-02-24,7175.0,HEROIC,19164;19187;19310;19808;22047,LNZ;SunPayus;tN1R;xfl0ud;yxngstxr,a640c4181cc7b506ee9c,5,5
2025-02-24,11241.0,B8,19592;20112;21708;22842;23643,alex666;esenthial;headtr1ck;kensizor;npl,a557275c96d577ef4eaf,5,5
2025-02-24,5005.0,Complexity,11630;12840;13578;17353;21620,Cxzi;Grim;hallzerk;JT;nicx,a957c1e3fa87abcbbeb9,5,5
2025-02-24,12878.0,BC.Game,9618;13670;18571;21139,CYPHER;jkaem;nawwk;nexa;pr1metapz,,4,5
2025-02-24,9455.0,Imperial,12822;19869;20026;20183;22564,chayJESUS;decenty;noway;try;VINI,a71e6e7f6daa2e9d3935,5,5
2025-02-24,12000.0,500,11217;11219;11343;17145,CeRq;oxygeN;Rainwaker;SHiPZ;SPELLAN,,4,5
2025-02-24,12774.0,FlyQuest,9115;10588;11140;17384;20123,dexter;INS;Liazz;regali;Vexite,6134a6e55af912438a31,5,5
2025-02-24,11838.0,Partizan,11777;13026;20252;20253;20813,c0llins;Dragon;Kind0;Maden;VLDN,745ffd1c1652e3bdb05d,5,5
2025-02-24,12394.0,BetBoom,11840;15662;16555;18506;21667,Ax1Le;Boombl4;Magnojez;S1ren;zorte,351de843dc8e3cb18d4c,5,5
2025-02-24,12426.0,Passion UA,21452;23046;23414;23415,jackasmo;jambo;Kvem;Topa;zeRRoFIX,,4,5
2025-02-24,11883.0,9 Pandas,12027;17011;19920;20357;20709,d1Ledez;KaiR0N-;Krad;r3salt;shalfey,34daca2b7d6b78502551,5,5
2025-02-24,4991.0,fnatic,7528;15165;17803;21062;22904,blameF;Burmylov;fear;KRIMZ;MATYS,9408d7d410d7d138b52e,5,5
2025-02-24,12312.0,ATOX,22333;22415;23457,AccuracyTG;dobu;kabal;MiQ;Zesta,,3,5
2025-02-24,7441.0,ECLOT,14388;19069;19594;19815;21165,Dytor;forsyy;M1key;nbqq;The eLiVe,159abc6f79fc9c136486,5,5
2025-02-24,12471.0,GUN5,13240;18670;22471;23047;23783,fineshine52;Lack1;Sdaim;SELLTER;xiELO,593278a31ea5fb5d71a9,5,5
2025-02-24,6673.0,NRG,7687;13249;16717;18838;20333,br0;HexT;Jeorge;nitr0;oSee,495b9c702d422c543a21,5,5
2025-02-24,12376.0,M80,15370;16599;17378;20104;22921,Lake;reck;s1n;slaxz-;Swisher,764bfbaf02d5ad51d83f,5,5
2025-02-24,4869.0,ENCE,12731;21815;21972;23372,gla1ve;Neityu;podi;sdy;xKacpersky,,4,5
2025-02-24,8113.0,Sharks,20558;21170;21921;22911;23588,doc;gafolo;koala;n1cks;rdnzao,3d0059791db0c4f7bd1f,5,5
2025-02-24,10976.0,FURIA fe,11872;16340;17288;21219;22839,bizinha;gabs;izaa;kaahSENSEI;lulitenz,10dd16af0d8ef7254cf3,5,5
2025-02-24,11641.0,Metizport,9766;14218;17937;20878;21164,adamb;hampus;isak;L00m1;Plopski,4d51241454abe4475e92,5,5
2025-02-24,12468.0,Legacy,15698;19045;19686;20563;22965,dumau;latto;lux;n1ssim;saadzin,5cfd43d0258204c4872c,5,5
2025-02-24,10278.0,9INE,14932;20300;21159,BERRY;bobeksde;faveN;kraghen;mantuu,,3,5
2025-02-24,7900.0,Spirit Academy,22864;23319;24176;24177,alkarenn;kyousuke;Mokuj1n;robo;syph0,,4,5
2025-02-24,12828.0,Imperial Valkyries,12758;16497;18775;21756,ANa;Kat;tory;twenty3;zAAz,,4,5
2025-02-24,11837.0,Fluxo,12521;18714;20385;20939,arT;history;kye;nicks;piriajr,,4,5
2025-02-24,7187.0,Nexus,1206;9626;17116;18294;19817,ADRON;BTN;ragga;s0und;XELLOW,6add12c1e9adec02e609,5,5
2025-02-24,9466.0,GTZ,16102;17003;20054,Linko;ms;NOPEEJ;rafaxF;snapy,,3,5
2025-02-24,7969.0,Nemiga,20387;21266;22460;23317;23685,1eeR;khaN;riskyb0b;Xant3r;zweih,5f7d948e2932e569ccbe,5,5
2025-02-24,10371.0,NAVI Junior,20584;22203;22673;22674;23553,cmtry;dem0n;dziugss;Krabeni;makazze,2c03c52da3ae13074093,5,5
2025-02-24,,Poland fe,21727;22062;22063;22065,Angelka;Hanka;LETi;Liina;vicu,,4,5
2025-02-24,11712.0,Sashi,16705;16723;16731;20090,Altekz;Cabbi;IceBerg;Lucky;Zyphon,,4,5
2025-02-24,12144.0,BESTIA,2161;16314;20394;21155;22570,luchov;naz;Noktse;pancc;tomaszin,856b7a0559245db92cf2,5,5
2025-02-24,12604.0,Johnny Speeds,9255;9766;19064;21012;21159,bobeksde;draken;hampus;Ro1f;spooke,a2051d0db9aa8f62c0e0,5,5
2025-02-24,10503.0,OG,13602;19044;19064;20941;21983,Buzz;Chr1zN;F1KU;nicoodoz;spooke,77d7e9342b0bb5860f6c,5,5
2025-02-24,13178.0,Novaq,11940;22537;23541;23599,def1zer;forkyz;neaLaN;Pumpkin66;tasman,,4,5
2025-02-24,11811.0,Monte,16080;16848;17504;19733;20282,DemQQ;dycha;hades;KEi;kRaSnaL,f6867fa7ba13b580c30f,5,5
2025-02-24,12960.0,Fire Flux,8212;9353;20625;20968,Banjo;paz;S3NSEY;ScrunK;soulfly,,4,5
2025-02-24,4411.0,Ninjas in Pyjamas,9278;16811;17937;20425;22759,isak;jocab;MisteM;r1nkle;REZ,3bc05fc25b51bc00c745,5,5
2025-02-24,,Cloud9,11840;15071;16555;20447;21439,Ax1Le;Boombl4;HeavyGod;ICY;interz,31036d7867d816f762b5,5,5
2025-02-24,12380.0,CYBERSHOKE,17508;20948;21710;22803;22879,bl1x1;FenomeN;glowiing;lov1kus;notineki,147ad7582e5f73129850,5,5
2025-02-24,12009.0,Permitta,20018;20283;20284;20309;21142,bnox;fr3nd;maaryy;mASKED;tomiko,68ef901df1657b4f9df2,5,5
2025-02-24,11514.0,Rare Atom,7028;19681;21825,ChildKing;kaze;L1haNg;somebody;Summer,,3,5
2025-02-24,11827.0,JANO,4076;18848,Aerial;allu;HENU;Jelo;Sm1llee,,2,5
2025-02-24,11768.0,ODDIK,14390;17181;24782,Ceruttera;matios;naitte;togs;WOOD7,,3,5
2025-02-24,12097.0,Eruption,18638;19538;21428;24123;24125,fury5k;MagnumZ;sideffect;sk0R;xenization,48aba9d867b9c721551d,5,5
2025-02-24,13105.0,ALASKA,20336;20339;20340;22192,arTisT;Extinct;Girafffe;Tree60;Vacancy,,4,5
2025-02-24,12233.0,Solid,9483;16645;18743;20522;23551,destiny;drg;gbb;nython;tomate,21a7646cd27ff716f6a6,5,5
2025-02-24,12534.0,BOSS,18706;19079;19128;19711,freshie;Fruitcupx;SLIGHT;snav;Wolffe,,4,5
2025-02-24,12510.0,The Huns,15072;19957;20703,Bart4k;cobra;nin9;Veccil;xerolte,,3,5
2025-02-24,4501.0,ALTERNATE aTTaX,19284;20122,ArroW;FreeZe;hyped;PerX;prosus,,2,5
2025-02-24,,Apogee,18070;18979;22383;23765;23766,Demho;hfah;hypex;jcobbb;Prism,1191985bc02c56d5769c,5,5
2025-02-24,11811.0,Monte,16848;19733;21217;21816,DemQQ;Gizmy;hades;leen;ryu,,4,5
2025-02-24,7176.0,RED Canids,8565;9216;9219;21288;22126,coldzera;felps;HEN1;nyezin;venomzera,bf90bcbf6d379cbbf7c8,5,5
2025-02-24,8840.0,Lynn Vision,16551;18744;20254;22922;23100,C4LLM3SU3;EmiliaQAQ;Starry;Westmelon;z4kr,dbed042ec191be814f2c,5,5
2025-02-24,10577.0,SINNERS,8488;11199;12810;20229;23763,beastik;MoriiSko;Pepo;SHOCK;ZEDKO,2740412c48959f554e2c,5,5
2025-02-24,13133.0,Prototype Blaze,1656;21793;21849;22356,ASTRA;Emerald;Kaoday;Monkey D Julie;RacheLL,,4,5
2025-02-24,13184.0,WildLotus,11271;13718;15117;15369,birdfromsky;Keoz;REDSTAR;smooya;Vegi,,4,5
2025-02-24,11571.0,Gaimin Gladiators,13602;13749;20300,kraghen;nicoodoz;Nodios;Queenix;roeJ,,3,5
2025-02-24,11523.0,Zero Tenacity,5351;8311;21302;21783;21784,aVN;brutmonster;Cjoffo;nEMANHA;simke,78c45e5390fe107cd659,5,5
2025-02-24,13104.0,Iberian Soul,8371;9254;11205;18749;19509,alex;dav1g;mopoz;sausol;stadodo,6ca7d79ae1c6411ec50d,5,5
2025-02-24,11948.0,Nouns,14494;15176;19846;22135,CLASIA;Cryptic;junior;Peeping;RUSH,,4,5
2025-02-24,8038.0,Party Astronauts,13250;17372;17929;18761;22967,ben1337;FaNg;ogwizard;viz;Walco,1dd57eb0278eb52e3d2e,5,5
2025-02-24,13098.0,Chimera,22459;22880;23193;23302;24726,bluewh1te;m1QUSE;sh1nejezzz;VILBy;z3ndeR,42e159c01ad11eff3695,5,5
2025-02-24,12474.0,Alliance,7443;9811;16487;22760;22860,avid;eraa;PlesseN;twist;upE,db319c58b5a99d95930a,5,5
2025-02-24,4548.0,CPH Wolves,13669;17113;20637;20926;22048,aNdu;b1elany;Jackinho;szejn;Tapewaare,211deb9c07219e5ea3fb,5,5
2025-02-24,12818.0,FAVBET,18240;20110;20228,crush;j3kie;Marix;Smash;t3ns1on,,3,5
2025-02-24,12559.0,RUSH B,3459;20534;22040;22927;22930,executor;kinqie;KIRO;tex1y;z1Nny,7b0b9043d43aaf43b52c,5,5
2025-02-24,12858.0,kONO,19614;19617;22842,amster;byr9;kensizor;nifee;s4ltovsk1yy,,3,5
2025-02-24,11419.0,ECSTATIC,10961;11995;20417;21779;22695,Anlelele;Kristou;nut nut;sirah;TMB,eca76dd469044ed07bc1,5,5
2025-02-24,13121.0,Eco Warriors,7653;15831;22062;22065;23049,Angelka;D7;juliano;kyossa;vicu,f311e6ce5ebd1a40a35b,5,5
2025-02-24,11861.0,Aurora,12004;19236;19673;19882;22884,clax;gr1ks;KENSI;Norwi;Patsi,0e7ced82edf77cf5b175,5,5
2025-02-24,12586.0,AMKAL,12027;13982;16948;22929;24326,Forester;Krad;nota;topo;TRAVIS,511be8df08c558658f9a,5,5
2025-02-24,12764.0,Arrow,,Kre1N;Orbit;P4TriCK;Tionix;Twiksar,,0,5
2025-02-24,11446.0,Leo,20421;21065;21650;21651;22649,kL1o;kr1vda;Malkiss;marat2k;OneUn1que,60c96df3b77e5b788a47,5,5
2025-02-24,12467.0,PARIVISION,13239;13776;16948;19235;22929,BELCHONOKK;Jame;nota;Qikert;TRAVIS,8f1b660374056c309a4c,5,5
2025-02-24,,timbermen,17918;19709;19710;19711;20692,dare;dea;nosraC;shane;snav,965cf30c0767a5159a11,5,5
2025-02-24,12878.0,BC.Game,9261;18790;21139,CacaNito;GuardiaN;jkaem;Lekr0;pr1metapz,,3,5
2025-02-24,,FLUFFY AIMERS,14799;23674;24048,brett;den1ed;jason;slump;Wolffe,,3,5
2025-02-24,11609.0,GenOne,284;10569;19742;20482;21971,Brooxsy;devoduvek;drac;JACKZ;Kursy,91625ab3ea668cf9fc3f,5,5
2025-02-24,10947.0,Rhyno,20683;20750;22807;23140;23141,aragornN;Icarus;krazy;P3R3IIRA;seabraez,a5b74eab4210e81faa6e,5,5
2025-02-24,,Undone,13230;17353;19705,chop;Cxzi;motm;Skadoodle;steel,,3,5
2025-02-24,11718.0,BIG EQUIPA,7653;16764;20165;21727;22871,JennyR;juliano;LETi;pauliiee;Zana,d817dbf63c7931b871ef,5,5
2025-02-24,12847.0,Kubix,21109,ammar;gejmzilla;rosoneriii;tripey;v1w,,1,5
2025-02-24,5058.0,Hungary,14202;21786,Aaron;coolio;kory;noleN;xavi,,2,5
2025-02-24,9996.0,9z,12092;15914;19698;21239;22613,adamS;HUASOPEEK;Luken;MartinezSa;max,6add9229eeecdc064d8c,5,5
2025-02-24,10278.0,9INE,2898;14176;19817,mantuu;misutaaa;raalz;refrezh;s0und,,3,5
2025-02-24,12787.0,WOPA,14242;20248;21571;22950,Gnøffe;leakz;PR1mE;sL1m3;Vster,,4,5
2025-02-24,13109.0,Swingers,17216;20083;21099;22109,bsd;leo_drk;MaLLby;ninjaZ;vinaabEAST,,4,5
2025-02-24,,USA fe,8640;14401,EMUHLEET;Emy;madss;olya;uhKelsie,,2,5
2025-02-24,11790.0,ENCE Academy,20677;21233;21930;22733;24149,2high;millert;myltsi;Schwarz;teme,9c4a36a264a74f4d8d93,5,5
2025-02-24,4863.0,TYLOO,8552;19645;20702;20895;21621,Attacker;JamYoung;Jee;Mercury;Moseyuh,2c632070ba401ebd2e9d,5,5
2025-02-24,11948.0,Nouns,14494;17918;20333,cJ dA K1nG;Jeorge;junior;nosraC;RUSH,,3,5
2025-02-24,8813.0,Illuminar,22129;24179,AntyVirus;discoStar;Furlan;kadziu;SpavaQu,,2,5
2025-02-24,11737.0,EYEBALLERS,3849;16029;22060;22914;23397,delle;dex;HEAP;JW;poiii,c56d0a8e8d57b2d80c10,5,5
2025-02-24,11283.0,Falcons,922;7998;9032;11777,dupreeh;Maden;Magisk;s1mple;Snappi,,4,5
2025-02-24,,Fluxo Demons,20503;21736;21800;21801,annaEX;goddess;josi;poppins;yungher,,4,5
2025-02-24,13024.0,8Sins,21990,Dutchy;moz;Prime;wfn;Wolfie,,1,5
2025-02-24,12646.0,Chinggis Warriors,15060;19229;21396;21398;22414,ariucle;controlez;Efire;NEUZ;ROUX,aa1a1aadf8a7ff47aafa,5,5
2025-02-24,12769.0,Fisher College,13298;19602;20429;22137,AlekS;corn;CrePoW;ReFuZR;tatm,,4,5
2025-02-24,,Sampi,8488;14388,fino;sAvana1;semtex;The eLiVe;ZEDKO,,2,5
2025-02-24,11711.0,Players,22085,hug1;MITHPUTTINI;spinnie;voltera;xns,,1,5
2025-02-24,,TSM,3741;10330;20090;22695,acoR;niko;sirah;valde;Zyphon,,4,5
2025-02-24,10459.0,ARCRED,18447;18671;19703;21363;21369,1NVISIBLEE;DSSj;Get_Jeka;Ryujin;shg,40c702299d63a1ed6d38,5,5
2025-02-24,,ex-Enterprise,15940;18070;20413;20958;20960,bajmi;Demho;ex1st;mwlky;Sobol,62d9750c4f75e924b088,5,5
2025-02-24,12833.0,TNL,24168;24281;24283,cairne;onic;St0m4k;yukitoro;zogeN,,3,5
2025-02-24,12267.0,UNiTY,15818;15821;22371;23469,K1-FiDa;Levi;NEOFRAG;Pechyn;woozzzi,,4,5
2025-02-24,12467.0,PARIVISION,13239;19235;19673;20430;21348,alpha;ArtFr0st;BELCHONOKK;Patsi;Qikert,043e31e963ce7277bf47,5,5
2025-02-24,13025.0,Tropa do Taco,16816;16817;16835,farias;hardzao;ponter;TACO;vsm,,3,5
2025-02-24,7234.0,Endpoint,7996;22106;22702,AZUWU;cej0t;CRUC1AL;MiGHTYMAX;Surreal,,3,5
2025-02-24,12483.0,MIGHT,12102;17437,djay;Louie;Outback;Snakes;Voltage,,2,5
2025-02-24,12544.0,adalYamigos,11213;18140;19972;20185,cass1n;ckzao;delboNi;f4stzin;SHOOWTiME,,4,5
2025-02-24,12548.0,Dusty Roots,18554;21221;24749,1962;FraGuTy;maxxkor;tom1jed;toto,,3,5
2025-02-24,11555.0,UNO MILLE,2544;13287;14010;17132,bnc;Leomonster;realz1n;remix;zmb,,4,5
2025-02-24,11321.0,Kappa Bar,7700;16487,Bååten;eraa;robiin;SeBreeZe;Siz,,2,5
2025-02-24,,SINNERS Academy,23763,BORO;DALIEN;dreez;outex;Pepo,,1,5
2025-02-24,12776.0,Bounty Hunters,14394;14737;18322;20690,Bruninho;KAISER;meyern;Tuurtle;zock,,4,5
2025-02-24,13158.0,Dark Cloud,20413;23767;24243,AdrieN;chudy;darchevile;mwlky;Nami,,3,5
2025-02-24,13118.0,Adventurers,9656;12781;16885;20422,hAdji;k1to;meztal;OWNER;Woro2k,,4,5
2025-02-24,12124.0,Insilio,18510;20197;20201;21630,faydett;FpSSS;Pipw;Polt;sugaR,,4,5
2025-02-24,12857.0,FORZE Reload,21367;21392;21447;22535;23628,dwushka;KusMe;shady;spirit;xdENiSZERA,4a6926e093b865962ae3,5,5
2025-02-24,11917.0,NIP Impact,1572;21796;21798;22095;23090,aiM;Nayomy;Qiyarah;ramziiN;vilga,4c0a0f62bc8d88416e7e,5,5
2025-02-24,12586.0,AMKAL,13982;21692;22075;22076;24144,AW;Forester;kAlash;molodoy;sFade8,07729bc73afc6242f3df,5,5
2025-02-24,12190.0,Shimmer,16581;22302;23391;24393,empathy;Fawx;milo;raven;Stx,,4,5
2025-02-24,,Rebels,3669;15940;20283;21715;23295,flayy;innocent;kisserek;Sobol;tomiko,7f875c8fdb10914aef8b,5,5
2025-02-24,12312.0,ATOX,19536;22333,FlyNN;kabal;masti;MiQ;yAmi,,2,5
2025-02-24,10947.0,Rhyno,17003;20054;21014;23140;23237,Ag1l;krazy;rafaxF;snapy;TMKj,72d08ab16db0741beda4,5,5
2025-02-24,11933.0,Yawara,22364;22957;24284;24772,j0w;nardes;revoltz;stax;tele D,,4,5
2025-02-24,2955.0,Denmark fe,23621,anja;Ismo;KiTKaT;marie;Sukkerzhok,,1,5
2025-02-24,3044.0,MIBR Academy,20029;21286;21700;22964;23094,brn$;card;mlhzin;RenanZin;stormzyn,80a0affe3645e4b79deb,5,5
2025-02-24,12895.0,K27,19575;22886;23684;23686;24725,kashl1d;qw1nk1;relaxxie;X5G7V;xeedo,e750fe564bbd5d2ce6ca,5,5
2025-02-24,,Apogee,18070;18979;22008;22473;22476,Demho;Prism;Qlocuu;swiz;virtuoso,0c6a726e6fc83427ec55,5,5
2025-02-24,12124.0,Insilio,18510;20197;22535;22536;23048,dwushka;faydett;kelieN;mag1k3Y;sugaR,d68f621c0c4769cf3779,5,5
2025-02-24,4548.0,CPH Wolves,16487;16718;17113;18749;22048,eraa;Fessor;sausol;szejn;Tapewaare,7a37c1c422a967d5a2fe,5,5
2025-02-24,11585.0,IHC,15861;18150;19536;19537,clouden;cool4st;me1o;rate;yAmi,,4,5
2025-02-24,12968.0,Alter Iron,,arias;clipzera;Keiti;Misha;Talen,,0,5
2025-02-24,12415.0,Gods Reign,23323,Bhavi;f1redup;Ph1NNN;R2B2;Rossi,,1,5
2025-02-24,4411.0,Ninjas in Pyjamas,284;922;14148;20425;20464,ewjerkz;JACKZ;r1nkle;sjuush;Snappi,bc4239550c720cb140ff,5,5
2025-02-24,9928.0,GamerLegion,16486;20358;20870;20926;20994,aNdu;FL4MUS;sl3nd;volt;ztr,470f5d0e32cea90a0552,5,5
2025-02-24,11581.0,HOTU,18752;19962;21385;23783,fineshine52;kade0;lampada;mizu;Re1GN,,4,5
2025-02-24,7176.0,RED Canids,8565;16817;18743;18865;21288,dav1deuS;hardzao;HEN1;nython;venomzera,5a7d30f62a1a7fe5dedc,5,5
2025-02-24,,Case,18875;21099;22126;22181,bsd;nyezin;RICIOLI;urban0;yepz,,4,5
2025-02-24,13116.0,UR,20258;21323;21509;23596,expSasiKi;Miami;rage;Risk;SPine,,4,5
2025-02-24,12959.0,ShindeN,19872;19985;20451;20992,abizz;BK1;ivz;nacho;roy,,4,5
2025-02-24,12858.0,kONO,16147;19614;19617,amster;cptkurtka023;s4ltovsk1yy;Sijeyy;zogeN,,3,5
2025-02-24,6668.0,FLuffy Gangsters,24171;24172,Djon8;h1ghnesS;SoLb;takanashi;yuramyata,,2,5
2025-02-24,,ex-GR,,7nation;mediocrity;Runnin;SALO_MUX;weqt2,,0,5
2025-02-24,,K27 fe,24005;24006,Elizabeth;f6tal;k175un4;sosya;wieenN,,2,5
2025-02-24,13083.0,Big W,,Crazy_Gamer;CycloneF;hattygOD;N1kace;SpawN,,0,5
2025-02-24,12334.0,Preasy,13077;22091;23106;23338,AcilioN;Beccie;Griller;Patti;Viggo,,4,5
2025-02-24,12890.0,Bad News Chickens,17132;17133;20521,Alisson;desh;Leomonster;short;skr,,3,5
2025-02-24,11585.0,IHC,15861;19229;22414;22415;23457,AccuracyTG;Efire;rate;ROUX;Zesta,b2e8430f424a52a90312,5,5
2025-02-24,,inSanitY,11739;17553;18140;20185,cass1n;f4stzin;iDk;pesadelo;shz,,4,5
2025-02-24,9139.0,BRUTE,23206;24261,m0nsterr;realzen;sAvana1;v4NO;w4rden,,2,5
2025-02-24,13029.0,RED Canids Academy,,edv;FasteR;gtw;n0page;sanc,,0,5
2025-02-24,10954.0,Astralis Talent,21381,ANSG1;kiR;kroK;suma;Zanto,,1,5
2025-02-24,9881.0,Rooster,12877;18545;20527;20881,asap;chelleos;dpr;sliimey;TjP,,4,5
2025-02-24,11668.0,Mindfreak,,gump;pain;Rickeh;Texta;tucks,,0,5
2025-02-24,12677.0,Galorys,11213;18610;20083;22362;23551,delboNi;detr0ittJ;ninjaZ;tomate;xureba,84c83b01f7e6083c960c,5,5
2025-02-24,12611.0,vagrants,14799;22552;23199,brett;Cyrix;mason;Sandman;Seb,,3,5
2025-02-24,12988.0,GameHunters,10827;17028;22084,abr;mello;nolkz;prt;slashzz,,3,5
2025-02-24,13053.0,Just Swing,8598;10722;20354;22441;24644,gas;Marek;Purely;qqGOD;VanceKK,06197469c87fcf7fc690,5,5
2025-02-24,13115.0,harizma,,DeFFeN;Haski4;lame;yato;ZinGY,,0,5
2025-02-24,13067.0,Immigrants peek,24045;24808,bezymecc;H0NeST;myline;nico1ajus;Termina,,2,5
2025-02-24,9862.0,devils.one,20071;20686;20945;23297,fanatyk;Frontsiderr;PeTeRoOo;suonko;ZEMO,,4,5
2025-02-24,13110.0,Chill Guys,23589;23675,Evan;MagiC;MERL;NIGHT666LADE;TABEN,,2,5
2025-02-24,12567.0,Akimbo,19177;20572;23458,consti;kmrn;laxiee;obi;zy,,3,5
2025-02-24,,HSG fe,11215,Ann4;gfi;Hazel;Olga;XiaoWu,,1,5
2025-02-24,12522.0,Heimo,9325;14236,arvid;japE;oopee;Welho;ykis,,2,5
2025-02-24,10975.0,MIBR fe,16341;22270;23463,Babs;Dani;GaBi;hera;showliana,,3,5
2025-02-24,10621.0,1WIN,8528;23770;23771,cronuss;HObbit;klain;oz1k;sh1geo,,3,5
2025-02-24,5117.0,Czech Republic,15821,darber;NEOFRAG;olik;pandi7o;PerdY,,1,5
2025-02-24,10900.0,KRÜ,9221;18549;21169,atarax1a;deco;laser;reversive;righi,,3,5
2025-02-24,10245.0,JiJieHao,10449;13466;17675;18163,Aaron;Bibu;dennyslaw;ISSAA;m1N1,,4,5
2025-02-24,12833.0,TNL,23642;24168;24282;24283,cairne;Dawy;Flierax;nifee;onic,,4,5
2025-02-24,,undefined,13230;19705;19846;20204,BeaKie;chop;CLASIA;motm;stamina,,4,5
2025-02-24,12777.0,Permitta W,1656;24005,Monkey D Julie;oxycet;Tynka;Victoria;wieenN,,2,5
2025-02-24,12421.0,Let Her Cook,22023;22024;23052;23436,Joanana;ManeschijnX;meli;spike;suns1de,,4,5
2025-02-24,,Latvia,14990;19566;20003;21512,Frip;keen;prelideN;rud;shadiy,,4,5
2025-02-24,,Spirit fe,22029,AverOna;Jammie;kr4sy;Rony4ka;uulis,,1,5
2025-02-24,13112.0,Bad News Capybaras,13689;20234;21749,cbass;Gabe;Grave;jchancE;LaffyTs,,3,5
2025-02-24,12915.0,NITRO,21284,beg0d;happ;Lcm;leleo;LUCAS1,,1,5
2025-02-24,,Imp Pact fe,16581;24393;24415,Celia;gadfly;raven;Serendipity;Stx,,3,5
2025-02-24,,FLUFFY MAFIA,,bored3m;daria;PiggyKiki;sakura;sckrafft,,0,5
2025-02-24,13137.0,Familia Maquininha,10838;10840;16814;18610;20885,danoco;detr0ittJ;fREQ;mawth;tatazin,c945590e437a5c2dfada,5,5
2025-02-24,12556.0,Nouns fe,,ashe;jesscas;lunari;raynee;violet,,0,5
2025-02-24,13153.0,Hesta,21445;21686;23687;24806;24807,abiraju;anttzz;frontales;Muk0s;slaxejezzz,f5cffaa253b25112d40e,5,5
2025-02-24,12983.0,st4rboys,,Ang3l10wOw;Bloody;hf;pavast4r;Sharpshooter,,0,5
2025-02-24,,TSM Impact,,Bungee;di^;Juli;Lx;madss,,0,5
2025-02-24,13107.0,Chicken Coop,18442;22133;24660,BAGEL;BiNoX;FRIZZY;LittleBEER;taggy,,3,5
2025-02-24,,inSanitY fe,23148,armk4m;Brendinha;cAmyy;chjna;ujliana,,1,5
2025-02-24,11312.0,QUAZAR,23687;24316;24317;24318;24319,gehji;Muk0s;n4mb3r5;tommy;whisper,5c916781e1112d162675,5,5
2025-02-24,,Norway,22048,Grus;sense;shyyne;SLY;Tapewaare,,1,5
2025-02-24,12431.0,Betera,13281;19874;20422;22459;24173,El1an;MaSvAl;OWNER;sh1nejezzz;tENZY,75033a164399b2acc065,5,5
2025-02-24,12301.0,FlyQuest RED,8850;14401;18641;22111;23621,BiBiAhn;Emy;GooseBreeder;marie;vanessa,207c2e8550328eb5b8f3,5,5
2025-02-24,,Turkey,15835;21023;22504;23274;24625,EMSTAR;h0kz;imoRR;lugseN;scolleN,4319604aa7eccff679df,5,5
2025-02-24,13082.0,Exceritus,,Antuanette;BabyRage;SJR;Slayerhz;zockie,,0,5
2025-02-24,12912.0,thekillaz fe,21042,Cellax;fly;hera;Samys;showliana,,1,5
2025-02-24,,Daystar,21775;23106;24426,BehinDx;mAnGo;Speedie;stesso;Viggo,,3,5
2025-02-24,,Insomnia,21265;23614,ANeraX;Bambosh;hotd0g;pendzelek;sNx,,2,5
2025-02-24,13122.0,nomercy fe,,aiveri;akiyanora;meo;turboxgirl;unknxwn,,0,5
2025-02-24,12087.0,Lazer Cats,22706;23151;23589,7oX1C;Magic;nikitea;Templ;yab0ku-,,3,5
2025-02-24,9506.0,Viperio,21657;23735,dezt;shyyne;Skrimo;swicher;zodi,,2,5
2025-02-24,7720.0,InControl,20330;23672;23690,Beast;DYLAN;jsfeltner;milo;TyRa,,3,5
2025-02-24,12789.0,LaChampionsLiga,17997;19086;20689;23150;24091,dott1;Hezz;lenci;pavv;rzk,2bc380a21b94f7716bbf,5,5
2025-02-24,,PEAK fe,23514,Cara de Banana;Dynasty;Eleven;Luulu4k;valulu,,1,5
2025-02-24,,Blue Otter Karma,8183;8640;23524,buhnny;Ellie;EMUHLEET;olya;rain,,3,5
2025-02-24,13052.0,2070,,Demonos;lealziNho;roz;swarmyzz;voltera,,0,5
2025-02-24,,Aware fe,,Cloudy;DangerCat;eepy rain;Lexa;thecatt,,0,5
2025-02-24,12921.0,Housebets,,apocdud;BRACE;damyo;pz;yourwombat,,0,5
2025-02-24,12533.0,Atrix,19998;21733;23092,LyttleZ;REGIANE;s1non;segalla;Sofiaxyz,,3,5
2025-02-24,12702.0,Lotus fe,23391,Axessor;Fawx;GRIMOIRE;Knopk@;Zazu,,1,5
2025-02-24,12884.0,The Art of War,21395,BaN4na;neo;Oath;Terryyy;viridian,,1,5
2025-02-24,12363.0,Arcade,,foggers;Kras;TRIPLUS;versa;void,,0,5
2025-02-24,12152.0,KZG,,Estate;foggers;Hassie;Kras;Samuukxs,,0,5
2025-02-24,12901.0,SemperFi,14990;20003;20244,keen;SaVage;shadiy;Valiance;vision,,3,5
2025-02-24,13081.0,Fake do Biru,6593;16817;22362;23045;23829,hardzao;lukiz;Machado;PKL;xureba,3e745e61acc0cfa739a2,5,5
2025-02-24,13005.0,MCS,24528,Go0dby3;Oczarka;ogura;Scorchyy;snufaffu,,1,5
2025-02-24,11176.0,MOUZ NXT,21972;22904;24457,Burmylov;Neityu;PR;TOBIZ;xelex,,3,5
2025-02-24,4532.0,ESC,20245;20284;20958;21142;23668,AMSALEM;bajmi;maaryy;mASKED;SaMey,4e0c70f7e092d4484ed4,5,5
2025-02-24,13097.0,Fated Rise,16768;16778;19735;20808;22000,B1NGO;BZA;lan;Roninbaby;Tiger,01377c9695eeb3925cf1,5,5
2025-02-24,13124.0,Marsborne,12937;13230;19705;22069,chop;Grizz;Minus;motm;WolfY,,4,5
2025-02-24,12889.0,G2 Ares,19173;21272;23192;23544,fNk;hitori;ketsuo;kl1m;tAk,,4,5
2025-02-24,12276.0,DXA,,helix;HUGH;Kiyo;Llamas;lucas222,,0,5
2025-02-24,12472.0,MANTRA,,cheeseball;cookie;rekonz;SkulL;Winnieeeee,,0,5
2025-02-24,8210.0,TALON,14294;16847;18214;20086,ADDICT;AZR;hazr;mhL;nettik,,4,5
2025-02-24,13092.0,BadGuys,9656;15569;16885;19763,BOROS;hAdji;leen;Sapec;Woro2k,,4,5
2025-02-24,13046.0,CS2News,13170;18456;20097;21431;22189,fostar;h4rn;H4SAN4TOR;kwezz;sstiNiX,412c231fcb8464d12a61,5,5
2025-02-24,5775.0,Elevate,20885;21100;22777;22956,diozera;fREQ;lash;short;zede,,4,5
2025-02-24,11955.0,LAG,21021,alula;Experative;spud;TR0JN;Weeza,,1,5
2025-02-24,13027.0,Nuclear TigeRES,22430;22878;23303;24568;24569,flouzer;fluffy;h1kaN;k0s;senka,724f8d6e2a6db9ba88b9,5,5
2025-02-24,,SovvyKiNG,19575;21362;22039;22189,danistzz;H4SAN4TOR;rexxie;TruNiQ;X5G7V,,4,5
2025-02-24,,Canada,21128,Gabie;J0LZ;Melio;Pluto;YuZ,,1,5
2025-02-24,12694.0,RUBY,20956;22189;22325;22326;23858,fozil;H4SAN4TOR;Kaide;mo0N;sowalio,c0963f9839e8b4d40d5c,5,5
2025-02-24,11011.0,Patins da Ferrari,18875;21290;22559,Jotag3;perez;proSHOW;rainny;RICIOLI,,3,5
2025-02-24,,Clutch,12956,hasteka;IZR;ORIGLONIKO;Tsogoo;Veccil,,1,5
2025-02-24,,NewBALLS,19664;21513;23764;24348;24349,4X1s;Alv;deeN;strix;torox,b3df7c8c5731fd07316b,5,5
2025-02-24,10978.0,VELOX,10499;10506;24558,JonY BoY;maaxg1;nbl;toto;tutehen,,3,5
2025-02-24,11006.0,9z Academy,23549;24639,lezy;MaxOff;neozix;rw;zock9,,2,5
2025-02-24,12455.0,Vantage,,Drox;Jynx;Mingovi;supar;swerzieN,,0,5
2025-02-24,,Final Form,20273;23410,CAJUN;CoolComs;Drop;FxRE;YNGHunter,,2,5
2025-02-24,11011.0,Patins da Ferrari,18891;21290,CSO;CutzMeretz;land1n;lub;perez,,2,5
2025-02-24,,Revenant,7168;15203;20761;21972,lauNX;NBK-;Neityu;Nivera;reiko,,4,5
2025-02-24,,ADEPTS,15118;21331;21967;22481,cHeuuuuk;Chucky;HippoV;SBT;Tarkky,,4,5
2025-02-24,10854.0,los kogutos,20282;20284;21142;22385;24734,kRaSnaL;maaryy;mASKED;Melavi;tein,887e6c08c0147fd6a1f5,5,5
2025-02-24,9735.0,Lilmix,3329;13669;22380,bq;bsover;HugoXD;Jackinho;quix,,3,5
2025-02-24,12967.0,WW,13157;14175;21690;22350;23927,Aunkere;ct0m;Jerry;StRoGo;tried,6ecb71f497aacb2079ca,5,5
2025-02-24,10960.0,Young Ninjas,16811;22759;23372,BluePho3nix;jocab;MisteM;Silence;xKacpersky,,3,5
2025-02-24,,PeeP,19297;20504;24485,aNsavage;Brilliance;la3euka;yiksrezo;YumsaN,,3,5
2025-02-24,11421.0,Kosovo,20434;21108,BledarD;Caleyy;deb0;Dementor;HYPERI1,,2,5
2025-02-24,,JOGA DE TERNO,23960;24298;24328,ALENNNCAR;BALEROSTYLE;BRNZ1K;Lukita;sakamoto,,3,5
2025-02-24,,jahsdnmasjdm,14744;20692,calamity;dea;intra;LEARSI;sacrifice,,2,5
2025-02-24,12908.0,Aether,23830,Drew;Frost;Izik;LUKE4k;SolGoat,,1,5
2025-02-24,5479.0,Mythic,8503;15007;20510;20793;22022,Austin;Cooper;fl0m;hyza;Trucklover86,3b40a809b0d8c9007db9,5,5
2025-02-24,,Chile,,alexer;DOPWEEK;KratZen;OrphaN;wait,,0,5
2025-02-24,13151.0,Tropa do KinGui,19975;22423;24294;24716,brokeN;cLd;clon7;flash;wallz1k,,4,5
2025-02-24,,True Rippers,,Anasasis;Crunchy;DEFAULTER;Mcg!LLzZz;Rossi,,0,5
2025-02-24,,Tunisia,,Falez;Potei;Remind;RiglA;zaca,,0,5
2025-02-24,,Jordan,19763,BOROS;hunt3rr;REAL1ZE;sprantos;tr1,,1,5
2025-02-24,,Lore,20510,hyza;JoJo;ondyey;seNsite;SlooKy,,1,5
2025-02-24,11905.0,paiN Academy,22566,deemO;legy;Markz;PremiuM;Tatu,,1,5
2025-02-24,,Galorys Academy,24015;24224,bacc;insan1ty;kadzz;prisma;trindade,,2,5
2025-02-24,13579.0,USA,17437;20234;23199,CoJoMo;Gabe;Louie;mason;mds,,3,5
2025-03-03,7020.0,Spirit,7716;16920;18317;20423;21167,chopper;donk;magixx;sh1ro;zont1x,8ddd7c3d52942c256b57,5,5
2025-03-03,9565.0,Vitality,7322;11816;11893;16693;18462,apEX;flameZ;mezii;ropz;ZywOo,91c93eb867d7d47bf729,5,5
2025-03-03,6248.0,The MongolZ,20194;20275;20903;21001;21809,910;bLitz;mzinho;Senzu;Techno,75e5d950f37342b03568,5,5
2025-03-03,4494.0,MOUZ,13666;18072;18221;18850;20312,Brollan;Jimpphat;Spinx;torzsi;xertioN,43f602c729e986479a12,5,5
2025-03-03,6667.0,FaZe,429;8183;8738;9960;18053,broky;EliGE;frozen;karrigan;rain,9daa2e0f8baba62ac327,5,5
2025-03-03,11283.0,Falcons,3741;9032;12018;19677,degster;kyxsan;Magisk;NiKo;TeSeS,,4,5
2025-03-03,11251.0,Eternal Fire,150;7938;8574;21243;22361,jottAAA;MAJ3R;Wicadia;woxic;XANTARES,0a254842e1149d2d09f6,5,5
2025-03-03,5995.0,G2,2553;3972;11617;19230;20447,HeavyGod;huNter-;m0NESY;malbsMd;Snax,486da06de1ee8c33aa1d,5,5
2025-03-03,4608.0,Natus Vincere,9816;14759;18987;19206;20127,Aleksib;b1t;iM;jL;w0nderful,996316e9c05448acf739,5,5
2025-03-03,6665.0,Astralis,7592;7964;10994;17956;20304,cadiaN;device;jabbi;Staehr;stavn,99347eabbb0a1fedcb74,5,5
2025-03-03,4773.0,paiN,18141;18865;19694;20085,biguzera;dav1deuS;kauez;nqz;snow,,4,5
2025-03-03,5378.0,Virtus.pro,8918;12732;20101;20994;21439,electroNic;fame;FL1T;FL4MUS;ICY,f1c05542faa91e6b6868,5,5
2025-03-03,9928.0,GamerLegion,9278;16486;20301;20870,PR;REZ;sl3nd;Tauson;ztr,,4,5
2025-03-03,4914.0,3DMAX,8374;13138;19739;21969,bodyy;Ex3rcice;Graviti;Lucky;Maka,,4,5
2025-03-03,5973.0,Liquid,4679;8520;9436;10394;21763,jks;NAF;NertZ;Twistzz;ultimate,08cb3a4c68233b3b9901,5,5
2025-03-03,8297.0,FURIA,2023;10566;12553;15631;18676,chelo;FalleN;KSCERATO;skullz;yuurih,677d24247aa53119fe45,5,5
2025-03-03,7532.0,BIG,5794;14929;19899;20170,hyped;JDC;Krimbo;kyuubii;tabseN,,4,5
2025-03-03,9215.0,MIBR,11154;18717;18835;21037,drop;exit;insani;Lucaozy;saffee,,4,5
2025-03-03,10567.0,SAW,630;1154;20462;21014,Ag1l;MUTiRiS;roman;Shr;story,,4,5
2025-03-03,12257.0,Wildcard,8507;8711;16726;21163;21665,JBa;phzy;Sonic;stanislaw;susp,928ad8a13dcda967f95d,5,5
2025-03-03,11241.0,B8,19592;20112;21708;22842;23643,alex666;esenthial;headtr1ck;kensizor;npl,a557275c96d577ef4eaf,5,5
2025-03-03,7175.0,HEROIC,19164;19187;19310;19808;22047,LNZ;SunPayus;tN1R;xfl0ud;yxngstxr,a640c4181cc7b506ee9c,5,5
2025-03-03,5005.0,Complexity,11630;12840;13578;17353;21620,Cxzi;Grim;hallzerk;JT;nicx,a957c1e3fa87abcbbeb9,5,5
2025-03-03,12000.0,500,11217;11219;11343;17145,CeRq;oxygeN;Rainwaker;SHiPZ;SPELLAN,,4,5
2025-03-03,9455.0,Imperial,12822;19869;20026;20183;22564,chayJESUS;decenty;noway;try;VINI,a71e6e7f6daa2e9d3935,5,5
2025-03-03,12878.0,BC.Game,9618;13670;18571;21139,CYPHER;jkaem;nawwk;nexa;pr1metapz,,4,5
2025-03-03,11838.0,Partizan,11777;13026;20252;20253;20813,c0llins;Dragon;Kind0;Maden;VLDN,745ffd1c1652e3bdb05d,5,5
2025-03-03,12774.0,FlyQuest,9115;10588;11140;17384;20123,dexter;INS;Liazz;regali;Vexite,6134a6e55af912438a31,5,5
2025-03-03,5347.0,BLUEJAYS,18706;19079;19128;19711,freshie;Fruitcupx;SLIGHT;snav;Wolffe,,4,5
2025-03-03,12394.0,BetBoom,11840;15662;16555;18506;21667,Ax1Le;Boombl4;Magnojez;S1ren;zorte,351de843dc8e3cb18d4c,5,5
2025-03-03,12312.0,ATOX,22333;22415;23457,AccuracyTG;dobu;kabal;MiQ;Zesta,,3,5
2025-03-03,12426.0,Passion UA,21452;23046;23414;23415,jackasmo;jambo;Kvem;Topa;zeRRoFIX,,4,5
2025-03-03,6673.0,NRG,7687;13249;16717;18838;20333,br0;HexT;Jeorge;nitr0;oSee,495b9c702d422c543a21,5,5
2025-03-03,4991.0,fnatic,7528;15165;17803;21062;22904,blameF;Burmylov;fear;KRIMZ;MATYS,9408d7d410d7d138b52e,5,5
2025-03-03,11883.0,9 Pandas,12027;17011;19920;20357;20709,d1Ledez;KaiR0N-;Krad;r3salt;shalfey,34daca2b7d6b78502551,5,5
2025-03-03,12376.0,M80,15370;16599;17378;20104;22921,Lake;reck;s1n;slaxz-;Swisher,764bfbaf02d5ad51d83f,5,5
2025-03-03,7441.0,ECLOT,14388;19069;19594;19815;21165,Dytor;forsyy;M1key;nbqq;The eLiVe,159abc6f79fc9c136486,5,5
2025-03-03,12471.0,GUN5,13240;18670;22471;23047;23783,fineshine52;Lack1;Sdaim;SELLTER;xiELO,593278a31ea5fb5d71a9,5,5
2025-03-03,8113.0,Sharks,20558;21170;21921;22911;23588,doc;gafolo;koala;n1cks;rdnzao,3d0059791db0c4f7bd1f,5,5
2025-03-03,4869.0,ENCE,12731;21815;21972;23372,gla1ve;Neityu;podi;sdy;xKacpersky,,4,5
2025-03-03,10278.0,9INE,14932;20300;21159,BERRY;bobeksde;faveN;kraghen;mantuu,,3,5
2025-03-03,11641.0,Metizport,9766;14218;17937;20878;21164,adamb;hampus;isak;L00m1;Plopski,4d51241454abe4475e92,5,5
2025-03-03,10976.0,FURIA fe,11872;16340;17288;21219;22839,bizinha;gabs;izaa;kaahSENSEI;lulitenz,10dd16af0d8ef7254cf3,5,5
2025-03-03,12468.0,Legacy,15698;19045;19686;20563;22965,dumau;latto;lux;n1ssim;saadzin,5cfd43d0258204c4872c,5,5
2025-03-03,7900.0,Spirit Academy,22864;23319;24176;24177,alkarenn;kyousuke;Mokuj1n;robo;syph0,,4,5
2025-03-03,12828.0,Imperial Valkyries,12758;16497;18775;21756,ANa;Kat;tory;twenty3;zAAz,,4,5
2025-03-03,7187.0,Nexus,1206;9626;17116;18294;19817,ADRON;BTN;ragga;s0und;XELLOW,6add12c1e9adec02e609,5,5
2025-03-03,11837.0,Fluxo,12521;18714;20385;20939,arT;history;kye;nicks;piriajr,,4,5
2025-03-03,9466.0,GTZ,16102;17003;20054,Linko;ms;NOPEEJ;rafaxF;snapy,,3,5
2025-03-03,10503.0,OG,19044;19064;19926;20941;21983,afro;Buzz;Chr1zN;F1KU;spooke,1c7f6d4b70c984711fa8,5,5
2025-03-03,10371.0,NAVI Junior,20584;22203;22673;22674;23553,cmtry;dem0n;dziugss;Krabeni;makazze,2c03c52da3ae13074093,5,5
2025-03-03,7969.0,Nemiga,20387;21266;22460;23317;23685,1eeR;khaN;riskyb0b;Xant3r;zweih,5f7d948e2932e569ccbe,5,5
2025-03-03,11712.0,Sashi,16705;16723;16731;20090,Altekz;Cabbi;IceBerg;Lucky;Zyphon,,4,5
2025-03-03,,Poland fe,21727;22062;22063;22065,Angelka;Hanka;LETi;Liina;vicu,,4,5
2025-03-03,12144.0,BESTIA,2161;16314;20394;21155;22570,luchov;naz;Noktse;pancc;tomaszin,856b7a0559245db92cf2,5,5
2025-03-03,12604.0,Johnny Speeds,9255;9766;19064;21012;21159,bobeksde;draken;hampus;Ro1f;spooke,a2051d0db9aa8f62c0e0,5,5
2025-03-03,12380.0,CYBERSHOKE,17508;20948;21710;22803;22879,bl1x1;FenomeN;glowiing;lov1kus;notineki,147ad7582e5f73129850,5,5
2025-03-03,11514.0,Rare Atom,7028;19681;21825,ChildKing;kaze;L1haNg;somebody;Summer,,3,5
2025-03-03,13178.0,Novaq,11940;22537;23541;23599,def1zer;forkyz;neaLaN;Pumpkin66;tasman,,4,5
2025-03-03,11811.0,Monte,16080;16848;17504;19733;20282,DemQQ;dycha;hades;KEi;kRaSnaL,f6867fa7ba13b580c30f,5,5
2025-03-03,,Cloud9,11840;15071;16555;20447;21439,Ax1Le;Boombl4;HeavyGod;ICY;interz,31036d7867d816f762b5,5,5
2025-03-03,4411.0,Ninjas in Pyjamas,9278;16811;17937;20425;22759,isak;jocab;MisteM;r1nkle;REZ,3bc05fc25b51bc00c745,5,5
2025-03-03,11827.0,JANO,4076;18848,Aerial;allu;HENU;Jelo;Sm1llee,,2,5
2025-03-03,13124.0,Marsborne,12937;13230;19705;22069,chop;Grizz;Minus;motm;WolfY,,4,5
2025-03-03,12960.0,Fire Flux,8212;9353;20625;20968,Banjo;paz;S3NSEY;ScrunK;soulfly,,4,5
2025-03-03,12009.0,Permitta,20018;20283;20284;20309;21142,bnox;fr3nd;maaryy;mASKED;tomiko,68ef901df1657b4f9df2,5,5
2025-03-03,11768.0,ODDIK,14390;17181;24782,Ceruttera;matios;naitte;togs;WOOD7,,3,5
2025-03-03,12233.0,Solid,9483;16645;18743;20522;23551,destiny;drg;gbb;nython;tomate,21a7646cd27ff716f6a6,5,5
2025-03-03,11948.0,Nouns,14494;15176;19846;22135,CLASIA;Cryptic;junior;Peeping;RUSH,,4,5
2025-03-03,12097.0,Eruption,18638;19538;21428;24123;24125,fury5k;MagnumZ;sideffect;sk0R;xenization,48aba9d867b9c721551d,5,5
2025-03-03,13104.0,Iberian Soul,8371;9254;11205;18749;19509,alex;dav1g;mopoz;sausol;stadodo,6ca7d79ae1c6411ec50d,5,5
2025-03-03,12510.0,The Huns,15072;19957;20703,Bart4k;cobra;nin9;Veccil;xerolte,,3,5
2025-03-03,13106.0,Getting Info,10892;17918;19710;20692,cJ dA K1nG;dare;dea;MarKE;nosraC,,4,5
2025-03-03,4501.0,ALTERNATE aTTaX,19284;20122,ArroW;FreeZe;hyped;PerX;prosus,,2,5
2025-03-03,,Apogee,18070;18979;22383;23765;23766,Demho;hfah;hypex;jcobbb;Prism,1191985bc02c56d5769c,5,5
2025-03-03,12415.0,Gods Reign,23323,Bhavi;f1redup;Ph1NNN;R2B2;Rossi,,1,5
2025-03-03,11811.0,Monte,16848;19733;21217;21816,DemQQ;Gizmy;hades;leen;ryu,,4,5
2025-03-03,12467.0,PARIVISION,13239;13776;16948;19235;22929,BELCHONOKK;Jame;nota;Qikert;TRAVIS,8f1b660374056c309a4c,5,5
2025-03-03,11419.0,ECSTATIC,10961;11995;20417;21779;22695,Anlelele;Kristou;nut nut;sirah;TMB,eca76dd469044ed07bc1,5,5
2025-03-03,8840.0,Lynn Vision,16551;18744;20254;22922;23100,C4LLM3SU3;EmiliaQAQ;Starry;Westmelon;z4kr,dbed042ec191be814f2c,5,5
2025-03-03,10577.0,SINNERS,8488;11199;12810;20229;23763,beastik;MoriiSko;Pepo;SHOCK;ZEDKO,2740412c48959f554e2c,5,5
2025-03-03,13133.0,Prototype Blaze,1656;21793;21849;22356,ASTRA;Emerald;Kaoday;Monkey D Julie;RacheLL,,4,5
2025-03-03,13105.0,ALASKA,20336;20339;20340;22192,arTisT;Extinct;Girafffe;Tree60;Vacancy,,4,5
2025-03-03,7176.0,RED Canids,8565;9216;9219;21288;22126,coldzera;felps;HEN1;nyezin;venomzera,bf90bcbf6d379cbbf7c8,5,5
2025-03-03,4602.0,Tricked,13749,Nodios;Queenix;roeJ;salazar;valde,,1,5
2025-03-03,12474.0,Alliance,7443;9811;16487;22760;22860,avid;eraa;PlesseN;twist;upE,db319c58b5a99d95930a,5,5
2025-03-03,8038.0,Party Astronauts,13250;17372;17929;18761;22967,ben1337;FaNg;ogwizard;viz;Walco,1dd57eb0278eb52e3d2e,5,5
2025-03-03,4548.0,CPH Wolves,13669;17113;20637;20926;22048,aNdu;b1elany;Jackinho;szejn;Tapewaare,211deb9c07219e5ea3fb,5,5
2025-03-03,11523.0,Zero Tenacity,5351;8311;21302;21783;21784,aVN;brutmonster;Cjoffo;nEMANHA;simke,78c45e5390fe107cd659,5,5
2025-03-03,11861.0,Aurora,12004;19236;19673;19882;22884,clax;gr1ks;KENSI;Norwi;Patsi,0e7ced82edf77cf5b175,5,5
2025-03-03,13098.0,Chimera,22459;22880;23193;23302;24726,bluewh1te;m1QUSE;sh1nejezzz;VILBy;z3ndeR,42e159c01ad11eff3695,5,5
2025-03-03,12818.0,FAVBET,2131;18240;20110;20228,bondik;j3kie;Marix;Smash;t3ns1on,,4,5
2025-03-03,12858.0,kONO,19614;19617;22842,amster;byr9;kensizor;nifee;s4ltovsk1yy,,3,5
2025-03-03,13121.0,Eco Warriors,7653;15831;22062;22065;23049,Angelka;D7;juliano;kyossa;vicu,f311e6ce5ebd1a40a35b,5,5
2025-03-03,13184.0,WildLotus,11271;13718;15117;15369,birdfromsky;Keoz;REDSTAR;smooya;Vegi,,4,5
2025-03-03,12559.0,RUSH B,3459;20534;22040;22927;22930,executor;kinqie;KIRO;tex1y;z1Nny,7b0b9043d43aaf43b52c,5,5
2025-03-03,12764.0,Arrow,,Kre1N;Orbit;P4TriCK;Tionix;Twiksar,,0,5
2025-03-03,12586.0,AMKAL,12027;13982;16948;22929;24326,Forester;Krad;nota;topo;TRAVIS,511be8df08c558658f9a,5,5
2025-03-03,12646.0,Chinggis Warriors,15060;19229;21396;21398;22414,ariucle;controlez;Efire;NEUZ;ROUX,aa1a1aadf8a7ff47aafa,5,5
2025-03-03,,FLUFFY AIMERS,14799;23674;24048,brett;den1ed;jason;slump;Wolffe,,3,5
2025-03-03,11446.0,Leo,20421;21065;21650;21651;22649,kL1o;kr1vda;Malkiss;marat2k;OneUn1que,60c96df3b77e5b788a47,5,5
2025-03-03,12483.0,MIGHT,12102;17437,djay;Louie;Outback;Snakes;Voltage,,2,5
2025-03-03,12878.0,BC.Game,9261;18790;21139,CacaNito;GuardiaN;jkaem;Lekr0;pr1metapz,,3,5
2025-03-03,11609.0,GenOne,284;10569;19742;20482;21971,Brooxsy;devoduvek;drac;JACKZ;Kursy,91625ab3ea668cf9fc3f,5,5
2025-03-03,,Undone,13230;17353;19705,chop;Cxzi;motm;Skadoodle;steel,,3,5
2025-03-03,11718.0,BIG EQUIPA,7653;16764;20165;21727;22871,JennyR;juliano;LETi;pauliiee;Zana,d817dbf63c7931b871ef,5,5
2025-03-03,13189.0,Flshbck,15762;19563;23430,clouda;DEFAULTER;EmbeR;Mcg!LLzZz;reV3nnnn,,3,5
2025-03-03,12929.0,Victores Sumus,23325,RaYzEr;arakyN;Benzene;ChAmP;Recoilmaster,,1,5
2025-03-03,12847.0,Kubix,21109,ammar;gejmzilla;rosoneriii;tripey;v1w,,1,5
2025-03-03,12787.0,WOPA,14242;20248;21571;22950,Gnøffe;leakz;PR1mE;sL1m3;Vster,,4,5
2025-03-03,11790.0,ENCE Academy,20677;21233;21930;22733;24149,2high;millert;myltsi;Schwarz;teme,9c4a36a264a74f4d8d93,5,5
2025-03-03,5058.0,Hungary,14202;21786,Aaron;coolio;kory;noleN;xavi,,2,5
2025-03-03,10947.0,Rhyno,20683;20750;22807;23140;23141,aragornN;Icarus;krazy;P3R3IIRA;seabraez,a5b74eab4210e81faa6e,5,5
2025-03-03,13024.0,8Sins,21990,Dutchy;moz;Prime;wfn;Wolfie,,1,5
2025-03-03,,USA fe,8640;14401,EMUHLEET;Emy;madss;olya;uhKelsie,,2,5
2025-03-03,13109.0,Swingers,17216;20083;21099;22109,bsd;leo_drk;MaLLby;ninjaZ;vinaabEAST,,4,5
2025-03-03,4863.0,TYLOO,8552;19645;20702;20895;21621,Attacker;JamYoung;Jee;Mercury;Moseyuh,2c632070ba401ebd2e9d,5,5
2025-03-03,11737.0,EYEBALLERS,3849;16029;22060;22914;23397,delle;dex;HEAP;JW;poiii,c56d0a8e8d57b2d80c10,5,5
2025-03-03,10278.0,9INE,2898;14176;19817,mantuu;misutaaa;raalz;refrezh;s0und,,3,5
2025-03-03,,Fluxo Demons,20503;21736;21800;21801,annaEX;goddess;josi;poppins;yungher,,4,5
2025-03-03,8813.0,Illuminar,22129;24179,AntyVirus;discoStar;Furlan;kadziu;SpavaQu,,2,5
2025-03-03,13146.0,Supernova Comets,16581;22302;23391;24393;24415,empathy;Fawx;raven;Serendipity;Stx,a6dffd2855ad5f4f2190,5,5
2025-03-03,12769.0,Fisher College,13298;19602;20429;22137,AlekS;corn;CrePoW;ReFuZR;tatm,,4,5
2025-03-03,11711.0,Players,22085,hug1;MITHPUTTINI;spinnie;voltera;xns,,1,5
2025-03-03,9996.0,9z,12092;15914;19698;21239;22613,adamS;HUASOPEEK;Luken;MartinezSa;max,6add9229eeecdc064d8c,5,5
2025-03-03,,Sampi,8488;14388,fino;sAvana1;semtex;The eLiVe;ZEDKO,,2,5
2025-03-03,11283.0,Falcons,922;7998;9032;11777,dupreeh;Maden;Magisk;s1mple;Snappi,,4,5
2025-03-03,12833.0,TNL,24168;24281;24283,cairne;onic;St0m4k;yukitoro;zogeN,,3,5
2025-03-03,10459.0,ARCRED,18447;18671;19703;21363;21369,1NVISIBLEE;DSSj;Get_Jeka;Ryujin;shg,40c702299d63a1ed6d38,5,5
2025-03-03,11948.0,Nouns,14494;17918;20333,cJ dA K1nG;Jeorge;junior;nosraC;RUSH,,3,5
2025-03-03,,TSM,3741;10330;20090;22695,acoR;niko;sirah;valde;Zyphon,,4,5
2025-03-03,,ex-Enterprise,15940;18070;20413;20958;20960,bajmi;Demho;ex1st;mwlky;Sobol,62d9750c4f75e924b088,5,5
2025-03-03,7234.0,Endpoint,7996;22106;22702,AZUWU;cej0t;CRUC1AL;MiGHTYMAX;Surreal,,3,5
2025-03-03,12267.0,UNiTY,15818;15821;22371;23469,K1-FiDa;Levi;NEOFRAG;Pechyn;woozzzi,,4,5
2025-03-03,13025.0,Tropa do Taco,16816;16817;16835,farias;hardzao;ponter;TACO;vsm,,3,5
2025-03-03,12548.0,Dusty Roots,18554;21221;24749,1962;FraGuTy;maxxkor;tom1jed;toto,,3,5
2025-03-03,12467.0,PARIVISION,13239;19235;19673;20430;21348,alpha;ArtFr0st;BELCHONOKK;Patsi;Qikert,043e31e963ce7277bf47,5,5
2025-03-03,13158.0,Dark Cloud,20413;23767;24243,AdrieN;chudy;darchevile;mwlky;Nami,,3,5
2025-03-03,11555.0,UNO MILLE,2544;13287;14010;17132,bnc;Leomonster;realz1n;remix;zmb,,4,5
2025-03-03,12544.0,adalYamigos,11213;18140;19972;20185,cass1n;ckzao;delboNi;f4stzin;SHOOWTiME,,4,5
2025-03-03,11321.0,Kappa Bar,7700;16487,Bååten;eraa;robiin;SeBreeZe;Siz,,2,5
2025-03-03,,SINNERS Academy,23763,BORO;DALIEN;dreez;outex;Pepo,,1,5
2025-03-03,12776.0,Bounty Hunters,14394;14737;18322;20690,Bruninho;KAISER;meyern;Tuurtle;zock,,4,5
2025-03-03,11955.0,LAG,21021,Experative;niise;spud;TR0JN;Weeza,,1,5
2025-03-03,12857.0,FORZE Reload,21367;21392;21447;22535;23628,dwushka;KusMe;shady;spirit;xdENiSZERA,4a6926e093b865962ae3,5,5
2025-03-03,12971.0,Wanted Goons,23589,febreeze;Johan;killerPandas;KmZ;Magic,,1,5
2025-03-03,11917.0,NIP Impact,1572;21796;21798;22095;23090,aiM;Nayomy;Qiyarah;ramziiN;vilga,4c0a0f62bc8d88416e7e,5,5
2025-03-03,13118.0,Adventurers,9656;12781;16885;20422,hAdji;k1to;meztal;OWNER;Woro2k,,4,5
2025-03-03,,Rebels,3669;15940;20283;21715;23295,flayy;innocent;kisserek;Sobol;tomiko,7f875c8fdb10914aef8b,5,5
2025-03-03,12312.0,ATOX,19536;22333,FlyNN;kabal;masti;MiQ;yAmi,,2,5
2025-03-03,11581.0,HOTU,18752;19962;21385;24190,kade0;lampada;mizu;Re1GN;youka,,4,5
2025-03-03,11933.0,Yawara,22364;22957;24284;24772,j0w;nardes;revoltz;stax;tele D,,4,5
2025-03-03,11585.0,IHC,15861;18150;19536;19537,clouden;cool4st;me1o;rate;yAmi,,4,5
2025-03-03,2955.0,Denmark fe,23621,anja;Ismo;KiTKaT;marie;Sukkerzhok,,1,5
2025-03-03,12124.0,Insilio,18510;20197;20201;21630,faydett;FpSSS;Pipw;Polt;sugaR,,4,5
2025-03-03,10947.0,Rhyno,17003;20054;21014;23140;23237,Ag1l;krazy;rafaxF;snapy;TMKj,72d08ab16db0741beda4,5,5
2025-03-03,3044.0,MIBR Academy,20029;21286;21700;22964;23094,brn$;card;mlhzin;RenanZin;stormzyn,80a0affe3645e4b79deb,5,5
2025-03-03,12895.0,K27,19575;22886;23684;23686;24725,kashl1d;qw1nk1;relaxxie;X5G7V;xeedo,e750fe564bbd5d2ce6ca,5,5
2025-03-03,12586.0,AMKAL,13982;21692;22075;22076;24144,AW;Forester;kAlash;molodoy;sFade8,07729bc73afc6242f3df,5,5
2025-03-03,13177.0,SUPER EVIL GANG,,arias;DooM;flow;Misha;Talen,,0,5
2025-03-03,,Apogee,18070;18979;22008;22473;22476,Demho;Prism;Qlocuu;swiz;virtuoso,0c6a726e6fc83427ec55,5,5
2025-03-03,12124.0,Insilio,18510;20197;22535;22536;23048,dwushka;faydett;kelieN;mag1k3Y;sugaR,d68f621c0c4769cf3779,5,5
2025-03-03,,ex-GR,,7nation;mediocrity;Runnin;SALO_MUX;weqt2,,0,5
2025-03-03,7176.0,RED Canids,8565;16817;18743;18865;21288,dav1deuS;hardzao;HEN1;nython;venomzera,5a7d30f62a1a7fe5dedc,5,5
2025-03-03,13083.0,Big W,,Crazy_Gamer;CycloneF;hattygOD;N1kace;SpawN,,0,5
2025-03-03,,Case,18875;21099;22126;22181,bsd;nyezin;RICIOLI;urban0;yepz,,4,5
2025-03-03,12334.0,Preasy,13077;22091;23106;23338,AcilioN;Beccie;Griller;Patti;Viggo,,4,5
2025-03-03,6668.0,FLuffy Gangsters,24171;24172,Djon8;h1ghnesS;SoLb;takanashi;yuramyata,,2,5
2025-03-03,,K27 fe,24005;24006,Elizabeth;f6tal;k175un4;sosya;wieenN,,2,5
2025-03-03,4548.0,CPH Wolves,16487;16718;17113;18749;22048,eraa;Fessor;sausol;szejn;Tapewaare,7a37c1c422a967d5a2fe,5,5
2025-03-03,12959.0,ShindeN,19872;19985;20451;20992,abizz;BK1;ivz;nacho;roy,,4,5
2025-03-03,12858.0,kONO,16147;19614;19617,amster;cptkurtka023;s4ltovsk1yy;Sijeyy;zogeN,,3,5
2025-03-03,13116.0,UR,20258;21323;21509;23596,expSasiKi;Miami;rage;Risk;SPine,,4,5
2025-03-03,10245.0,JiJieHao,13466;17675;18163;19763,Aaron;Bibu;BOROS;dennyslaw;m1N1,,4,5
2025-03-03,11585.0,IHC,15861;19229;22414;22415;23457,AccuracyTG;Efire;rate;ROUX;Zesta,b2e8430f424a52a90312,5,5
2025-03-03,9139.0,BRUTE,23206;24261,m0nsterr;realzen;sAvana1;v4NO;w4rden,,2,5
2025-03-03,12890.0,Bad News Chickens,17132;17133;20521,Alisson;desh;Leomonster;short;skr,,3,5
2025-03-03,13029.0,RED Canids Academy,,edv;FasteR;gtw;n0page;sanc,,0,5
2025-03-03,10954.0,Astralis Talent,21381,ANSG1;kiR;kroK;suma;Zanto,,1,5
2025-03-03,9928.0,GamerLegion,16486;20358;20870;20926;20994,aNdu;FL4MUS;sl3nd;volt;ztr,470f5d0e32cea90a0552,5,5
2025-03-03,13115.0,harizma,,DeFFeN;Haski4;lame;yato;ZinGY,,0,5
2025-03-03,13067.0,Immigrants peek,24045;24808,bezymecc;H0NeST;myline;nico1ajus;Termina,,2,5
2025-03-03,11668.0,Mindfreak,,gump;pain;Rickeh;Texta;tucks,,0,5
2025-03-03,,inSanitY,11739;17553;18140;20185,cass1n;f4stzin;iDk;pesadelo;shz,,4,5
2025-03-03,4411.0,Ninjas in Pyjamas,284;922;14148;20425;20464,ewjerkz;JACKZ;r1nkle;sjuush;Snappi,bc4239550c720cb140ff,5,5
2025-03-03,12611.0,vagrants,14799;22552;23199,brett;Cyrix;mason;Sandman;Seb,,3,5
2025-03-03,12677.0,Galorys,11213;18610;20083;22362;23551,delboNi;detr0ittJ;ninjaZ;tomate;xureba,84c83b01f7e6083c960c,5,5
2025-03-03,12988.0,GameHunters,10827;17028;22084,abr;mello;nolkz;prt;slashzz,,3,5
2025-03-03,,timbermen,19709;19710;19711,aleph;dare;nero;shane;snav,,3,5
2025-03-03,13110.0,Chill Guys,23589;23675,Evan;MagiC;MERL;NIGHT666LADE;TABEN,,2,5
2025-03-03,12522.0,Heimo,9325;14236,arvid;japE;oopee;Welho;ykis,,2,5
2025-03-03,,HSG fe,11215,Ann4;gfi;Hazel;Olga;XiaoWu,,1,5
2025-03-03,12983.0,st4rboys,,Ang3l10wOw;Bloody;hf;pavast4r;Sharpshooter,,0,5
2025-03-03,10621.0,1WIN,8528;23770;23771,cronuss;HObbit;klain;oz1k;sh1geo,,3,5
2025-03-03,10975.0,MIBR fe,16341;22270;23463,Babs;Dani;GaBi;hera;showliana,,3,5
2025-03-03,9862.0,devils.one,20071;20686;20945;23297,fanatyk;Frontsiderr;PeTeRoOo;suonko;ZEMO,,4,5
2025-03-03,12833.0,TNL,23642;24168;24282;24283,cairne;Dawy;Flierax;nifee;onic,,4,5
2025-03-03,13112.0,Bad News Capybaras,13689;20234;21749,cbass;Gabe;Grave;jchancE;LaffyTs,,3,5
2025-03-03,13107.0,Chicken Coop,18442;22133;24660,BAGEL;BiNoX;FRIZZY;LittleBEER;taggy,,3,5
2025-03-03,12567.0,Akimbo,19177;20572;23458,consti;kmrn;laxiee;obi;zy,,3,5
2025-03-03,12777.0,Permitta W,1656;24005,Monkey D Julie;oxycet;Tynka;Victoria;wieenN,,2,5
2025-03-03,12421.0,Let Her Cook,22023;22024;23052;23436,Joanana;ManeschijnX;meli;spike;suns1de,,4,5
2025-03-03,5117.0,Czech Republic,15821,darber;NEOFRAG;olik;pandi7o;PerdY,,1,5
2025-03-03,10900.0,KRÜ,9221;18549;21169,atarax1a;deco;laser;reversive;righi,,3,5
2025-03-03,12915.0,NITRO,21284,beg0d;happ;Lcm;leleo;LUCAS1,,1,5
2025-03-03,,Spirit fe,22029,AverOna;Jammie;kr4sy;Rony4ka;uulis,,1,5
2025-03-03,,FLUFFY MAFIA,,bored3m;daria;PiggyKiki;sakura;sckrafft,,0,5
2025-03-03,12556.0,Nouns fe,,ashe;jesscas;lunari;raynee;violet,,0,5
2025-03-03,13148.0,DogEvil,16768;16778;19735;20808;22000,B1NGO;BZA;lan;Roninbaby;Tiger,01377c9695eeb3925cf1,5,5
2025-03-03,,Latvia,14990;19566;20003;21512,Frip;keen;prelideN;rud;shadiy,,4,5
2025-03-03,,undefined,13230;19705;19846;20204,BeaKie;chop;CLASIA;motm;stamina,,4,5
2025-03-03,13153.0,Hesta,21445;21686;23687;24806;24807,abiraju;anttzz;frontales;Muk0s;slaxejezzz,f5cffaa253b25112d40e,5,5
2025-03-03,11263.0,Only One Word,21395,BaN4na;Freeman;Oath;Terryyy;viridian,,1,5
2025-03-03,13053.0,Just Swing,8598;10722;20354;22441;24644,gas;Marek;Purely;qqGOD;VanceKK,06197469c87fcf7fc690,5,5
2025-03-03,,TSM Impact,,Bungee;di^;Juli;Lx;madss,,0,5
2025-03-03,9881.0,Rooster,12877;18545;20527;20881,asap;chelleos;DannyG;sliimey;TjP,,4,5
2025-03-03,12901.0,SemperFi,14990;20003;20244,keen;SaVage;shadiy;Valiance;vision,,3,5
2025-03-03,12301.0,FlyQuest RED,8850;14401;18641;22111;23621,BiBiAhn;Emy;GooseBreeder;marie;vanessa,207c2e8550328eb5b8f3,5,5
2025-03-03,13082.0,Exceritus,,Antuanette;BabyRage;SJR;Slayerhz;zockie,,0,5
2025-03-03,13137.0,Familia Maquininha,10838;10840;16814;18610;20885,danoco;detr0ittJ;fREQ;mawth;tatazin,c945590e437a5c2dfada,5,5
2025-03-03,,inSanitY fe,23148,armk4m;Brendinha;cAmyy;chjna;ujliana,,1,5
2025-03-03,11312.0,QUAZAR,23687;24316;24317;24318;24319,gehji;Muk0s;n4mb3r5;tommy;whisper,5c916781e1112d162675,5,5
2025-03-03,13122.0,nomercy fe,,aiveri;akiyanora;meo;turboxgirl;unknxwn,,0,5
2025-03-03,12912.0,thekillaz fe,21042,Cellax;fly;hera;Samys;showliana,,1,5
2025-03-03,,Insomnia,21265;23614,ANeraX;Bambosh;hotd0g;pendzelek;sNx,,2,5
2025-03-03,9506.0,Viperio,21657;23735,dezt;shyyne;Skrimo;swicher;zodi,,2,5
2025-03-03,13005.0,MCS,24528,Go0dby3;Oczarka;ogura;Scorchyy;snufaffu,,1,5
2025-03-03,,Turkey,15835;21023;22504;23274;24625,EMSTAR;h0kz;imoRR;lugseN;scolleN,4319604aa7eccff679df,5,5
2025-03-03,12431.0,Betera,13281;19874;20422;22459;24173,El1an;MaSvAl;OWNER;sh1nejezzz;tENZY,75033a164399b2acc065,5,5
2025-03-03,12789.0,LaChampionsLiga,17997;19086;20689;23150;24091,dott1;Hezz;lenci;pavv;rzk,2bc380a21b94f7716bbf,5,5
2025-03-03,,Norway,22048,Grus;sense;shyyne;SLY;Tapewaare,,1,5
2025-03-03,7720.0,InControl,20330;23672;23690,Beast;DYLAN;jsfeltner;milo;TyRa,,3,5
2025-03-03,,PEAK fe,23514,Cara de Banana;Dynasty;Eleven;Luulu4k;valulu,,1,5
2025-03-03,12087.0,Lazer Cats,22706;23151;23589,7oX1C;Magic;nikitea;Templ;yab0ku-,,3,5
2025-03-03,,Daystar,21775;23106;24426,BehinDx;mAnGo;Speedie;stesso;Viggo,,3,5
2025-03-03,13052.0,2070,,Demonos;lealziNho;roz;swarmyzz;voltera,,0,5
2025-03-03,12921.0,Housebets,,apocdud;BRACE;damyo;pz;yourwombat,,0,5
2025-03-03,,Aware fe,,Cloudy;DangerCat;eepy rain;Lexa;thecatt,,0,5
2025-03-03,,Blue Otter Karma,8183;8640;23524,buhnny;Ellie;EMUHLEET;olya;rain,,3,5
2025-03-03,12702.0,Lotus fe,23391,Axessor;Fawx;GRIMOIRE;Knopk@;Zazu,,1,5
2025-03-03,12533.0,Atrix,19998;21733;23092,LyttleZ;REGIANE;s1non;segalla;Sofiaxyz,,3,5
2025-03-03,8210.0,TALON,14294;18214;20086,ADDICT;hazr;malta;nettik;sterling,,3,5
2025-03-03,12363.0,Arcade,,foggers;Kras;TRIPLUS;versa;void,,0,5
2025-03-03,12152.0,KZG,,Estate;foggers;Hassie;Kras;Samuukxs,,0,5
2025-03-03,4532.0,ESC,20245;20284;20958;21142;23668,AMSALEM;bajmi;maaryy;mASKED;SaMey,4e0c70f7e092d4484ed4,5,5
2025-03-03,13081.0,Fake do Biru,6593;16817;22362;23045;23829,hardzao;lukiz;Machado;PKL;xureba,3e745e61acc0cfa739a2,5,5
2025-03-03,12276.0,DXA,,helix;HUGH;Kiyo;Llamas;lucas222,,0,5
2025-03-03,12889.0,G2 Ares,19173;21272;23192;23544,fNk;hitori;ketsuo;kl1m;tAk,,4,5
2025-03-03,12472.0,MANTRA,,cheeseball;cookie;rekonz;SkulL;Winnieeeee,,0,5
2025-03-03,13092.0,BadGuys,9656;15569;16885;19763,BOROS;hAdji;leen;Sapec;Woro2k,,4,5
2025-03-03,13046.0,CS2News,13170;18456;20097;21431;22189,fostar;h4rn;H4SAN4TOR;kwezz;sstiNiX,412c231fcb8464d12a61,5,5
2025-03-03,5775.0,Elevate,20885;21100;22777;22956,diozera;fREQ;lash;short;zede,,4,5
2025-03-03,13027.0,Nuclear TigeRES,22430;22878;23303;24568;24569,flouzer;fluffy;h1kaN;k0s;senka,724f8d6e2a6db9ba88b9,5,5
2025-03-03,,Clutch,12956,hasteka;IZR;ORIGLONIKO;Tsogoo;Veccil,,1,5
2025-03-03,,Canada,21128,Gabie;J0LZ;Melio;Pluto;YuZ,,1,5
2025-03-03,12958.0,Al-Ittihad,22419,0SAMAS;0scar;b1lal;dodZ;sry,,1,5
2025-03-03,11011.0,Patins da Ferrari,18875;21290;22559,Jotag3;perez;proSHOW;rainny;RICIOLI,,3,5
2025-03-03,,SovvyKiNG,19575;21362;22039;22189,danistzz;H4SAN4TOR;rexxie;TruNiQ;X5G7V,,4,5
2025-03-03,12694.0,RUBY,20956;22189;22325;22326;23858,fozil;H4SAN4TOR;Kaide;mo0N;sowalio,c0963f9839e8b4d40d5c,5,5
2025-03-03,13147.0,Shika,19060,Biuckmt;jiejie;Siyi;splashske;Zy88,,1,5
2025-03-03,12455.0,Vantage,,Drox;Jynx;Mingovi;supar;swerzieN,,0,5
2025-03-03,10978.0,VELOX,10499;10506;24558,JonY BoY;maaxg1;nbl;toto;tutehen,,3,5
2025-03-03,,NewBALLS,19664;21513;23764;24348;24349,4X1s;Alv;deeN;strix;torox,b3df7c8c5731fd07316b,5,5
2025-03-03,11006.0,9z Academy,23549;24639,lezy;MaxOff;neozix;rw;zock9,,2,5
2025-03-03,,Final Form,20273;23410,CAJUN;CoolComs;Drop;FxRE;YNGHunter,,2,5
2025-03-03,11011.0,Patins da Ferrari,18891;21290,CSO;CutzMeretz;land1n;lub;perez,,2,5
2025-03-03,12900.0,NomadS,18150;24302;24303,clouden;CRYTICAL;HenX;hoolig4n;Paranormal,,3,5
2025-03-03,9735.0,Lilmix,3329;13669;22380,bq;bsover;HugoXD;Jackinho;quix,,3,5
2025-03-03,,ADEPTS,15118;21331;21967;22481,cHeuuuuk;Chucky;HippoV;SBT;Tarkky,,4,5
2025-03-03,10854.0,los kogutos,20282;20284;21142;22385;24734,kRaSnaL;maaryy;mASKED;Melavi;tein,887e6c08c0147fd6a1f5,5,5
2025-03-03,,Revenant,7168;15203;20761;21972,lauNX;NBK-;Neityu;Nivera;reiko,,4,5
2025-03-03,12967.0,WW,13157;14175;21690;22350;23927,Aunkere;ct0m;Jerry;StRoGo;tried,6ecb71f497aacb2079ca,5,5
2025-03-03,,JOGA DE TERNO,23960;24298;24328,ALENNNCAR;BALEROSTYLE;BRNZ1K;Lukita;sakamoto,,3,5
2025-03-03,,Justice For Tomorrow,,COOOOOOFFEE;ELFMELK;kasze;LarkoTaco;xc,,0,5
2025-03-03,11421.0,Kosovo,20434;21108,BledarD;Caleyy;deb0;Dementor;HYPERI1,,2,5
2025-03-03,,jahsdnmasjdm,14744;20692,calamity;dea;intra;LEARSI;sacrifice,,2,5
2025-03-03,5479.0,Mythic,8503;15007;20510;20793;22022,Austin;Cooper;fl0m;hyza;Trucklover86,3b40a809b0d8c9007db9,5,5
2025-03-03,12908.0,Aether,23830,Drew;Frost;Izik;LUKE4k;SolGoat,,1,5
2025-03-03,,Chile,,alexer;DOPWEEK;KratZen;OrphaN;wait,,0,5
2025-03-03,13151.0,Tropa do KinGui,19975;22423;24294;24716,brokeN;cLd;clon7;flash;wallz1k,,4,5
2025-03-03,,Tunisia,,Falez;Potei;Remind;RiglA;zaca,,0,5
2025-03-03,,Jordan,19763,BOROS;hunt3rr;REAL1ZE;sprantos;tr1,,1,5
2025-03-03,,Lore,20510,hyza;JoJo;ondyey;seNsite;SlooKy,,1,5
2025-03-03,11905.0,paiN Academy,22566,deemO;legy;Markz;PremiuM;Tatu,,1,5
2025-03-03,,Galorys Academy,24015;24224,bacc;insan1ty;kadzz;prisma;trindade,,2,5
2025-03-03,13579.0,USA,17437;20234;23199,CoJoMo;Gabe;Louie;mason;mds,,3,5
2025-04-07,9565.0,Vitality,7322;11816;11893;16693;18462,apEX;flameZ;mezii;ropz;ZywOo,91c93eb867d7d47bf729,5,5
2025-04-07,4494.0,MOUZ,13666;18072;18221;18850;20312,Brollan;Jimpphat;Spinx;torzsi;xertioN,43f602c729e986479a12,5,5
2025-04-07,7020.0,Spirit,7716;16920;18317;20423;21167,chopper;donk;magixx;sh1ro;zont1x,8ddd7c3d52942c256b57,5,5
2025-04-07,6248.0,The MongolZ,20194;20275;20903;21001;21809,910;bLitz;mzinho;Senzu;Techno,75e5d950f37342b03568,5,5
2025-04-07,11251.0,Eternal Fire,150;7938;8574;21243;22361,jottAAA;MAJ3R;Wicadia;woxic;XANTARES,0a254842e1149d2d09f6,5,5
2025-04-07,4608.0,Natus Vincere,9816;14759;18987;19206;20127,Aleksib;b1t;iM;jL;w0nderful,996316e9c05448acf739,5,5
2025-04-07,5995.0,G2,2553;3972;11617;19230;20447,HeavyGod;huNter-;m0NESY;malbsMd;Snax,486da06de1ee8c33aa1d,5,5
2025-04-07,11283.0,Falcons,3741;9032;12018;19677,degster;kyxsan;Magisk;NiKo;TeSeS,,4,5
2025-04-07,6667.0,FaZe,429;8183;8738;9960;18053,broky;EliGE;frozen;karrigan;rain,9daa2e0f8baba62ac327,5,5
2025-04-07,4914.0,3DMAX,8374;13138;19739;21969,bodyy;Ex3rcice;Graviti;Lucky;Maka,,4,5
2025-04-07,5973.0,Liquid,4679;8520;9436;10394;21763,jks;NAF;NertZ;Twistzz;ultimate,08cb3a4c68233b3b9901,5,5
2025-04-07,5378.0,Virtus.pro,8918;12732;20101;20994;21439,electroNic;fame;FL1T;FL4MUS;ICY,f1c05542faa91e6b6868,5,5
2025-04-07,6665.0,Astralis,7592;7964;10994;17956;20304,cadiaN;device;jabbi;Staehr;stavn,99347eabbb0a1fedcb74,5,5
2025-04-07,9928.0,GamerLegion,9278;16486;20301;20870,PR;REZ;sl3nd;Tauson;ztr,,4,5
2025-04-07,4773.0,paiN,18141;18865;19694;20085,biguzera;dav1deuS;kauez;nqz;snow,,4,5
2025-04-07,10567.0,SAW,630;20462;21014;22106;22702,Ag1l;AZUWU;cej0t;MUTiRiS;story,0d76c6a91d9adcab7a05,5,5
2025-04-07,8297.0,FURIA,2023;10566;12553;15631;18676,chelo;FalleN;KSCERATO;skullz;yuurih,677d24247aa53119fe45,5,5
2025-04-07,9215.0,MIBR,11154;18717;18835;20987;21037,brnz4n;exit;insani;Lucaozy;saffee,3df0c093029dd07f6fd8,5,5
2025-04-07,12376.0,M80,15370;16599;17378;20104;22921,Lake;reck;s1n;slaxz-;Swisher,764bfbaf02d5ad51d83f,5,5
2025-04-07,5005.0,Complexity,11630;12840;13578;17353;21620,Cxzi;Grim;hallzerk;JT;nicx,a957c1e3fa87abcbbeb9,5,5
2025-04-07,12257.0,Wildcard,8507;8711;21163;21665,JBa;Sonic;stanislaw;Stewie2K;susp,,4,5
2025-04-07,12878.0,BC.Game,9618;13670;18571;21139,CYPHER;jkaem;nawwk;nexa;pr1metapz,,4,5
2025-04-07,7175.0,HEROIC,19164;19187;19310;19808;22047,LNZ;SunPayus;tN1R;xfl0ud;yxngstxr,a640c4181cc7b506ee9c,5,5
2025-04-07,7532.0,BIG,5794;14929;19899;20170,hyped;JDC;Krimbo;kyuubii;tabseN,,4,5
2025-04-07,12000.0,500,11217;11219;11343;17145,CeRq;oxygeN;Rainwaker;SHiPZ;SPELLAN,,4,5
2025-04-07,11241.0,B8,19592;20112;21708;22842;23643,alex666;esenthial;headtr1ck;kensizor;npl,a557275c96d577ef4eaf,5,5
2025-04-07,10503.0,OG,13602;19044;19064;20941;21983,Buzz;Chr1zN;F1KU;nicoodoz;spooke,77d7e9342b0bb5860f6c,5,5
2025-04-07,11514.0,Rare Atom,7028;19681;21825,ChildKing;kaze;L1haNg;somebody;Summer,,3,5
2025-04-07,7969.0,Nemiga,20387;21266;22460;23317;23685,1eeR;khaN;riskyb0b;Xant3r;zweih,5f7d948e2932e569ccbe,5,5
2025-04-07,12510.0,The Huns,15072;19957;20703,Bart4k;cobra;nin9;Veccil;xerolte,,3,5
2025-04-07,12394.0,BetBoom,11840;15662;16555;18506;21667,Ax1Le;Boombl4;Magnojez;S1ren;zorte,351de843dc8e3cb18d4c,5,5
2025-04-07,12312.0,ATOX,22333;22415;23457,AccuracyTG;dobu;kabal;MiQ;Zesta,,3,5
2025-04-07,4991.0,fnatic,7528;15165;17803;21062;23046,blameF;fear;jambo;KRIMZ;MATYS,7b9c2e54637477264639,5,5
2025-04-07,9455.0,Imperial,12822;19869;20026;20183;22564,chayJESUS;decenty;noway;try;VINI,a71e6e7f6daa2e9d3935,5,5
2025-04-07,12467.0,PARIVISION,13239;13776;16948;19235;22929,BELCHONOKK;Jame;nota;Qikert;TRAVIS,8f1b660374056c309a4c,5,5
2025-04-07,11883.0,9 Pandas,12027;17011;20357;20709,anarkez;d1Ledez;Krad;r3salt;shalfey,,4,5
2025-04-07,4869.0,ENCE,12731;21815;21972;23372,gla1ve;Neityu;podi;sdy;xKacpersky,,4,5
2025-04-07,10371.0,NAVI Junior,20584;22203;22673;22674;23553,cmtry;dem0n;dziugss;Krabeni;makazze,2c03c52da3ae13074093,5,5
2025-04-07,6673.0,NRG,7687;13249;16717;18838;20333,br0;HexT;Jeorge;nitr0;oSee,495b9c702d422c543a21,5,5
2025-04-07,12901.0,SemperFi,11139;14990;20003;20244,aliStair;keen;SaVage;shadiy;Valiance,,4,5
2025-04-07,12774.0,FlyQuest,9115;10588;11140;17384;20123,dexter;INS;Liazz;regali;Vexite,6134a6e55af912438a31,5,5
2025-04-07,11641.0,Metizport,9766;14218;17937;20878;21164,adamb;hampus;isak;L00m1;Plopski,4d51241454abe4475e92,5,5
2025-04-07,10278.0,9INE,2898;14932;20300;21159,bobeksde;faveN;kraghen;mantuu;raalz,,4,5
2025-04-07,12471.0,GUN5,13240;18670;22471;23047;23783,fineshine52;Lack1;Sdaim;SELLTER;xiELO,593278a31ea5fb5d71a9,5,5
2025-04-07,5347.0,BLUEJAYS,18706;19079;19128;19711,freshie;Fruitcupx;SLIGHT;snav;Wolffe,,4,5
2025-04-07,,Apogee,18070;18979;22383;23765;23766,Demho;hfah;hypex;jcobbb;Prism,1191985bc02c56d5769c,5,5
2025-04-07,4863.0,TYLOO,8552;19645;20702;20895,Attacker;JamYoung;Jee;k4Mi;Mercury,,4,5
2025-04-07,13104.0,Iberian Soul,8371;9254;11205;18749;19509,alex;dav1g;mopoz;sausol;stadodo,6ca7d79ae1c6411ec50d,5,5
2025-04-07,10577.0,SINNERS,8488;11199;12810;20229;23763,beastik;MoriiSko;Pepo;SHOCK;ZEDKO,2740412c48959f554e2c,5,5
2025-04-07,11837.0,Fluxo,12521;18714;19692;20385;21286,arT;kye;mlhzin;piriajr;zevy,b8d719ce28553c1f8538,5,5
2025-04-07,11838.0,Partizan,2476;13026;20252;20253;20813,c0llins;Dragon;emi;Kind0;VLDN,0061cb28f6779a87473d,5,5
2025-04-07,12468.0,Legacy,15698;19045;19686;20563;22965,dumau;latto;lux;n1ssim;saadzin,5cfd43d0258204c4872c,5,5
2025-04-07,12097.0,Eruption,18638;19538;21428;24123;24125,fury5k;MagnumZ;sideffect;sk0R;xenization,48aba9d867b9c721551d,5,5
2025-04-07,12646.0,Chinggis Warriors,15060;19229;21396;21398;22414,ariucle;controlez;Efire;NEUZ;ROUX,aa1a1aadf8a7ff47aafa,5,5
2025-04-07,11861.0,Aurora,12004;19236;19673;19882;22884,clax;gr1ks;KENSI;Norwi;Patsi,0e7ced82edf77cf5b175,5,5
2025-04-07,11581.0,HOTU,18752;19823;21385;24190,dukefissura;kade0;lampada;mizu;youka,,4,5
2025-04-07,11419.0,ECSTATIC,10961;11995;20417;21779;22695,Anlelele;Kristou;nut nut;sirah;TMB,eca76dd469044ed07bc1,5,5
2025-04-07,13212.0,ex-TALON,14294;20086,ADDICT;BRACE;hazr;sterling;vision,,2,5
2025-04-07,7900.0,Spirit Academy,22864;23319;24176;24177,alkarenn;kyousuke;Mokuj1n;robo;syph0,,4,5
2025-04-07,12380.0,CYBERSHOKE,17508;20948;21710;22803;22879,bl1x1;FenomeN;glowiing;lov1kus;notineki,147ad7582e5f73129850,5,5
2025-04-07,12426.0,Passion UA,21452;23414;23415,jackasmo;Kvem;s-chilla;Topa;zeRRoFIX,,3,5
2025-04-07,7441.0,ECLOT,14388;19069;19594;19815;21165,Dytor;forsyy;M1key;nbqq;The eLiVe,159abc6f79fc9c136486,5,5
2025-04-07,8113.0,Sharks,20558;21170;21921;22911;23588,doc;gafolo;koala;n1cks;rdnzao,3d0059791db0c4f7bd1f,5,5
2025-04-07,7187.0,Nexus,1206;9626;17116;18294;19817,ADRON;BTN;ragga;s0und;XELLOW,6add12c1e9adec02e609,5,5
2025-04-07,8840.0,Lynn Vision,16551;18744;20254;22922;23100,C4LLM3SU3;EmiliaQAQ;Starry;Westmelon;z4kr,dbed042ec191be814f2c,5,5
2025-04-07,12960.0,Fire Flux,8212;9353;20625;20968,Banjo;paz;S3NSEY;ScrunK;soulfly,,4,5
2025-04-07,11811.0,Monte,16848;19733;21217;21816,DemQQ;Gizmy;hades;leen;ryu,,4,5
2025-04-07,13106.0,Getting Info,10892;17372;17918;19709;20692,dea;FaNg;MarKE;nosraC;shane,c6d9f4b065535fedd3fe,5,5
2025-04-07,11768.0,ODDIK,14390;16314;17181;22182,ksloks;matios;naitte;pancc;WOOD7,,4,5
2025-04-07,13057.0,Delta,,ddoni;dosikk;dune;mixmeister;tsukumeow,,0,5
2025-04-07,12144.0,BESTIA,2161;20185;20394;22570;24863,cass1n;luchov;Noktse;timo;tomaszin,c4cd742c0f01c49bf932,5,5
2025-04-07,11712.0,Sashi,3741;16723;16731;20090,Cabbi;IceBerg;Lucky;niko;Zyphon,,4,5
2025-04-07,11523.0,Zero Tenacity,5351;8311;21302;21783;21784,aVN;brutmonster;Cjoffo;nEMANHA;simke,78c45e5390fe107cd659,5,5
2025-04-07,12415.0,Gods Reign,23323,Bhavi;f1redup;Ph1NNN;R2B2;Rossi,,1,5
2025-04-07,4411.0,Ninjas in Pyjamas,922;14148;20425;20464;20465,arrozdoce;ewjerkz;r1nkle;sjuush;Snappi,16ae57adceed4e78cb00,5,5
2025-04-07,13124.0,Marsborne,12937;13230;19705;22069,chop;Grizz;Minus;motm;WolfY,,4,5
2025-04-07,9881.0,Rooster,12877;18545;20527;20881,asap;chelleos;DannyG;sliimey;TjP,,4,5
2025-04-07,12559.0,RUSH B,3459;20534;22040;22927;22930,executor;kinqie;KIRO;tex1y;z1Nny,7b0b9043d43aaf43b52c,5,5
2025-04-07,7176.0,RED Canids,8565;9216;9219;21288,coldzera;drop;felps;HEN1;venomzera,,4,5
2025-04-07,12694.0,RUBY,20956;22189;22325;22326;23858,fozil;H4SAN4TOR;Kaide;mo0N;sowalio,c0963f9839e8b4d40d5c,5,5
2025-04-07,11948.0,Nouns,14494;15176;19846;22135,CLASIA;Cryptic;junior;Peeping;RUSH,,4,5
2025-04-07,13157.0,NEVERMORE,24810;24812,doni;hodix;jackast;MUV;neiter,,2,5
2025-04-07,12474.0,Alliance,7443;9811;16487;22760;22860,avid;eraa;PlesseN;twist;upE,db319c58b5a99d95930a,5,5
2025-04-07,12233.0,Solid,9483;16645;18743;20522;23551,destiny;drg;gbb;nython;tomate,21a7646cd27ff716f6a6,5,5
2025-04-07,,Poland fe,21727;22062;22063;22065,Angelka;Hanka;LETi;Liina;vicu,,4,5
2025-04-07,13178.0,Novaq,11940;22537;23541;23599,def1zer;forkyz;neaLaN;Pumpkin66;tasman,,4,5
2025-04-07,12828.0,Imperial Valkyries,12758;16497;18775;21756,ANa;Kat;tory;twenty3;zAAz,,4,5
2025-04-07,10976.0,FURIA fe,11872;16340;17288;21219;22839,bizinha;gabs;izaa;kaahSENSEI;lulitenz,10dd16af0d8ef7254cf3,5,5
2025-04-07,12604.0,Johnny Speeds,9255;9766;19064;21012;21159,bobeksde;draken;hampus;Ro1f;spooke,a2051d0db9aa8f62c0e0,5,5
2025-04-07,11827.0,JANO,4076;18848,Aerial;allu;HENU;Jelo;Sm1llee,,2,5
2025-04-07,12586.0,AMKAL,21431;21692;22075;22076;24144,AW;kAlash;molodoy;sFade8;sstiNiX,c5ae37f15cd13e52b6b3,5,5
2025-04-07,,Cloud9,11840;15071;16555;20447;21439,Ax1Le;Boombl4;HeavyGod;ICY;interz,31036d7867d816f762b5,5,5
2025-04-07,11571.0,Gaimin Gladiators,13602;13749;20300,kraghen;nicoodoz;Nodios;Queenix;roeJ,,3,5
2025-04-07,9996.0,9z,12092;15914;19698;21239;22613,adamS;HUASOPEEK;Luken;MartinezSa;max,6add9229eeecdc064d8c,5,5
2025-04-07,9466.0,GTZ,16102;17003;20054;24634,Jayy2s;Linko;NOPEEJ;rafaxF;snapy,,4,5
2025-04-07,13204.0,Spray Jutsu,,dosikzz;ElayDzha;for2na;OxygeN;rinn,,0,5
2025-04-07,11811.0,Monte,16080;16848;17504;19733;20282,DemQQ;dycha;hades;KEi;kRaSnaL,f6867fa7ba13b580c30f,5,5
2025-04-07,12818.0,FAVBET,2131;18240;20110;20228,bondik;j3kie;Marix;Smash;t3ns1on,,4,5
2025-04-07,13109.0,Swingers,16835;17133;17216;20083;22109,desh;MaLLby;ninjaZ;ponter;vinaabEAST,592591c417caacd704b9,5,5
2025-04-07,4411.0,Ninjas in Pyjamas,9278;16811;17937;20425;22759,isak;jocab;MisteM;r1nkle;REZ,3bc05fc25b51bc00c745,5,5
2025-04-07,4501.0,ALTERNATE aTTaX,19284;20122,ArroW;FreeZe;hyped;PerX;prosus,,2,5
2025-04-07,10333.0,Sangal,12945;20284;20309;21142;22039,Blytz;bnox;danistzz;maaryy;mASKED,6aa88a84bb53992e80ce,5,5
2025-04-07,12267.0,UNiTY,15818;15821;22371;23469,K1-FiDa;Levi;NEOFRAG;Pechyn;woozzzi,,4,5
2025-04-07,12833.0,TNL,23642;24168;24282;24283,cairne;Dawy;Flierax;nifee;onic,,4,5
2025-04-07,4548.0,CPH Wolves,13669;17113;20637;20926;22048,aNdu;b1elany;Jackinho;szejn;Tapewaare,211deb9c07219e5ea3fb,5,5
2025-04-07,11585.0,IHC,15861;19537,Aapestt;cool4st;me1o;rate;shinobi,,2,5
2025-04-07,13133.0,Prototype Blaze,1656;21793;21849;22356,ASTRA;Emerald;Kaoday;Monkey D Julie;RacheLL,,4,5
2025-04-07,12483.0,MIGHT,12102;17437;24527,djay;jared;Louie;Snakes;Voltage,,3,5
2025-04-07,11446.0,Leo,20421;21065;21650;21651;22649,kL1o;kr1vda;Malkiss;marat2k;OneUn1que,60c96df3b77e5b788a47,5,5
2025-04-07,10245.0,JiJieHao,10449;17675;18163;19763;22419,0SAMAS;Bibu;BOROS;ISSAA;m1N1,239c366f89b0c9626e78,5,5
2025-04-07,12764.0,Arrow,,Kre1N;Orbit;P4TriCK;Tionix;Twiksar,,0,5
2025-04-07,12921.0,Housebets,,alecc;apocdud;damyo;gump;pz,,0,5
2025-04-07,13105.0,ALASKA,20336;20339;20340,arTisT;Extinct;Girafffe;Rezst;shyyne,,3,5
2025-04-07,12858.0,kONO,19614;19617;22842,amster;byr9;kensizor;nifee;s4ltovsk1yy,,3,5
2025-04-07,12929.0,Victores Sumus,23325,arakyN;Benzene;ChAmP;RaYzEr;Recoilmaster,,1,5
2025-04-07,12769.0,Fisher College,12793;13298;19602;20429;22137,AlekS;corn;CrePoW;ReFuZR;TH0R,508684bdc5b8b876b8c6,5,5
2025-04-07,13121.0,Eco Warriors,7653;15831;22062;22065;23049,Angelka;D7;juliano;kyossa;vicu,f311e6ce5ebd1a40a35b,5,5
2025-04-07,13189.0,Flshbck,15762;19563;23430,clouda;CycloneF;DEFAULTER;EmbeR;reV3nnnn,,3,5
2025-04-07,13024.0,8Sins,21990,Dutchy;moz;Prime;wfn;Wolfie,,1,5
2025-04-07,12586.0,AMKAL,12027;13982;16948;22929;24326,Forester;Krad;nota;topo;TRAVIS,511be8df08c558658f9a,5,5
2025-04-07,12878.0,BC.Game,9261;18790;21139,CacaNito;GuardiaN;jkaem;Lekr0;pr1metapz,,3,5
2025-04-07,13206.0,anything else,20101,cypress;FAME;K4mr0;mcniff;Slash,,1,5
2025-04-07,13148.0,DogEvil,16768;16778;19735;20808;22000,B1NGO;BZA;lan;Roninbaby;Tiger,01377c9695eeb3925cf1,5,5
2025-04-07,,Undone,13230;17353;19705,chop;Cxzi;motm;Skadoodle;steel,,3,5
2025-04-07,12065.0,Flamengo,12092;16814;16816;18891;22163,CutzMeretz;danoco;max;Misfit;vsm,99f8544a2ab4e9430837,5,5
2025-04-07,12833.0,TNL,24168;24281;24283,cairne;onic;St0m4k;yukitoro;zogeN,,3,5
2025-04-07,12959.0,ShindeN,19872;19985;20451;20992,abizz;BK1;ivz;nacho;roy,,4,5
2025-04-07,11718.0,BIG EQUIPA,7653;16764;20165;21727;22871,JennyR;juliano;LETi;pauliiee;Zana,d817dbf63c7931b871ef,5,5
2025-04-07,8038.0,Party Astronauts,13250;17372;17929;18761;22967,ben1337;FaNg;ogwizard;viz;Walco,1dd57eb0278eb52e3d2e,5,5
2025-04-07,13098.0,Chimera,20201;22459;22880;23193;23302,bluewh1te;FpSSS;m1QUSE;sh1nejezzz;VILBy,1cebdcf8b94b716e82c0,5,5
2025-04-07,12787.0,WOPA,14242;16753;20248;22950,Gnøffe;n1Xen;PR1mE;sL1m3;Vster,,4,5
2025-04-07,11790.0,ENCE Academy,20677;21233;21930;22733;24149,2high;millert;myltsi;Schwarz;teme,9c4a36a264a74f4d8d93,5,5
2025-04-07,11609.0,GenOne,10569;19742;20482;21971,Brooxsy;devoduvek;drac;Kursy;Nivera,,4,5
2025-04-07,11737.0,EYEBALLERS,3849;16029;22060;22914;23397,delle;dex;HEAP;JW;poiii,c56d0a8e8d57b2d80c10,5,5
2025-04-07,10459.0,ARCRED,18447;18671;19703;21363;21369,1NVISIBLEE;DSSj;Get_Jeka;Ryujin;shg,40c702299d63a1ed6d38,5,5
2025-04-07,12847.0,Kubix,21108;21109,ammar;Caleyy;gejmzilla;tripey;v1w,,2,5
2025-04-07,13191.0,Garden Garage,24081;24543;24544;24546,Fugor;keis;Masi;Showk;Xydoo,,4,5
2025-04-07,12548.0,Dusty Roots,18554;21221;24749,1962;FraGuTy;maxxkor;tom1jed;toto,,3,5
2025-04-07,7234.0,Endpoint,7996;22106;22702,AZUWU;cej0t;CRUC1AL;MiGHTYMAX;Surreal,,3,5
2025-04-07,12544.0,adalYamigos,11213;18140;19972;21099,bsd;ckzao;delboNi;f4stzin;SHOOWTiME,,4,5
2025-04-07,12971.0,Wanted Goons,23589,febreeze;Johan;killerPandas;KmZ;Magic,,1,5
2025-04-07,,Fluxo Demons,20503;21736;21800;21801,annaEX;goddess;josi;poppins;yungher,,4,5
2025-04-07,12857.0,FORZE Reload,21367;21392;22327;23628,KusMe;rexxie;shady;Something;spirit,,4,5
2025-04-07,,USA fe,8640;14401,EMUHLEET;Emy;madss;olya;uhKelsie,,2,5
2025-04-07,13127.0,Wildcard Academy,20018;23237;23696;24113,fr3nd;sSen;T4gg3D;TMKj;Wonder,,4,5
2025-04-07,13158.0,Dark Cloud,20413;23767;24243,AdrieN;chudy;darchevile;mwlky;Nami,,3,5
2025-04-07,13198.0,LOBOARMY,,Antuanette;BabyRage;SJR;Slayerhz;zockie,,0,5
2025-04-07,12180.0,Tsunami,20273;20787;23410,CAJUN;caustic;CoolComs;Drop;Pose1doNN,,3,5
2025-04-07,8813.0,Illuminar,22129;24179,AntyVirus;discoStar;Furlan;kadziu;SpavaQu,,2,5
2025-04-07,13054.0,PCIFIC,21023;21250;22498;22504;23274,EMSTAR;eNs;jresy;lugseN;scolleN,beea5f99b8dfbdae1647,5,5
2025-04-07,13025.0,Tropa do Taco,16816;16817;16835,farias;hardzao;ponter;TACO;vsm,,3,5
2025-04-07,,SINNERS Academy,23763,BORO;DALIEN;dreez;outex;Pepo,,1,5
2025-04-07,13111.0,Aetheris,,graphX;karv3r;Rulik;s1renaa;xsany,,0,5
2025-04-07,12776.0,Bounty Hunters,14394;14737;18322;20690,Bruninho;KAISER;meyern;Tuurtle;zock,,4,5
2025-04-07,,FLUFFY AIMERS,14799;23674;24048,brett;den1ed;jason;slump;Wolffe,,3,5
2025-04-07,11955.0,LAG,21021,Experative;SnacKZ1;spud;TR0JN;Weeza,,1,5
2025-04-07,10947.0,Rhyno,20683;20750;22807;23140;23141,aragornN;Icarus;krazy;P3R3IIRA;seabraez,a5b74eab4210e81faa6e,5,5
2025-04-07,11321.0,Kappa Bar,7700;16487,Bååten;eraa;robiin;SeBreeZe;Siz,,2,5
2025-04-07,,ex-GR,,7nation;mediocrity;Runnin;SALO_MUX;weqt2,,0,5
2025-04-07,12895.0,K27,19575;22886;23684;23686;24725,kashl1d;qw1nk1;relaxxie;X5G7V;xeedo,e750fe564bbd5d2ce6ca,5,5
2025-04-07,5058.0,Hungary,14202;21786,Aaron;coolio;kory;noleN;xavi,,2,5
2025-04-07,12334.0,Preasy,13077;22091;23106;23338,AcilioN;Beccie;Griller;Patti;Viggo,,4,5
2025-04-07,13211.0,NinJa,20258;21323;21509;23596,expSasiKi;Miami;rage;Risk;SPine,,4,5
2025-04-07,,Sampi,8488;14388,fino;sAvana1;semtex;The eLiVe;ZEDKO,,2,5
2025-04-07,13146.0,Supernova Comets,16581;22302;23391;24393;24415,empathy;Fawx;raven;Serendipity;Stx,a6dffd2855ad5f4f2190,5,5
2025-04-07,11668.0,Mindfreak,,Crunchy;gump;pain;Texta;tucks,,0,5
2025-04-07,10621.0,1win,8528;20782;23770;23771,cronuss;Goody;HObbit;klain;oz1k,,4,5
2025-04-07,11283.0,Falcons,922;7998;9032;11777,dupreeh;Maden;Magisk;s1mple;Snappi,,4,5
2025-04-07,12927.0,Marca Registrada,9214;19918;20405;24345,AMC;b1;Jardani;Majesticzz;spamzzy,,4,5
2025-04-07,,Rebels,3669;15940;20283;21715;23295,flayy;innocent;kisserek;Sobol;tomiko,7f875c8fdb10914aef8b,5,5
2025-04-07,,TSM,3741;10330;20090;22695,acoR;niko;sirah;valde;Zyphon,,4,5
2025-04-07,13107.0,Chicken Coop,18442;22133;24660,BAGEL;BiNoX;FRIZZY;LittleBEER;taggy,,3,5
2025-04-07,11585.0,IHC,15861;19229;22414;22415;23457,AccuracyTG;Efire;rate;ROUX;Zesta,b2e8430f424a52a90312,5,5
2025-04-07,13067.0,Immigrants peek,24045;24890,bezymecc;H0NeST;marekiew;nico1ajus;Termina,,2,5
2025-04-07,10278.0,9INE,2898;14176;19817,mantuu;misutaaa;raalz;refrezh;s0und,,3,5
2025-04-07,12670.0,LEON,8726;20207;23545;24079,facecrack;Raijin;RaY5ive;w1sely;yngsamurai,,4,5
2025-04-07,13099.0,ex-Vikings,2544;12092;13287;14010,bnc;max;realz1n;remix;zmb,,4,5
2025-04-07,13192.0,Roler Coaster,11942;16612;16921;20430;21348,alpha;ArtFr0st;buster;n0rb3r7;nafany,41c4fc4060136f0de900,5,5
2025-04-07,,ex-Enterprise,15940;18070;20413;20958;20960,bajmi;Demho;ex1st;mwlky;Sobol,62d9750c4f75e924b088,5,5
2025-04-07,12491.0,2GAME,6593;16817;18610;22362;23045,detr0ittJ;hardzao;lukiz;PKL;xureba,6af22c7f89396d17a520,5,5
2025-04-07,12467.0,PARIVISION,13239;19235;19673;20430;21348,alpha;ArtFr0st;BELCHONOKK;Patsi;Qikert,043e31e963ce7277bf47,5,5
2025-04-07,10900.0,KRÜ,9221;18549;21169,atarax1a;honda;laser;reversive;righi,,3,5
2025-04-07,13083.0,Big W,,Crazy_Gamer;CycloneF;hattygOD;N1kace;SpawN,,0,5
2025-04-07,13153.0,Hesta,21445;21686;23687;24806;24807,abiraju;anttzz;frontales;Muk0s;slaxejezzz,f5cffaa253b25112d40e,5,5
2025-04-07,11711.0,Players,22085,draxst4r;hug1;MITHPUTTINI;spinnie;xns,,1,5
2025-04-07,13115.0,harizma,,DeFFeN;Haski4;lame;yato;ZinGY,,0,5
2025-04-07,13203.0,ex-Heimo,9325;14236,arvid;japE;oopee;Welho;ykis,,2,5
2025-04-07,13029.0,RED Canids Academy,,edv;FasteR;gtw;n0page;sanc,,0,5
2025-04-07,8038.0,Party Astronauts,13250;20564;22967,ben1337;d4rty;ogwizard;sacrifice;xsany,,3,5
2025-04-07,6668.0,FLuffy Gangsters,24171;24172,Djon8;h1ghnesS;SoLb;takanashi;yuramyata,,2,5
2025-04-07,12312.0,ATOX,19536;22333,FlyNN;kabal;masti;MiQ;yAmi,,2,5
2025-04-07,10954.0,Astralis Talent,21381,ANSG1;kiR;kroK;suma;Zanto,,1,5
2025-04-07,9139.0,BRUTE,23206;24261,m0nsterr;realzen;sAvana1;v4NO;w4rden,,2,5
2025-04-07,11948.0,Nouns,14494;17918;20333,cJ dA K1nG;Jeorge;junior;nosraC;RUSH,,3,5
2025-04-07,12900.0,NomadS,18150;24302;24303,clouden;HenX;hoolig4n;Paranormal;Randyyyy,,3,5
2025-04-07,13184.0,WildLotus,7996;9896;13718;15117,b0RUP;birdfromsky;CRUC1AL;Keoz;Vegi,,4,5
2025-04-07,,inSanitY,11213;17553;18140;20185,cass1n;delboNi;f4stzin;iDk;pesadelo,,4,5
2025-04-07,13219.0,LFO 4,23589;23675,Evan;MagiC;MERL;NIGHT666LADE;TABEN,,2,5
2025-04-07,3044.0,MIBR Academy,20029;21290;21700;22964;23094,brn$;card;perez;RenanZin;stormzyn,e223a7455fade7912302,5,5
2025-04-07,13027.0,Nuclear TigeRES,22430;22878;23303;24568;24569,flouzer;fluffy;h1kaN;k0s;senka,724f8d6e2a6db9ba88b9,5,5
2025-04-07,13005.0,MCS,24528,Go0dby3;Oczarka;ogura;Scorchyy;snufaffu,,1,5
2025-04-07,12890.0,Bad News Chickens,17132;17133;20521,Alisson;desh;Leomonster;short;skr,,3,5
2025-04-07,13118.0,Adventurers,9656;12781;16885;20422,hAdji;k1to;meztal;OWNER;Woro2k,,4,5
2025-04-07,,Hype,20083;20939;22109,history;leo_drk;ninjaZ;redi;vinaabEAST,,3,5
2025-04-07,13128.0,moneyF,15117;15203;15369;20908,bevve;Juve;Keoz;REDSTAR;reiko,,4,5
2025-04-07,13166.0,Prasso,17997;19086;20689;23150;24091,dott1;Hezz;lenci;pavv;rzk,2bc380a21b94f7716bbf,5,5
2025-04-07,12858.0,kONO,16147;19614;19617;20422,amster;cptkurtka023;OWNER;s4ltovsk1yy;zogeN,,4,5
2025-04-07,13053.0,Just Swing,8598;10722;20354;22441;24644,gas;Marek;Purely;qqGOD;VanceKK,06197469c87fcf7fc690,5,5
2025-04-07,4602.0,Tricked,13749;21571,leakz;Nodios;Queenix;salazar;valde,,2,5
2025-04-07,13052.0,2070,,Demonos;lealziNho;roz;swarmyzz;voltera,,0,5
2025-04-07,13177.0,SUPER EVIL GANG,,arias;clipzera;flow;Misha;Talen,,0,5
2025-04-07,11263.0,Only One Word,21395,BaN4na;Freeman;Oath;Terryyy;viridian,,1,5
2025-04-07,11164.0,Into the Breach,9656;11271;15117;15369;18120,hAdji;Keoz;REDSTAR;sinnopsyy;smooya,9ffcb562e72a86249f03,5,5
2025-04-07,12472.0,MANTRA,,cheeseball;cookie;rekonz;SkulL;Winnieeeee,,0,5
2025-04-07,9506.0,Viperio,21657;23735,dezt;shyyne;Skrimo;swicher;zodi,,2,5
2025-04-07,13112.0,Bad News Capybaras,13689;20234;21749,cbass;Gabe;Grave;jchancE;mds,,3,5
2025-04-07,12124.0,Insilio,18510;20197;22535;22536;23048,dwushka;faydett;kelieN;mag1k3Y;sugaR,d68f621c0c4769cf3779,5,5
2025-04-07,13215.0,POWERmix,,0scar;dodZ;NAKO;sry;tr1,,0,5
2025-04-07,5775.0,Elevate,20885;21100;22777;22956,diozera;fREQ;lash;short;zede,,4,5
2025-04-07,12988.0,GameHunters,10827;17028;22084,abr;mello;nolkz;prt;slashzz,,3,5
2025-04-07,5117.0,Czech Republic,15821,darber;NEOFRAG;olik;pandi7o;PerdY,,1,5
2025-04-07,11933.0,Yawara,22364;22957;24284;24772,j0w;nardes;revoltz;stax;tele D,,4,5
2025-04-07,13186.0,Bounty Hunters fe,23148;23514,Brendinha;Cara de Banana;Dynasty;Eleven;Vii,,2,5
2025-04-07,13137.0,Familia Maquininha,10838;10840;16814;18610;20885,danoco;detr0ittJ;fREQ;mawth;tatazin,c945590e437a5c2dfada,5,5
2025-04-07,,Insomnia,21265;23614,ANeraX;Bambosh;hotd0g;pendzelek;sNx,,2,5
2025-04-07,12915.0,NITRO,21284,beg0d;happ;Lcm;leleo;LUCAS1,,1,5
2025-04-07,2955.0,Denmark fe,23621,anja;Ismo;KiTKaT;marie;Sukkerzhok,,1,5
2025-04-07,11555.0,UNO MILLE,14010;17132;21099;21284,bsd;happ;Leomonster;realz1n;zmb,,4,5
2025-04-07,12611.0,Vagrants,14799;19177;22552;23199,brett;consti;mason;Sandman;Seb,,4,5
2025-04-07,,Case,18875;21099;22126;22181,bsd;nyezin;RICIOLI;urban0;yepz,,4,5
2025-04-07,5479.0,Mythic,8503;15007;20510;20793;22022,Austin;Cooper;fl0m;hyza;Trucklover86,3b40a809b0d8c9007db9,5,5
2025-04-07,,Norway,22048,Grus;sense;shyyne;SLY;Tapewaare,,1,5
2025-04-07,11660.0,Take Flyte,22544;22835;23226;24679;24680,Crisp;huncho;Panic;REKMEISTER;Sharpie,a6f3f158f36344963239,5,5
2025-04-07,,Latvia,14990;19566;20003;21512,Frip;keen;prelideN;rud;shadiy,,4,5
2025-04-07,11905.0,paiN Academy,22566,deemO;legy;Markz;Tatu;tsug,,1,5
2025-04-07,4532.0,ESC,20245;20284;20958;21142;23668,AMSALEM;bajmi;maaryy;mASKED;SaMey,4e0c70f7e092d4484ed4,5,5
2025-04-07,12152.0,KZG,,Estate;Hassie;Kras;Samuukxs;TRIPLUS,,0,5
2025-04-07,12455.0,Vantage,,Drox;Jynx;Mingovi;Snaaz;supar,,0,5
2025-04-07,11138.0,benched,17305;21630;23762,FinigaN;Pipw;Polt;wh1teout;z1k4,,3,5
2025-04-07,12301.0,FlyQuest RED,8850;14401;18641;22111;23621,BiBiAhn;Emy;GooseBreeder;marie;vanessa,207c2e8550328eb5b8f3,5,5
2025-04-07,12554.0,regain,23136;23137;23138;24667,dvrk;Fuzenko;Halen;sasha;Zucar,,4,5
2025-04-07,13092.0,BadGuys,9656;15569;16885;19763,BOROS;hAdji;leen;Sapec;Woro2k,,4,5
2025-04-07,13172.0,Mercenaires,7168;14176;19738;19926,afro;Djoko;misutaaa;NBK-;PerX,,4,5
2025-04-07,13147.0,Shika,9339;19060,Biuckmt;ImpressioN;jiejie;splashske;Zy88,,2,5
2025-04-07,13046.0,CS2News,13170;18456;20097;21431;22189,fostar;h4rn;H4SAN4TOR;kwezz;sstiNiX,412c231fcb8464d12a61,5,5
2025-04-07,12377.0,GhoulsW,15118;19167;20960;21143,Diviiii;ex1st;SBT;sk1tt;smekk-,,4,5
2025-04-07,13154.0,LFO 3,19812;21775;24332,awks;BehinDx;Chill;giM;Matheos,,3,5
2025-04-07,11006.0,9z Academy,23549;24639,lezy;MaxOff;neozix;rw;zock9,,2,5
2025-04-07,12867.0,Floripa Stars,23960;24298;24328,ALENNNCAR;BRNZ1K;Lukita;s1cko;sakamoto,,3,5
2025-04-07,11011.0,Patins da Ferrari,18875;21290;22559,Jotag3;perez;proSHOW;rainny;RICIOLI,,3,5
2025-04-07,11581.0,HOTU,18752;19962;21686;23783,anttzz;fineshine52;kade0;lampada;Re1GN,,4,5
2025-04-07,9735.0,Lilmix,3329;13669;22380,bq;bsover;HugoXD;Jackinho;quix,,3,5
2025-04-07,,Clutch,12956,hasteka;IZR;ORIGLONIKO;Tsogoo;Veccil,,1,5
2025-04-07,,ADEPTS,15118;21331;21967;22481,cHeuuuuk;Chucky;HippoV;SBT;Tarkky,,4,5
2025-04-07,13151.0,Tropa do KinGui,19975;22423;24294;24716,brokeN;cLd;clon7;flash;wallz1k,,4,5
2025-04-07,,Canada,21128,Gabie;J0LZ;Melio;Pluto;YuZ,,1,5
2025-04-07,,NewBALLS,19664;21513;23764;24348;24349,4X1s;Alv;deeN;strix;torox,b3df7c8c5731fd07316b,5,5
2025-04-07,10854.0,los kogutos,20282;20284;21142;22385;24734,kRaSnaL;maaryy;mASKED;Melavi;tein,887e6c08c0147fd6a1f5,5,5
2025-04-07,12087.0,Lazer Cats,22035;22191;22706;23151;23589,Magic;MAGILA;n0te;nikitea;yab0ku-,3abba0929f68f8dbd73c,5,5
2025-04-07,11011.0,Patins da Ferrari,18891;21290,CSO;CutzMeretz;land1n;lub;perez,,2,5
2025-04-07,13180.0,Straight2Killin,19028;23161;23674,Brashi;den1ed;Elxhin;HorizoN;VulcaN,,3,5
2025-04-07,10978.0,VELOX,10499;10506;20531;24558,ABM;JonY BoY;maaxg1;nbl;tutehen,,4,5
2025-04-07,,Justice For Tomorrow,,bixiaoxi;COOOOOOFFEE;kasze;LarkoTaco;xc,,0,5
2025-04-07,8947.0,XI,21575;22696;22948;23936,anber;Dengzoe;Few;Kragh;Scr0b,,4,5
2025-04-07,12677.0,Galorys,20521;23461;23550;24224,Alisson;bacc;divine;kadzz;pepe,,4,5
2025-04-07,12867.0,Floripa Stars,24298;24328;24930;24931,ALENNNCAR;BALEROSTYLE;CaPiM;Lukita;vzn,,4,5
2025-04-07,7720.0,InControl,20330;23690;24528,Beast;jsfeltner;Oczarka;Scorchyy;TyRa,,3,5
2025-04-07,13181.0,BASEMENT BOYS,21213;22680;22945;23614;24286,Bambosh;ERSIN;levantino;Polbandana;Tr0ublE,acd45ae52bd16e7eb579,5,5
2025-04-07,,Chile,,alexer;DOPWEEK;KratZen;OrphaN;wait,,0,5
2025-04-07,4326.0,América,21038;21085;21888;24717,antonini;nikz;proSHOW;Reix;Thuister,,4,5
2025-04-07,8574.0,W7M,11332;11739;17861;18894;22371,horvy;JOTA;levi;shz;t9rnay,5cb7c9150f0471e53d36,5,5
2025-04-07,12431.0,Betera,17316;19231;19874;20402;24173,h1te;MaSvAl;synyx;tENZY;Vert,3901811535021c8b7cec,5,5
2025-04-07,,Tunisia,,Falez;Potei;Remind;RiglA;zaca,,0,5
2025-04-07,,Jordan,19763,BOROS;hunt3rr;REAL1ZE;sprantos;tr1,,1,5
2025-04-07,12431.0,Betera,13281;19874;20422;22459;24173,El1an;MaSvAl;OWNER;sh1nejezzz;tENZY,75033a164399b2acc065,5,5
2025-04-07,13162.0,Virtual Cottage,9616;9798;20066;22101,aidKiT;amanek;EspiranTo;lunAtic;spardaus,,4,5
2025-04-07,,Galorys Academy,24015;24224,bacc;insan1ty;kadzz;prisma;trindade,,2,5
2025-04-07,12908.0,Aether,22168,denz;Izik;MJB;Pr0mise;SolGoat,,1,5
2025-04-07,12567.0,Akimbo,20572;21091;23458,kmrn;laxiee;N2o;obi;Pol0,,3,5
2025-04-07,13052.0,2070,,JLK;lealziNho;mid1;redi;roz,,0,5
2025-05-05,9565.0,Vitality,7322;11816;11893;16693;18462,apEX;flameZ;mezii;ropz;ZywOo,91c93eb867d7d47bf729,5,5
2025-05-05,4494.0,MOUZ,13666;18072;18221;18850;20312,Brollan;Jimpphat;Spinx;torzsi;xertioN,43f602c729e986479a12,5,5
2025-05-05,11283.0,Falcons,3741;9032;12018;19230;19677,kyxsan;m0NESY;Magisk;NiKo;TeSeS,f91f72bd614cf8908299,5,5
2025-05-05,7020.0,Spirit,7716;16920;18317;20423;21167,chopper;donk;magixx;sh1ro;zont1x,8ddd7c3d52942c256b57,5,5
2025-05-05,5995.0,G2,2553;3972;11617;19230;20447,HeavyGod;huNter-;m0NESY;malbsMd;Snax,486da06de1ee8c33aa1d,5,5
2025-05-05,6248.0,The MongolZ,20194;20275;20903;21001;21809,910;bLitz;mzinho;Senzu;Techno,75e5d950f37342b03568,5,5
2025-05-05,11861.0,Aurora,150;7938;8574;21243;22361,jottAAA;MAJ3R;Wicadia;woxic;XANTARES,0a254842e1149d2d09f6,5,5
2025-05-05,6667.0,FaZe,429;8183;8738;9960;18053,broky;EliGE;frozen;karrigan;rain,9daa2e0f8baba62ac327,5,5
2025-05-05,9928.0,GamerLegion,9278;16486;20301;20870,PR;REZ;sl3nd;Tauson;ztr,,4,5
2025-05-05,4914.0,3DMAX,8374;13138;19739;21969,bodyy;Ex3rcice;Graviti;Lucky;Maka,,4,5
2025-05-05,4608.0,Natus Vincere,9816;14759;18987;19206;20127,Aleksib;b1t;iM;jL;w0nderful,996316e9c05448acf739,5,5
2025-05-05,5973.0,Liquid,8520;9436;10394;16820;21763,NAF;NertZ;siuhy;Twistzz;ultimate,e30bbdc993a56db8023c,5,5
2025-05-05,5378.0,Virtus.pro,8918;12732;20101;20994;21439,electroNic;fame;FL1T;FL4MUS;ICY,f1c05542faa91e6b6868,5,5
2025-05-05,5005.0,Complexity,11630;12840;13578;17353;21620,Cxzi;Grim;hallzerk;JT;nicx,a957c1e3fa87abcbbeb9,5,5
2025-05-05,7175.0,HEROIC,19164;19187;19310;19808;22047,LNZ;SunPayus;tN1R;xfl0ud;yxngstxr,a640c4181cc7b506ee9c,5,5
2025-05-05,6665.0,Astralis,7592;7964;10994;17956;20304,cadiaN;device;jabbi;Staehr;stavn,99347eabbb0a1fedcb74,5,5
2025-05-05,4773.0,paiN,14736;18141;18865;19694,biguzera;dav1deuS;dgt;nqz;snow,,4,5
2025-05-05,11241.0,B8,19592;20112;21708;22842;23643,alex666;esenthial;headtr1ck;kensizor;npl,a557275c96d577ef4eaf,5,5
2025-05-05,10567.0,SAW,630;20462;21014;22106;22702,Ag1l;AZUWU;cej0t;MUTiRiS;story,0d76c6a91d9adcab7a05,5,5
2025-05-05,8297.0,FURIA,2023;10566;12553;15631;18676,chelo;FalleN;KSCERATO;skullz;yuurih,677d24247aa53119fe45,5,5
2025-05-05,11514.0,Rare Atom,7028;19681;21825,ChildKing;kaze;L1haNg;somebody;Summer,,3,5
2025-05-05,9215.0,MIBR,11154;18717;18835;20987;21037,brnz4n;exit;insani;Lucaozy;saffee,3df0c093029dd07f6fd8,5,5
2025-05-05,7532.0,BIG,5794;14929;19899;20170,hyped;JDC;Krimbo;kyuubii;tabseN,,4,5
2025-05-05,12394.0,BetBoom,11840;15662;16555;18506;21667,Ax1Le;Boombl4;Magnojez;S1ren;zorte,351de843dc8e3cb18d4c,5,5
2025-05-05,4863.0,TYLOO,8552;19645;20702;20895;21621,Attacker;JamYoung;Jee;Mercury;Moseyuh,2c632070ba401ebd2e9d,5,5
2025-05-05,8840.0,Lynn Vision,16551;18744;20254;22922;23100,C4LLM3SU3;EmiliaQAQ;Starry;Westmelon;z4kr,dbed042ec191be814f2c,5,5
2025-05-05,12257.0,Wildcard,8507;8711;16726;21163;21665,JBa;phzy;Sonic;stanislaw;susp,928ad8a13dcda967f95d,5,5
2025-05-05,10371.0,NAVI Junior,20584;22203;22673;22674;23553,cmtry;dem0n;dziugss;Krabeni;makazze,2c03c52da3ae13074093,5,5
2025-05-05,12774.0,FlyQuest,10588;11140;17384;18214;20123,INS;Liazz;nettik;regali;Vexite,5a5a5fbd3b1d700e0387,5,5
2025-05-05,10503.0,OG,13602;19044;19064;20941;21983,Buzz;Chr1zN;F1KU;nicoodoz;spooke,77d7e9342b0bb5860f6c,5,5
2025-05-05,12646.0,Chinggis Warriors,19229;19537;21396;21398;22414,ariucle;controlez;cool4st;Efire;ROUX,0486ea64cb7a5f05826a,5,5
2025-05-05,9455.0,Imperial,12822;19869;20026;20183;22564,chayJESUS;decenty;noway;try;VINI,a71e6e7f6daa2e9d3935,5,5
2025-05-05,12916.0,Betclic,18070;18979;22383;23765;23766,Demho;hfah;hypex;jcobbb;Prism,1191985bc02c56d5769c,5,5
2025-05-05,12376.0,M80,15370;16599;17378;20104;22921,Lake;reck;s1n;slaxz-;Swisher,764bfbaf02d5ad51d83f,5,5
2025-05-05,7969.0,Nemiga,20387;21266;22460;23317;23685,1eeR;khaN;riskyb0b;Xant3r;zweih,5f7d948e2932e569ccbe,5,5
2025-05-05,12510.0,The Huns,15072;19536;19957;20703,Bart4k;cobra;nin9;xerolte;yAmi,,4,5
2025-05-05,6673.0,NRG,7687;13249;16717;18838;20333,br0;HexT;Jeorge;nitr0;oSee,495b9c702d422c543a21,5,5
2025-05-05,4869.0,ENCE,12731;21815;21972;23372,gla1ve;Neityu;podi;sdy;xKacpersky,,4,5
2025-05-05,10245.0,JiJieHao,10449;17675;18163;19763;22419,0SAMAS;Bibu;BOROS;ISSAA;m1N1,239c366f89b0c9626e78,5,5
2025-05-05,12833.0,TNL,23642;24168;24282;24283,cairne;Dawy;Flierax;nifee;onic,,4,5
2025-05-05,11883.0,9 Pandas,12027;17011;20357;20709;23858,d1Ledez;Krad;mo0N;r3salt;shalfey,9ea3027c506fb46cb120,5,5
2025-05-05,12901.0,SemperFi,11139;14990;20003;20244,aliStair;keen;SaVage;shadiy;Valiance,,4,5
2025-05-05,12097.0,Eruption,15060;18638;19538;21428;24123,fury5k;MagnumZ;NEUZ;sideffect;sk0R,44c9e6cd1af1ea99a710,5,5
2025-05-05,4411.0,Ninjas in Pyjamas,922;14148;20425;20464;20465,arrozdoce;ewjerkz;r1nkle;sjuush;Snappi,16ae57adceed4e78cb00,5,5
2025-05-05,12000.0,500,11217;11219;15369;17145,CeRq;oxygeN;Rainwaker;REDSTAR;SPELLAN,,4,5
2025-05-05,12878.0,BC.Game,9618;13670;18571;21139,CYPHER;jkaem;nawwk;nexa;pr1metapz,,4,5
2025-05-05,12468.0,Legacy,15698;19045;19686;20563;22965,dumau;latto;lux;n1ssim;saadzin,5cfd43d0258204c4872c,5,5
2025-05-05,11641.0,Metizport,9766;14218;17937;20878;21164,adamb;hampus;isak;L00m1;Plopski,4d51241454abe4475e92,5,5
2025-05-05,4991.0,fnatic,9896;15165;17803;21062;23046,b0RUP;blameF;fear;jambo;MATYS,8be3812c7fa2dd0ab82d,5,5
2025-05-05,12467.0,PARIVISION,13239;13776;16948;19235;22929,BELCHONOKK;Jame;nota;Qikert;TRAVIS,8f1b660374056c309a4c,5,5
2025-05-05,10278.0,9INE,2898;14932;20300;21159,bobeksde;faveN;kraghen;mantuu;raalz,,4,5
2025-05-05,12312.0,ATOX,22333;22415;23457,AccuracyTG;dobu;kabal;MiQ;Zesta,,3,5
2025-05-05,12426.0,Passion UA,16885;19733;21452;23414,DemQQ;jackasmo;Kvem;Topa;Woro2k,,4,5
2025-05-05,11581.0,HOTU,18752;19823;21385;24190,dukefissura;kade0;lampada;mizu;youka,,4,5
2025-05-05,11419.0,ECSTATIC,10961;11995;20417;21779;22695,Anlelele;Kristou;nut nut;sirah;TMB,eca76dd469044ed07bc1,5,5
2025-05-05,13104.0,Iberian Soul,8371;9254;11205;18749;19509,alex;dav1g;mopoz;sausol;stadodo,6ca7d79ae1c6411ec50d,5,5
2025-05-05,12471.0,GUN5,13240;18670;22471;23047;23783,fineshine52;Lack1;Sdaim;SELLTER;xiELO,593278a31ea5fb5d71a9,5,5
2025-05-05,5347.0,BLUEJAYS,18706;19079;19128;19710;19711,dare;freshie;Fruitcupx;SLIGHT;snav,211d4d761777d0aa6ee4,5,5
2025-05-05,11838.0,Partizan,2476;13026;20252;20253;20813,c0llins;Dragon;emi;Kind0;VLDN,0061cb28f6779a87473d,5,5
2025-05-05,7441.0,ECLOT,14388;19069;19594;19815;21165,Dytor;forsyy;M1key;nbqq;The eLiVe,159abc6f79fc9c136486,5,5
2025-05-05,11837.0,Fluxo,12521;18714;19692;20385;21286,arT;kye;mlhzin;piriajr;zevy,b8d719ce28553c1f8538,5,5
2025-05-05,12380.0,CYBERSHOKE,17508;20948;21710;22803;22879,bl1x1;FenomeN;glowiing;lov1kus;notineki,147ad7582e5f73129850,5,5
2025-05-05,8113.0,Sharks,20558;21170;21921;22911;23588,doc;gafolo;koala;n1cks;rdnzao,3d0059791db0c4f7bd1f,5,5
2025-05-05,10577.0,SINNERS,8488;11199;12810;20229;23763,beastik;MoriiSko;Pepo;SHOCK;ZEDKO,2740412c48959f554e2c,5,5
2025-05-05,11861.0,Aurora,12004;19236;19673;19882;22884,clax;gr1ks;KENSI;Norwi;Patsi,0e7ced82edf77cf5b175,5,5
2025-05-05,13212.0,ex-TALON,14294;20086,ADDICT;BRACE;Forleks;hazr;sterling,,2,5
2025-05-05,7187.0,Nexus,1206;9626;17116;19817;20761,BTN;lauNX;ragga;s0und;XELLOW,bfc6a1833c0489262735,5,5
2025-05-05,12900.0,NomadS,18150;24302;24303,clouden;HenX;hoolig4n;Paranormal;Randyyyy,,3,5
2025-05-05,13106.0,Getting Info,10892;17372;17918;19709;20692,dea;FaNg;MarKE;nosraC;shane,c6d9f4b065535fedd3fe,5,5
2025-05-05,7900.0,Spirit Academy,22864;23319;24176;24177,alkarenn;kyousuke;Mokuj1n;robo;syph0,,4,5
2025-05-05,4602.0,Tricked,13749;21571,leakz;Nodios;Queenix;salazar;valde,,2,5
2025-05-05,9881.0,Rooster,12877;18545;20527;20881,asap;chelleos;DannyG;sliimey;TjP,,4,5
2025-05-05,7175.0,HEROIC,9436;12018;14148;19677,degster;kyxsan;NertZ;sjuush;TeSeS,,4,5
2025-05-05,13124.0,Marsborne,12937;13230;19705;22069,chop;Grizz;Minus;motm;WolfY,,4,5
2025-05-05,9996.0,9z,12092;15914;19698;21239;22613,adamS;HUASOPEEK;Luken;MartinezSa;max,6add9229eeecdc064d8c,5,5
2025-05-05,12144.0,BESTIA,2161;20185;20394;22570;24863,cass1n;luchov;Noktse;timo;tomaszin,c4cd742c0f01c49bf932,5,5
2025-05-05,11712.0,Sashi,16723;16731;20090;23338,Beccie;Cabbi;IceBerg;Lucky;Zyphon,,4,5
2025-05-05,12960.0,Fire Flux,8212;9353;20625;20968,Banjo;duggy;paz;ScrunK;soulfly,,4,5
2025-05-05,12899.0,FengDa,24304;24305;24306,1337x9;3gl;bea2;chengking;p5p,,3,5
2025-05-05,13057.0,Delta,,ddoni;dosikk;dune;mixmeister;tsukumeow,,0,5
2025-05-05,11948.0,Nouns,14494;15176;19846,CLASIA;Cryptic;dottie;junior;nomizz,,3,5
2025-05-05,12921.0,Housebets,,apocdud;damyo;Drox;pz;vision,,0,5
2025-05-05,11768.0,ODDIK,14390;16314;17181;22182,ksloks;matios;naitte;pancc;WOOD7,,4,5
2025-05-05,11811.0,Monte,16080;16848;19733;21217;21816,DemQQ;dycha;Gizmy;hades;ryu,38c8af120b41af9d9ff4,5,5
2025-05-05,11523.0,Zero Tenacity,5351;8311;21302;21783;21784,aVN;brutmonster;Cjoffo;nEMANHA;simke,78c45e5390fe107cd659,5,5
2025-05-05,12694.0,RUBY,20956;22189;22325;22326;23858,fozil;H4SAN4TOR;Kaide;mo0N;sowalio,c0963f9839e8b4d40d5c,5,5
2025-05-05,11668.0,Mindfreak,,Crunchy;Forleks;kairo;Texta;tucks,,0,5
2025-05-05,12769.0,Fisher College,12793;13298;19602;20429;22137,AlekS;corn;CrePoW;ReFuZR;TH0R,508684bdc5b8b876b8c6,5,5
2025-05-05,7176.0,RED Canids,8565;9216;9219;21288,coldzera;drop;felps;HEN1;venomzera,,4,5
2025-05-05,13157.0,NEVERMORE,24810;24812,doni;hodix;jackast;MUV;neiter,,2,5
2025-05-05,10976.0,FURIA fe,11872;16340;17288;21219;22839,bizinha;gabs;izaa;kaahSENSEI;lulitenz,10dd16af0d8ef7254cf3,5,5
2025-05-05,12559.0,RUSH B,3459;20534;22040;22927;22930,executor;kinqie;KIRO;tex1y;z1Nny,7b0b9043d43aaf43b52c,5,5
2025-05-05,12474.0,Alliance,7443;9811;16487;22760;22860,avid;eraa;PlesseN;twist;upE,db319c58b5a99d95930a,5,5
2025-05-05,13148.0,DogEvil,16768;16778;19735;20808;22000,B1NGO;BZA;lan;Roninbaby;Tiger,01377c9695eeb3925cf1,5,5
2025-05-05,12586.0,AMKAL,21431;21692;22075;22076;24144,AW;kAlash;molodoy;sFade8;sstiNiX,c5ae37f15cd13e52b6b3,5,5
2025-05-05,12828.0,Imperial Valkyries,12758;16497;18775;21756,ANa;Kat;tory;twenty3;zAAz,,4,5
2025-05-05,11811.0,Monte,9656;19926;21217;21816,afro;Gizmy;hAdji;leen;ryu,,4,5
2025-05-05,11585.0,IHC,15861;19537,Aapestt;cool4st;me1o;rate;shinobi,,2,5
2025-05-05,12546.0,-72c,,1nhuman;borosto;byek;spira;whsup,,0,5
2025-05-05,13053.0,Just Swing,8598;10722;20354;22441;24644,gas;Marek;Purely;qqGOD;VanceKK,06197469c87fcf7fc690,5,5
2025-05-05,13204.0,Spray Jutsu,,dosikzz;ElayDzha;for2na;OxygeN;rinn,,0,5
2025-05-05,12267.0,UNiTY,15818;15821;22371;23469,K1-FiDa;Levi;NEOFRAG;Pechyn;woozzzi,,4,5
2025-05-05,11790.0,ENCE Academy,20677;21233;21930;22733;24149,2high;millert;myltsi;Schwarz;teme,9c4a36a264a74f4d8d93,5,5
2025-05-05,13109.0,Swingers,16835;17133;17216;20083;22109,desh;MaLLby;ninjaZ;ponter;vinaabEAST,592591c417caacd704b9,5,5
2025-05-05,12426.0,Passion UA,17803;23046;23414;23415,fear;jackasmo;jambo;s-chilla;zeRRoFIX,,4,5
2025-05-05,12415.0,Gods Reign,23323,Bhavi;f1redup;Ph1NNN;R2B2;Rossi,,1,5
2025-05-05,12955.0,THE,24161,d0RREN;DayMake;krc;Sange;Tugu,,1,5
2025-05-05,12233.0,Solid,9483;16645;18743;20522;23551,destiny;drg;gbb;nython;tomate,21a7646cd27ff716f6a6,5,5
2025-05-05,11827.0,JANO,4076;18848,Aerial;allu;HENU;Jelo;Sm1llee,,2,5
2025-05-05,12818.0,FAVBET,2131;18240;20110;20228,bondik;j3kie;Marix;Smash;t3ns1on,,4,5
2025-05-05,11571.0,Gaimin Gladiators,13602;13749;20300,kraghen;nicoodoz;Nodios;Queenix;roeJ,,3,5
2025-05-05,4548.0,CPH Wolves,13669;17113;20637;20926;22048,aNdu;b1elany;Jackinho;szejn;Tapewaare,211deb9c07219e5ea3fb,5,5
2025-05-05,11446.0,Leo,20421;21065;21650;21651;22649,kL1o;kr1vda;Malkiss;marat2k;OneUn1que,60c96df3b77e5b788a47,5,5
2025-05-05,13178.0,NOVAQ,11940;22537;23541;23599,def1zer;forkyz;neaLaN;Pumpkin66;tasman,,4,5
2025-05-05,13233.0,HEROIC Academy,21575;22563;22696;22948;24281,anber;Dengzoe;fnl;Scr0b;St0m4k,f37812922f35412b43e7,5,5
2025-05-05,11263.0,Only One Word,21395,BaN4na;Oath;sunshinez;Terryyy;viridian,,1,5
2025-05-05,13133.0,Prototype Blaze,1656;21793;21849;22356,ASTRA;Emerald;Kaoday;Monkey D Julie;RacheLL,,4,5
2025-05-05,10975.0,MIBR fe,16341;21800;21801;23463,Dani;GaBi;goddess;poppins;yungher,,4,5
2025-05-05,9466.0,GTZ,16102;17003;20054;24634,Jayy2s;Linko;NOPEEJ;rafaxF;snapy,,4,5
2025-05-05,11718.0,BIG EQUIPA,16764;20165;22063;22871,Hanka;JennyR;pauliiee;pullox;Zana,,4,5
2025-05-05,12959.0,ShindeN,19872;19985;20451;20992,abizz;BK1;ivz;nacho;roy,,4,5
2025-05-05,13211.0,NinJa,20258;21323;21509;23596,expSasiKi;Miami;rage;Risk;SPine,,4,5
2025-05-05,10333.0,Sangal,12945;20284;20309;21142;22039,Blytz;bnox;danistzz;maaryy;mASKED,6aa88a84bb53992e80ce,5,5
2025-05-05,13105.0,ALASKA,20336;20339;20340,arTisT;Extinct;Girafffe;Rezst;shyyne,,3,5
2025-05-05,13206.0,anything else,20101,cypress;FAME;K4mr0;mcniff;Slash,,1,5
2025-05-05,13189.0,Flshbck,19563;23430,clouda;Crazy_Gamer;CycloneF;DiceDealer;reV3nnnn,,2,5
2025-05-05,11737.0,EYEBALLERS,3849;16029;22060;22914;23397,delle;dex;HEAP;JW;poiii,c56d0a8e8d57b2d80c10,5,5
2025-05-05,,Cloud9,11840;15071;16555;20447;21439,Ax1Le;Boombl4;HeavyGod;ICY;interz,31036d7867d816f762b5,5,5
2025-05-05,12833.0,TNL,24168;24281;24283,cairne;onic;St0m4k;yukitoro;zogeN,,3,5
2025-05-05,12929.0,Victores Sumus,15762;23325,arakyN;Benzene;EmbeR;RaYzEr;Recoilmaster,,2,5
2025-05-05,12913.0,Lumen fe,,daria;kira;olya;sakura;sckrafft,,0,5
2025-05-05,,NAVI Javelins,15831;21849;22062;22063;22065,Angelka;ASTRA;D7;Hanka;vicu,3b11c82d36dd5bf7d31e,5,5
2025-05-05,12065.0,Flamengo,12092;16814;16816;18891;22163,CutzMeretz;danoco;max;Misfit;vsm,99f8544a2ab4e9430837,5,5
2025-05-05,11948.0,Nouns,14494;21620;22135,cJ dA K1nG;junior;nicx;Peeping;RUSH,,3,5
2025-05-05,11917.0,NIP Impact,1572;21796;21798;22095;23090,aiM;Nayomy;Qiyarah;ramziiN;vilga,4c0a0f62bc8d88416e7e,5,5
2025-05-05,12858.0,kONO,19614;19617;22842,amster;byr9;kensizor;nifee;s4ltovsk1yy,,3,5
2025-05-05,13191.0,Garden Garage,24081;24543;24544;24546,Fugor;keis;Masi;Showk;Xydoo,,4,5
2025-05-05,12334.0,Preasy,13077;21574;22091;24425,AcilioN;bekker;Boye;Griller;Patti,,4,5
2025-05-05,13098.0,Chimera,20201;22459;22880;23193;23302,bluewh1te;FpSSS;m1QUSE;sh1nejezzz;VILBy,1cebdcf8b94b716e82c0,5,5
2025-05-05,4991.0,fnatic,7528;8374;13670;15165;21062,blameF;bodyy;KRIMZ;MATYS;nawwk,7d9654e666bd7e5dbb2b,5,5
2025-05-05,12586.0,AMKAL,12027;13982;16948;22929;24326,Forester;Krad;nota;topo;TRAVIS,511be8df08c558658f9a,5,5
2025-05-05,13198.0,LOBOARMY,,Antuanette;BabyRage;SJR;Slayerhz;zockie,,0,5
2025-05-05,12900.0,NomadS,24303,CRYTICAL;HenX;hoolig4n;KRST;shinobi,,1,5
2025-05-05,13121.0,Eco Warriors,7653;15831;22062;23049;24005,D7;juliano;kyossa;vicu;wieenN,eb545edeabdc1c75f7bb,5,5
2025-05-05,4501.0,ALTERNATE aTTaX,19284;20122,ArroW;FreeZe;hyped;PerX;prosus,,2,5
2025-05-05,12971.0,Wanted Goons,23589,febreeze;Johan;killerPandas;KmZ;Magic,,1,5
2025-05-05,12544.0,adalYamigos,11213;18140;19972;21099,bsd;ckzao;delboNi;f4stzin;SHOOWTiME,,4,5
2025-05-05,10994.0,O PLANO,19998;20501;23092,bokor;REGIANE;s1non;Sofiaxyz;ujliana,,3,5
2025-05-05,12604.0,Johnny Speeds,9255;9766;19064;21012;21159,bobeksde;draken;hampus;Ro1f;spooke,a2051d0db9aa8f62c0e0,5,5
2025-05-05,12878.0,BC.Game,9261;18790;21139,CacaNito;GuardiaN;jkaem;Lekr0;pr1metapz,,3,5
2025-05-05,12180.0,Tsunami,20273;20787;23410,CAJUN;caustic;CoolComs;Drop;Pose1doNN,,3,5
2025-05-05,,Undone,13230;17353;19705,chop;Cxzi;motm;Skadoodle;steel,,3,5
2025-05-05,13146.0,Supernova Comets,16581;22302;23391;24393;24415,empathy;Fawx;raven;Serendipity;Stx,a6dffd2855ad5f4f2190,5,5
2025-05-05,11609.0,GenOne,10569;19742;20482;21971,Brooxsy;devoduvek;drac;Kursy;Nivera,,4,5
2025-05-05,13127.0,Wildcard Academy,20018;23237;23696;24113,fr3nd;sSen;T4gg3D;TMKj;Wonder,,4,5
2025-05-05,12472.0,MANTRA,,cheeseball;cookie;rekonz;SkulL;Winnieeeee,,0,5
2025-05-05,11955.0,LAG,21021,Experative;SnacKZ1;spud;TR0JN;Weeza,,1,5
2025-05-05,8038.0,Party Astronauts,13250;20564;22967,ben1337;d4rty;ogwizard;sacrifice;xsany,,3,5
2025-05-05,13158.0,Dark Cloud,20413;23767;24243,AdrieN;chudy;darchevile;mwlky;Nami,,3,5
2025-05-05,12548.0,Dusty Roots,18554;21221;24749,1962;FraGuTy;maxxkor;tom1jed;toto,,3,5
2025-05-05,12857.0,FORZE Reload,21367;21392;22327;23628,KusMe;rexxie;shady;Something;spirit,,4,5
2025-05-05,13175.0,Change The Game,23001;24855;24857;24858,957;Hack1ng;LaiKeXu;yancher;Zero,,4,5
2025-05-05,12787.0,WOPA,14242;16753;20248;22950,Gnøffe;n1Xen;PR1mE;sL1m3;Vster,,4,5
2025-05-05,4411.0,Ninjas in Pyjamas,9278;16811;17937;20425;22759,isak;jocab;MisteM;r1nkle;REZ,3bc05fc25b51bc00c745,5,5
2025-05-05,12301.0,FlyQuest RED,8850;14401;18641;22111,BiBiAhn;Emy;GooseBreeder;Shakezullah;vanessa,,4,5
2025-05-05,7234.0,Endpoint,7996;22106;22702,AZUWU;cej0t;CRUC1AL;MiGHTYMAX;Surreal,,3,5
2025-05-05,11668.0,Mindfreak,,gump;pain;Rickeh;Texta;tucks,,0,5
2025-05-05,12556.0,Nouns fe,,ashe;gadfly;lunari;raynee;violet,,0,5
2025-05-05,12895.0,K27,19575;22886;23684;23686;24725,kashl1d;qw1nk1;relaxxie;X5G7V;xeedo,e750fe564bbd5d2ce6ca,5,5
2025-05-05,12927.0,Marca Registrada,9214;19918;20405;24345,AMC;b1;Jardani;Majesticzz;spamzzy,,4,5
2025-05-05,7865.0,HAVU,9818;21963;22143;22144;22211,Alxc;ottob;p3kko;puuha;uli,cafbd75d62b9de4d1423,5,5
2025-05-05,12483.0,MIGHT,12102;17437;24527,djay;jared;Louie;Snakes;Voltage,,3,5
2025-05-05,13111.0,Aetheris,,graphX;karv3r;Rulik;s1renaa;xsany,,0,5
2025-05-05,13142.0,AKA HERO KAJO,,amyb;miLo;Pikkuems;Siljeeeh;Waldee,,0,5
2025-05-05,12421.0,Let Her Cook,22023;22024;23436,jenkon;Joanana;ManeschijnX;meli;spike,,3,5
2025-05-05,12707.0,Underground,,coops;Mechanical;N1ghtraid;Omichella;rahley,,0,5
2025-05-05,13153.0,Hesta,21445;21686;23687;24806;24807,abiraju;anttzz;frontales;Muk0s;slaxejezzz,f5cffaa253b25112d40e,5,5
2025-05-05,12847.0,Kubix,21108;21109,ammar;Caleyy;gejmzilla;tripey;v1w,,2,5
2025-05-05,8813.0,Illuminar,22129;24179,AntyVirus;discoStar;Furlan;kadziu;SpavaQu,,2,5
2025-05-05,13203.0,ex-Heimo,9325;14236,arvid;japE;oopee;Welho;ykis,,2,5
2025-05-05,13177.0,SUPER EVIL GANG,,arias;clipzera;flow;misha;Talen,,0,5
2025-05-05,11756.0,Quem Sao Elas,21736;22270,Babs;cAmyy;josi;Le;tamizinha,,2,5
2025-05-05,7801.0,Ghost,8640;21961;22096;23524,7licious;Ellie;EMUHLEET;mira;PiggyKiki,,4,5
2025-05-05,13067.0,Immigrants peek,24045;24890,bezymecc;H0NeST;marekiew;nico1ajus;Termina,,2,5
2025-05-05,13054.0,PCIFIC,21023;21250;22498;22504;23274,EMSTAR;eNs;jresy;lugseN;scolleN,beea5f99b8dfbdae1647,5,5
2025-05-05,13143.0,Black Mold,,Bungee;Knopk@;madss;sunnypp;uhKelsie,,0,5
2025-05-05,,SINNERS Academy,23763,BORO;DALIEN;dreez;outex;Pepo,,1,5
2025-05-05,13184.0,WildLotus,7996;9896;13718;15117,b0RUP;birdfromsky;CRUC1AL;Keoz;Vegi,,4,5
2025-05-05,11711.0,Players,22085,drax;hug1;MITHPUTTINI;spinnie;xns,,1,5
2025-05-05,13229.0,Daaku,8183,dottie;nomizz;rain;Weeza;Wolffe,,1,5
2025-05-05,,Rebels,3669;15940;20283;21715;23295,flayy;innocent;kisserek;Sobol;tomiko,7f875c8fdb10914aef8b,5,5
2025-05-05,13219.0,LFO 4,23589;23675,Evan;MagiC;MERL;NIGHT666LADE;TABEN,,2,5
2025-05-05,13186.0,Bounty Hunters fe,23148;23514,Brendinha;Cara de Banana;croma;Eleven;Vii,,2,5
2025-05-05,13005.0,MCS,24528,Go0dby3;Oczarka;ogura;Scorchyy;snufaffu,,1,5
2025-05-05,13192.0,Roler Coaster,11942;16612;16921;20430;21348,alpha;ArtFr0st;buster;n0rb3r7;nafany,41c4fc4060136f0de900,5,5
2025-05-05,,Sampi,8488;14388,fino;sAvana1;semtex;The eLiVe;ZEDKO,,2,5
2025-05-05,10947.0,Rhyno,20683;20750;22807;23140;23141,aragornN;Icarus;krazy;P3R3IIRA;seabraez,a5b74eab4210e81faa6e,5,5
2025-05-05,11321.0,Kappa Bar,7700;16487,Bååten;eraa;robiin;SeBreeZe;Siz,,2,5
2025-05-05,13025.0,Tropa do Taco,16816;16817;16835,farias;hardzao;ponter;TACO;vsm,,3,5
2025-05-05,,USA fe,8640;14401,EMUHLEET;Emy;madss;olya;uhKelsie,,2,5
2025-05-05,13083.0,Big W,,Crazy_Gamer;CycloneF;hattygOD;N1kace;SpawN,,0,5
2025-05-05,12912.0,thekillaz fe,21042,Cellax;fly;hera;Samys;xuliana,,1,5
2025-05-05,12491.0,2GAME,6593;16817;18610;22362;23045,detr0ittJ;hardzao;lukiz;PKL;xureba,6af22c7f89396d17a520,5,5
2025-05-05,9139.0,BRUTE,23206;24261,m0nsterr;realzen;sAvana1;v4NO;w4rden,,2,5
2025-05-05,6668.0,FLuffy Gangsters,24171;24172,Djon8;h1ghnesS;SoLb;takanashi;yuramyata,,2,5
2025-05-05,13107.0,Chicken Coop,18442;22133;24660,BAGEL;BiNoX;FRIZZY;LittleBEER;taggy,,3,5
2025-05-05,13134.0,Akuma,21727;22065;22604;23052;23451,Angelka;Hikomi;LETi;suns1de;xia,9cb2dca99532c31ca250,5,5
2025-05-05,13215.0,POWERmix,,0scar;dodZ;NAKO;sry;tr1,,0,5
2025-05-05,12825.0,The QUBE,24396;24513;24779,bkzcurs3d;faline;Kamui;soloooS;Uncrown,,3,5
2025-05-05,12988.0,GameHunters,10827;17028;18875;22084;24931,abr;CaPiM;mello;prt;RICIOLI,64487a9b8e24c0e1204b,5,5
2025-05-05,13052.0,2070,,Demonos;lealziNho;roz;swarmyzz;voltera,,0,5
2025-05-05,3044.0,MIBR Academy,20029;21290;21700;22964;23094,brn$;card;perez;RenanZin;stormzyn,e223a7455fade7912302,5,5
2025-05-05,13187.0,Spray and Slay,20502;23995,Aida;Emmsan;julih;KiTKaT;KittyTM,,2,5
2025-05-05,13115.0,harizma,,DeFFeN;Haski4;lame;nova4u;ZinGY,,0,5
2025-05-05,10954.0,Astralis Talent,21381,ANSG1;kiR;kroK;suma;Zanto,,1,5
2025-05-05,12776.0,Bounty Hunters,14394;14737;18322;20690,Bruninho;KAISER;meyern;Tuurtle;zock,,4,5
2025-05-05,12152.0,KZG,,Estate;foggers;Hassie;Kras;Samuukxs,,0,5
2025-05-05,5775.0,Elevate,20885;21100;22777;22956,diozera;fREQ;lash;short;zede,,4,5
2025-05-05,13217.0,ScarX,16167;16180;21541,Dant1k;Dili;k1araSh;KryPt0NN;x1ron,,3,5
2025-05-05,9506.0,Viperio,21657;23735,dezt;shyyne;Skrimo;swicher;zodi,,2,5
2025-05-05,12890.0,Bad News Chickens,17132;17133;20521,Alisson;desh;Leomonster;short;skr,,3,5
2025-05-05,10900.0,KRÜ,9221;18549;21169,atarax1a;honda;laser;reversive;righi,,3,5
2025-05-05,13147.0,Shika,9339;19060,Biuckmt;ImpressioN;jiejie;splashske;Zy88,,2,5
2025-05-05,13135.0,MEGA JUNERS,,ARIANARCHIST;AuroraVeee;heehee;Junie;Lexa,,0,5
2025-05-05,12858.0,kONO,16147;19614;19617;20422,amster;cptkurtka023;OWNER;s4ltovsk1yy;zogeN,,4,5
2025-05-05,,Justice For Tomorrow,,COOOOOOFFEE;kasze;LarkoTaco;Saac;xc,,0,5
2025-05-05,10278.0,9INE,2898;14176;19817,mantuu;misutaaa;raalz;refrezh;s0und,,3,5
2025-05-05,13128.0,moneyF,15117;15203;15369;20908,bevve;Juve;Keoz;REDSTAR;reiko,,4,5
2025-05-05,5058.0,Hungary,14202;21786,Aaron;coolio;kory;noleN;xavi,,2,5
2025-05-05,13112.0,Bad News Capybaras,13689;20234;21749,cbass;Gabe;Grave;jchancE;mds,,3,5
2025-05-05,12455.0,Vantage,,Drox;Jynx;Mingovi;Snaaz;supar,,0,5
2025-05-05,8038.0,Party Astronauts,13250;17372;17929;18761;22967,ben1337;FaNg;ogwizard;viz;Walco,1dd57eb0278eb52e3d2e,5,5
2025-05-05,13144.0,Messitas,,armk4m;chjna;Flossie;khizha;valulu,,0,5
2025-05-05,,ex-GR,,7nation;mediocrity;Runnin;SALO_MUX;weqt2,,0,5
2025-05-05,13166.0,Prasso,17997;19086;20689;23150;24091,dott1;Hezz;lenci;pavv;rzk,2bc380a21b94f7716bbf,5,5
2025-05-05,10459.0,ARCRED,18447;18671;19703;21363;21369,1NVISIBLEE;DSSj;Get_Jeka;Ryujin;shg,40c702299d63a1ed6d38,5,5
2025-05-05,12915.0,NITRO,21284,beg0d;happ;Lcm;leleo;LUCAS1,,1,5
2025-05-05,13172.0,Mercenaires,7168;14176;19738;19926,afro;Djoko;misutaaa;NBK-;PerX,,4,5
2025-05-05,12982.0,SkyFury,17117;24204,7oX1C;auth0ri;Kiy0o;shield;Templ,,2,5
2025-05-05,12983.0,st4rboys,,Ang3l10wOw;Bloody;hf;Scoffic;Sharpshooter,,0,5
2025-05-05,11138.0,benched,17305;21630;23762,FinigaN;Pipw;Polt;wh1teout;z1k4,,3,5
2025-05-05,13027.0,Nuclear TigeRES,22430;22878;23303;24568;24569,flouzer;fluffy;h1kaN;k0s;senka,724f8d6e2a6db9ba88b9,5,5
2025-05-05,5479.0,Mythic,8503;15007;20510;20793;22022,Austin;Cooper;fl0m;hyza;Trucklover86,3b40a809b0d8c9007db9,5,5
2025-05-05,11933.0,Yawara,22364;22957;24284;24772,j0w;nardes;revoltz;stax;tele D,,4,5
2025-05-05,4532.0,ESC,20245;20284;20958;21142;23668,AMSALEM;bajmi;maaryy;mASKED;SaMey,4e0c70f7e092d4484ed4,5,5
2025-05-05,11660.0,Take Flyte,22544;22835;23226;24679;24680,Crisp;huncho;Panic;REKMEISTER;Sharpie,a6f3f158f36344963239,5,5
2025-05-05,10621.0,1win,8528;20782;23770;23771,cronuss;Goody;HObbit;klain;oz1k,,4,5
2025-05-05,12747.0,DMS,22029;24006,AverOna;Jammie;k175un4;sosya;uulis,,2,5
2025-05-05,11555.0,UNO MILLE,14010;17132;21099;21284,bsd;happ;Leomonster;realz1n;zmb,,4,5
2025-05-05,12377.0,GhoulsW,15118;19167;20960;21143,Diviiii;ex1st;SBT;sk1tt;smekk-,,4,5
2025-05-05,11905.0,paiN Academy,22566,deemO;legy;Markz;Tatu;tsug,,1,5
2025-05-05,12124.0,Insilio,18510;20197;22535;22536;23048,dwushka;faydett;kelieN;mag1k3Y;sugaR,d68f621c0c4769cf3779,5,5
2025-05-05,12554.0,regain,23136;23137;23138;24667,dvrk;Fuzenko;Halen;sasha;Zucar,,4,5
2025-05-05,11164.0,Into the Breach,9656;11271;15117;15369;18120,hAdji;Keoz;REDSTAR;sinnopsyy;smooya,9ffcb562e72a86249f03,5,5
2025-05-05,12670.0,LEON,8726;19812;20207;24079,Chill;facecrack;Raijin;w1sely;yngsamurai,,4,5
2025-05-05,13168.0,CS2News Ladies,18774;23438;23505;24336,emocore;f6tal;irbitka;Stormy;v1spel,,4,5
2025-05-05,5117.0,Czech Republic,15821,darber;NEOFRAG;olik;pandi7o;PerdY,,1,5
2025-05-05,12611.0,Vagrants,14799;19177;22552;23199,brett;consti;mason;Sandman;Seb,,4,5
2025-05-05,13181.0,BASEMENT BOYS,21213;22680;22945;23614;24286,Bambosh;ERSIN;levantino;Polbandana;Tr0ublE,acd45ae52bd16e7eb579,5,5
2025-05-05,13154.0,LFO 3,19812;21775;24332,awks;BehinDx;Chill;giM;Matheos,,3,5
2025-05-05,13092.0,BadGuys,9656;15569;16885;19763,BOROS;hAdji;leen;Sapec;Woro2k,,4,5
2025-05-05,13046.0,CS2News,13170;18456;20097;21431;22189,fostar;h4rn;H4SAN4TOR;kwezz;sstiNiX,412c231fcb8464d12a61,5,5
2025-05-05,11006.0,9z Academy,23549;24639,lezy;MaxOff;neozix;rw;zock9,,2,5
2025-05-05,,Latvia,14990;19566;20003;21512,Frip;keen;prelideN;rud;shadiy,,4,5
2025-05-05,,TSM,3741;10330;20090;22695,acoR;niko;sirah;valde;Zyphon,,4,5
2025-05-05,13122.0,nomercy fe,,aiveri;akiyanora;Potya;t4tty;unknxwn,,0,5
2025-05-05,,Norway,22048,Grus;sense;shyyne;SLY;Tapewaare,,1,5
2025-05-05,12431.0,Betera,13281;19874;20422;22459;24173,El1an;MaSvAl;OWNER;sh1nejezzz;tENZY,75033a164399b2acc065,5,5
2025-05-05,12867.0,Floripa Stars,23960;24298;24328,ALENNNCAR;BRNZ1K;Lukita;s1cko;sakamoto,,3,5
2025-05-05,11011.0,Patins da Ferrari,18891;21290;22559,CutzMeretz;Jotag3;perez;proSHOW;rainny,,3,5
2025-05-05,12087.0,Lazer Cats,22035;22191;22706;23151;23589,Magic;MAGILA;n0te;nikitea;yab0ku-,3abba0929f68f8dbd73c,5,5
2025-05-05,13151.0,Tropa do KinGui,19975;22423;24294;24716,brokeN;cLd;clon7;flash;wallz1k,,4,5
2025-05-05,13180.0,Straight2Killin,19028;23161;23674,Brashi;den1ed;Elxhin;HorizoN;VulcaN,,3,5
2025-05-05,10854.0,los kogutos,20282;20284;21142;22385;24734,kRaSnaL;maaryy;mASKED;Melavi;tein,887e6c08c0147fd6a1f5,5,5
2025-05-05,13099.0,ex-Vikings,2544;12092;13287;14010,bnc;max;realz1n;remix;zmb,,4,5
2025-05-05,12677.0,Galorys,20521;23461;23550;24224,Alisson;bacc;divine;kadzz;pepe,,4,5
2025-05-05,,Canada,21128,Gabie;J0LZ;Melio;Pluto;YuZ,,1,5
2025-05-05,13118.0,Adventurers,9656;12781;16885;20422,hAdji;k1to;meztal;OWNER;Woro2k,,4,5
2025-05-05,13176.0,Nyx Empyre,,ADK;jaydee;MamaAlien;PippySippy;Viv,,0,5
2025-05-05,13137.0,Familia Maquininha,10838;10840;16814;18610;20885,danoco;detr0ittJ;fREQ;mawth;tatazin,c945590e437a5c2dfada,5,5
2025-05-05,12467.0,PARIVISION,13239;19235;19673;20430;21348,alpha;ArtFr0st;BELCHONOKK;Patsi;Qikert,043e31e963ce7277bf47,5,5
2025-05-05,10978.0,VELOX,10499;10506;20531;24558,ABM;JonY BoY;maaxg1;nbl;tutehen,,4,5
2025-05-05,7720.0,InControl,20330;23690;24528,Beast;jsfeltner;Oczarka;Scorchyy;TyRa,,3,5
2025-05-05,,FLUFFY AIMERS,14799;23674;24048,brett;den1ed;jason;slump;Wolffe,,3,5
2025-05-05,12431.0,Betera,17316;19231;19874;20402;24173,h1te;MaSvAl;synyx;tENZY;Vert,3901811535021c8b7cec,5,5
2025-05-05,4326.0,América,21038;21085;21888;24717,antonini;nikz;proSHOW;Reix;Thuister,,4,5
2025-05-05,8574.0,W7M,11332;11739;17861;18894;22371,horvy;JOTA;levi;shz;t9rnay,5cb7c9150f0471e53d36,5,5
2025-05-05,,Chile,,alexer;DOPWEEK;KratZen;OrphaN;wait,,0,5
2025-05-05,,Tunisia,,Falez;Potei;Remind;RiglA;zaca,,0,5
2025-05-05,,Jordan,19763,BOROS;hunt3rr;REAL1ZE;sprantos;tr1,,1,5
2025-05-05,11011.0,Patins da Ferrari,18891;21290,CSO;CutzMeretz;land1n;lub;perez,,2,5
2025-05-05,13162.0,Virtual Cottage,9616;9798;20066;22101,aidKiT;amanek;EspiranTo;lunAtic;spardaus,,4,5
2025-05-05,,Galorys Academy,24015;24224,bacc;insan1ty;kadzz;prisma;trindade,,2,5
2025-05-05,12908.0,Aether,22168,denz;Izik;MJB;Pr0mise;SolGoat,,1,5
2025-05-05,12867.0,Floripa Stars,24298;24328;24930;24931,ALENNNCAR;BALEROSTYLE;CaPiM;Lukita;vzn,,4,5
2025-05-05,12567.0,Akimbo,20572;21091;23458,kmrn;laxiee;N2o;obi;Pol0,,3,5
2025-05-05,13052.0,2070,,JLK;lealziNho;mid1;redi;roz,,0,5
2025-06-02,9565.0,Vitality,7322;11816;11893;16693;18462,apEX;flameZ;mezii;ropz;ZywOo,91c93eb867d7d47bf729,5,5
2025-06-02,4494.0,MOUZ,13666;18072;18221;18850;20312,Brollan;Jimpphat;Spinx;torzsi;xertioN,43f602c729e986479a12,5,5
2025-06-02,7020.0,Spirit,7716;16920;18317;20423;21167,chopper;donk;magixx;sh1ro;zont1x,8ddd7c3d52942c256b57,5,5
2025-06-02,11283.0,Falcons,3741;9032;12018;19230;19677,kyxsan;m0NESY;Magisk;NiKo;TeSeS,f91f72bd614cf8908299,5,5
2025-06-02,6248.0,The MongolZ,20194;20275;20903;21001;21809,910;bLitz;mzinho;Senzu;Techno,75e5d950f37342b03568,5,5
2025-06-02,11861.0,Aurora,150;7938;8574;21243;22361,jottAAA;MAJ3R;Wicadia;woxic;XANTARES,0a254842e1149d2d09f6,5,5
2025-06-02,5995.0,G2,2553;3972;11617;16848;20447,hades;HeavyGod;huNter-;malbsMd;Snax,2c30e3ac1ffbc21beb69,5,5
2025-06-02,4608.0,Natus Vincere,9816;14759;18987;19206;20127,Aleksib;b1t;iM;jL;w0nderful,996316e9c05448acf739,5,5
2025-06-02,9928.0,GamerLegion,9278;10330;16486;20301,acoR;PR;REZ;Tauson;ztr,,4,5
2025-06-02,6667.0,FaZe,429;7998;8738;9960;18676,EliGE;frozen;karrigan;s1mple;skullz,aa330fa1db03e6a6403b,5,5
2025-06-02,6665.0,Astralis,7592;10096;10994;17956;20304,device;HooXi;jabbi;Staehr;stavn,52aabeb463275f7ddf2b,5,5
2025-06-02,4914.0,3DMAX,8374;13138;19739;21969,bodyy;Ex3rcice;Graviti;Lucky;Maka,,4,5
2025-06-02,7175.0,HEROIC,19164;19187;19310;19808;22047,LNZ;SunPayus;tN1R;xfl0ud;yxngstxr,a640c4181cc7b506ee9c,5,5
2025-06-02,5973.0,Liquid,8520;9436;10394;16820;21763,NAF;NertZ;siuhy;Twistzz;ultimate,e30bbdc993a56db8023c,5,5
2025-06-02,5378.0,Virtus.pro,8918;12732;20101;20994;21439,electroNic;fame;FL1T;FL4MUS;ICY,f1c05542faa91e6b6868,5,5
2025-06-02,8297.0,FURIA,2023;12553;13915;15631;24144,FalleN;KSCERATO;molodoy;YEKINDAR;yuurih,e0362dcbafd342d82962,5,5
2025-06-02,5005.0,Complexity,11630;12840;13578;17353;21620,Cxzi;Grim;hallzerk;JT;nicx,a957c1e3fa87abcbbeb9,5,5
2025-06-02,4863.0,TYLOO,8552;19645;20702;20895;21621,Attacker;JamYoung;Jee;Mercury;Moseyuh,2c632070ba401ebd2e9d,5,5
2025-06-02,9215.0,MIBR,11154;18717;18835;20987;21037,brnz4n;exit;insani;Lucaozy;saffee,3df0c093029dd07f6fd8,5,5
2025-06-02,11241.0,B8,19592;20112;21708;22842;23643,alex666;esenthial;headtr1ck;kensizor;npl,a557275c96d577ef4eaf,5,5
2025-06-02,4411.0,Ninjas in Pyjamas,922;14148;20425;20464;20465,arrozdoce;ewjerkz;r1nkle;sjuush;Snappi,16ae57adceed4e78cb00,5,5
2025-06-02,7532.0,BIG,5794;14929;19899;20170,hyped;JDC;Krimbo;kyuubii;tabseN,,4,5
2025-06-02,4773.0,paiN,14736;18141;18865;19694,biguzera;dav1deuS;dgt;nqz;snow,,4,5
2025-06-02,12774.0,FlyQuest,10588;11140;17384;18214;20123,INS;Liazz;nettik;regali;Vexite,5a5a5fbd3b1d700e0387,5,5
2025-06-02,8840.0,Lynn Vision,16551;18744;20254;22922;23100,C4LLM3SU3;EmiliaQAQ;Starry;Westmelon;z4kr,dbed042ec191be814f2c,5,5
2025-06-02,11514.0,Rare Atom,7028;19681;21825,ChildKing;kaze;L1haNg;somebody;Summer,,3,5
2025-06-02,11419.0,ECSTATIC,10961;11995;20417;21779;22695,Anlelele;Kristou;nut nut;sirah;TMB,eca76dd469044ed07bc1,5,5
2025-06-02,10371.0,NAVI Junior,20584;22203;22673;22674;23553,cmtry;dem0n;dziugss;Krabeni;makazze,2c03c52da3ae13074093,5,5
2025-06-02,4869.0,ENCE,12731;21815;21972;23372,gla1ve;Neityu;podi;sdy;xKacpersky,,4,5
2025-06-02,12833.0,TNL,23642;24168;24282;24283,cairne;Dawy;Flierax;nifee;onic,,4,5
2025-06-02,4991.0,fnatic,7528;15165;17803;21062;23046,blameF;fear;jambo;KRIMZ;MATYS,7b9c2e54637477264639,5,5
2025-06-02,6673.0,NRG,7687;13249;16717;18838;20333,br0;HexT;Jeorge;nitr0;oSee,495b9c702d422c543a21,5,5
2025-06-02,10245.0,JiJieHao,10449;17675;18163;19763;22419,0SAMAS;Bibu;BOROS;ISSAA;m1N1,239c366f89b0c9626e78,5,5
2025-06-02,7900.0,Spirit Academy,22864;23319;24176;24177,alkarenn;kyousuke;Mokuj1n;robo;syph0,,4,5
2025-06-02,11581.0,HOTU,18752;19823;21385;24190,dukefissura;kade0;lampada;mizu;youka,,4,5
2025-06-02,12394.0,BetBoom,11840;15662;16555;18506;21667,Ax1Le;Boombl4;Magnojez;S1ren;zorte,351de843dc8e3cb18d4c,5,5
2025-06-02,12467.0,PARIVISION,13239;13776;16948;19235;22929,BELCHONOKK;Jame;nota;Qikert;TRAVIS,8f1b660374056c309a4c,5,5
2025-06-02,10503.0,OG,13602;19044;19064;20941;21983,Buzz;Chr1zN;F1KU;nicoodoz;spooke,77d7e9342b0bb5860f6c,5,5
2025-06-02,10567.0,SAW,630;20462;21014;22106;22702,Ag1l;AZUWU;cej0t;MUTiRiS;story,0d76c6a91d9adcab7a05,5,5
2025-06-02,12646.0,Chinggis Warriors,19229;19537;21396;21398;22414,ariucle;controlez;cool4st;Efire;ROUX,0486ea64cb7a5f05826a,5,5
2025-06-02,9455.0,Imperial,12822;19869;20026;20183;22564,chayJESUS;decenty;noway;try;VINI,a71e6e7f6daa2e9d3935,5,5
2025-06-02,12916.0,Betclic,18070;18979;22383;23765;23766,Demho;hfah;hypex;jcobbb;Prism,1191985bc02c56d5769c,5,5
2025-06-02,12510.0,The Huns,15072;19536;19957;20703;23402,Bart4k;cobrazera;nin9;xerolte;yAmi,ee4c146d1ee5d9d21a02,5,5
2025-06-02,13235.0,Astrum,12004;19236;19673;19882;22884,clax;gr1ks;KENSI;Norwi;Patsi,0e7ced82edf77cf5b175,5,5
2025-06-02,7969.0,Nemiga,20387;21266;22460;23317;23685,1eeR;khaN;riskyb0b;Xant3r;zweih,5f7d948e2932e569ccbe,5,5
2025-06-02,10976.0,FURIA fe,11872;16340;17288;21219;22839,bizinha;gabs;izaa;kaahSENSEI;lulitenz,10dd16af0d8ef7254cf3,5,5
2025-06-02,12426.0,Passion UA,16885;19733;21452;23414,DemQQ;jackasmo;Kvem;Topa;Woro2k,,4,5
2025-06-02,12257.0,Wildcard,8507;8711;16726;21163;21665,JBa;phzy;Sonic;stanislaw;susp,928ad8a13dcda967f95d,5,5
2025-06-02,12468.0,Legacy,15698;19045;19686;20563;22965,dumau;latto;lux;n1ssim;saadzin,5cfd43d0258204c4872c,5,5
2025-06-02,12376.0,M80,15370;16599;17378;20104;22921,Lake;reck;s1n;slaxz-;Swisher,764bfbaf02d5ad51d83f,5,5
2025-06-02,7187.0,Nexus,1206;9626;17116;19817;20761,BTN;lauNX;ragga;s0und;XELLOW,bfc6a1833c0489262735,5,5
2025-06-02,4602.0,Tricked,21571,kroK;leakz;Nodios;salazar;valde,,1,5
2025-06-02,10278.0,9INE,2898;14932;20300;21159,bobeksde;faveN;kraghen;mantuu;raalz,,4,5
2025-06-02,11883.0,9 Pandas,12027;17011;20357;20709;23858,d1Ledez;Krad;mo0N;r3salt;shalfey,9ea3027c506fb46cb120,5,5
2025-06-02,11837.0,Fluxo,12521;18714;19692;20385;21286,arT;kye;mlhzin;piriajr;zevy,b8d719ce28553c1f8538,5,5
2025-06-02,11768.0,ODDIK,14390;16314;17181;22182,ksloks;matios;naitte;pancc;WOOD7,,4,5
2025-06-02,12604.0,Johnny Speeds,9255;15569;19065;20133;24083,draken;MaiL09;Sapec;SHiNE;Svedjehed,d574bdf33db928eb2997,5,5
2025-06-02,12878.0,BC.Game,9618;13670;18571;18790;21139,CacaNito;CYPHER;nawwk;nexa;pr1metapz,2a0f3f6c35b49557bf52,5,5
2025-06-02,13104.0,Iberian Soul,8371;9254;11205;18749;19509,alex;dav1g;mopoz;sausol;stadodo,6ca7d79ae1c6411ec50d,5,5
2025-06-02,11641.0,Metizport,9766;14218;17937;20878;21164,adamb;hampus;isak;L00m1;Plopski,4d51241454abe4475e92,5,5
2025-06-02,8113.0,Sharks,20558;21170;21921;22911,aNgelo;doc;gafolo;koala;rdnzao,,4,5
2025-06-02,5347.0,BLUEJAYS,18706;19079;19128;19710;19711,dare;freshie;Fruitcupx;SLIGHT;snav,211d4d761777d0aa6ee4,5,5
2025-06-02,12380.0,CYBERSHOKE,17508;20948;21710;22803;22879,bl1x1;FenomeN;glowiing;lov1kus;notineki,147ad7582e5f73129850,5,5
2025-06-02,13106.0,Getting Info,10892;17372;17918;19709;20692,dea;FaNg;MarKE;nosraC;shane,c6d9f4b065535fedd3fe,5,5
2025-06-02,12097.0,Eruption,15060;18638;19538;21428;24123,fury5k;MagnumZ;NEUZ;sideffect;sk0R,44c9e6cd1af1ea99a710,5,5
2025-06-02,11712.0,Sashi,16723;16731;20090;23338,Beccie;Cabbi;IceBerg;Lucky;Zyphon,,4,5
2025-06-02,10459.0,ARCRED,18447;18671;19703;20207;21363,DSSj;Get_Jeka;Raijin;Ryujin;shg,701a414b7bf10f2918ca,5,5
2025-06-02,13262.0,Moneyball,15176;19846;22135,CLASIA;Cryptic;dottie;nomizz;Peeping,,3,5
2025-06-02,12901.0,SemperFi,11139;14990;20003;20244,aliStair;keen;SaVage;shadiy;Valiance,,4,5
2025-06-02,11838.0,Partizan,13026;20252;20253;20813,c0llins;DEPRESHN;Dragon;Kind0;VLDN,,4,5
2025-06-02,12000.0,500,11217;11219;15369;17145,CeRq;oxygeN;Rainwaker;REDSTAR;SPELLAN,,4,5
2025-06-02,12559.0,RUSH B,3459;20534;22040;22927;22930,executor;kinqie;KIRO;tex1y;z1Nny,7b0b9043d43aaf43b52c,5,5
2025-06-02,12471.0,GUN5,13240;18670;23047;23302;23783,bluewh1te;fineshine52;Lack1;Sdaim;SELLTER,25bc7c19c87cf07effc7,5,5
2025-06-02,10577.0,SINNERS,8488;11199;12810;20229;23763,beastik;MoriiSko;Pepo;SHOCK;ZEDKO,2740412c48959f554e2c,5,5
2025-06-02,12694.0,RUBY,20956;22189;22325;22326,easy;fozil;H4SAN4TOR;Kaide;sowalio,,4,5
2025-06-02,12474.0,Alliance,7443;9811;16487;22760;22860,avid;eraa;PlesseN;twist;upE,db319c58b5a99d95930a,5,5
2025-06-02,12818.0,FAVBET,2131;18240;20110;20228,bondik;j3kie;Marix;Smash;t3ns1on,,4,5
2025-06-02,11523.0,Zero Tenacity,5351;8311;21302;21783;21784,aVN;brutmonster;Cjoffo;nEMANHA;simke,78c45e5390fe107cd659,5,5
2025-06-02,11811.0,Monte,9656;19926;21217;21816,afro;Gizmy;hAdji;leen;ryu,,4,5
2025-06-02,7441.0,ECLOT,19069;19594;19815;21165,Dytor;forsyy;M1key;manguss;nbqq,,4,5
2025-06-02,13124.0,Marsborne,12937;13230;19705;22069,chop;Grizz;Minus;motm;WolfY,,4,5
2025-06-02,12900.0,NomadS,18150;24302;24303,clouden;HenX;hoolig4n;Paranormal;Randyyyy,,3,5
2025-06-02,12144.0,BESTIA,2161;20185;20394;22570;24863,cass1n;luchov;Noktse;timo;tomaszin,c4cd742c0f01c49bf932,5,5
2025-06-02,11917.0,NIP Impact,1572;21796;21798;22095;23090,aiM;Nayomy;Qiyarah;ramziiN;vilga,4c0a0f62bc8d88416e7e,5,5
2025-06-02,13146.0,Supernova Comets,16581;22302;23391;24393;24415,empathy;Fawx;raven;Serendipity;Stx,a6dffd2855ad5f4f2190,5,5
2025-06-02,13219.0,LFO 4,23589;23675,DooM;Evan;MagiC;NIGHT666LADE;TABEN,,2,5
2025-06-02,12960.0,Fire Flux,8212;9353;20625;20968,Banjo;duggy;paz;ScrunK;soulfly,,4,5
2025-06-02,12431.0,Betera,17316;19231;19874;20402;24173,h1te;MaSvAl;synyx;tENZY;Vert,3901811535021c8b7cec,5,5
2025-06-02,12312.0,ATOX,22333;22415;23457,AccuracyTG;dobu;kabal;MiQ;Zesta,,3,5
2025-06-02,9996.0,9z,12092;15914;19698;21239;22613,adamS;HUASOPEEK;Luken;MartinezSa;max,6add9229eeecdc064d8c,5,5
2025-06-02,12233.0,Solid,9483;16645;18743;20522;23551,destiny;drg;gbb;nython;tomate,21a7646cd27ff716f6a6,5,5
2025-06-02,10333.0,Sangal,12945;20284;20309;21142;22039,Blytz;bnox;danistzz;maaryy;mASKED,6aa88a84bb53992e80ce,5,5
2025-06-02,11790.0,ENCE Academy,20677;21233;21930;22733;24149,2high;millert;myltsi;Schwarz;teme,9c4a36a264a74f4d8d93,5,5
2025-06-02,12828.0,Imperial Valkyries,12758;16497;18775;21756,ANa;Kat;tory;twenty3;zAAz,,4,5
2025-06-02,13212.0,ex-TALON,14294;20086,ADDICT;BRACE;Forleks;hazr;sterling,,2,5
2025-06-02,13148.0,DogEvil,16768;16778;19735,2x2x;B1NGO;heartZ;lan;Roninbaby,,3,5
2025-06-02,9881.0,Rooster,12877;18545;20527;20881,asap;chelleos;DannyG;sliimey;TjP,,4,5
2025-06-02,13109.0,Swingers,17133;20083;22109,desh;leo_drk;ninjaZ;sanc;vinaabEAST,,3,5
2025-06-02,13210.0,Leça,20748;21988;23480;23559;24905,h0t;M1KA;opdust;snowiee;SYDOX,3b94ffe7f901172abfc2,5,5
2025-06-02,7176.0,RED Canids,9216;16835;20085;21288,coldzera;drop;kauez;ponter;venomzera,,4,5
2025-06-02,11948.0,Nouns,14494;15176;22135,cJ dA K1nG;Cryptic;junior;Peeping;RUSH,,3,5
2025-06-02,12899.0,FengDa,24304;24305;24306,1337x9;3gl;bea2;chengking;p5p,,3,5
2025-06-02,8038.0,Party Astronauts,13250;20564;22967,ben1337;d4rty;ogwizard;sacrifice;xsany,,3,5
2025-06-02,10621.0,1win,8528;20700;20782;23770;23771,cronuss;Goody;HObbit;lattykk;oz1k,68fb757cea81d1a922ab,5,5
2025-06-02,11811.0,Monte,16080;16848;19733;21217;21816,DemQQ;dycha;Gizmy;hades;ryu,38c8af120b41af9d9ff4,5,5
2025-06-02,10947.0,Rhyno,20683;20750;22807;23140;23141,aragornN;Icarus;krazy;P3R3IIRA;seabraez,a5b74eab4210e81faa6e,5,5
2025-06-02,13271.0,Zerance,1656;21793;21849;22356,ASTRA;Emerald;Kaoday;Monkey D Julie;RacheLL,,4,5
2025-06-02,7176.0,RED Canids,8565;9216;9219;21288;22126,coldzera;felps;HEN1;nyezin;venomzera,bf90bcbf6d379cbbf7c8,5,5
2025-06-02,4548.0,CPH Wolves,13170;13669;20637;22048;24332,b1elany;Jackinho;kwezz;Matheos;Tapewaare,9c3baabda872db890983,5,5
2025-06-02,6667.0,FaZe,429;8183;9960;11816;18053,broky;frozen;karrigan;rain;ropz,4b23c6b06a96a7d7ac4c,5,5
2025-06-02,12921.0,Housebets,,apocdud;damyo;Drox;pz;vision,,0,5
2025-06-02,12586.0,AMKAL,21431;21692;22075;22076;24318,AW;kAlash;sFade8;sstiNiX;tommy,31d5df7a39dded45e859,5,5
2025-06-02,,Rebels,3669;15940;20283;21715;23295,flayy;innocent;kisserek;Sobol;tomiko,7f875c8fdb10914aef8b,5,5
2025-06-02,12611.0,Vagrants,14799;19177;22552;23199,brett;consti;mason;Sandman;Wolffe,,4,5
2025-06-02,12769.0,Fisher College,12793;19602;20429;22137;22722,corn;CrePoW;ReFuZR;TH0R;yoom,1355865238730b6db16b,5,5
2025-06-02,13250.0,SABRE,24325;24672;24812,fakerealityy;hodix;jackast;neiter;tripex17,,3,5
2025-06-02,11668.0,Mindfreak,,Crunchy;Forleks;kairo;Texta;tucks,,0,5
2025-06-02,12065.0,Flamengo,11213;16814;16816;18891;22163,CutzMeretz;danoco;delboNi;Misfit;vsm,5152d3e6d5ff3465d826,5,5
2025-06-02,8038.0,Party Astronauts,13250;17372;17929;18761;22967,ben1337;FaNg;ogwizard;viz;Walco,1dd57eb0278eb52e3d2e,5,5
2025-06-02,12776.0,Bounty Hunters,14394;14737;18322;20690;20885,fREQ;KAISER;meyern;Tuurtle;zock,664a82228199e5c40b08,5,5
2025-06-02,13288.0,ex-W7M,11739;17861;18894;22181;22371,JOTA;levi;shz;t9rnay;urban0,b00d27ada70927aaf2b6,5,5
2025-06-02,12301.0,FlyQuest RED,8850;14401;18641;22111;23621,BiBiAhn;Emy;GooseBreeder;marie;vanessa,207c2e8550328eb5b8f3,5,5
2025-06-02,11862.0,Portuguese Family,17003;20054;24634,Jayy2s;Linko;rafaxF;renatoohaxx;snapy,,3,5
2025-06-02,12988.0,GameHunters,10827;17028;18875;22084,abr;Lich;mello;prt;RICIOLI,,4,5
2025-06-02,13053.0,Just Swing,8598;10722;20354;22441;24644,gas;Marek;Purely;qqGOD;VanceKK,06197469c87fcf7fc690,5,5
2025-06-02,13112.0,Bad News Capybaras,13689;20234;21749,cbass;Gabe;Grave;jchancE;mds,,3,5
2025-06-02,12546.0,-72c,,1nhuman;borosto;byek;spira;whsup,,0,5
2025-06-02,13178.0,NOVAQ,11940;22537;23541;23599,def1zer;forkyz;neaLaN;Pumpkin66;tasman,,4,5
2025-06-02,13211.0,NinJa,20258;21323;21509;23596,expSasiKi;Miami;rage;Risk;SPine,,4,5
2025-06-02,12415.0,Gods Reign,23323,Bhavi;f1redup;Ph1NNN;R2B2;Rossi,,1,5
2025-06-02,12959.0,ShindeN,19872;19985;20451;20992,abizz;BK1;ivz;nacho;roy,,4,5
2025-06-02,12491.0,2GAME,6593;16817;18610;22362;23045,detr0ittJ;hardzao;lukiz;PKL;xureba,6af22c7f89396d17a520,5,5
2025-06-02,13263.0,KOMNATA,4829;16080;17504;19114;20282,dycha;KEi;kRaSnaL;Kylar;mynio,1f0bca055eb59e58b424,5,5
2025-06-02,13233.0,HEROIC Academy,21575;22563;22696;22948;24281,anber;Dengzoe;fnl;Scr0b;St0m4k,f37812922f35412b43e7,5,5
2025-06-02,11827.0,JANO,4076;18848,Aerial;allu;HENU;Jelo;Sm1llee,,2,5
2025-06-02,13206.0,anything else,20101,cypress;FAME;K4mr0;mcniff;Slash,,1,5
2025-06-02,12955.0,THE,24161,d0RREN;DayMake;krc;Sange;Tugu,,1,5
2025-06-02,11585.0,IHC,15861;19537,Aapestt;cool4st;me1o;rate;shinobi,,2,5
2025-06-02,13273.0,PERPLEXITY,20336;20339;22192,arTisT;Extinct;Rezst;Tree60;Vacancy,,3,5
2025-06-02,11446.0,Leo,20421;21065;21650;21651;22649,kL1o;kr1vda;Malkiss;marat2k;OneUn1que,60c96df3b77e5b788a47,5,5
2025-06-02,12267.0,UNiTY,15818;15821;23469,darber;K1-FiDa;NEOFRAG;PerdY;woozzzi,,3,5
2025-06-02,13184.0,WildLotus,11271;13718;15117;15369,birdfromsky;Keoz;REDSTAR;smooya;Vegi,,4,5
2025-06-02,10975.0,MIBR fe,16341;21800;21801;23463,Dani;GaBi;goddess;poppins;yungher,,4,5
2025-06-02,11263.0,Only One Word,21395,BaN4na;Oath;sunshinez;Terryyy;viridian,,1,5
2025-06-02,13198.0,LOBOARMY,,Antuanette;BabyRage;SJR;Slayerhz;zockie,,0,5
2025-06-02,13057.0,Delta,,ddoni;dosikk;dune;mixmeister;tsukumeow,,0,5
2025-06-02,7175.0,HEROIC,9436;12018;14148;19677,degster;kyxsan;NertZ;sjuush;TeSeS,,4,5
2025-06-02,13107.0,Chicken Coop,18442;22133;24660,BAGEL;BiNoX;FRIZZY;LittleBEER;taggy,,3,5
2025-06-02,10900.0,KRÜ,9221;18549;21169,atarax1a;honda;laser;reversive;righi,,3,5
2025-06-02,13177.0,SUPER EVIL GANG,,arias;clipzera;flow;misha;Talen,,0,5
2025-06-02,12857.0,FORZE Reload,21367;21392;23628;24967,KusMe;rexxie;rikon;shady;spirit,,4,5
2025-06-02,11555.0,UNO MILLE,2544;13287;14010;22404,bnc;cerolzin;realz1n;remix;zmb,,4,5
2025-06-02,11718.0,BIG EQUIPA,16764;20165;22063;22871,Hanka;JennyR;pauliiee;pullox;Zana,,4,5
2025-06-02,12913.0,Lumen fe,,daria;kira;olya;sakura;sckrafft,,0,5
2025-06-02,11955.0,LAG,21021,Experative;SnacKZ1;spud;TR0JN;Weeza,,1,5
2025-06-02,12548.0,Dusty Roots,18554;21221;24749,1962;FraGuTy;maxxkor;tom1jed;toto,,3,5
2025-06-02,12483.0,MIGHT,12102;17437;24527,BiNoX;djay;jared;Louie;Snakes,,3,5
2025-06-02,12180.0,Tsunami,20273;20787;23410,CAJUN;CoolComs;Drop;keetoh;Pose1doNN,,3,5
2025-06-02,4326.0,América,21038;21085;21888;24717,antonini;nikz;proSHOW;Reix;Thuister,,4,5
2025-06-02,12334.0,Preasy,13077;21574;22091;24425,AcilioN;bekker;Boye;Griller;Patti,,4,5
2025-06-02,13147.0,Shika,9339;19060,Biuckmt;ImpressioN;jiejie;splashske;Zy88,,2,5
2025-06-02,12544.0,adalYamigos,11213;18140;19972;21099,bsd;ckzao;delboNi;f4stzin;SHOOWTiME,,4,5
2025-06-02,12915.0,NITRO,14010;17132;21099;21284,bsd;happ;Leomonster;realz1n;zmb,,4,5
2025-06-02,13189.0,Flshbck,19563;23430,clouda;CycloneF;f1redup;R2B2;reV3nnnn,,2,5
2025-06-02,13272.0,ex-Permitta,18456,fostar;Kre1N;Orbit;Tionix;Twiksar,,1,5
2025-06-02,12996.0,RAGE,,ElayDzha;fatestyoshi;for2na;OxygeN;R3LiFwOw,,0,5
2025-06-02,13098.0,Chimera,20201;22459;22880;23193;23302,bluewh1te;FpSSS;m1QUSE;sh1nejezzz;VILBy,1cebdcf8b94b716e82c0,5,5
2025-06-02,13121.0,Eco Warriors,7653;15831;22062;23049;24005,D7;juliano;kyossa;vicu;wieenN,eb545edeabdc1c75f7bb,5,5
2025-06-02,12747.0,DMS,22029;24006,AverOna;Jammie;k175un4;sosya;uulis,,2,5
2025-06-02,6652.0,GameAgents,22008;22473;22474;22475;22476,nestee;POLO;Qlocuu;swiz;virtuoso,fc024ca43e672ecea0b8,5,5
2025-06-02,10994.0,O PLANO,19998;20501;23092,bokor;REGIANE;s1non;Sofiaxyz;ujliana,,3,5
2025-06-02,13024.0,8Sins,21990,Dutchy;moz;Prime;wfn;Wolfie,,1,5
2025-06-02,11933.0,Yawara,22364;22957;24284;24772;25035,j0w;Lacerda;nardes;revoltz;stax,20ab3985e54ac4d8affb,5,5
2025-06-02,13191.0,Garden Garage,24081;24543;24544;24546,Fugor;keis;Masi;Showk;Xydoo,,4,5
2025-06-02,12927.0,Marca Registrada,9214;19918;20405;24345,AMC;b1;Jardani;Majesticzz;spamzzy,,4,5
2025-06-02,11737.0,EYEBALLERS,3849;16029;22060;22914;23397,delle;dex;HEAP;JW;poiii,c56d0a8e8d57b2d80c10,5,5
2025-06-02,12567.0,Akimbo,20572;23458,kmrn;laxiee;N2o;obi;zy,,2,5
2025-06-02,12787.0,WOPA,14242;16753;20248;22950,Gnøffe;n1Xen;PR1mE;sL1m3;Vster,,4,5
2025-06-02,12929.0,Victores Sumus,15762;23325,arakyN;Benzene;EmbeR;RaYzEr;Recoilmaster,,2,5
2025-06-02,12900.0,NomadS,24303,CRYTICAL;HenX;hoolig4n;KRST;shinobi,,1,5
2025-06-02,11711.0,Players,22085,hug1;MITHPUTTINI;slashzz;spinnie;xns,,1,5
2025-06-02,12858.0,kONO,19614;19617;22842,amster;byr9;kensizor;nifee;s4ltovsk1yy,,3,5
2025-06-02,7865.0,HAVU,9818;21963;22143;22144;22211,Alxc;ottob;p3kko;puuha;uli,cafbd75d62b9de4d1423,5,5
2025-06-02,12971.0,Wanted Goons,23589,febreeze;Johan;killerPandas;KmZ;Magic,,1,5
2025-06-02,12556.0,Nouns fe,,ashe;gadfly;lunari;raynee;violet,,0,5
2025-06-02,13267.0,LA MASIA,16102;17003;24634,Jayy2s;Mané;NOPEEJ;Pedrinho2011;snapy,,3,5
2025-06-02,11609.0,GenOne,10569;19742;20482;21971,Brooxsy;devoduvek;drac;Kursy;Nivera,,4,5
2025-06-02,13265.0,MAGICOS,23997;25031;25034,ghosT1;Jhones Macarones;miurairc;rx;snow,,3,5
2025-06-02,12421.0,Let Her Cook,22023;22024;23436,jenkon;Joanana;ManeschijnX;meli;spike,,3,5
2025-06-02,11668.0,Mindfreak,,gump;pain;Rickeh;Texta;tucks,,0,5
2025-06-02,13067.0,Immigrants peek,24045;24890,bezymecc;H0NeST;marekiew;nico1ajus;Termina,,2,5
2025-06-02,12472.0,MANTRA,,cheeseball;cookie;rekonz;SkulL;Winnieeeee,,0,5
2025-06-02,13142.0,AKA HERO KAJO,,amyb;miLo;Pikkuems;Siljeeeh;Waldee,,0,5
2025-06-02,12586.0,AMKAL,12027;13982;16948;22929;24326,Forester;Krad;nota;topo;TRAVIS,511be8df08c558658f9a,5,5
2025-06-02,7801.0,Ghost,8640;21961;22096;23524,7licious;Ellie;EMUHLEET;mira;PiggyKiki,,4,5
2025-06-02,13127.0,Wildcard Academy,20018;23237;23696;24113,fr3nd;sSen;T4gg3D;TMKj;Wonder,,4,5
2025-06-02,13143.0,Black Mold,,Bungee;Knopk@;madss;sunnypp;uhKelsie,,0,5
2025-06-02,11756.0,Quem Sao Elas,21736;22270,Babs;cAmyy;josi;Le;tamizinha,,2,5
2025-06-02,12895.0,K27,19575;22886;23684;23686;24725,kashl1d;qw1nk1;relaxxie;X5G7V;xeedo,e750fe564bbd5d2ce6ca,5,5
2025-06-02,12867.0,Floripa Stars,24298;24328;24930;24931,ALENNNCAR;CaPiM;Lukita;s1cko;vzn,,4,5
2025-06-02,13168.0,CS2News Ladies,18774;23438;23505;24336,emocore;f6tal;irbitka;Stormy;v1spel,,4,5
2025-06-02,12707.0,Underground,,coops;Mechanical;N1ghtraid;Omichella;rahley,,0,5
2025-06-02,3044.0,MIBR Academy,20029;21290;21700;22964,brn$;card;fokiu;perez;stormzyn,,4,5
2025-06-02,13192.0,Roler Coaster,11942;16612;16921;20430;21348,alpha;ArtFr0st;buster;n0rb3r7;nafany,41c4fc4060136f0de900,5,5
2025-06-02,13186.0,Bounty Hunters fe,23148;23514,Brendinha;Cara de Banana;croma;Eleven;Vii,,2,5
2025-06-02,13153.0,Hesta,21445;21686;23687;24806;24807,abiraju;anttzz;frontales;Muk0s;slaxejezzz,f5cffaa253b25112d40e,5,5
2025-06-02,13175.0,Change The Game,23001;24855;24857;24858,957;Hack1ng;LaiKeXu;yancher;Zero,,4,5
2025-06-02,13151.0,Tropa do KinGui,19975;22423;24294;24716,brokeN;cLd;clon7;flash;wallz1k,,4,5
2025-06-02,13203.0,ex-Heimo,9325;14236,arvid;japE;oopee;Welho;ykis,,2,5
2025-06-02,13158.0,Dark Cloud,20413;23767;24243,AdrieN;chudy;darchevile;mwlky;Nami,,3,5
2025-06-02,12912.0,thekillaz fe,21042,Cellax;fly;hera;Samys;xuliana,,1,5
2025-06-02,13229.0,Daaku,8183,dottie;nomizz;rain;Weeza;Wolffe,,1,5
2025-06-02,13005.0,MCS,24528,Go0dby3;Oczarka;ogura;Scorchyy;snufaffu,,1,5
2025-06-02,13187.0,Spray and Slay,20502;23995,Aida;Emmsan;julih;KiTKaT;KittyTM,,2,5
2025-06-02,,Undone,13230;17353;19705,chop;Cxzi;motm;Skadoodle;steel,,3,5
2025-06-02,13134.0,Akuma,21727;22065;22604;23052;23451,Angelka;Hikomi;LETi;suns1de;xia,9cb2dca99532c31ca250,5,5
2025-06-02,5775.0,Elevate,20885;21100;22777;22956,diozera;fREQ;lash;short;zede,,4,5
2025-06-02,12825.0,The QUBE,24396;24513;24779,bkzcurs3d;faline;Kamui;soloooS;Uncrown,,3,5
2025-06-02,13135.0,MEGA JUNERS,,ARIANARCHIST;AuroraVeee;heehee;Junie;Lexa,,0,5
2025-06-02,13166.0,Prasso,17997;19086;20689;23150;24091,dott1;Hezz;lenci;pavv;rzk,2bc380a21b94f7716bbf,5,5
2025-06-02,13144.0,Messitas,,armk4m;chjna;Flossie;khizha;valulu,,0,5
2025-06-02,12152.0,KZG,,Estate;foggers;Hassie;Kras;Samuukxs,,0,5
2025-06-02,12982.0,SkyFury,17117;24204,7oX1C;auth0ri;Kiy0o;shield;Templ,,2,5
2025-06-02,12858.0,kONO,16147;19614;19617;20422,amster;cptkurtka023;OWNER;s4ltovsk1yy;zogeN,,4,5
2025-06-02,5479.0,Mythic,8503;15007;20510;20793;22022,Austin;Cooper;fl0m;hyza;Trucklover86,3b40a809b0d8c9007db9,5,5
2025-06-02,13052.0,2070,,Demonos;lealziNho;roz;swarmyzz;voltera,,0,5
2025-06-02,,Justice For Tomorrow,,COOOOOOFFEE;kasze;LarkoTaco;Saac;xc,,0,5
2025-06-02,8813.0,Illuminar,24179,AxEcHo;discoStar;Furlan;Pelle;SpavaQu,,1,5
2025-06-02,4532.0,ESC,20245;20284;20958;21142;23668,AMSALEM;bajmi;maaryy;mASKED;SaMey,4e0c70f7e092d4484ed4,5,5
2025-06-02,12847.0,Kubix,20434;21108;21109,ammar;BledarD;Caleyy;gejmzilla;tripey,,3,5
2025-06-02,11138.0,benched,17305;21630;23762,FinigaN;Pipw;Polt;wh1teout;z1k4,,3,5
2025-06-02,13115.0,harizma,,DeFFeN;Haski4;LAME;nova4u;ZinGY,,0,5
2025-06-02,13218.0,Worms,,graphX;karv3r;Rulik;S0ph3R;stanf1x,,0,5
2025-06-02,13217.0,ScarX,16167;16180;21541,Dant1k;Dili;k1araSh;KryPt0NN;X1RON,,3,5
2025-06-02,11905.0,paiN Academy,22566,deemO;legy;Markz;Tatu;tsug,,1,5
2025-06-02,13172.0,Mercenaires,7168;14176;19738;19926,afro;Djoko;misutaaa;NBK-;PerX,,4,5
2025-06-02,13027.0,Nuclear TigeRES,22430;22878;23303;24568;24569,flouzer;fluffy;h1kaN;k0s;senka,724f8d6e2a6db9ba88b9,5,5
2025-06-02,12455.0,Vantage,,Drox;Jynx;Mingovi;Snaaz;supar,,0,5
2025-06-02,12554.0,regain,23136;23137;23138;24667,dvrk;Fuzenko;Halen;sasha;Zucar,,4,5
2025-06-02,11660.0,Take Flyte,22544;22835;23226;24679;24680,Crisp;huncho;Panic;REKMEISTER;Sharpie,a6f3f158f36344963239,5,5
2025-06-02,12377.0,GhoulsW,15118;19167;20960;21143,Diviiii;ex1st;SBT;sk1tt;smekk-,,4,5
2025-06-02,12124.0,Insilio,18510;20197;22535;22536;23048,dwushka;faydett;kelieN;mag1k3Y;sugaR,d68f621c0c4769cf3779,5,5
2025-06-02,7720.0,InControl,20330;23690;24528,Beast;jsfeltner;Oczarka;Scorchyy;TyRa,,3,5
2025-06-02,12670.0,LEON,8726;19812;20207;24079,Chill;facecrack;Raijin;w1sely;yngsamurai,,4,5
2025-06-02,13154.0,LFO 3,19812;21775;24332,awks;BehinDx;Chill;giM;Matheos,,3,5
2025-06-02,13102.0,GATERON,,DimSuM;Kon;Mrx;Pupu;zyHan,,0,5
2025-06-02,11018.0,megoshort,9911;17769;20437;20877;22762,Brillo;kreaz;TIMhehe;tvs;Twinkey,82fd85c8e90ec141e430,5,5
2025-06-02,13181.0,BASEMENT BOYS,21213;22680;22945;23614;24286,Bambosh;ERSIN;levantino;Polbandana;Tr0ublE,acd45ae52bd16e7eb579,5,5
2025-06-02,13122.0,nomercy fe,,aiveri;akiyanora;Potya;t4tty;unknxwn,,0,5
2025-06-02,7234.0,Endpoint,7996;22106;22702,AZUWU;cej0t;CRUC1AL;MiGHTYMAX;Surreal,,3,5
2025-06-02,10954.0,Astralis Talent,21381,ANSG1;kiR;kroK;suma;Zanto,,1,5
2025-06-02,,FLUFFY AIMERS,14799;23674;24048,brett;den1ed;jason;slump;Wolffe,,3,5
2025-06-02,11006.0,9z Academy,23549;24639,lezy;MaxOff;neozix;rw;zock9,,2,5
2025-06-02,13092.0,BadGuys,9656;15569;16885;19763,BOROS;hAdji;leen;Sapec;Woro2k,,4,5
2025-06-02,13046.0,CS2News,13170;18456;20097;21431;22189,fostar;h4rn;H4SAN4TOR;kwezz;sstiNiX,412c231fcb8464d12a61,5,5
2025-06-02,13176.0,Nyx Empyre,,ADK;jaydee;MamaAlien;PippySippy;Viv,,0,5
2025-06-02,13180.0,Straight2Killin,19028;23161;23674,Brashi;den1ed;Elxhin;HorizoN;VulcaN,,3,5
2025-06-02,10978.0,VELOX,10499;10506;20531;24558,ABM;JonY BoY;maaxg1;nbl;tutehen,,4,5
2025-06-02,11011.0,Patins da Ferrari,18891;21290;22559,CutzMeretz;Jotag3;perez;proSHOW;rainny,,3,5
2025-06-02,12677.0,Galorys,20521;23461;23550;24224,Alisson;bacc;divine;kadzz;pepe,,4,5
2025-06-02,12087.0,Lazer Cats,22035;22191;22706;23151;23589,Magic;MAGILA;n0te;nikitea;yab0ku-,3abba0929f68f8dbd73c,5,5
2025-06-02,12915.0,NITRO,21284,beg0d;happ;Lcm;leleo;LUCAS1,,1,5
2025-06-02,10854.0,los kogutos,20282;20284;21142;22385;24734,kRaSnaL;maaryy;mASKED;Melavi;tein,887e6c08c0147fd6a1f5,5,5
2025-06-02,6668.0,FLuffy Gangsters,24171;24172,Djon8;h1ghnesS;SoLb;takanashi;yuramyata,,2,5
2025-06-02,9506.0,Viperio,21657;23735;24462,dezt;Silence;Skrimo;swicher;titulus,,3,5
2025-06-02,13215.0,POWERmix,,0scar;dodZ;NAKO;sry;tr1,,0,5
2025-06-02,12766.0,Nordix,21860,berzerk;Brave;Realyummy;samee;sense,,1,5
2025-06-02,11273.0,Steel Helmet,5187;7026;12958;14561,18yM;AE;captainMo;DD;xiaosaGe,,4,5
2025-06-02,12908.0,Aether,22168,denz;Izik;MJB;Pr0mise;SolGoat,,1,5
2025-06-02,11571.0,Gaimin Gladiators,13602;13749;20300,kraghen;nicoodoz;Nodios;Queenix;roeJ,,3,5
2025-06-02,13137.0,Familia Maquininha,10838;10840;16814;18610;20885,danoco;detr0ittJ;fREQ;mawth;tatazin,c945590e437a5c2dfada,5,5
2025-06-02,13162.0,Virtual Cottage,9616;9798;20066;22101,aidKiT;amanek;EspiranTo;lunAtic;spardaus,,4,5
2025-06-02,13052.0,2070,,JLK;lealziNho;mid1;redi;roz,,0,5
2025-07-07,9565.0,Vitality,7322;11816;11893;16693;18462,apEX;flameZ;mezii;ropz;ZywOo,91c93eb867d7d47bf729,5,5
2025-07-07,4494.0,MOUZ,13666;18072;18221;18850;20312,Brollan;Jimpphat;Spinx;torzsi;xertioN,43f602c729e986479a12,5,5
2025-07-07,7020.0,Spirit,7716;16920;18317;20423;21167,chopper;donk;magixx;sh1ro;zont1x,8ddd7c3d52942c256b57,5,5
2025-07-07,6248.0,The MongolZ,20194;20275;20903;21001;21809,910;bLitz;mzinho;Senzu;Techno,75e5d950f37342b03568,5,5
2025-07-07,11283.0,Falcons,3741;9032;12018;19230;19677,kyxsan;m0NESY;Magisk;NiKo;TeSeS,f91f72bd614cf8908299,5,5
2025-07-07,11861.0,Aurora,150;7938;8574;21243;22361,jottAAA;MAJ3R;Wicadia;woxic;XANTARES,0a254842e1149d2d09f6,5,5
2025-07-07,6667.0,FaZe,429;7998;8183;8738;9960,EliGE;frozen;karrigan;rain;s1mple,7a1a96f424e10ab1e2fe,5,5
2025-07-07,4608.0,Natus Vincere,9816;14759;18987;19206;20127,Aleksib;b1t;iM;jL;w0nderful,996316e9c05448acf739,5,5
2025-07-07,8297.0,FURIA,2023;12553;13915;15631;24144,FalleN;KSCERATO;molodoy;YEKINDAR;yuurih,e0362dcbafd342d82962,5,5
2025-07-07,5995.0,G2,2553;3972;11617;16848;20447,hades;HeavyGod;huNter-;malbsMd;Snax,2c30e3ac1ffbc21beb69,5,5
2025-07-07,9928.0,GamerLegion,9278;10330;16486;20301,acoR;PR;REZ;Tauson;ztr,,4,5
2025-07-07,7175.0,HEROIC,19164;19187;19310;19808;22047,LNZ;SunPayus;tN1R;xfl0ud;yxngstxr,a640c4181cc7b506ee9c,5,5
2025-07-07,4914.0,3DMAX,8374;13138;19739;21969,bodyy;Ex3rcice;Graviti;Lucky;Maka,,4,5
2025-07-07,5378.0,Virtus.pro,8918;12732;20101;20994;21439,electroNic;fame;FL1T;FL4MUS;ICY,f1c05542faa91e6b6868,5,5
2025-07-07,6665.0,Astralis,7592;10096;10994;17956;20304,device;HooXi;jabbi;Staehr;stavn,52aabeb463275f7ddf2b,5,5
2025-07-07,4773.0,paiN,14736;18141;18865;19694,biguzera;dav1deuS;dgt;nqz;snow,,4,5
2025-07-07,5973.0,Liquid,8520;9436;10394;16820;21763,NAF;NertZ;siuhy;Twistzz;ultimate,e30bbdc993a56db8023c,5,5
2025-07-07,8840.0,Lynn Vision,16551;18744;20254;22922;23100,C4LLM3SU3;EmiliaQAQ;Starry;Westmelon;z4kr,dbed042ec191be814f2c,5,5
2025-07-07,11241.0,B8,19592;20112;21708;22842;23643,alex666;esenthial;headtr1ck;kensizor;npl,a557275c96d577ef4eaf,5,5
2025-07-07,4863.0,TYLOO,8552;19645;20702;20895;21621,Attacker;JamYoung;Jee;Mercury;Moseyuh,2c632070ba401ebd2e9d,5,5
2025-07-07,12468.0,Legacy,15698;19045;19686;20563;22965,dumau;latto;lux;n1ssim;saadzin,5cfd43d0258204c4872c,5,5
2025-07-07,9215.0,MIBR,11154;18717;18835;20987;21037,brnz4n;exit;insani;Lucaozy;saffee,3df0c093029dd07f6fd8,5,5
2025-07-07,4411.0,Ninjas in Pyjamas,922;14148;20425;20464;20465,arrozdoce;ewjerkz;r1nkle;sjuush;Snappi,16ae57adceed4e78cb00,5,5
2025-07-07,5005.0,Complexity,11630;13578;14494;17353;21620,Cxzi;Grim;JT;junior;nicx,0295d1f50520d405f9d3,5,5
2025-07-07,4991.0,fnatic,7528;15165;17803;21062;23046,blameF;fear;jambo;KRIMZ;MATYS,7b9c2e54637477264639,5,5
2025-07-07,11419.0,ECSTATIC,10961;11995;20417;21779;22695,Anlelele;Kristou;nut nut;sirah;TMB,eca76dd469044ed07bc1,5,5
2025-07-07,10371.0,NAVI Junior,20584;22203;22673;22674;23553,cmtry;dem0n;dziugss;Krabeni;makazze,2c03c52da3ae13074093,5,5
2025-07-07,7969.0,Nemiga,20387;21266;22460;23317;23685,1eeR;khaN;riskyb0b;Xant3r;zweih,5f7d948e2932e569ccbe,5,5
2025-07-07,12833.0,TNL,23642;24168;24282;24283,cairne;Dawy;Flierax;nifee;onic,,4,5
2025-07-07,12774.0,FlyQuest,10588;11140;17384;18214;20123,INS;Liazz;nettik;regali;Vexite,5a5a5fbd3b1d700e0387,5,5
2025-07-07,11514.0,Rare Atom,7028;19681;21825;24748,ChildKing;kaze;L1haNg;Summer;Trash,,4,5
2025-07-07,4869.0,ENCE,12731;21815;21972;23372,gla1ve;Neityu;podi;sdy;xKacpersky,,4,5
2025-07-07,7532.0,BIG,5794;14929;19899;20170,hyped;JDC;Krimbo;kyuubii;tabseN,,4,5
2025-07-07,12426.0,Passion UA,16885;19733;21452;23414,DemQQ;jackasmo;Kvem;Topa;Woro2k,,4,5
2025-07-07,12394.0,BetBoom,11840;15662;16555;18506;21667,Ax1Le;Boombl4;Magnojez;S1ren;zorte,351de843dc8e3cb18d4c,5,5
2025-07-07,6673.0,NRG,7687;13249;16717;18838;20333,br0;HexT;Jeorge;nitr0;oSee,495b9c702d422c543a21,5,5
2025-07-07,10503.0,OG,13602;19044;19064;20941;21983,Buzz;Chr1zN;F1KU;nicoodoz;spooke,77d7e9342b0bb5860f6c,5,5
2025-07-07,13104.0,Iberian Soul,8371;9254;11271;18749;19509,alex;dav1g;mopoz;sausol;smooya,4a6f27f40c425d8f88a7,5,5
2025-07-07,7900.0,Spirit Academy,22864;23319;24176;24177,alkarenn;kyousuke;Mokuj1n;robo;syph0,,4,5
2025-07-07,9455.0,Imperial,10566;12822;19869;22564,chelo;noway;Shr;try;VINI,,4,5
2025-07-07,10245.0,JiJieHao,10449;17675;18163;19763;22419,0SAMAS;Bibu;BOROS;ISSAA;m1N1,239c366f89b0c9626e78,5,5
2025-07-07,12257.0,Wildcard,8507;8711;16726;21163;21665,JBa;phzy;Sonic;stanislaw;susp,928ad8a13dcda967f95d,5,5
2025-07-07,12467.0,PARIVISION,13239;13776;19235;22471;22929,BELCHONOKK;Jame;nota;Qikert;xiELO,68229aa0fc8114c6d924,5,5
2025-07-07,12646.0,Chinggis Warriors,19229;19537;21396;21398;22414,ariucle;controlez;cool4st;Efire;ROUX,0486ea64cb7a5f05826a,5,5
2025-07-07,10278.0,9INE,2898;14932;20300;21113;21159,bobeksde;faveN;kraghen;MoDo;raalz,19d88f5f2ead58e1dbdf,5,5
2025-07-07,11581.0,HOTU,18752;19823;21385;24190,dukefissura;kade0;lampada;mizu;youka,,4,5
2025-07-07,12376.0,M80,15370;16599;17378;20104;22921,Lake;reck;s1n;slaxz-;Swisher,764bfbaf02d5ad51d83f,5,5
2025-07-07,12916.0,Betclic,18070;18979;22383;23765;23766,Demho;hfah;hypex;jcobbb;Prism,1191985bc02c56d5769c,5,5
2025-07-07,12510.0,The Huns,15072;19536;19957;20703;23402,Bart4k;cobrazera;nin9;xerolte;yAmi,ee4c146d1ee5d9d21a02,5,5
2025-07-07,10567.0,SAW,630;20462;21014;22106;22702,Ag1l;AZUWU;cej0t;MUTiRiS;story,0d76c6a91d9adcab7a05,5,5
2025-07-07,7187.0,Nexus,1206;9626;17116;19817;20761,BTN;lauNX;ragga;s0und;XELLOW,bfc6a1833c0489262735,5,5
2025-07-07,13235.0,Astrum,12004;19236;19673;19882;22884,clax;gr1ks;KENSI;Norwi;Patsi,0e7ced82edf77cf5b175,5,5
2025-07-07,12474.0,Alliance,7443;9811;16487;22760;22860,avid;eraa;PlesseN;twist;upE,db319c58b5a99d95930a,5,5
2025-07-07,12380.0,CYBERSHOKE,17508;18510;20948;22803;22879,bl1x1;FenomeN;glowiing;lov1kus;sugaR,1cf6cd800dae9288a266,5,5
2025-07-07,10976.0,FURIA fe,11872;16340;17288;21219;22839,bizinha;gabs;izaa;kaahSENSEI;lulitenz,10dd16af0d8ef7254cf3,5,5
2025-07-07,12604.0,Johnny Speeds,9255;15569;19065;20133;24083,draken;MaiL09;Sapec;SHiNE;Svedjehed,d574bdf33db928eb2997,5,5
2025-07-07,12878.0,BC.Game,9618;13670;18571;18790;21139,CacaNito;CYPHER;nawwk;nexa;pr1metapz,2a0f3f6c35b49557bf52,5,5
2025-07-07,11768.0,ODDIK,14390;16314;17181;22182,ksloks;naitte;pancc;togs;WOOD7,,4,5
2025-07-07,11883.0,9 Pandas,12027;17011;20357;20709;23858,d1Ledez;Krad;mo0N;r3salt;shalfey,9ea3027c506fb46cb120,5,5
2025-07-07,4602.0,Tricked,21571,kroK;leakz;Nodios;salazar;valde,,1,5
2025-07-07,13106.0,Getting Info,10892;14109;17918;19709;19710,dare;MarKE;nosraC;shane;XotiC,96b6274c83937b9fcbea,5,5
2025-07-07,11712.0,Sashi,16723;20090;23338,Beccie;Cabbi;kiR;Lucky;Zyphon,,3,5
2025-07-07,11838.0,Partizan,13026;20252;20253;20813,c0llins;DEPRESHN;Dragon;Kind0;VLDN,,4,5
2025-07-07,11523.0,Zero Tenacity,5351;8311;11777;21302;21783,aVN;brutmonster;Cjoffo;Maden;nEMANHA,6f98e5a4c4d38da6cab8,5,5
2025-07-07,12534.0,BOSS,19079;19128;19711;20564,d4rty;Fruitcupx;Minus;SLIGHT;snav,,4,5
2025-07-07,12471.0,GUN5,13240;18670;23047;23302;23783,bluewh1te;fineshine52;Lack1;Sdaim;SELLTER,25bc7c19c87cf07effc7,5,5
2025-07-07,11641.0,Metizport,9261;9766;14218;17937;21164,hampus;isak;L00m1;Lekr0;Plopski,ed0dac8b6f4ff561c8ba,5,5
2025-07-07,8113.0,Sharks,20558;21170;21921;22911,aNgelo;doc;gafolo;koala;rdnzao,,4,5
2025-07-07,11837.0,Fluxo,12521;18714;19692;20385;21286,arT;kye;mlhzin;piriajr;zevy,b8d719ce28553c1f8538,5,5
2025-07-07,5347.0,BLUEJAYS,14494;15176;18706;19846,Axed;CLASIA;Cryptic;freshie;junior,,4,5
2025-07-07,12000.0,500,11217;11219;15369;17145,CeRq;oxygeN;Rainwaker;REDSTAR;SPELLAN,,4,5
2025-07-07,12818.0,FAVBET,2131;18240;20110;20228,bondik;j3kie;Marix;Smash;t3ns1on,,4,5
2025-07-07,11811.0,Monte,19015;19738;19926;21217;21816,afro;Bymas;Djoko;Gizmy;ryu,12a910d18a6e1cefcc05,5,5
2025-07-07,10459.0,ARCRED,18447;18671;19703;20207;21363,DSSj;Get_Jeka;Raijin;Ryujin;shg,701a414b7bf10f2918ca,5,5
2025-07-07,7441.0,ECLOT,9911;19069;19594;19815;22101,Dytor;forsyy;kreaz;nbqq;spardaus,6f1ad68b17194da1c4ea,5,5
2025-07-07,10577.0,SINNERS,8488;11199;12810;20229;23763,beastik;MoriiSko;Pepo;SHOCK;ZEDKO,2740412c48959f554e2c,5,5
2025-07-07,13146.0,Supernova Comets,16581;22302;23391;24393;24415,empathy;Fawx;raven;Serendipity;Stx,a6dffd2855ad5f4f2190,5,5
2025-07-07,12491.0,2GAME,6593;16817;18610;22362;23045,detr0ittJ;hardzao;lukiz;PKL;xureba,6af22c7f89396d17a520,5,5
2025-07-07,12144.0,BESTIA,2161;20185;20394;22570;24863,cass1n;luchov;Noktse;timo;tomaszin,c4cd742c0f01c49bf932,5,5
2025-07-07,12097.0,Eruption,15060;18638;19538;21428;24123,fury5k;MagnumZ;NEUZ;sideffect;sk0R,44c9e6cd1af1ea99a710,5,5
2025-07-07,13124.0,Marsborne,12937;13230;19705;22069,chop;Grizz;Minus;motm;WolfY,,4,5
2025-07-07,10333.0,Sangal,12945;20284;20309;21142;22039,Blytz;bnox;danistzz;maaryy;mASKED,6aa88a84bb53992e80ce,5,5
2025-07-07,12694.0,RUBY,20956;22189;22325;22326;24972,fozil;H4SAN4TOR;Kaide;maQuein;sowalio,7924a80abbea659204fa,5,5
2025-07-07,,Rebels,3669;15940;21715;22473;23295,flayy;innocent;kisserek;Qlocuu;Sobol,a94e24bc0ceee6a1d806,5,5
2025-07-07,12901.0,SemperFi,11139;14990;20003;20244,aliStair;keen;SaVage;shadiy;Valiance,,4,5
2025-07-07,4548.0,CPH Wolves,16753;20637;22048;24203;24332,b1elany;Jorko;Matheos;n1Xen;Tapewaare,c7762212e7bb2338b84c,5,5
2025-07-07,11917.0,NIP Impact,1572;21796;21798;22095;23090,aiM;Nayomy;Qiyarah;ramziiN;vilga,4c0a0f62bc8d88416e7e,5,5
2025-07-07,,TPuDCATb TPu,3459;20534;22040;22927;23302,bluewh1te;executor;kinqie;KIRO;z1Nny,c93afad3985eb352df7c,5,5
2025-07-07,12960.0,Fire Flux,8212;9353;20625;20968,Banjo;duggy;paz;ScrunK;soulfly,,4,5
2025-07-07,10851.0,Wings Up,10722;16768;16778;16872;19735,B1NGO;flying;gas;lan;Roninbaby,c2559f2c4911409d117b,5,5
2025-07-07,9996.0,9z,12092;15914;19698;21239;22613,adamS;HUASOPEEK;Luken;MartinezSa;max,6add9229eeecdc064d8c,5,5
2025-07-07,7176.0,RED Canids,9216;16835;20085;21288,coldzera;drop;kauez;ponter;venomzera,,4,5
2025-07-07,11034.0,M1,20071;20686;20945;22129;23297,AntyVirus;fanatyk;Frontsiderr;PeTeRoOo;suonko,2d478e718f1f0f8c4417,5,5
2025-07-07,12586.0,AMKAL,14273;21431;21692;22075;22076,AW;iDISBALANCE;kAlash;sFade8;sstiNiX,15f2f17a630b4f6274cc,5,5
2025-07-07,12900.0,NomadS,18150;24302;24303,clouden;HenX;hoolig4n;Paranormal;Randyyyy,,3,5
2025-07-07,12065.0,Flamengo,11213;16814;16816;18891;22163,CutzMeretz;danoco;delboNi;Misfit;vsm,5152d3e6d5ff3465d826,5,5
2025-07-07,13214.0,SPARTA,21369;24171;24172;24818,1NVISIBLEE;Djon8;k4nfuz;SoLb;yuramyata,,4,5
2025-07-07,13219.0,LFO 4,23589;23675,DooM;Evan;MagiC;NIGHT666LADE;TABEN,,2,5
2025-07-07,11811.0,Monte,9656;21113;21217;21816,Gizmy;hAdji;leen;MoDo;ryu,,4,5
2025-07-07,12431.0,Betera,17316;19231;19874;20402;24173,h1te;MaSvAl;synyx;tENZY;Vert,3901811535021c8b7cec,5,5
2025-07-07,13210.0,Leça,20748;21988;23480;23559;24905,h0t;M1KA;opdust;snowiee;SYDOX,3b94ffe7f901172abfc2,5,5
2025-07-07,12828.0,Imperial Valkyries,12758;16497;18775;21756,ANa;Kat;tory;twenty3;zAAz,,4,5
2025-07-07,12776.0,Bounty Hunters,14394;14737;18322;20690;20885,fREQ;KAISER;meyern;Tuurtle;zock,664a82228199e5c40b08,5,5
2025-07-07,10947.0,Rhyno,20683;20750;22807;23140;23141,aragornN;Icarus;krazy;P3R3IIRA;seabraez,a5b74eab4210e81faa6e,5,5
2025-07-07,10621.0,1win,8528;20700;20782;23770;23771,cronuss;Goody;HObbit;lattykk;oz1k,68fb757cea81d1a922ab,5,5
2025-07-07,11955.0,LAG,14799;19177;22552;23199,brett;consti;mason;Sandman;Wolffe,,4,5
2025-07-07,8038.0,Party Astronauts,13250;20572;20793;22967,Austin;ben1337;kmrn;ogwizard;sacrifice,,4,5
2025-07-07,11790.0,ENCE Academy,20677;21233;21930;22733;24149,2high;millert;myltsi;Schwarz;teme,9c4a36a264a74f4d8d93,5,5
2025-07-07,12447.0,SELVA,9483;18743;20522;23551,destiny;gbb;nython;slashzz;tomate,,4,5
2025-07-07,13271.0,Zerance,1656;21793;21849;22356,ASTRA;Emerald;Kaoday;Monkey D Julie;RacheLL,,4,5
2025-07-07,10900.0,KRÜ,9221;18549;20607;21169,atarax1a;buda;laser;reversive;righi,,4,5
2025-07-07,6033.0,Keyd Stars,17133;20083;22109,desh;flash;leo_drk;ninjaZ;vinaabEAST,,3,5
2025-07-07,9881.0,Rooster,12877;18545;20527;20881,asap;chelleos;DannyG;sliimey;TjP,,4,5
2025-07-07,13212.0,ex-TALON,14294;20086,ADDICT;BRACE;Forleks;hazr;sterling,,2,5
2025-07-07,13291.0,Marius,,ddoni;dosikk;dune;m1te;tsukumeow,,0,5
2025-07-07,13298.0,ex-SABRE,24672;24812;25100,crickeyyy;fakerealityy;hodix;jackast;neiter,,3,5
2025-07-07,12899.0,FengDa,8598;19060;24305;24306,1337x9;3gl;Biuckmt;Marek;p5p,,4,5
2025-07-07,12988.0,GameHunters,2544;10827;17028;18875,abr;Lich;prt;remix;RICIOLI,,4,5
2025-07-07,12301.0,FlyQuest RED,8850;14401;18641;22111;23621,BiBiAhn;Emy;GooseBreeder;marie;vanessa,207c2e8550328eb5b8f3,5,5
2025-07-07,13288.0,ex-W7M,11739;17585;17861;22181;22371,b4rtiN;JOTA;levi;shz;urban0,efd8dac3e3043acfb757,5,5
2025-07-07,11948.0,Nouns,14494;15176;22135,cJ dA K1nG;Cryptic;junior;Peeping;RUSH,,3,5
2025-07-07,13233.0,HEROIC Academy,21575;22563;22696;22948;24281,anber;Dengzoe;fnl;Scr0b;St0m4k,f37812922f35412b43e7,5,5
2025-07-07,11811.0,Monte,16080;16848;19733;21217;21816,DemQQ;dycha;Gizmy;hades;ryu,38c8af120b41af9d9ff4,5,5
2025-07-07,12921.0,Housebets,,apocdud;damyo;Drox;pz;vision,,0,5
2025-07-07,7176.0,RED Canids,8565;9216;9219;21288;22126,coldzera;felps;HEN1;nyezin;venomzera,bf90bcbf6d379cbbf7c8,5,5
2025-07-07,4548.0,CPH Wolves,13669;17113;20637;20926;22048,aNdu;b1elany;Jackinho;szejn;Tapewaare,211deb9c07219e5ea3fb,5,5
2025-07-07,11446.0,Leo,20421;21065;21650;21651;22649,kL1o;kr1vda;Malkiss;marat2k;OneUn1que,60c96df3b77e5b788a47,5,5
2025-07-07,11668.0,Mindfreak,,Crunchy;Forleks;kairo;Texta;tucks,,0,5
2025-07-07,13304.0,LP,14010;17132;21099;21284,bsd;happ;Leomonster;realz1n;zmb,,4,5
2025-07-07,13211.0,NinJa,20258;21323;21509;23596,expSasiKi;Miami;rage;Risk;SPine,,4,5
2025-07-07,12567.0,Akimbo,23458,laxiee;N2o;obi;piupiupiu;Zamgaa,,1,5
2025-07-07,13053.0,Just Swing,8598;10722;20354;22441;24644,gas;Marek;Purely;qqGOD;VanceKK,06197469c87fcf7fc690,5,5
2025-07-07,12959.0,ShindeN,19872;19985;20451;20992;21155,abizz;BK1;ivz;nacho;naz,cda0fd1fadf7dadf4d46,5,5
2025-07-07,13112.0,Bad News Capybaras,13689;20234;21749,cbass;Gabe;Grave;jchancE;mds,,3,5
2025-07-07,13273.0,PERPLEXITY,20336;20339;22192,arTisT;Extinct;Rezst;Tree60;Vacancy,,3,5
2025-07-07,13184.0,WildLotus,9896;13718;15117;15501,b0denmaster;b0RUP;birdfromsky;Keoz;Vegi,,4,5
2025-07-07,12415.0,Gods Reign,23323,Bhavi;f1redup;Ph1NNN;R2B2;Rossi,,1,5
2025-07-07,11263.0,Only One Word,21395,BaN4na;Oath;sunshinez;Terryyy;viridian,,1,5
2025-07-07,13107.0,Chicken Coop,18442;22133;24660,BAGEL;BiNoX;FRIZZY;LittleBEER;taggy,,3,5
2025-07-07,10975.0,MIBR fe,16341;21800;21801;23463,Dani;GaBi;goddess;poppins;yungher,,4,5
2025-07-07,12180.0,Tsunami,20273;20787;23410,CAJUN;CoolComs;Drop;Pose1doNN;stamina,,3,5
2025-07-07,12769.0,Fisher College,13298;19602;20429;22722;25524,AlekS;CrePoW;ReFuZR;Wumbo;yoom,3512e66c44bdb336adc8,5,5
2025-07-07,12955.0,THE,24161,d0RREN;DayMake;krc;Sange;Tugu,,1,5
2025-07-07,11585.0,IHC,15861;19537,Aapestt;cool4st;me1o;rate;shinobi,,2,5
2025-07-07,8038.0,Party Astronauts,13250;17372;18761;20564;22967,ben1337;d4rty;FaNg;ogwizard;viz,e6e63586c26e615bff87,5,5
2025-07-07,12927.0,Marca Registrada,9214;19918;20405;24345,AMC;b1;Jardani;Majesticzz;spamzzy,,4,5
2025-07-07,12267.0,UNiTY,15818;15821;23469,darber;K1-FiDa;NEOFRAG;PerdY;woozzzi,,3,5
2025-07-07,11827.0,JANO,4076;18848,Aerial;allu;HENU;Jelo;Sm1llee,,2,5
2025-07-07,4326.0,América,21038;21085;21888;24717,antonini;nikz;proSHOW;Reix;Thuister,,4,5
2025-07-07,11955.0,LAG,21021,Experative;SnacKZ1;spud;TR0JN;Weeza,,1,5
2025-07-07,12913.0,Lumen fe,,daria;kira;olya;sakura;sckrafft,,0,5
2025-07-07,13300.0,ROSY,,1nhuman;bogemt;byek;forzetsky;spira,,0,5
2025-07-07,12544.0,adalYamigos,11213;18140;19972;21099,bsd;ckzao;delboNi;f4stzin;SHOOWTiME,,4,5
2025-07-07,12908.0,Aether,18090;20934,arias;clipzera;flow;micro;Tender,,2,5
2025-07-07,12747.0,DMS,22029;24006,AverOna;Jammie;k175un4;sosya;uulis,,2,5
2025-07-07,13147.0,Shika,9339;19060,Biuckmt;ImpressioN;jiejie;splashske;Zy88,,2,5
2025-07-07,11555.0,UNO MILLE,2544;13287;14010;22404,bnc;cerolzin;realz1n;remix;zmb,,4,5
2025-07-07,13245.0,QMISTRY,24081;24543;24544;24546,Fugor;keis;Masi;Showk;Xydoo,,4,5
2025-07-07,13302.0,JERSA,,BabyRage;Notjuanjo;Profug;Slayerhz;zockie,,0,5
2025-07-07,12548.0,Dusty Roots,18554;21221;23150;24749;25106,FraGuTy;maxxkor;next;rzk;tom1jed,4451e7cdc2e9c7fb7004,5,5
2025-07-07,11737.0,EYEBALLERS,3849;16029;21012;22914;23397,dex;HEAP;JW;poiii;Ro1f,738536f91f2f14712ade,5,5
2025-07-07,10994.0,O PLANO,19998;20501;23092,bokor;REGIANE;s1non;Sofiaxyz;ujliana,,3,5
2025-07-07,6652.0,GameAgents,22008;22473;22474;22475;22476,nestee;POLO;Qlocuu;swiz;virtuoso,fc024ca43e672ecea0b8,5,5
2025-07-07,12929.0,Victores Sumus,23325,arakyN;Benzene;ChAmP;RaYzEr;Recoilmaster,,1,5
2025-07-07,12483.0,MIGHT,12102;24527;24869,BiNoX;djay;jared;no1nx;Snakes,,3,5
2025-07-07,11933.0,Yawara,22364;22957;24284;24772;25035,j0w;Lacerda;nardes;revoltz;stax,20ab3985e54ac4d8affb,5,5
2025-07-07,12567.0,Akimbo,19177;20572;23458,consti;kmrn;laxiee;obi;zy,,3,5
2025-07-07,13178.0,NOVAQ,11940;11942;22537;23599,buster;def1zer;forkyz;neaLaN;Pumpkin66,,4,5
2025-07-07,13206.0,anything else,20101,cypress;FAME;K4mr0;mcniff;Slash,,1,5
2025-07-07,13265.0,MAGICOS,23997;25031;25034,ghosT1;Jhones Macarones;miurairc;rx;snow,,3,5
2025-07-07,11718.0,BIG EQUIPA,16764;22063;22871;23451,Hanka;Hikomi;pauliiee;pullox;Zana,,4,5
2025-07-07,13267.0,LA MASIA,16102;17003;24634,Jayy2s;Mané;NOPEEJ;Pedrinho2011;snapy,,3,5
2025-07-07,7865.0,HAVU,9818;21963;22143;22144;22211,Alxc;ottob;p3kko;puuha;uli,cafbd75d62b9de4d1423,5,5
2025-07-07,12867.0,Floripa Stars,24298;24328;24930;24931,ALENNNCAR;CaPiM;Lukita;s1cko;vzn,,4,5
2025-07-07,12971.0,Wanted Goons,16581;23589,febreeze;Johan;killerPandas;Magic;Stx,,2,5
2025-07-07,13192.0,Roler Coaster,16612;16921;19920;20357;23858,d1Ledez;KaiR0N-;mo0N;n0rb3r7;nafany,aaebd5b0bceae8f19e36,5,5
2025-07-07,13024.0,8Sins,20908;21990,bevve;moz;Prime;wfn;Wolfie,,2,5
2025-07-07,12421.0,Let Her Cook,22023;22024;23436,jenkon;Joanana;ManeschijnX;meli;spike,,3,5
2025-07-07,13121.0,Eco Warriors,7653;15831;22062;23049;24005,D7;juliano;kyossa;vicu;wieenN,eb545edeabdc1c75f7bb,5,5
2025-07-07,13151.0,Tropa do KinGui,19975;22423;24294;24716,brokeN;cLd;clon7;flash;wallz1k,,4,5
2025-07-07,11711.0,Players,22085,dok;honda;MITHPUTTINI;spinnie;xns,,1,5
2025-07-07,4532.0,ESC,15203;20245;20958;21263;22703,bajmi;moonwalk;olimp;reiko;SaMey,e589c64ec1c105e17303,5,5
2025-07-07,11862.0,Portuguese Family,17003;20054;24634,Jayy2s;Linko;rafaxF;renatoohaxx;snapy,,3,5
2025-07-07,11668.0,Mindfreak,,gump;pain;Rickeh;Texta;tucks,,0,5
2025-07-07,12900.0,NomadS,24303,CRYTICAL;HenX;hoolig4n;KRST;shinobi,,1,5
2025-07-07,13142.0,AKA HERO KAJO,,amyb;miLo;Pikkuems;Siljeeeh;Waldee,,0,5
2025-07-07,12334.0,Preasy,3741;22091;25066;25088,AcilioN;Griller;niko;qx;SinK,,4,5
2025-07-07,12988.0,GameHunters,10827;17028;22084,abr;mello;nolkz;prt;slashzz,,3,5
2025-07-07,13270.0,girl kissers,,gadfly;lunari;n0xxy;raynee;violet,,0,5
2025-07-07,12472.0,MANTRA,,cheeseball;cookie;rekonz;SkulL;Winnieeeee,,0,5
2025-07-07,11756.0,Quem Sao Elas,21736;22270,Babs;cAmyy;josi;Le;tamizinha,,2,5
2025-07-07,12929.0,Victores Sumus,15762;19563;23325;23430,Benzene;clouda;EmbeR;RaYzEr;reV3nnnn,,4,5
2025-07-07,13143.0,Black Mold,,Bungee;Knopk@;madss;sunnypp;uhKelsie,,0,5
2025-07-07,13168.0,CS2News Ladies,18774;23438;23505;24336,emocore;f6tal;irbitka;Stormy;v1spel,,4,5
2025-07-07,13186.0,Bounty Hunters fe,23148;23514,Brendinha;Cara de Banana;croma;Eleven;Vii,,2,5
2025-07-07,12707.0,Underground,,coops;Mechanical;N1ghtraid;Omichella;rahley,,0,5
2025-07-07,12312.0,ATOX,22333;22415;23457,AccuracyTG;dobu;kabal;MiQ;Zesta,,3,5
2025-07-07,12895.0,K27,19575;22886;23684;23686;24725,kashl1d;qw1nk1;relaxxie;X5G7V;xeedo,e750fe564bbd5d2ce6ca,5,5
2025-07-07,12912.0,thekillaz fe,21042,Cellax;fly;hera;Samys;xuliana,,1,5
2025-07-07,13290.0,modeame,,ElayDzha;fatestyoshi;for2na;R3LiFwOw;rinn,,0,5
2025-07-07,3044.0,MIBR Academy,20029;21290;21700;22964;25108,brn$;card;Lkz;perez;stormzyn,d60e10b3e3c50be39626,5,5
2025-07-07,13203.0,ex-Heimo,9325;14236,arvid;japE;oopee;Welho;ykis,,2,5
2025-07-07,7801.0,Ghost,1331;8640;21961;23524,Ellie;EMUHLEET;mira;tweiss;Xp3,,4,5
2025-07-07,13187.0,Spray and Slay,20502;23995,Aida;Emmsan;julih;KiTKaT;KittyTM,,2,5
2025-07-07,13134.0,Akuma,21727;22065;22604;23052;23451,Angelka;Hikomi;LETi;suns1de;xia,9cb2dca99532c31ca250,5,5
2025-07-07,13135.0,MEGA JUNERS,,ARIANARCHIST;AuroraVeee;heehee;Junie;Lexa,,0,5
2025-07-07,13175.0,Change The Game,23001;24855;24857;24858,957;Hack1ng;LaiKeXu;yancher;Zero,,4,5
2025-07-07,12857.0,FORZE Reload,21367;21392;23628;24967,KusMe;rexxie;rikon;shady;spirit,,4,5
2025-07-07,12847.0,Kubix,20434;21108;21109,ammar;BledarD;Caleyy;gejmzilla;tripey,,3,5
2025-07-07,13153.0,Hesta,21445;21686;23687;24806;24807,abiraju;anttzz;frontales;Muk0s;slaxejezzz,f5cffaa253b25112d40e,5,5
2025-07-07,5775.0,Elevate,13287;19972;21100;22777;22956,bnc;ckzao;diozera;lash;zede,e620aa497fbc84eb3e7b,5,5
2025-07-07,13192.0,Roler Coaster,11942;16612;16921;20430;21348,alpha;ArtFr0st;buster;n0rb3r7;nafany,41c4fc4060136f0de900,5,5
2025-07-07,12152.0,KZG,,Estate;foggers;Hassie;Kras;Samuukxs,,0,5
2025-07-07,13218.0,Worms,,graphX;karv3r;Rulik;S0ph3R;stanf1x,,0,5
2025-07-07,,Justice For Tomorrow,,COOOOOOFFEE;kasze;LarkoTaco;Saac;xc,,0,5
2025-07-07,12825.0,The QUBE,24396;24513;24779,bkzcurs3d;faline;Kamui;soloooS;Uncrown,,3,5
2025-07-07,12982.0,SkyFury,17117;24204,7oX1C;auth0ri;Kiy0o;shield;Templ,,2,5
2025-07-07,12858.0,kONO,16147;19614;19617;20422,amster;cptkurtka023;OWNER;s4ltovsk1yy;zogeN,,4,5
2025-07-07,8813.0,Illuminar,24179,AxEcHo;discoStar;Furlan;Pelle;SpavaQu,,1,5
2025-07-07,13144.0,Messitas,,armk4m;chjna;Flossie;khizha;valulu,,0,5
2025-07-07,13229.0,Daaku,8183,dottie;nomizz;rain;Weeza;Wolffe,,1,5
2025-07-07,11138.0,benched,17305;21630;23762,FinigaN;Pipw;Polt;wh1teout;z1k4,,3,5
2025-07-07,12334.0,Preasy,13077;21574;22091;24425,AcilioN;bekker;Boye;Griller;Patti,,4,5
2025-07-07,5479.0,Mythic,8503;15007;20510;20793;22022,Austin;Cooper;fl0m;hyza;Trucklover86,3b40a809b0d8c9007db9,5,5
2025-07-07,13127.0,Wildcard Academy,20018;23237;23696;24113,fr3nd;sSen;T4gg3D;TMKj;Wonder,,4,5
2025-07-07,4532.0,ESC,20245;20284;20958;21142;23668,AMSALEM;bajmi;maaryy;mASKED;SaMey,4e0c70f7e092d4484ed4,5,5
2025-07-07,13172.0,Mercenaires,7168;14176;19738;19926,afro;Djoko;misutaaa;NBK-;PerX,,4,5
2025-07-07,13027.0,Nuclear TigeRES,22430;22878;23303;24568;24569,flouzer;fluffy;h1kaN;k0s;senka,724f8d6e2a6db9ba88b9,5,5
2025-07-07,13217.0,ScarX,16167;16180;21541,Dant1k;Dili;k1araSh;KryPt0NN;X1RON,,3,5
2025-07-07,13280.0,inputprayers,13281;22459;22880;23193;23302,bluewh1te;El1an;m1QUSE;sh1nejezzz;VILBy,46008e289b64485c0b5c,5,5
2025-07-07,13115.0,harizma,,DeFFeN;Haski4;LAME;nova4u;ZinGY,,0,5
2025-07-07,11905.0,paiN Academy,22566,deemO;legy;Markz;Tatu;tsug,,1,5
2025-07-07,13067.0,Immigrants peek,24045;24890,bezymecc;H0NeST;marekiew;nico1ajus;Termina,,2,5
2025-07-07,12554.0,regain,23136;23137;23138;24667,dvrk;Fuzenko;Halen;sasha;Zucar,,4,5
2025-07-07,7720.0,InControl,20330;23690;24528,Beast;jsfeltner;Oczarka;Scorchyy;TyRa,,3,5
2025-07-07,12789.0,LaChampionsLiga,17997;19086;20689;24091;25105,AGL;dott1;Hezz;lenci;pavv,1b4647825d2172eeba82,5,5
2025-07-07,12455.0,Vantage,,Drox;Jynx;Mingovi;Snaaz;supar,,0,5
2025-07-07,13128.0,moneyF,15117;15203;15369;20908,bevve;Juve;Keoz;REDSTAR;reiko,,4,5
2025-07-07,12377.0,GhoulsW,15118;19167;20960;21143,Diviiii;ex1st;SBT;sk1tt;smekk-,,4,5
2025-07-07,13122.0,nomercy fe,,aiveri;akiyanora;Potya;t4tty;unknxwn,,0,5
2025-07-07,13102.0,GATERON,,DimSuM;Kon;Mrx;Pupu;zyHan,,0,5
2025-07-07,13272.0,ex-Permitta,18456,fostar;Kre1N;Nosik;Orbit;Twiksar,,1,5
2025-07-07,11660.0,Take Flyte,22544;22835;23226;24679;24680,Crisp;huncho;Panic;REKMEISTER;Sharpie,a6f3f158f36344963239,5,5
2025-07-07,13154.0,LFO 3,19812;21775;24332,awks;BehinDx;Chill;giM;Matheos,,3,5
2025-07-07,13251.0,Mousquetaires,284;10569;14176;19742,devoduvek;drac;JACKZ;misutaaa;Nivera,,4,5
2025-07-07,13005.0,MCS,24528,Go0dby3;Oczarka;ogura;Scorchyy;snufaffu,,1,5
2025-07-07,13176.0,Nyx Empyre,,ADK;jaydee;MamaAlien;PippySippy;Viv,,0,5
2025-07-07,12670.0,LEON,8726;19812;20207;24079,Chill;facecrack;Raijin;w1sely;yngsamurai,,4,5
2025-07-07,13181.0,BASEMENT BOYS,21213;22680;22945;23614;24286,Bambosh;ERSIN;levantino;Polbandana;Tr0ublE,acd45ae52bd16e7eb579,5,5
2025-07-07,10954.0,Astralis Talent,21381,ANSG1;kiR;kroK;suma;Zanto,,1,5
2025-07-07,13180.0,Straight2Killin,19028;23161;23674,Brashi;den1ed;Elxhin;HorizoN;VulcaN,,3,5
2025-07-07,10978.0,VELOX,10499;10506;20531;24558,ABM;JonY BoY;maaxg1;nbl;tutehen,,4,5
2025-07-07,12677.0,Galorys,20521;23461;23550;24224,Alisson;bacc;divine;kadzz;pepe,,4,5
2025-07-07,12915.0,NITRO,21284,beg0d;happ;Lcm;leleo;LUCAS1,,1,5
2025-07-07,12124.0,Insilio,18510;20197;22535;22536;23048,dwushka;faydett;kelieN;mag1k3Y;sugaR,d68f621c0c4769cf3779,5,5
2025-07-07,12787.0,WOPA,14242;16753;20248;22950,Gnøffe;n1Xen;PR1mE;sL1m3;Vster,,4,5
2025-07-07,13215.0,POWERmix,,0scar;dodZ;NAKO;sry;tr1,,0,5
2025-07-07,11273.0,Steel Helmet,5187;7026;12958;14561,18yM;AE;captainMo;DD;xiaosaGe,,4,5
2025-07-07,12766.0,Nordix,21860,berzerk;Brave;Realyummy;samee;sense,,1,5
2025-07-07,12087.0,Lazer Cats,22035;22191;22706;23151;23589,Magic;MAGILA;n0te;nikitea;yab0ku-,3abba0929f68f8dbd73c,5,5
2025-07-07,12908.0,Aether,22168,denz;Izik;MJB;Pr0mise;SolGoat,,1,5
2025-07-07,13137.0,Familia Maquininha,10838;10840;16814;18610;20885,danoco;detr0ittJ;fREQ;mawth;tatazin,c945590e437a5c2dfada,5,5
2025-07-07,13162.0,Virtual Cottage,9616;9798;20066;22101,aidKiT;amanek;EspiranTo;lunAtic;spardaus,,4,5
2025-07-07,13052.0,2070,,JLK;lealziNho;mid1;redi;roz,,0,5
2025-08-04,9565.0,Vitality,7322;11816;11893;16693;18462,apEX;flameZ;mezii;ropz;ZywOo,91c93eb867d7d47bf729,5,5
2025-08-04,7020.0,Spirit,7716;16920;20423;21167;23685,chopper;donk;sh1ro;zont1x;zweih,c1be3d708b91d83debce,5,5
2025-08-04,4494.0,MOUZ,13666;18072;18221;18850;20312,Brollan;Jimpphat;Spinx;torzsi;xertioN,43f602c729e986479a12,5,5
2025-08-04,6248.0,The MongolZ,20194;20275;20903;21001;21809,910;bLitz;mzinho;Senzu;Techno,75e5d950f37342b03568,5,5
2025-08-04,4608.0,Natus Vincere,9816;14759;18987;20127;22673,Aleksib;b1t;iM;makazze;w0nderful,9d2b566c8472997adfa4,5,5
2025-08-04,8297.0,FURIA,2023;12553;13915;15631;24144,FalleN;KSCERATO;molodoy;YEKINDAR;yuurih,e0362dcbafd342d82962,5,5
2025-08-04,11283.0,Falcons,3741;12018;19230;19677;24177,kyousuke;kyxsan;m0NESY;NiKo;TeSeS,e17285b415d2dc1447da,5,5
2025-08-04,6667.0,FaZe,429;8183;8738;9960;18053,broky;EliGE;frozen;karrigan;rain,9daa2e0f8baba62ac327,5,5
2025-08-04,6665.0,Astralis,7592;10096;10994;17956;20304,device;HooXi;jabbi;Staehr;stavn,52aabeb463275f7ddf2b,5,5
2025-08-04,4863.0,TYLOO,8552;19645;20702;20895;21621,Attacker;JamYoung;Jee;Mercury;Moseyuh,2c632070ba401ebd2e9d,5,5
2025-08-04,11861.0,Aurora,150;8574;19187;21243;22361,jottAAA;MAJ3R;Wicadia;woxic;xfl0ud,de4d1b051c78034513c7,5,5
2025-08-04,5995.0,G2,3972;11617;19164;20447;21062,HeavyGod;huNter-;malbsMd;MATYS;SunPayus,c6e7095c117141b82830,5,5
2025-08-04,4914.0,3DMAX,8374;13138;19739;21969,bodyy;Ex3rcice;Graviti;Lucky;Maka,,4,5
2025-08-04,9928.0,GamerLegion,9278;16486;20301;20482,Kursy;PR;REZ;Tauson;ztr,,4,5
2025-08-04,8840.0,Lynn Vision,16551;18744;20254;22922;23100,C4LLM3SU3;EmiliaQAQ;Starry;Westmelon;z4kr,dbed042ec191be814f2c,5,5
2025-08-04,4773.0,paiN,14736;18141;18865;19694,biguzera;dav1deuS;dgt;nqz;snow,,4,5
2025-08-04,5378.0,Virtus.pro,8918;12732;16947;20101;21439,electroNic;fame;FL1T;ICY;Perfecto,947a413877986ead41b7,5,5
2025-08-04,7175.0,HEROIC,19310;19808;20119;22047;22884,gr1ks;LNZ;nilo;tN1R;yxngstxr,d7ed0e8214df4d7d1444,5,5
2025-08-04,4411.0,Ninjas in Pyjamas,922;14148;20425;20464;23372,ewjerkz;r1nkle;sjuush;Snappi;xKacpersky,0ce5cad9da2e56293d9e,5,5
2025-08-04,5005.0,Complexity,11630;12840;13578;17353;21620,Cxzi;Grim;hallzerk;JT;nicx,a957c1e3fa87abcbbeb9,5,5
2025-08-04,12468.0,Legacy,15698;19045;19686;20563;22965,dumau;latto;lux;n1ssim;saadzin,5cfd43d0258204c4872c,5,5
2025-08-04,10567.0,SAW,630;20462;21014;22807;23140,Ag1l;aragornN;krazy;MUTiRiS;story,9c3bd9b3ce1afe43eeb7,5,5
2025-08-04,12394.0,BetBoom,11840;16555;18506;21348;21667,ArtFr0st;Ax1Le;Boombl4;Magnojez;S1ren,5f06ede5944bd73dcf42,5,5
2025-08-04,9215.0,MIBR,11154;18835;20987;21037,brnz4n;exit;insani;nicks;saffee,,4,5
2025-08-04,12774.0,FlyQuest,4679;11140;17384;18214;20123,INS;jks;nettik;regali;Vexite,82ec1484979378ef597b,5,5
2025-08-04,5973.0,Liquid,8520;9436;10394;16820;21763,NAF;NertZ;siuhy;Twistzz;ultimate,e30bbdc993a56db8023c,5,5
2025-08-04,11241.0,B8,19592;20112;21708;22842;23643,alex666;esenthial;headtr1ck;kensizor;npl,a557275c96d577ef4eaf,5,5
2025-08-04,11419.0,ECSTATIC,10961;11995;20417;21779;22695,Anlelele;Kristou;nut nut;sirah;TMB,eca76dd469044ed07bc1,5,5
2025-08-04,13104.0,Iberian Soul,8371;9254;18749;19509;21239,alex;dav1g;MartinezSa;mopoz;sausol,d807a95213fd6aab9a51,5,5
2025-08-04,12833.0,TNL,23642;24168;24282;24283,cairne;Dawy;Flierax;nifee;onic,,4,5
2025-08-04,12376.0,M80,15370;16599;18838;20104;22921,HexT;Lake;s1n;slaxz-;Swisher,8bb1193a025837b6c801,5,5
2025-08-04,4991.0,fnatic,7528;15165;17803;18571;23046,blameF;CYPHER;fear;jambo;KRIMZ,f1bb99fdd4839f4e9195,5,5
2025-08-04,7969.0,Nemiga,20387;21266;22325;22460;23317,1eeR;khaN;riskyb0b;sowalio;Xant3r,c7f4bab835cec5a8f8ee,5,5
2025-08-04,7532.0,BIG,5794;14929;19899;20170,hyped;JDC;Krimbo;kyuubii;tabseN,,4,5
2025-08-04,11514.0,Rare Atom,7028;19681;21825;24748,ChildKing;kaze;L1haNg;Summer;Trash,,4,5
2025-08-04,12426.0,Passion UA,16885;19733;21452;23414,DemQQ;jackasmo;Kvem;Topa;Woro2k,,4,5
2025-08-04,13286.0,FUT,14176;20584;22203;22674;23553,cmtry;dem0n;dziugss;Krabeni;misutaaa,3322ab6a91fbfb3adc10,5,5
2025-08-04,6673.0,NRG,7687;14109;16717;17918;20333,br0;Jeorge;nitr0;nosraC;XotiC,08dd10279c7696fd6469,5,5
2025-08-04,4869.0,ENCE,12731;21233;21815;21972,gla1ve;myltsi;Neityu;podi;sdy,,4,5
2025-08-04,12467.0,PARIVISION,13776;19235;22076;22471;22929,AW;BELCHONOKK;Jame;nota;xiELO,f94e124a1a752f15f4db,5,5
2025-08-04,13314.0,KOLESIE,3669;15940;21715;22473;23765,flayy;hfah;innocent;Qlocuu;Sobol,63d4f5b683aa44230dae,5,5
2025-08-04,10503.0,OG,13602;19064;20465;20878;21983,adamb;arrozdoce;Chr1zN;nicoodoz;spooke,02c5489bbd6d48709c11,5,5
2025-08-04,9455.0,Imperial,10566;12822;19869;22564,chelo;noway;Shr;try;VINI,,4,5
2025-08-04,7900.0,Spirit Academy,22864;23319;24176;24177,alkarenn;kyousuke;Mokuj1n;robo;syph0,,4,5
2025-08-04,10245.0,JiJieHao,10449;17675;18163;19763;22419,0SAMAS;Bibu;BOROS;ISSAA;m1N1,239c366f89b0c9626e78,5,5
2025-08-04,11837.0,Fluxo,12521;18717;19692;20183;20385,arT;decenty;kye;Lucaozy;zevy,28e73a0f0518d8fa9ffc,5,5
2025-08-04,11712.0,Sashi,13077;16723;20090;23338,Beccie;Cabbi;Lucky;Patti;Zyphon,,4,5
2025-08-04,12916.0,Betclic,16080;18070;18979;22383;23766,Demho;dycha;hypex;jcobbb;Prism,c1ea18e3e3d75c394750,5,5
2025-08-04,12257.0,Wildcard,8507;8711;20018;21665;22135,fr3nd;JBa;Peeping;Sonic;stanislaw,81f08787434c91e79280,5,5
2025-08-04,12474.0,Alliance,7443;16487;22760;22860;23397,avid;eraa;poiii;twist;upE,16eff455cca88a762de3,5,5
2025-08-04,12646.0,Chinggis Warriors,19229;21396;21398;22414;24779,ariucle;bkzcurs3d;controlez;Efire;ROUX,167479e138db505c2a26,5,5
2025-08-04,12510.0,The Huns,15072;18638;19957;20703;23402,Bart4k;cobrazera;nin9;sk0R;xerolte,98d8ee24d663c964f937,5,5
2025-08-04,11838.0,Partizan,13026;20252;20253;20813,c0llins;DEPRESHN;Dragon;Kind0;VLDN,,4,5
2025-08-04,5347.0,BLUEJAYS,14494;15176;18706;19846;23458,CLASIA;Cryptic;freshie;junior;laxiee,9e79f19751d7e829adaf,5,5
2025-08-04,8113.0,Sharks,20558;21170;21921;22911,aNgelo;doc;gafolo;koala;rdnzao,,4,5
2025-08-04,10278.0,9INE,2898;14932;16726;20300;22702,cej0t;faveN;kraghen;phzy;raalz,12f64241051c77aee3cc,5,5
2025-08-04,7187.0,Nexus,1206;9626;17116;19817;20761,BTN;lauNX;ragga;s0und;XELLOW,bfc6a1833c0489262735,5,5
2025-08-04,11523.0,Zero Tenacity,5351;8311;11777;21302;21783,aVN;brutmonster;Cjoffo;Maden;nEMANHA,6f98e5a4c4d38da6cab8,5,5
2025-08-04,11581.0,HOTU,18752;19823;21385;24806,dukefissura;frontales;kade0;lampada;mizu,,4,5
2025-08-04,12380.0,CYBERSHOKE,17508;18510;20948;22803;22879,bl1x1;FenomeN;glowiing;lov1kus;sugaR,1cf6cd800dae9288a266,5,5
2025-08-04,4532.0,ESC,15203;20245;20958;21263;22703,bajmi;moonwalk;olimp;reiko;SaMey,e589c64ec1c105e17303,5,5
2025-08-04,13124.0,Marsborne,12937;13230;18761;19705;22069,chop;Grizz;motm;viz;WolfY,87640c57c2720082deb6,5,5
2025-08-04,12604.0,Johnny Speeds,9255;15569;19065;20133;24083,draken;MaiL09;Sapec;SHiNE;Svedjehed,d574bdf33db928eb2997,5,5
2025-08-04,11768.0,ODDIK,9216;14390;16314;17181;22182,coldzera;ksloks;naitte;pancc;WOOD7,2fa6aae3fbb9f8e7f9b7,5,5
2025-08-04,9996.0,9z,12092;15914;22181;22371;22613,HUASOPEEK;levi;Luken;max;urban0,e0eb9e74d9c82b57698d,5,5
2025-08-04,12471.0,GUN5,13240;18670;22930;23047;23783,fineshine52;Lack1;Sdaim;SELLTER;tex1y,79c1e8268f6b0756e0e2,5,5
2025-08-04,11811.0,Monte,19738;19926;21217;21816;22106,afro;AZUWU;Djoko;Gizmy;ryu,2e1cbf62d54bd303f295,5,5
2025-08-04,10333.0,Sangal,12004;19673;19882;20357;22039,clax;d1Ledez;danistzz;Norwi;Patsi,c99d5fe24712d0a51380,5,5
2025-08-04,12878.0,BC.Game,9618;13670;18571;18790;21139,CacaNito;CYPHER;nawwk;nexa;pr1metapz,2a0f3f6c35b49557bf52,5,5
2025-08-04,4602.0,Tricked,21571,kroK;leakz;Nodios;salazar;valde,,1,5
2025-08-04,5995.0,G2,2553;11617;16848;20447,hades;HeavyGod;malbsMd;Snax;TaZ,,4,5
2025-08-04,11883.0,9 Pandas,12027;17011;20357;20709;23858,d1Ledez;Krad;mo0N;r3salt;shalfey,9ea3027c506fb46cb120,5,5
2025-08-04,12694.0,RUBY,20956;21362;22189;22326;24972,fozil;H4SAN4TOR;Kaide;maQuein;TruNiQ,c0e94ee19d02d0d3458c,5,5
2025-08-04,13106.0,Getting Info,10892;19709;19710;19711;24048,dare;MarKE;shane;slump;snav,db715d213b43165fc16e,5,5
2025-08-04,9621.0,AaB,21574;23106;24426;25066;25088,Boye;qx;SinK;stesso;Viggo,d4cbad86e4c48d30a0d6,5,5
2025-08-04,11641.0,Metizport,13669;14218;17937;21164;24083,isak;Jackinho;L00m1;MaiL09;Plopski,4d04a1a7561a8dcaffbe,5,5
2025-08-04,12818.0,FAVBET,2131;18240;20110;20228,bondik;j3kie;Marix;Smash;t3ns1on,,4,5
2025-08-04,5347.0,BLUEJAYS,18706;19079;19128;19710;19711,dare;freshie;Fruitcupx;SLIGHT;snav,211d4d761777d0aa6ee4,5,5
2025-08-04,10976.0,FURIA fe,11872;16340;17288;21219;22839,bizinha;gabs;izaa;kaahSENSEI;lulitenz,10dd16af0d8ef7254cf3,5,5
2025-08-04,12431.0,Betera,17316;19231;19874;20402;24173,h1te;MaSvAl;synyx;tENZY;Vert,3901811535021c8b7cec,5,5
2025-08-04,7176.0,RED Canids,9216;16835;20085;21288,coldzera;drop;kauez;ponter;venomzera,,4,5
2025-08-04,13300.0,ROSY,,1nhuman;byek;drowranger;SP1NT;whsup,,0,5
2025-08-04,12097.0,Eruption,15060;19538;21428;24123;24125,fury5k;MagnumZ;NEUZ;sideffect;xenization,f524baf8dd176bc33ee5,5,5
2025-08-04,10577.0,SINNERS,11199;12810;23295;23459;23763,beastik;kisserek;Pepo;SHOCK;stressarN,512620b262f209859916,5,5
2025-08-04,4548.0,CPH Wolves,16753;20637;22048;24203;24332,b1elany;Jorko;Matheos;n1Xen;Tapewaare,c7762212e7bb2338b84c,5,5
2025-08-04,,TPuDCATb TPu,3459;20534;22040;22927;23302,bluewh1te;executor;kinqie;KIRO;z1Nny,c93afad3985eb352df7c,5,5
2025-08-04,13106.0,Getting Info,14109;17372;17918;19709;19710,dare;FaNg;nosraC;shane;XotiC,10a4d2c47f69466292d8,5,5
2025-08-04,7441.0,ECLOT,19069;19594;19815;22101,Aaron;Dytor;forsyy;nbqq;spardaus,,4,5
2025-08-04,11737.0,EYEBALLERS,3849;20879;21012;22060;22914,delle;dex;JW;maxster;Ro1f,4cf54bebd0b7d45144c5,5,5
2025-08-04,12000.0,500,11217;11219;15369;17145,CeRq;oxygeN;Rainwaker;REDSTAR;SPELLAN,,4,5
2025-08-04,13303.0,NXT,20336;20339;22192,arTisT;Extinct;Rezst;Tree60;Vacancy,,3,5
2025-08-04,13345.0,DESEMPREGO,16102;17003;23480;23559;24905,h0t;M1KA;NOPEEJ;snapy;snowiee,f290b0939afdab1f785f,5,5
2025-08-04,10459.0,ARCRED,18447;18671;19703;20207,DSSj;Get_Jeka;Raijin;redzed;Ryujin,,4,5
2025-08-04,12901.0,SemperFi,11139;14990;20003;20244,aliStair;keen;SaVage;shadiy;Valiance,,4,5
2025-08-04,11251.0,Eternal Fire,8575;15835;20284;20309;21142,bnox;Calyx;imoRR;maaryy;mASKED,b7989732b2f4dd6303e5,5,5
2025-08-04,12857.0,FORZE Reload,21367;21392;23628;24967,KusMe;rexxie;rikon;shady;spirit,,4,5
2025-08-04,13214.0,SPARTA,21369;24171;24172;24818,1NVISIBLEE;Djon8;k4nfuz;SoLb;yuramyata,,4,5
2025-08-04,10947.0,Rhyno,20054;20683;20750;23141;24634,Icarus;Jayy2s;P3R3IIRA;rafaxF;seabraez,7d0b7b964a13764dfa73,5,5
2025-08-04,12586.0,AMKAL,14273;16948;21431;21692;22075,iDISBALANCE;kAlash;sFade8;sstiNiX;TRAVIS,05e938387899431363a7,5,5
2025-08-04,12491.0,2GAME,6593;16817;18610;22362;23045,detr0ittJ;hardzao;lukiz;PKL;xureba,6af22c7f89396d17a520,5,5
2025-08-04,12144.0,BESTIA,2161;20185;20394;22570;24863,cass1n;luchov;Noktse;timo;tomaszin,c4cd742c0f01c49bf932,5,5
2025-08-04,12900.0,NomadS,18150;24302;24303,clouden;HenX;hoolig4n;Paranormal;Randyyyy,,3,5
2025-08-04,12065.0,Flamengo,11213;16814;16816;18891;20939,CutzMeretz;danoco;delboNi;history;vsm,baf7382ccae2978e8e84,5,5
2025-08-04,10851.0,Wings Up,10722;16768;16778;16872;19735,B1NGO;flying;gas;lan;Roninbaby,c2559f2c4911409d117b,5,5
2025-08-04,11955.0,LAG,14799;20573;22552;23199,Andrew;brett;mason;Sandman;Wolffe,,4,5
2025-08-04,13291.0,Marius,,ddoni;dosikk;dune;m1te;tsukumeow,,0,5
2025-08-04,13107.0,Chicken Coop,13689;20234;21749;22835,cbass;Gabe;jchancE;mds;REKMEISTER,,4,5
2025-08-04,10621.0,1win,8528;20700;20782;23770;23771,cronuss;Goody;HObbit;lattykk;oz1k,68fb757cea81d1a922ab,5,5
2025-08-04,4822.0,Reason,20071;20686;20945;22129;23297,AntyVirus;fanatyk;Frontsiderr;PeTeRoOo;suonko,2d478e718f1f0f8c4417,5,5
2025-08-04,13146.0,Supernova Comets,16581;22302;23391;24393;24415,empathy;Fawx;raven;Serendipity;Stx,a6dffd2855ad5f4f2190,5,5
2025-08-04,11917.0,NIP Impact,1572;16764;21796;21798;23090,aiM;Nayomy;Qiyarah;vilga;Zana,bcf8426eb332bb67eadf,5,5
2025-08-04,7376.0,m1x,10330;15778;17147;18120;21165,acoR;juanflatroo;M1key;SENER1;sinnopsyy,45c4a5edb563d5b3feb3,5,5
2025-08-04,9881.0,Rooster,12877;18545;20527;20881;21395,asap;chelleos;sliimey;Terryyy;TjP,c155914b68ef35235fe1,5,5
2025-08-04,11585.0,IHC,15861;19536;19537,Aapestt;cool4st;rate;shinobi;yAmi,,3,5
2025-08-04,6089.0,The Last Resort,9896;13718;15117;15501,b0denmaster;b0RUP;birdfromsky;Keoz;Vegi,,4,5
2025-08-04,6033.0,Keyd Stars,17133;20083;22109,desh;flash;leo_drk;ninjaZ;vinaabEAST,,3,5
2025-08-04,11811.0,Monte,9656;21113;21217;21816,Gizmy;hAdji;leen;MoDo;ryu,,4,5
2025-08-04,11790.0,ENCE Academy,20677;21233;21930;22733;24149,2high;millert;myltsi;Schwarz;teme,9c4a36a264a74f4d8d93,5,5
2025-08-04,12534.0,BOSS,13250;16647;19079;19128;20564,ben1337;Bwills;d4rty;Fruitcupx;SLIGHT,b33921be1d7e3c48f339,5,5
2025-08-04,11837.0,Fluxo,12521;18714;20385;20939;21286,arT;history;kye;mlhzin;piriajr,3f8b6dbd0178eedfa45d,5,5
2025-08-04,13271.0,Zerance,1656;21793;21849;22356,ASTRA;Emerald;Kaoday;Monkey D Julie;RacheLL,,4,5
2025-08-04,13330.0,Lycus Empire,18442;23589,DooM;FRIZZY;MagiC;NIGHT666LADE;TABEN,,2,5
2025-08-04,12828.0,Imperial Valkyries,12758;16497;18775;21756;24005,ANa;Kat;tory;twenty3;wieenN,5855deaebb992b75cd0f,5,5
2025-08-04,10900.0,KRÜ,9221;18549;20607;21169,atarax1a;buda;laser;reversive;righi,,4,5
2025-08-04,12988.0,GameHunters,10827;17028;18875;22084,abr;Lich;mello;prt;RICIOLI,,4,5
2025-08-04,12301.0,FlyQuest RED,8850;14401;18641;22111;23621,BiBiAhn;Emy;GooseBreeder;marie;vanessa,207c2e8550328eb5b8f3,5,5
2025-08-04,12960.0,Fire Flux,9353;17305;20625;20968,Banjo;duggy;FinigaN;paz;soulfly,,4,5
2025-08-04,12447.0,SELVA,9483;18743;20522;23551,destiny;gbb;nython;slashzz;tomate,,4,5
2025-08-04,13298.0,ex-SABRE,24325;24672;24812,fakerealityy;hodix;jackast;neiter;tripex17,,3,5
2025-08-04,13304.0,LP,14010;17132;21099;21284,Bruninho;bsd;happ;Leomonster;zmb,,4,5
2025-08-04,13288.0,ex-W7M,11739;17861;18894;22181;22371,JOTA;levi;shz;t9rnay;urban0,b00d27ada70927aaf2b6,5,5
2025-08-04,12899.0,FengDa,19060;24304;24305;24306,1337x9;3gl;Biuckmt;chengking;p5p,,4,5
2025-08-04,12776.0,Bounty Hunters,14394;18322;20690;20885;22126,fREQ;KAISER;nyezin;Tuurtle;zock,92ba51cccf017ec23694,5,5
2025-08-04,13286.0,FUT,147;284;10569;14176;19742,devoduvek;drac;JACKZ;misutaaa;SIXER,c04cac94b1317cb5890c,5,5
2025-08-04,8038.0,Party Astronauts,13250;20572;20793;22967,Austin;ben1337;kmrn;ogwizard;sacrifice,,4,5
2025-08-04,12959.0,ShindeN,19872;19985;20451;20992;21155,abizz;BK1;ivz;nacho;naz,cda0fd1fadf7dadf4d46,5,5
2025-08-04,13233.0,HEROIC Academy,21575;22563;22696;22948;24281,anber;Dengzoe;fnl;Scr0b;St0m4k,f37812922f35412b43e7,5,5
2025-08-04,13290.0,modeame,,Blessed;ElayDzha;for2na;R3LiFwOw;rinn,,0,5
2025-08-04,13212.0,ex-TALON,14294;20086,ADDICT;BRACE;Forleks;hazr;sterling,,2,5
2025-08-04,10864.0,VP.Prodigy,23637;24292;24950;24951;24952,AquaRS;b1st;F0R3VER;tO0RO;TriBorgg1,4c9c8c4eb6b04deb086c,5,5
2025-08-04,11948.0,Nouns,14494;15176;22135,cJ dA K1nG;Cryptic;junior;Peeping;RUSH,,3,5
2025-08-04,7176.0,RED Canids,8565;9216;9219;21288;22126,coldzera;felps;HEN1;nyezin;venomzera,bf90bcbf6d379cbbf7c8,5,5
2025-08-04,12567.0,Akimbo,23458,laxiee;N2o;obi;piupiupiu;Zamgaa,,1,5
2025-08-04,13331.0,Kaleido,20258;21509;24747,2x2x;Miami;rage;SPine;suki,,3,5
2025-08-04,12908.0,Aether,18090;20934,arias;clipzera;micro;misha;Tender,,2,5
2025-08-04,13053.0,Just Swing,8598;10722;20354;22441;24644,gas;Marek;Purely;qqGOD;VanceKK,06197469c87fcf7fc690,5,5
2025-08-04,13245.0,QMISTRY,22476;24081;24543;24544;24546,Fugor;keis;Masi;virtuoso;Xydoo,682cf79383f97de9b982,5,5
2025-08-04,13217.0,ScarX,16167;16180;21536;21541,Dant1k;Dili;k1araSh;kRYPt0N;X1RON,,4,5
2025-08-04,12927.0,Marca Registrada,9214;19918;20405;22547;24345,4TAYLOR;AMC;b1;Majesticzz;spamzzy,4c09bc4f030ac6e5f689,5,5
2025-08-04,13288.0,ex-W7M,9482;11739;17585;17861;21099,b4rtiN;bsd;JOTA;NEKIZ;shz,cae6db67a4318f65f0b9,5,5
2025-08-04,10287.0,Legion,,Bloody;hf;PokemoN;SOULM8;SultaaN,,0,5
2025-08-04,8536.0,Ground Zero,,apocdud;damyo;Drox;pz;vision,,0,5
2025-08-04,12152.0,KZG,,alecc;dearlucid;dpr;Mingovi;vinhy,,0,5
2025-08-04,12267.0,UNiTY,15818;15821;22371;23469,K1-FiDa;Levi;NEOFRAG;Pechyn;woozzzi,,4,5
2025-08-04,11263.0,Only One Word,21395,BaN4na;Oath;sunshinez;Terryyy;viridian,,1,5
2025-08-04,13107.0,Chicken Coop,18442;22133;24660,BAGEL;BiNoX;FRIZZY;LittleBEER;taggy,,3,5
2025-08-04,4548.0,CPH Wolves,13669;17113;20637;20926;22048,aNdu;b1elany;Jackinho;szejn;Tapewaare,211deb9c07219e5ea3fb,5,5
2025-08-04,10975.0,MIBR fe,16341;21800;21801;23463,Dani;GaBi;goddess;poppins;yungher,,4,5
2025-08-04,12415.0,Gods Reign,23323,Bhavi;f1redup;Ph1NNN;R2B2;Rossi,,1,5
2025-08-04,11446.0,Leo,20421;21065;21650;21651;22649,kL1o;kr1vda;Malkiss;marat2k;OneUn1que,60c96df3b77e5b788a47,5,5
2025-08-04,13024.0,8Sins,,Cher1on;Dutchy;moz;wfn;Wolfie,,0,5
2025-08-04,11668.0,Mindfreak,,Crunchy;gump;pain;Texta;tucks,,0,5
2025-08-04,11827.0,JANO,4076;18848,Aerial;allu;HENU;Jelo;Sm1llee,,2,5
2025-08-04,12955.0,THE,24161,d0RREN;DayMake;krc;Sange;Tugu,,1,5
2025-08-04,12747.0,DMS,22029;24006,AverOna;Jammie;k175un4;sosya;uulis,,2,5
2025-08-04,11555.0,UNO MILLE,2544;14010;17132,Leomonster;r4ul;realz1n;remix;zmb,,3,5
2025-08-04,13127.0,Wildcard Academy,19167;20018;23237;24113;24810,doni;fr3nd;smekk-;sSen;TMKj,77a976f1c3e705ecded5,5,5
2025-08-04,12913.0,Lumen fe,,daria;kira;olya;sakura;sckrafft,,0,5
2025-08-04,13267.0,LA MASIA,16102;17003;24634,Jayy2s;Mané;NOPEEJ;Pedrinho2011;snapy,,3,5
2025-08-04,12867.0,Floripa Stars,24298;24328;24930;24931,ALENNNCAR;CaPiM;Lukita;s1cko;vzn,,4,5
2025-08-04,11711.0,Players,22085,dok;honda;MITHPUTTINI;spinnie;xns,,1,5
2025-08-04,12544.0,adalYamigos,11213;18140;19972;21099,bsd;ckzao;delboNi;f4stzin;SHOOWTiME,,4,5
2025-08-04,10994.0,O PLANO,19998;20501;23092,bokor;REGIANE;s1non;Sofiaxyz;ujliana,,3,5
2025-08-04,11955.0,LAG,21021,Experative;SnacKZ1;spud;TR0JN;Weeza,,1,5
2025-08-04,11768.0,ODDIK,14390;17181;24782,Ceruttera;matios;naitte;togs;WOOD7,,3,5
2025-08-04,10299.0,FURY,,cheeseball;cookie;rekonz;SkulL;Winnieeeee,,0,5
2025-08-04,12567.0,Akimbo,19177;20572;23458,consti;kmrn;laxiee;obi;zy,,3,5
2025-08-04,13206.0,anything else,20101,cypress;FAME;mcniff;Slash;Weeza,,1,5
2025-08-04,12483.0,MIGHT,12102;24332;24527,BiNoX;djay;jared;Matheos;Snakes,,3,5
2025-08-04,13151.0,Tropa do KinGui,19975;22423;24294;24716,brokeN;cLd;clon7;flash;wallz1k,,4,5
2025-08-04,13265.0,MAGICOS,23997;25031;25033;25034,Cr1a;ghosT1;Jhones Macarones;rx;snow,,4,5
2025-08-04,6788.0,Crashers,21038;21085;21888;24717,antonini;nikz;proSHOW;Reix;Thuister,,4,5
2025-08-04,7865.0,HAVU,9818;21963;22143;22144;22211,Alxc;ottob;p3kko;puuha;uli,cafbd75d62b9de4d1423,5,5
2025-08-04,13302.0,JERSA,,Antuanette;BabyRage;Slayerhz;xSpeed;zockie,,0,5
2025-08-04,12180.0,Tsunami,20273;20787;23410,CAJUN;CoolComs;Drop;Pose1doNN;stamina,,3,5
2025-08-04,12548.0,Dusty Roots,18554;21221;23150;24749;25106,FraGuTy;maxxkor;next;rzk;tom1jed,4451e7cdc2e9c7fb7004,5,5
2025-08-04,8038.0,Party Astronauts,13250;17372;18761;20564;22967,ben1337;d4rty;FaNg;ogwizard;viz,e6e63586c26e615bff87,5,5
2025-08-04,11668.0,Mindfreak,,Crunchy;kairo;swerzieN;tucks;zune,,0,5
2025-08-04,12971.0,Wanted Goons,16581;23589,febreeze;Johan;killerPandas;Magic;Stx,,2,5
2025-08-04,13121.0,Eco Warriors,7653;15831;22062;23049;24005,D7;juliano;kyossa;vicu;wieenN,eb545edeabdc1c75f7bb,5,5
2025-08-04,11718.0,BIG EQUIPA,16764;22063;22871;23451,Hanka;Hikomi;pauliiee;pullox;Zana,,4,5
2025-08-04,12421.0,Let Her Cook,22023;22024;23436,jenkon;Joanana;ManeschijnX;meli;spike,,3,5
2025-08-04,13178.0,NOVAQ,11940;11942;22537;23599,buster;def1zer;forkyz;neaLaN;Pumpkin66,,4,5
2025-08-04,13300.0,ROSY,,1nhuman;bogemt;byek;forzetsky;spira,,0,5
2025-08-04,12929.0,Victores Sumus,23325,arakyN;Benzene;ChAmP;RaYzEr;Recoilmaster,,1,5
2025-08-04,13192.0,Roler Coaster,16612;16921;19920;20357;23858,d1Ledez;KaiR0N-;mo0N;n0rb3r7;nafany,aaebd5b0bceae8f19e36,5,5
2025-08-04,13147.0,Shika,9339;19060,Biuckmt;ImpressioN;jiejie;splashske;Zy88,,2,5
2025-08-04,12769.0,Fisher College,12793;19602;20429;22722;25524,CrePoW;ReFuZR;TH0R;Wumbo;yoom,34510d0d8106d40b525c,5,5
2025-08-04,13142.0,AKA HERO KAJO,,amyb;miLo;piku;Siljeeeh;Waldee,,0,5
2025-08-04,13310.0,MANA,18119;20434;21108;21109,ammar;BledarD;Caleyy;cerber;gejmzilla,,4,5
2025-08-04,11933.0,Yawara,22364;24284;24772;25035,j0w;Lacerda;nardes;revoltz;tele D,,4,5
2025-08-04,13270.0,girl kissers,,gadfly;lunari;n0xxy;raynee;violet,,0,5
2025-08-04,11756.0,Quem Sao Elas,21736;22270,Babs;cAmyy;josi;Le;tamizinha,,2,5
2025-08-04,13168.0,CS2News Ladies,18774;23438;23505;24336,emocore;f6tal;irbitka;Stormy;v1spel,,4,5
2025-08-04,13106.0,Getting Info,10892;19710;20692,cJ dA K1nG;dare;dea;MarKE;nooz,,3,5
2025-08-04,13186.0,Bounty Hunters fe,23148;23514,Brendinha;Cara de Banana;croma;Eleven;Vii,,2,5
2025-08-04,12586.0,AMKAL,21692;22075;22076;24144,AW;eksiver;kAlash;molodoy;sFade8,,4,5
2025-08-04,13143.0,Black Mold,,Bungee;Knopk@;madss;sunnypp;uhKelsie,,0,5
2025-08-04,12912.0,thekillaz fe,21042,Cellax;fly;hera;Samys;xuliana,,1,5
2025-08-04,13153.0,Hesta,20883;21445;21686;23687;24807,abiraju;anttzz;eightz999;Muk0s;slaxejezzz,9fb33399a96a3475eea9,5,5
2025-08-04,12334.0,Preasy,3741;22091;25066;25088,AcilioN;Griller;niko;qx;SinK,,4,5
2025-08-04,13116.0,UR,23799,afufu;madness;reason;Tw1nk1e17;z1ayr,,1,5
2025-08-04,3044.0,MIBR Academy,20029;21290;21700;22964;25108,brn$;card;Lkz;perez;stormzyn,d60e10b3e3c50be39626,5,5
2025-08-04,5775.0,Elevate,13287;19972;21100;22777;22956,bnc;ckzao;diozera;lash;zede,e620aa497fbc84eb3e7b,5,5
2025-08-04,7801.0,Ghost,1331;8640;21961;23524,Ellie;EMUHLEET;mira;tweiss;Xp3,,4,5
2025-08-04,13135.0,MEGA JUNERS,,ARIANARCHIST;AuroraVeee;heehee;Junie;Lexa,,0,5
2025-08-04,13187.0,Spray and Slay,20502;23995,Aida;Emmsan;julih;KiTKaT;KittyTM,,2,5
2025-08-04,13134.0,Akuma,21727;22065;22604;23052;23451,Angelka;Hikomi;LETi;suns1de;xia,9cb2dca99532c31ca250,5,5
2025-08-04,13203.0,ex-Heimo,9325;14236,arvid;japE;oopee;Welho;ykis,,2,5
2025-08-04,12895.0,K27,19575;22886;23684;23686;24725,kashl1d;qw1nk1;relaxxie;X5G7V;xeedo,e750fe564bbd5d2ce6ca,5,5
2025-08-04,12929.0,Victores Sumus,15762;19563;23325;23430,Benzene;clouda;EmbeR;RaYzEr;reV3nnnn,,4,5
2025-08-04,12152.0,KZG,,Estate;foggers;Hassie;Kras;Samuukxs,,0,5
2025-08-04,13218.0,Worms,,graphX;karv3r;Rulik;S0ph3R;stanf1x,,0,5
2025-08-04,11862.0,Portuguese Family,17003;20054;24634,Jayy2s;Linko;rafaxF;renatoohaxx;snapy,,3,5
2025-08-04,12707.0,Underground,,jayketh;Jynx;Mechanical;N1ghtraid;Omichella,,0,5
2025-08-04,13175.0,Change The Game,23001;24644;24855;24857;24858,957;Hack1ng;LaiKeXu;VanceKK;Zero,6fea41645c75426f6bf3,5,5
2025-08-04,7720.0,InControl,14744;20330;23690;24528,Beast;calamity;jsfeltner;Scorchyy;TyRa,,4,5
2025-08-04,12267.0,UNiTY,15818;23469,darber;K1-FiDa;pandi7o;PerdY;woozzzi,,2,5
2025-08-04,12677.0,Galorys,14010;20521;23461;23550;24224,Alisson;bacc;divine;pepe;zmb,151b5b878f3c07d13e75,5,5
2025-08-04,13316.0,Animus Victoria,,foggers;gump;Kobe;TRIPLUS;void,,0,5
2025-08-04,13144.0,Messitas,,armk4m;chjna;Flossie;khizha;valulu,,0,5
2025-08-04,12312.0,ATOX,22333;22415;23457,AccuracyTG;dobu;kabal;MiQ;Zesta,,3,5
2025-08-04,12982.0,SKYFURY,17117;24204,7oX1C;auth0ri;Kiy0o;shield;Templ,,2,5
2025-08-04,13192.0,Roler Coaster,11942;16612;16921;20430;21348,alpha;ArtFr0st;buster;n0rb3r7;nafany,41c4fc4060136f0de900,5,5
2025-08-04,12825.0,The QUBE,24396;24513;24779,bkzcurs3d;faline;Kamui;soloooS;Uncrown,,3,5
2025-08-04,8813.0,Illuminar,24179,AxEcHo;discoStar;Furlan;Pelle;SpavaQu,,1,5
2025-08-04,11811.0,Monte,16080;16848;19733;21217;21816,DemQQ;dycha;Gizmy;hades;ryu,38c8af120b41af9d9ff4,5,5
2025-08-04,11138.0,benched,17305;21630;23762,FinigaN;Pipw;Polt;wh1teout;z1k4,,3,5
2025-08-04,12858.0,kONO,16147;19614;19617;20422,amster;cptkurtka023;OWNER;s4ltovsk1yy;zogeN,,4,5
2025-08-04,13172.0,Mercenaires,7168;14176;19738;19926,afro;Djoko;misutaaa;NBK-;PerX,,4,5
2025-08-04,13229.0,Daaku,8183,dottie;nomizz;rain;Weeza;Wolffe,,1,5
2025-08-04,13280.0,inputprayers,13281;22459;22880;23193;23302,bluewh1te;El1an;m1QUSE;sh1nejezzz;VILBy,46008e289b64485c0b5c,5,5
2025-08-04,13027.0,Nuclear TigeRES,22430;22878;23303;24568;24569,flouzer;fluffy;h1kaN;k0s;senka,724f8d6e2a6db9ba88b9,5,5
2025-08-04,4532.0,ESC,20245;20284;20958;21142;23668,AMSALEM;bajmi;maaryy;mASKED;SaMey,4e0c70f7e092d4484ed4,5,5
2025-08-04,12377.0,GhoulsW,15118;19167;20960;21143,Diviiii;ex1st;SBT;sk1tt;smekk-,,4,5
2025-08-04,12554.0,regain,23136;23137;23138;24667,dvrk;Fuzenko;Halen;sasha;Zucar,,4,5
2025-08-04,12769.0,Fisher College,13298;19602;20429;22137,AlekS;corn;CrePoW;ReFuZR;tatm,,4,5
2025-08-04,12731.0,LE-LUX,,BROJVHS;kasze;LarkoTaco;vanillaicey;xc,,0,5
2025-08-04,10503.0,OG,19044;19064;19926;20941;21983,afro;Buzz;Chr1zN;F1KU;spooke,1c7f6d4b70c984711fa8,5,5
2025-08-04,13122.0,nomercy fe,,aiveri;akiyanora;Potya;t4tty;unknxwn,,0,5
2025-08-04,5479.0,Mythic,8503;15007;15090;20510;22022,Cooper;fl0m;hyza;PwnAlone;Trucklover86,2eb72eae58d9b796bd40,5,5
2025-08-04,13115.0,harizma,,DeFFeN;Haski4;LAME;nova4u;ZinGY,,0,5
2025-08-04,13176.0,Nyx Empyre,,ADK;jaydee;MamaAlien;PippySippy;Viv,,0,5
2025-08-04,12789.0,LaChampionsLiga,17997;19086;20689;24091;25105,AGL;dott1;Hezz;lenci;pavv,1b4647825d2172eeba82,5,5
2025-08-04,13294.0,Outfit 49,24045;24890,6SIX;bezymecc;H0NeST;KmZ;marekiew,,2,5
2025-08-04,11905.0,paiN Academy,22566,deemO;futoi;Markz;Tatu;tsug,,1,5
2025-08-04,12334.0,Preasy,13077;21574;22091;24425,AcilioN;bekker;Boye;Griller;Patti,,4,5
2025-08-04,13102.0,GATERON,,DimSuM;Kon;Mrx;Pupu;zyHan,,0,5
2025-08-04,12455.0,Vantage,,Drox;Jynx;Mingovi;Snaaz;supar,,0,5
2025-08-04,10954.0,Astralis Talent,21381,ANSG1;kiR;kroK;suma;Zanto,,1,5
2025-08-04,12670.0,LEON,8726;19812;20207;24079,Chill;facecrack;Raijin;w1sely;yngsamurai,,4,5
2025-08-04,13154.0,LFO 3,19812;21775;24332,awks;BehinDx;Chill;giM;Matheos,,3,5
2025-08-04,11660.0,Take Flyte,22544;22835;23226;24679;24680,Crisp;huncho;Panic;REKMEISTER;Sharpie,a6f3f158f36344963239,5,5
2025-08-04,13067.0,Immigrants peek,24045,bezymecc;H0NeST;nico1ajus;sential;Termina,,1,5
2025-08-04,13022.0,Back2TheGame,23765;23767;24243;24244,AdrieN;chudy;hfah;Nami;yvro,,4,5
2025-08-04,12124.0,Insilio,18510;20197;22535;22536;23048,dwushka;faydett;kelieN;mag1k3Y;sugaR,d68f621c0c4769cf3779,5,5
2025-08-04,13005.0,MCS,24528,Go0dby3;Oczarka;ogura;Scorchyy;snufaffu,,1,5
2025-08-04,13181.0,BASEMENT BOYS,21213;22680;22945;23614;24286,Bambosh;ERSIN;levantino;Polbandana;Tr0ublE,acd45ae52bd16e7eb579,5,5
2025-08-04,12915.0,NITRO,21284,beg0d;happ;Lcm;leleo;LUCAS1,,1,5
2025-08-04,13328.0,TSG,19028;23161;23674,Brashi;chante;den1ed;HorizoN;VulcaN,,3,5
2025-08-04,13327.0,R2,10499;10506;17277;20531;24558,ABM;guidimon;JonY BoY;maaxg1;tutehen,53f8edf1ac24d554fd4e,5,5
2025-08-04,12973.0,NuTorious,24769,Jr24racing;looke;Msaia;nova;Toasty,,1,5
2025-08-04,12787.0,WOPA,14242;16753;20248;22950,Gnøffe;n1Xen;PR1mE;sL1m3;Vster,,4,5
2025-08-04,13272.0,ex-Permitta,18456,fostar;Kre1N;Nosik;Orbit;Twiksar,,1,5
2025-08-04,13215.0,POWERmix,,0scar;dodZ;NAKO;sry;tr1,,0,5
2025-08-04,11273.0,Steel Helmet,5187;7026;12958;14561,18yM;AE;captainMo;DD;xiaosaGe,,4,5
2025-08-04,12766.0,Nordix,21860,berzerk;Brave;Realyummy;samee;sense,,1,5
2025-08-04,13183.0,informmix,12781;16705;20677;21199,2high;Altekz;k1to;MistR;syrsoN,,4,5
2025-08-04,12087.0,Lazer Cats,22035;22191;22706;23151;23589,Magic;MAGILA;n0te;nikitea;yab0ku-,3abba0929f68f8dbd73c,5,5
2025-08-04,12908.0,Aether,22168,denz;Izik;MJB;Pr0mise;SolGoat,,1,5
2025-08-04,13137.0,Familia Maquininha,10838;10840;16814;18610;20885,danoco;detr0ittJ;fREQ;mawth;tatazin,c945590e437a5c2dfada,5,5
2025-08-04,13052.0,2070,,JLK;lealziNho;mid1;redi;roz,,0,5
2025-08-04,13162.0,Virtual Cottage,9616;9798;20066;22101,aidKiT;amanek;EspiranTo;lunAtic;spardaus,,4,5
2025-09-01,7020.0,Spirit,7716;16920;20423;21167;23685,chopper;donk;sh1ro;zont1x;zweih,c1be3d708b91d83debce,5,5
2025-09-01,9565.0,Vitality,7322;11816;11893;16693;18462,apEX;flameZ;mezii;ropz;ZywOo,91c93eb867d7d47bf729,5,5
2025-09-01,6248.0,The MongolZ,20194;20275;20903;21001;21809,910;bLitz;mzinho;Senzu;Techno,75e5d950f37342b03568,5,5
2025-09-01,4494.0,MOUZ,13666;18072;18221;18850;20312,Brollan;Jimpphat;Spinx;torzsi;xertioN,43f602c729e986479a12,5,5
2025-09-01,11283.0,Falcons,3741;12018;19230;19677;24177,kyousuke;kyxsan;m0NESY;NiKo;TeSeS,e17285b415d2dc1447da,5,5
2025-09-01,11861.0,Aurora,150;7938;8574;21243;22361,jottAAA;MAJ3R;Wicadia;woxic;XANTARES,0a254842e1149d2d09f6,5,5
2025-09-01,4608.0,Natus Vincere,9816;14759;18987;20127;22673,Aleksib;b1t;iM;makazze;w0nderful,9d2b566c8472997adfa4,5,5
2025-09-01,4914.0,3DMAX,8374;13138;19739;21969,bodyy;Ex3rcice;Graviti;Lucky;Maka,,4,5
2025-09-01,4863.0,TYLOO,8552;19645;20702;20895;21621,Attacker;JamYoung;Jee;Mercury;Moseyuh,2c632070ba401ebd2e9d,5,5
2025-09-01,8297.0,FURIA,2023;12553;13915;15631;24144,FalleN;KSCERATO;molodoy;YEKINDAR;yuurih,e0362dcbafd342d82962,5,5
2025-09-01,6665.0,Astralis,7592;10096;10994;17956;20304,device;HooXi;jabbi;Staehr;stavn,52aabeb463275f7ddf2b,5,5
2025-09-01,6667.0,FaZe,429;8183;8738;9960;18053,broky;EliGE;frozen;karrigan;rain,9daa2e0f8baba62ac327,5,5
2025-09-01,8840.0,Lynn Vision,16551;18744;20254;22922;23100,C4LLM3SU3;EmiliaQAQ;Starry;Westmelon;z4kr,dbed042ec191be814f2c,5,5
2025-09-01,7175.0,HEROIC,19310;19808;20119;22047;22884,gr1ks;LNZ;nilo;tN1R;yxngstxr,d7ed0e8214df4d7d1444,5,5
2025-09-01,5995.0,G2,3972;11617;19164;20447;21062,HeavyGod;huNter-;malbsMd;MATYS;SunPayus,c6e7095c117141b82830,5,5
2025-09-01,9928.0,GamerLegion,9278;16486;20301;20482,Kursy;PR;REZ;Tauson;ztr,,4,5
2025-09-01,4773.0,paiN,14736;18141;18865;19694,biguzera;dav1deuS;dgt;nqz;snow,,4,5
2025-09-01,5378.0,Virtus.pro,8918;12732;16947;20101;21439,electroNic;fame;FL1T;ICY;Perfecto,947a413877986ead41b7,5,5
2025-09-01,12468.0,Legacy,15698;19045;19686;20563;22965,dumau;latto;lux;n1ssim;saadzin,5cfd43d0258204c4872c,5,5
2025-09-01,12394.0,BetBoom,11840;18506;20357;21348;21667,ArtFr0st;Boombl4;d1Ledez;Magnojez;S1ren,852dcd372811563e8fc7,5,5
2025-09-01,4991.0,fnatic,7528;15165;17803;18571;23046,blameF;CYPHER;fear;jambo;KRIMZ,f1bb99fdd4839f4e9195,5,5
2025-09-01,10567.0,SAW,630;20462;21014;22807;23140,Ag1l;aragornN;krazy;MUTiRiS;story,9c3bd9b3ce1afe43eeb7,5,5
2025-09-01,11241.0,B8,19592;20112;21708;22842;23643,alex666;esenthial;headtr1ck;kensizor;npl,a557275c96d577ef4eaf,5,5
2025-09-01,4411.0,Ninjas in Pyjamas,922;14148;20425;20464;23372,ewjerkz;r1nkle;sjuush;Snappi;xKacpersky,0ce5cad9da2e56293d9e,5,5
2025-09-01,12774.0,FlyQuest,4679;11140;17384;18214;20123,INS;jks;nettik;regali;Vexite,82ec1484979378ef597b,5,5
2025-09-01,13404.0,Gentle Mates,8371;9254;18749;19509;21239,alex;dav1g;MartinezSa;mopoz;sausol,d807a95213fd6aab9a51,5,5
2025-09-01,5973.0,Liquid,8520;9436;10394;16820;21763,NAF;NertZ;siuhy;Twistzz;ultimate,e30bbdc993a56db8023c,5,5
2025-09-01,9215.0,MIBR,11154;18835;20987;21037,brnz4n;exit;insani;nicks;saffee,,4,5
2025-09-01,4869.0,ENCE,12708;12731;21233;21815;21972,myltsi;Neityu;podi;rigoN;sdy,ef0939a8d1a8039205e4,5,5
2025-09-01,10503.0,OG,13602;19064;20465;20878;21983,adamb;arrozdoce;Chr1zN;nicoodoz;spooke,02c5489bbd6d48709c11,5,5
2025-09-01,11419.0,ECSTATIC,10961;11995;20417;21779;22695,Anlelele;Kristou;nut nut;sirah;TMB,eca76dd469044ed07bc1,5,5
2025-09-01,12426.0,Passion UA,11630;12840;13578;17353;21620,Cxzi;Grim;hallzerk;JT;nicx,a957c1e3fa87abcbbeb9,5,5
2025-09-01,12833.0,TNL,23642;24168;24282;24283,cairne;Dawy;Flierax;nifee;onic,,4,5
2025-09-01,9455.0,Imperial,10566;12822;19869;22564,chelo;noway;Shr;try;VINI,,4,5
2025-09-01,12467.0,PARIVISION,13776;19235;22076;22471;22929,AW;BELCHONOKK;Jame;nota;xiELO,f94e124a1a752f15f4db,5,5
2025-09-01,11514.0,Rare Atom,7028;19681;20808;21825,ChildKing;kaze;L1haNg;Summer;Tiger,,4,5
2025-09-01,12376.0,M80,15370;16599;18838;20104;22921,HexT;Lake;s1n;slaxz-;Swisher,8bb1193a025837b6c801,5,5
2025-09-01,6673.0,NRG,7687;14109;16717;17918;20333,br0;Jeorge;nitr0;nosraC;XotiC,08dd10279c7696fd6469,5,5
2025-09-01,13286.0,FUT,14176;20584;22203;22674;23553,cmtry;dem0n;dziugss;Krabeni;misutaaa,3322ab6a91fbfb3adc10,5,5
2025-09-01,10278.0,9INE,2898;14932;16726;20300;22702,cej0t;faveN;kraghen;phzy;raalz,12f64241051c77aee3cc,5,5
2025-09-01,7969.0,Nemiga,20387;21266;22325;22460;23317,1eeR;khaN;riskyb0b;sowalio;Xant3r,c7f4bab835cec5a8f8ee,5,5
2025-09-01,12510.0,The Huns,15072;18638;19957;20703;23402,Bart4k;cobrazera;nin9;sk0R;xerolte,98d8ee24d663c964f937,5,5
2025-09-01,13314.0,KOLESIE,3669;15940;21715;22473;23295,flayy;innocent;kisserek;Qlocuu;Sobol,a94e24bc0ceee6a1d806,5,5
2025-09-01,11811.0,Monte,19015;19926;21217;21816;22106,afro;AZUWU;Bymas;Gizmy;ryu,486523cd7cd16bd59cc7,5,5
2025-09-01,7532.0,BIG,5794;14929;19899;20170,hyped;JDC;Krimbo;kyuubii;tabseN,,4,5
2025-09-01,11837.0,Fluxo,12521;18717;19692;20183;20385,arT;decenty;kye;Lucaozy;zevy,28e73a0f0518d8fa9ffc,5,5
2025-09-01,7900.0,Spirit Academy,9081;22864;23319;24176;25228,mazay;Mokuj1n;robo;S0tF1k;syph0,f2d6ae6dcc9b1f564407,5,5
2025-09-01,11838.0,Partizan,13026;20252;20253;20813,c0llins;DEPRESHN;Dragon;Kind0;VLDN,,4,5
2025-09-01,12878.0,BC.Game,7998;9618;18790;20926;21139,aNdu;CacaNito;nexa;pr1metapz;s1mple,002fb8f39293ca5b857c,5,5
2025-09-01,12426.0,Passion UA,16885;19733;21452;23414,DemQQ;jackasmo;Kvem;Topa;Woro2k,,4,5
2025-09-01,9996.0,9z,12092;15914;22181;22371;22613,HUASOPEEK;levi;Luken;max;urban0,e0eb9e74d9c82b57698d,5,5
2025-09-01,5347.0,BLUEJAYS,14494;15176;17929;19846;23458,CLASIA;Cryptic;junior;laxiee;Walco,70aed9aa12a428d8fc4e,5,5
2025-09-01,11712.0,Sashi,16723;20090;21199;23338,Beccie;Cabbi;Lucky;MistR;Zyphon,,4,5
2025-09-01,12144.0,BESTIA,2161;20185;20394;22570;24863,cass1n;luchov;Noktse;timo;tomaszin,c4cd742c0f01c49bf932,5,5
2025-09-01,12474.0,Alliance,7443;16487;22760;22860;23397,avid;eraa;poiii;twist;upE,16eff455cca88a762de3,5,5
2025-09-01,12646.0,Chinggis Warriors,19229;21396;21398;22414;24779,ariucle;bkzcurs3d;controlez;Efire;ROUX,167479e138db505c2a26,5,5
2025-09-01,12916.0,Betclic,16080;18070;18979;22383;23766,Demho;dycha;hypex;jcobbb;Prism,c1ea18e3e3d75c394750,5,5
2025-09-01,11737.0,EYEBALLERS,3849;20879;21012;21159;22914,bobeksde;dex;JW;maxster;Ro1f,7cfc35758b87beeaec16,5,5
2025-09-01,10245.0,JiJieHao,10449;17675;18163;22419;23386,0SAMAS;Bibu;ISSAA;kumao;m1N1,5ed63bb7a8e0aea64ae2,5,5
2025-09-01,11523.0,Zero Tenacity,5351;8311;11777;21302;21783,aVN;brutmonster;Cjoffo;Maden;nEMANHA,6f98e5a4c4d38da6cab8,5,5
2025-09-01,10864.0,VP.Prodigy,23637;24292;24950;24951;24952,AquaRS;b1st;F0R3VER;tO0RO;TriBorgg1,4c9c8c4eb6b04deb086c,5,5
2025-09-01,12257.0,Wildcard,8507;8711;20018;21665;22135,fr3nd;JBa;Peeping;Sonic;stanislaw,81f08787434c91e79280,5,5
2025-09-01,11768.0,ODDIK,9216;14390;16314;17181;22182,coldzera;ksloks;naitte;pancc;WOOD7,2fa6aae3fbb9f8e7f9b7,5,5
2025-09-01,8113.0,Sharks,20558;21170;21921;22911,aNgelo;doc;gafolo;koala;rdnzao,,4,5
2025-09-01,12431.0,Betera,17316;19231;19874;20402;24173,h1te;MaSvAl;synyx;tENZY;Vert,3901811535021c8b7cec,5,5
2025-09-01,4822.0,Reason,20071;20686;20945;22129;24179,AntyVirus;fanatyk;Frontsiderr;SpavaQu;suonko,23210c1bc77590d5a72a,5,5
2025-09-01,12065.0,Flamengo,11213;16814;16816;18891,CutzMeretz;danoco;delboNi;proSHOW;vsm,,4,5
2025-09-01,4532.0,ESC,15203;20245;20958;21263;22703,bajmi;moonwalk;olimp;reiko;SaMey,e589c64ec1c105e17303,5,5
2025-09-01,4602.0,Tricked,21571,kroK;leakz;Nodios;salazar;valde,,1,5
2025-09-01,12604.0,Johnny Speeds,9255;9261;15569;20133,draken;Lekr0;Sapec;Svedjehed,,4,4
2025-09-01,13124.0,Marsborne,12937;13230;18761;19705;22069,chop;Grizz;motm;viz;WolfY,87640c57c2720082deb6,5,5
2025-09-01,13331.0,Kaleido,20258;23596;24747,2x2x;expSasiKi;rage;SPine;suki,,3,5
2025-09-01,11581.0,HOTU,18752;19823;21385;24806,dukefissura;frontales;kade0;lampada;mizu,,4,5
2025-09-01,12380.0,CYBERSHOKE,13982;17508;21710;22803;22879,bl1x1;FenomeN;Forester;glowiing;notineki,c6ed15d864deff732f50,5,5
2025-09-01,10577.0,SINNERS,11199;12810;23295;23459;23763,beastik;kisserek;Pepo;SHOCK;stressarN,512620b262f209859916,5,5
2025-09-01,7176.0,RED Canids,16835;20085;20939;21288,drop;history;kauez;ponter;venomzera,,4,5
2025-09-01,10333.0,Sangal,12004;19673;19882;20709;22039,clax;danistzz;Norwi;Patsi;r3salt,309228bd27a8720c61d1,5,5
2025-09-01,10459.0,ARCRED,18447;18671;19703;20207,DSSj;Get_Jeka;Raijin;redzed;Ryujin,,4,5
2025-09-01,11641.0,Metizport,13669;14218;17937;21164;24083,isak;Jackinho;L00m1;MaiL09;Plopski,4d04a1a7561a8dcaffbe,5,5
2025-09-01,12900.0,NomadS,12956;18150;24303,clouden;hasteka;HenX;hoolig4n;IZR,,3,5
2025-09-01,7187.0,Nexus,1206;9626;12945;19698;19817,adamS;Blytz;BTN;s0und;XELLOW,fb437664252b7ab38e9c,5,5
2025-09-01,9621.0,AaB,21574;23106;24426;25066;25088,Boye;qx;SinK;stesso;Viggo,d4cbad86e4c48d30a0d6,5,5
2025-09-01,,TPuDCATb TPu,3459;20534;22040;22927;23302,bluewh1te;executor;kinqie;KIRO;z1Nny,c93afad3985eb352df7c,5,5
2025-09-01,12097.0,Eruption,15060;19538;21428;24123;24125,fury5k;MagnumZ;NEUZ;sideffect;xenization,f524baf8dd176bc33ee5,5,5
2025-09-01,13214.0,SPARTA,21369;24171;24172;24818,1NVISIBLEE;Djon8;k4nfuz;SoLb;yuramyata,,4,5
2025-09-01,5995.0,G2,2553;11617;16848;20447,hades;HeavyGod;malbsMd;Snax;TaZ,,4,5
2025-09-01,12000.0,500,9766;11219;15369;17145;20358,CeRq;hampus;Rainwaker;REDSTAR;volt,5e3af454878899300e8e,5,5
2025-09-01,12818.0,FAVBET,2131;18240;20110;20228,bondik;j3kie;Marix;Smash;t3ns1on,,4,5
2025-09-01,11251.0,Eternal Fire,8575;15835;20284;20309;21142,bnox;Calyx;imoRR;maaryy;mASKED,b7989732b2f4dd6303e5,5,5
2025-09-01,12471.0,GUN5,13240;18670;22930;23047;23783,fineshine52;Lack1;Sdaim;SELLTER;tex1y,79c1e8268f6b0756e0e2,5,5
2025-09-01,4548.0,CPH Wolves,16753;20637;22048;24203;24332,b1elany;Jorko;Matheos;n1Xen;Tapewaare,c7762212e7bb2338b84c,5,5
2025-09-01,13378.0,HAWAII,20336;20339;22192,arTisT;Extinct;Rezst;Tree60;Vacancy,,3,5
2025-09-01,13106.0,Getting Info,10892;19709;19710;19711;24048,dare;MarKE;shane;slump;snav,db715d213b43165fc16e,5,5
2025-09-01,13178.0,NOVAQ,11940;11942;22537;23599,buster;def1zer;forkyz;neaLaN;Pumpkin66,,4,5
2025-09-01,12491.0,2GAME,6593;16817;18610;22362;23045,detr0ittJ;hardzao;lukiz;PKL;xureba,6af22c7f89396d17a520,5,5
2025-09-01,12959.0,ShindeN,19872;19985;20451;20992;21155,abizz;BK1;ivz;nacho;naz,cda0fd1fadf7dadf4d46,5,5
2025-09-01,12694.0,RUBY,20956;21362;22189;22326;24972,fozil;H4SAN4TOR;Kaide;maQuein;TruNiQ,c0e94ee19d02d0d3458c,5,5
2025-09-01,12534.0,BOSS,13250;16647;19079;19128;20564,ben1337;Bwills;d4rty;Fruitcupx;SLIGHT,b33921be1d7e3c48f339,5,5
2025-09-01,12586.0,AMKAL,14273;21431;21692;22075;22076,AW;iDISBALANCE;kAlash;sFade8;sstiNiX,15f2f17a630b4f6274cc,5,5
2025-09-01,12901.0,SemperFi,11139;14990;20003;20244,aliStair;keen;SaVage;shadiy;Valiance,,4,5
2025-09-01,12857.0,FORZE Reload,21367;22327;23628;24607;24967,KusMe;rikon;Something;spirit;swetsi,be391efe5150274df825,5,5
2025-09-01,10976.0,FURIA fe,11872;16340;17288;21219;22839,bizinha;gabs;izaa;kaahSENSEI;lulitenz,10dd16af0d8ef7254cf3,5,5
2025-09-01,12548.0,Dusty Roots,18554;21221;23150;24749;25106,FraGuTy;maxxkor;next;rzk;tom1jed,4451e7cdc2e9c7fb7004,5,5
2025-09-01,11955.0,LAG,14799;20573;22552;23199,Andrew;brett;mason;Sandman;Wolffe,,4,5
2025-09-01,5347.0,BLUEJAYS,18706;19079;19128;19710;19711,dare;freshie;Fruitcupx;SLIGHT;snav,211d4d761777d0aa6ee4,5,5
2025-09-01,11883.0,9 Pandas,12027;17011;20357;20709;23858,d1Ledez;Krad;mo0N;r3salt;shalfey,9ea3027c506fb46cb120,5,5
2025-09-01,13354.0,TBO,16768;16778;19735,B1NGO;lan;Roninbaby,,3,3
2025-09-01,12447.0,SELVA,9483;18743;20522;23551,destiny;gbb;nython;slashzz;tomate,,4,5
2025-09-01,11175.0,KHAN,,dosikk;dune;lom1k;tEO;tsukumeow,,0,5
2025-09-01,7441.0,ECLOT,19069;19594;19815;22101,Aaron;Dytor;forsyy;nbqq;spardaus,,4,5
2025-09-01,13107.0,Chicken Coop,13689;20234;21749;22835,cbass;Gabe;jchancE;mds;REKMEISTER,,4,5
2025-09-01,13352.0,SENZA,,1nhuman;bogemt;byek;drowranger;whsup,,0,5
2025-09-01,10621.0,1win,8528;15071;20700;23770;23771,cronuss;HObbit;interz;lattykk;oz1k,1f10e1ddeb64858ed9a7,5,5
2025-09-01,13106.0,Getting Info,10892;14109;17918;19709;19710,dare;MarKE;nosraC;shane;XotiC,96b6274c83937b9fcbea,5,5
2025-09-01,11585.0,IHC,15861;19536;19537,cool4st;rate;shinobi;Veccil;yAmi,,3,5
2025-09-01,13288.0,ex-W7M,9482;11739;17585;17861;21099,b4rtiN;bsd;JOTA;NEKIZ;shz,cae6db67a4318f65f0b9,5,5
2025-09-01,13364.0,Famalicão,21988;23480;23559;24905,h0t;M1KA;opdust;snowiee,,4,4
2025-09-01,12899.0,FengDa,19060;24304;24305;24306,1337x9;3gl;Biuckmt;chengking;p5p,,4,5
2025-09-01,12988.0,GameHunters,10827;17028;18875;22084;22777,abr;diozera;mello;prt;RICIOLI,1e2bfc76d6735b5c5710,5,5
2025-09-01,10947.0,Rhyno,20683;20750;22807;23140;23141,aragornN;Icarus;krazy;P3R3IIRA;seabraez,a5b74eab4210e81faa6e,5,5
2025-09-01,12586.0,AMKAL,14273;16921;16948;19920;21431,iDISBALANCE;KaiR0N-;nafany;sstiNiX;TRAVIS,2290b5484f3845d0a56f,5,5
2025-09-01,12776.0,Bounty Hunters,14394;18322;20690;20885,fREQ;KAISER;Tuurtle;zock,,4,4
2025-09-01,12812.0,ALLINNERS,23542;23543;23598,demente;noni;wEAVER,,3,3
2025-09-01,6089.0,The Last Resort,9896;13718;15117;15501,b0denmaster;b0RUP;birdfromsky;Keoz;Vegi,,4,5
2025-09-01,10900.0,KRÜ,9221;18549;20607;21169,atarax1a;buda;laser;reversive;righi,,4,5
2025-09-01,9881.0,Rooster,12877;18545;20527;20881;21395,asap;chelleos;sliimey;Terryyy;TjP,c155914b68ef35235fe1,5,5
2025-09-01,11790.0,ENCE Academy,20677;21233;21930;22733;24149,2high;millert;myltsi;Schwarz;teme,9c4a36a264a74f4d8d93,5,5
2025-09-01,7376.0,m1x,10330;12708;15778;17147;18120,acoR;juanflatroo;rigoN;SENER1;sinnopsyy,9428bbe13d3a97b6cb33,5,5
2025-09-01,7720.0,InControl,14744;20330;23690;24528,Beast;calamity;jsfeltner;Scorchyy;TyRa,,4,5
2025-09-01,13271.0,Zerance,1656;21793;21849;22356,ASTRA;Emerald;Kaoday;Monkey D Julie;RacheLL,,4,5
2025-09-01,13233.0,HEROIC Academy,21575;22563;22696;22948;24281,anber;Dengzoe;fnl;Scr0b;St0m4k,f37812922f35412b43e7,5,5
2025-09-01,12828.0,Imperial Valkyries,12758;16497;18775;21756;24005,ANa;Kat;tory;twenty3;wieenN,5855deaebb992b75cd0f,5,5
2025-09-01,13053.0,Just Swing,10722;20354;22441;25247,gas;Purely;qqGOD;sATOR1,,4,4
2025-09-01,13369.0,The Glecs,24672;24812;25100,crickeyyy;fakerealityy;hodix;jackast;neiter,,3,5
2025-09-01,7176.0,RED Canids,8565;9216;9219;21288,coldzera;drop;felps;HEN1;venomzera,,4,5
2025-09-01,12960.0,Fire Flux,9353;17305;20625;20968,Banjo;duggy;FinigaN;paz;soulfly,,4,5
2025-09-01,12536.0,DEPO,21691;22635;22638,dako;icyvl0ne;wetfy,,3,3
2025-09-01,13288.0,ex-W7M,11739;17861;18894;22181;22371,JOTA;levi;shz;t9rnay;urban0,b00d27ada70927aaf2b6,5,5
2025-09-01,13217.0,ScarX,16167;16180;21536;21541,Dant1k;Dili;k1araSh;kRYPt0N;X1RON,,4,5
2025-09-01,12878.0,BC.Game,9618;13670;18571;21139,CYPHER;jkaem;nawwk;nexa;pr1metapz,,4,5
2025-09-01,13290.0,modeame,,Blessed;ElayDzha;for2na;R3LiFwOw;rinn,,0,5
2025-09-01,11811.0,Monte,16848;19733;21217;21816,DemQQ;Gizmy;hades;leen;ryu,,4,5
2025-09-01,6033.0,Keyd Stars,17133;20083;22109,desh;flash;leo_drk;ninjaZ;vinaabEAST,,3,5
2025-09-01,11917.0,NIP Impact,1572;16764;21796;21798;23090,aiM;Nayomy;Qiyarah;vilga;Zana,bcf8426eb332bb67eadf,5,5
2025-09-01,11837.0,Fluxo,12521;18714;20385;20939;21286,arT;history;kye;mlhzin;piriajr,3f8b6dbd0178eedfa45d,5,5
2025-09-01,13358.0,ASPYRE,23136;23137;23138;24667,dvrk;Fuzenko;sasha;spud;Zucar,,4,5
2025-09-01,11933.0,Yawara,22364;24284;24772;25035,j0w;Lacerda;nardes;revoltz;tele D,,4,5
2025-09-01,13245.0,QMISTRY,22476;24081;24543;24544;24546,Fugor;keis;Masi;virtuoso;Xydoo,682cf79383f97de9b982,5,5
2025-09-01,13286.0,FUT,284;10569;14176;19742,devoduvek;drac;JACKZ;misutaaa,,4,4
2025-09-01,13304.0,LP,14010;17132;21099;21284,Bruninho;bsd;happ;Leomonster;zmb,,4,5
2025-09-01,12190.0,Shimmer,16581;22302;23391;24393;24415,empathy;Fawx;raven;Serendipity;Stx,a6dffd2855ad5f4f2190,5,5
2025-09-01,12301.0,FlyQuest RED,8850;14401;18641;22111;23621,BiBiAhn;Emy;GooseBreeder;marie;vanessa,207c2e8550328eb5b8f3,5,5
2025-09-01,13353.0,Arrival Seven,18442;23589,DooM;FRIZZY;MagiC;NIGHT666LADE;TABEN,,2,5
2025-09-01,13469.0,MONEY CREW,,N2o;obi;Zamgaa,,0,3
2025-09-01,12908.0,Aether,,arias;clipzera;flow;misha;Talen,,0,5
2025-09-01,12927.0,Marca Registrada,9214;19918;20405;24345,AMC;b1;Jardani;Majesticzz;spamzzy,,4,5
2025-09-01,10287.0,Legion,,Bloody;PokemoN;SOULM8,,0,3
2025-09-01,12000.0,500,11217;11219;11343;17145,CeRq;oxygeN;Rainwaker;SHiPZ;SPELLAN,,4,5
2025-09-01,8038.0,Party Astronauts,13250;20572;20793;22967,Austin;ben1337;kmrn;ogwizard;sacrifice,,4,5
2025-09-01,11446.0,Leo,20421;21065;21650;21651;22649,kL1o;kr1vda;Malkiss;marat2k;OneUn1que,60c96df3b77e5b788a47,5,5
2025-09-01,12152.0,KZG,,alecc;dearlucid;dpr;Mingovi;vinhy,,0,5
2025-09-01,12267.0,UNiTY,15818;15821;23469,darber;K1-FiDa;NEOFRAG;PerdY;woozzzi,,3,5
2025-09-01,12567.0,Akimbo,20572;23458,kmrn;laxiee;N2o;obi;zy,,2,5
2025-09-01,13212.0,ex-TALON,14294;20086,ADDICT;BRACE;Forleks;hazr;sterling,,2,5
2025-09-01,11263.0,Only One Word,21395,BaN4na;Freeman;Oath;Terryyy;viridian,,1,5
2025-09-01,11711.0,Players,22085,dok;honda;MITHPUTTINI;spinnie;xns,,1,5
2025-09-01,13027.0,Nuclear TigeRES,19962;22878;22880;23762;24568,flouzer;m1QUSE;Re1GN;senka;z1k4,8cb7143adda2bfd56682,5,5
2025-09-01,10975.0,MIBR fe,16341;21800;21801;23463,Dani;GaBi;goddess;poppins;yungher,,4,5
2025-09-01,13107.0,Chicken Coop,18442;22133;24660,BAGEL;BiNoX;FRIZZY;LittleBEER;taggy,,3,5
2025-09-01,13024.0,8Sins,21990,Dutchy;moz;Prime;wfn;Wolfie,,1,5
2025-09-01,13310.0,MANA,18119;20434;21108;21109,ammar;BledarD;Caleyy;cerber;gejmzilla,,4,5
2025-09-01,13267.0,LA MASIA,16102;17003;20054;24634,Jayy2s;Linko;NOPEEJ;rafaxF;snapy,,4,5
2025-09-01,12747.0,DMS,22029;24006,AverOna;Jammie;k175un4;sosya;uulis,,2,5
2025-09-01,12895.0,K27,19575;22886;23684;23686;24725,kashl1d;qw1nk1;relaxxie;X5G7V;xeedo,e750fe564bbd5d2ce6ca,5,5
2025-09-01,12415.0,Gods Reign,23323,Bhavi;f1redup;Ph1NNN;R2B2;Rossi,,1,5
2025-09-01,13356.0,Legacy Kingdom,20273;20787;23410,CAJUN;CoolComs;Drop;Pose1doNN;stamina,,3,5
2025-09-01,11555.0,UNO MILLE,2544;14010;17132,Leomonster;r4ul;realz1n;remix;zmb,,3,5
2025-09-01,13151.0,Tropa do KinGui,19975;22423;24294;24716,brokeN;cLd;clon7;flash;wallz1k,,4,5
2025-09-01,12611.0,Vagrants,14799;22552;23199,brett;Cyrix;mason;Sandman;Seb,,3,5
2025-09-01,12533.0,Atrix,19998;20501;21733;23092,bokor;LyttleZ;REGIANE;s1non;Sofiaxyz,,4,5
2025-09-01,12912.0,thekillaz fe,21042,brunakiller;Cellax;fly;hera;Samys,,1,5
2025-09-01,11668.0,Mindfreak,,Crunchy;gump;pain;Texta;tucks,,0,5
2025-09-01,13270.0,girl kissers,,ashe;gadfly;lunari;raynee;violet,,0,5
2025-09-01,13121.0,Eco Warriors,7653;15831;22062;23049;24005,D7;juliano;kyossa;vicu;wieenN,eb545edeabdc1c75f7bb,5,5
2025-09-01,12769.0,Fisher College,12793;19602;20429;22722;25524,CrePoW;ReFuZR;TH0R;Wumbo;yoom,34510d0d8106d40b525c,5,5
2025-09-01,12825.0,The QUBE,24396;24513,Aceari;Kamui;soloooS,,2,3
2025-09-01,10299.0,FURY,,cheeseball;cookie;rekonz;SkulL;Winnieeeee,,0,5
2025-09-01,8536.0,Ground Zero,,apocdud;damyo;Drox;pz;vision,,0,5
2025-09-01,13381.0,wwaves,,daria;kira;olya;sakura;sckrafft,,0,5
2025-09-01,13342.0,Bad Luck,6536;24298;24328;24930,ALENNNCAR;Lcs;Lukita;pkN;vzn,,4,5
2025-09-01,13142.0,AKA HERO KAJO,,amyb;miLo;piku;Siljeeeh;Waldee,,0,5
2025-09-01,12955.0,THE,24161,d0RREN;DayMake;krc;Sange;Tugu,,1,5
2025-09-01,11668.0,Mindfreak,,Crunchy;kairo;swerzieN;tucks;zune,,0,5
2025-09-01,12677.0,Galorys,14010;20521;23461;23550;24224,Alisson;bacc;divine;pepe;zmb,151b5b878f3c07d13e75,5,5
2025-09-01,11718.0,BIG EQUIPA,16764;20165;22063;22871,Hanka;JennyR;pauliiee;pullox;Zana,,4,5
2025-09-01,12421.0,Let Her Cook,22023;22024;23436,jenkon;Joanana;ManeschijnX;meli;spike,,3,5
2025-09-01,13186.0,Bounty Hunters fe,23148;23514,Brendinha;Cara de Banana;Dynasty;Eleven;Vii,,2,5
2025-09-01,12948.0,BORING PLAYERS,22997;24036;24387;25246,Jun7;Karpyy;Miszary;tutu;zdr,,4,5
2025-09-01,13147.0,Shika,9339;19060,Biuckmt;ImpressioN;jiejie;splashske;Zy88,,2,5
2025-09-01,13206.0,anything else,20101,cypress;FAME;K4mr0;mcniff;Slash,,1,5
2025-09-01,12867.0,Floripa Stars,23960;24298;24328,ALENNNCAR;BRNZ1K;Lukita;s1cko;sakamoto,,3,5
2025-09-01,13300.0,ROSY,,1nhuman;borosto;byek;forzetsky;spira,,0,5
2025-09-01,6788.0,Crashers,21038;21085;21888;23829;24717,antonini;Machado;nikz;Reix;Thuister,15bfadd008c88bd8e7b8,5,5
2025-09-01,12544.0,adalYamigos,11213;18140;19972,ckzao;delboNi;f4stzin;SHOOWTiME,,3,4
2025-09-01,13143.0,Black Mold,,Bungee;Knopk@;madss;sunnypp;uhKelsie,,0,5
2025-09-01,13135.0,MEGA JUNERS,,ARIANARCHIST;AuroraVeee;Junie;Lexa,,0,4
2025-09-01,11756.0,Quem Sao Elas,20503;21736;22270,annaEX;Babs;josi,,3,3
2025-09-01,12971.0,Wanted Goons,16581;23589,febreeze;Johan;killerPandas;Magic;Stx,,2,5
2025-09-01,12483.0,MIGHT,12102;24527;24869,BiNoX;djay;jared;no1nx;Snakes,,3,5
2025-09-01,3044.0,MIBR Academy,20029;21290;21700;22964;25108,brn$;card;Lkz;perez;stormzyn,d60e10b3e3c50be39626,5,5
2025-09-01,13192.0,Roler Coaster,16612;16921;19920;20357,d1Ledez;KaiR0N-;n0rb3r7;nafany,,4,4
2025-09-01,12334.0,Preasy,3741;22091;25066,AcilioN;Griller;niko;qx,,3,4
2025-09-01,13393.0,Peekaboo,21727;22065;22604;23052;23451,Angelka;Hikomi;LETi;suns1de;xia,9cb2dca99532c31ca250,5,5
2025-09-01,13116.0,UR,23799,afufu;madness;reason;Tw1nk1e17;z1ayr,,1,5
2025-09-01,12152.0,KZG,,Estate;foggers;Hassie;Kras;Samuukxs,,0,5
2025-09-01,7801.0,Ghost,1331;8640;21961;23524,Ellie;EMUHLEET;mira;PiggyKiki;Xp3,,4,5
2025-09-01,5775.0,Elevate,13287;19972;21100;22777;22956,bnc;ckzao;diozera;lash;zede,e620aa497fbc84eb3e7b,5,5
2025-09-01,13144.0,Messitas,,armk4m;chjna;Flossie;khizha;valulu,,0,5
2025-09-01,13153.0,Hesta,20883;21445;21686;23687;24807,abiraju;anttzz;eightz999;Muk0s;slaxejezzz,9fb33399a96a3475eea9,5,5
2025-09-01,12929.0,Victores Sumus,23325,Benzene;ChAmP;RaYzEr;Recoilmaster,,1,4
2025-09-01,13218.0,Worms,,graphX;karv3r;Rulik;S0ph3R;stanf1x,,0,5
2025-09-01,12707.0,Underground,,coops;Mechanical;N1ghtraid;Omichella;rahley,,0,5
2025-09-01,12982.0,SKYFURY,17117;24204,7oX1C;Kiy0o;shield,,2,3
2025-09-01,12908.0,Aether,18090;20934,arias;clipzera;micro;Tender,,2,4
2025-09-01,13265.0,MAGICOS,23997;25031;25033,Cr1a;freitas;Jhones Macarones;rx;snow,,3,5
2025-09-01,13327.0,R2,10499;10506;17277;20531;24558,ABM;guidimon;JonY BoY;maaxg1;tutehen,53f8edf1ac24d554fd4e,5,5
2025-09-01,13117.0,Inner Circle,4829;17504;19114;20282,KEi;kRaSnaL;Kylar;mynio,,4,4
2025-09-01,11660.0,Take Flyte,23226;24679;24680,Crisp;huncho;Panic,,3,3
2025-09-01,12929.0,Victores Sumus,15762;19563;23325;23430,Benzene;clouda;EmbeR;RaYzEr;reV3nnnn,,4,5
2025-09-01,11827.0,JANO,4076;18848,Aerial;allu;HENU;Jelo;Sm1llee,,2,5
2025-09-01,13316.0,Animus Victoria,,foggers;gump;Kobe;TRIPLUS;void,,0,5
2025-09-01,13349.0,StragaSonhoS,10838;10840;22423;23094;23588,clon7;mawth;n1cks;RenanZin;tatazin,9b977fa7965eac2edcd1,5,5
2025-09-01,13175.0,Change The Game,23001;24855;24857;24858,957;Hack1ng;LaiKeXu;yancher;Zero,,4,5
2025-09-01,5479.0,Mythic,8503;15007;20510;20793;22022,Austin;Cooper;fl0m;hyza;Trucklover86,3b40a809b0d8c9007db9,5,5
2025-09-01,8813.0,Illuminar,24179,AxEcHo;Furlan;Pelle;SpavaQu,,1,4
2025-09-01,12825.0,The QUBE,24396;24513;24779,aNSeLMO;bkzcurs3d;Kamui;soloooS;Uncrown,,3,5
2025-09-01,12731.0,LE-LUX,,COOOOOOFFEE;kasze;LarkoTaco;Saac;xc,,0,5
2025-09-01,13172.0,Mercenaires,7168;14176;19738;19926,afro;Djoko;misutaaa;NBK-;PerX,,4,5
2025-09-01,12858.0,kONO,16147;19614;19617;20422,amster;cptkurtka023;OWNER;s4ltovsk1yy;zogeN,,4,5
2025-09-01,11138.0,benched,17305;21630;23762,FinigaN;Pipw;z1k4,,3,3
2025-09-01,13272.0,ex-Permitta,18456,fostar;Kre1N;Orbit;Twiksar,,1,4
2025-09-01,11862.0,Portuguese Family,17003;20054;24634,Jayy2s;Linko;rafaxF;renatoohaxx;snapy,,3,5
2025-09-01,13280.0,inputprayers,20201;22459;22880;23193;23302,bluewh1te;FpSSS;m1QUSE;sh1nejezzz;VILBy,1cebdcf8b94b716e82c0,5,5
2025-09-01,13127.0,Wildcard Academy,19167;20018;23237;24113;24810,doni;fr3nd;smekk-;sSen;TMKj,77a976f1c3e705ecded5,5,5
2025-09-01,13192.0,Roler Coaster,11942;16612;16921;20430;21348,alpha;ArtFr0st;buster;n0rb3r7;nafany,41c4fc4060136f0de900,5,5
2025-09-01,12789.0,LaChampionsLiga,17997;19086;20689;24091;25105,AGL;dott1;Hezz;lenci;pavv,1b4647825d2172eeba82,5,5
2025-09-01,13127.0,Wildcard Academy,20018;23237;23696;24113,fr3nd;sSen;T4gg3D;TMKj;Wonder,,4,5
2025-09-01,13027.0,Nuclear TigeRES,22430;22878;23303;24568;24569,flouzer;fluffy;h1kaN;k0s;senka,724f8d6e2a6db9ba88b9,5,5
2025-09-01,13115.0,harizma,,DeFFeN;Haski4;LAME;nova4u;ZinGY,,0,5
2025-09-01,13229.0,Daaku,8183,dottie;nomizz;rain;Weeza,,1,4
2025-09-01,13102.0,GATERON,,DimSuM;Kon;Pupu;zyHan,,0,4
2025-09-01,12377.0,GhoulsW,15118;19167;20960;21143,Diviiii;ex1st;SBT;sk1tt;smekk-,,4,5
2025-09-01,12769.0,Fisher College,13298;19602;20429;22137,AlekS;corn;CrePoW;ReFuZR;tatm,,4,5
2025-09-01,13294.0,Outfit 49,24045;24890,bezymecc;H0NeST;marekiew,,2,3
2025-09-01,12455.0,Vantage,,Drox;Jynx;Mingovi;supar,,0,4
2025-09-01,13022.0,Back2TheGame,23767;24243,AdrieN;chudy;Nami,,2,3
2025-09-01,12670.0,LEON,8726;20207;23545;24079,facecrack;Raijin;RaY5ive;w1sely;yngsamurai,,4,5
2025-09-01,11955.0,LAG,21021,Experative;SnacKZ1;spud;TR0JN;Weeza,,1,5
2025-09-01,13302.0,JERSA,,Antuanette;BabyRage;Slayerhz;xSpeed;zockie,,0,5
2025-09-01,12973.0,NuTorious,24769,Jr24racing;looke;Msaia;Toasty,,1,4
2025-09-01,12787.0,WOPA,14242;16753;20248;22950,Gnøffe;n1Xen;PR1mE;sL1m3;Vster,,4,5
2025-09-01,12334.0,Preasy,13077,Patti,,1,1
2025-09-01,11273.0,Steel Helmet,5187;7026;12958;14561,18yM;AE;captainMo;DD;xiaosaGe,,4,5
2025-09-01,12124.0,Insilio,18510;20197;22535;22536;23048,dwushka;faydett;kelieN;mag1k3Y;sugaR,d68f621c0c4769cf3779,5,5
2025-09-01,12908.0,Aether,22168,denz;MJB;Pr0mise;SolGoat,,1,4
2025-09-01,12087.0,Lazer Cats,22191;22706;23151;23589,Magic;MAGILA;nikitea;yab0ku-,,4,4
2025-09-01,12766.0,Nordix,21860,berzerk;Brave;Realyummy;samee;sense,,1,5
2025-09-01,11737.0,EYEBALLERS,3849;16029;22060;22914;23397,delle;dex;HEAP;JW;poiii,c56d0a8e8d57b2d80c10,5,5
2025-09-01,13328.0,TSG,19028;23161;23674,Brashi;den1ed;Elxhin;HorizoN;VulcaN,,3,5
2025-09-01,13317.0,DOG,,Kiyo;lucas222;Xiaobao,,0,3
2025-10-06,6248.0,The MongolZ,20194;20275;20903;21001;21809,910;bLitz;mzinho;Senzu;Techno,75e5d950f37342b03568,5,5
2025-10-06,8297.0,FURIA,2023;12553;13915;15631;24144,FalleN;KSCERATO;molodoy;YEKINDAR;yuurih,e0362dcbafd342d82962,5,5
2025-10-06,9565.0,Vitality,7322;11816;11893;16693;18462,apEX;flameZ;mezii;ropz;ZywOo,91c93eb867d7d47bf729,5,5
2025-10-06,7020.0,Spirit,7716;16920;20423;21167;23685,chopper;donk;sh1ro;zont1x;zweih,c1be3d708b91d83debce,5,5
2025-10-06,11283.0,Falcons,3741;12018;19230;19677;24177,kyousuke;kyxsan;m0NESY;NiKo;TeSeS,e17285b415d2dc1447da,5,5
2025-10-06,4494.0,MOUZ,13666;18072;18221;18850;20312,Brollan;Jimpphat;Spinx;torzsi;xertioN,43f602c729e986479a12,5,5
2025-10-06,5995.0,G2,3972;11617;19164;20447;21062,HeavyGod;huNter-;malbsMd;MATYS;SunPayus,c6e7095c117141b82830,5,5
2025-10-06,11861.0,Aurora,150;7938;8574;21243;22361,jottAAA;MAJ3R;Wicadia;woxic;XANTARES,0a254842e1149d2d09f6,5,5
2025-10-06,4608.0,Natus Vincere,9816;14759;18987;20127;22673,Aleksib;b1t;iM;makazze;w0nderful,9d2b566c8472997adfa4,5,5
2025-10-06,6665.0,Astralis,7592;9032;10096;17956;20304,device;HooXi;jabbi;Magisk;Staehr,0704dd9f459ba3b327e7,5,5
2025-10-06,4914.0,3DMAX,8374;13138;19739;21969,bodyy;Ex3rcice;Graviti;Lucky;Maka,,4,5
2025-10-06,5973.0,Liquid,8520;8738;9436;16820;21763,EliGE;NAF;NertZ;siuhy;ultimate,235e5a809ccd8fbfac1b,5,5
2025-10-06,6667.0,FaZe,429;8183;9960;18053;22383,broky;frozen;jcobbb;karrigan;rain,e797db73bfe8dde81ec4,5,5
2025-10-06,4863.0,TYLOO,8552;19645;20702;20895;21621,Attacker;JamYoung;Jee;Mercury;Moseyuh,2c632070ba401ebd2e9d,5,5
2025-10-06,9928.0,GamerLegion,9278;16486;20301;20482,Kursy;PR;REZ;Tauson;ztr,,4,5
2025-10-06,4773.0,paiN,14736;18141;18865;19694,biguzera;dav1deuS;dgt;nqz;snow,,4,5
2025-10-06,9215.0,MIBR,11154;13239;20987;21037;23192,brnz4n;exit;insani;kl1m;Qikert,dfe4b1b80db30abff546,5,5
2025-10-06,4411.0,Ninjas in Pyjamas,922;14148;20425;20464;23372,ewjerkz;r1nkle;sjuush;Snappi;xKacpersky,0ce5cad9da2e56293d9e,5,5
2025-10-06,11241.0,B8,19592;20112;21708;22842;23643,alex666;esenthial;headtr1ck;kensizor;npl,a557275c96d577ef4eaf,5,5
2025-10-06,12467.0,PARIVISION,13776;19235;22076;22471;22929,AW;BELCHONOKK;Jame;nota;xiELO,f94e124a1a752f15f4db,5,5
2025-10-06,4991.0,fnatic,7528;15165;17803;18571;23046,blameF;CYPHER;fear;jambo;KRIMZ,f1bb99fdd4839f4e9195,5,5
2025-10-06,12426.0,Passion UA,11630;12840;13578;21452;21620,Grim;hallzerk;JT;Kvem;nicx,d7f059bd513e44ecf08a,5,5
2025-10-06,13404.0,Gentle Mates,8371;9254;18749;19509;21239,alex;dav1g;MartinezSa;mopoz;sausol,d807a95213fd6aab9a51,5,5
2025-10-06,5378.0,Virtus.pro,12732;16947;20101;21439;24952,fame;FL1T;ICY;Perfecto;tO0RO,b31059c16fd181946b20,5,5
2025-10-06,10278.0,9INE,2898;14932;20300;21113;22702,cej0t;faveN;kraghen;MoDo;raalz,ab72984ae34127e5230d,5,5
2025-10-06,8840.0,Lynn Vision,16551;18744;20254;22922;23100,C4LLM3SU3;EmiliaQAQ;Starry;Westmelon;z4kr,dbed042ec191be814f2c,5,5
2025-10-06,10567.0,SAW,630;20462;21014;22807;23140,Ag1l;aragornN;krazy;MUTiRiS;story,9c3bd9b3ce1afe43eeb7,5,5
2025-10-06,10503.0,OG,13602;19064;20465;20878;21983,adamb;arrozdoce;Chr1zN;nicoodoz;spooke,02c5489bbd6d48709c11,5,5
2025-10-06,12468.0,Legacy,15698;19045;19686;20563;22965,dumau;latto;lux;n1ssim;saadzin,5cfd43d0258204c4872c,5,5
2025-10-06,12394.0,BetBoom,11840;18506;20357;21348;21667,ArtFr0st;Boombl4;d1Ledez;Magnojez;S1ren,852dcd372811563e8fc7,5,5
2025-10-06,7175.0,HEROIC,19187;19310;20119;22047;23600,Alkaren;LNZ;nilo;xfl0ud;yxngstxr,9878cbc31a184ab5cc29,5,5
2025-10-06,9455.0,Imperial,10566;12822;18676;19869;22564,chelo;noway;skullz;try;VINI,61517c897f6cd83552fe,5,5
2025-10-06,11419.0,ECSTATIC,10330;11995;20417;21779;22695,acoR;Anlelele;nut nut;sirah;TMB,0c0065c0b2c46762ecbb,5,5
2025-10-06,4869.0,ENCE,12708;12731;21233;21815;21972,myltsi;Neityu;podi;rigoN;sdy,ef0939a8d1a8039205e4,5,5
2025-10-06,13117.0,Inner Circle,23642;24168;24282;24283,cairne;Dawy;Flierax;nifee;onic,,4,5
2025-10-06,11581.0,HOTU,16612;18752;19823;21385;24806,dukefissura;frontales;kade0;mizu;n0rb3r7,3ec3d3ce7d1a4813ca3f,5,5
2025-10-06,12376.0,M80,15370;16599;18838;20104;22921,HexT;Lake;s1n;slaxz-;Swisher,8bb1193a025837b6c801,5,5
2025-10-06,7532.0,BIG,5794;14929;19284;19899,hyped;JDC;Krimbo;prosus;tabseN,,4,5
2025-10-06,6673.0,NRG,7687;8711;14109;16717;20333,br0;Jeorge;nitr0;Sonic;XotiC,f5f268615d366befab5f,5,5
2025-10-06,12510.0,The Huns,15072;18638;19957;20703;23402,Bart4k;cobrazera;nin9;sk0R;xerolte,98d8ee24d663c964f937,5,5
2025-10-06,12774.0,FlyQuest,4679;11140;17384;18214;20123,INS;jks;nettik;regali;Vexite,82ec1484979378ef597b,5,5
2025-10-06,11837.0,Fluxo,12521;18717;19692;20183;20385,arT;decenty;kye;Lucaozy;zevy,28e73a0f0518d8fa9ffc,5,5
2025-10-06,4532.0,ESC,15203;20245;20958;21263;22703,bajmi;moonwalk;olimp;reiko;SaMey,e589c64ec1c105e17303,5,5
2025-10-06,13286.0,FUT,20584;20761;22203;22674;23553,cmtry;dem0n;dziugss;Krabeni;lauNX,d3179d30c0f804c093f7,5,5
2025-10-06,12878.0,BC.Game,7998;9618;18790;20926;21139,aNdu;CacaNito;nexa;pr1metapz;s1mple,002fb8f39293ca5b857c,5,5
2025-10-06,7176.0,RED Canids,20026;20085;20939;21288,chayJESUS;drop;history;kauez;venomzera,,4,5
2025-10-06,11768.0,ODDIK,9216;14390;16314;17181;22182,coldzera;ksloks;naitte;pancc;WOOD7,2fa6aae3fbb9f8e7f9b7,5,5
2025-10-06,11811.0,Monte,19015;19926;21217;21816;22106,afro;AZUWU;Bymas;Gizmy;ryu,486523cd7cd16bd59cc7,5,5
2025-10-06,12144.0,BESTIA,2161;20185;20394;22570;24863,cass1n;luchov;Noktse;timo;tomaszin,c4cd742c0f01c49bf932,5,5
2025-10-06,8113.0,Sharks,20558;21170;21221;21921;22911,doc;gafolo;koala;maxxkor;rdnzao,05357aa633fe11759c40,5,5
2025-10-06,13459.0,ex-Inner Circle,4829;16848;17504;19114;20282,hades;KEi;kRaSnaL;Kylar;mynio,b9886d63b265d6ca645a,5,5
2025-10-06,11523.0,Zero Tenacity,5351;8311;11777;21302;21783,aVN;brutmonster;Cjoffo;Maden;nEMANHA,6f98e5a4c4d38da6cab8,5,5
2025-10-06,11514.0,Rare Atom,7028;8598;19681;20808;21825,ChildKing;L1haNg;Marek;Summer;Tiger,b389ec04583bcfad9601,5,5
2025-10-06,12257.0,Wildcard,8507;16726;19044;21665;22135,F1KU;JBa;Peeping;phzy;stanislaw,1e0f3c8103c3bc917fdd,5,5
2025-10-06,12604.0,Johnny Speeds,9255;9261;15569;16029;20133,draken;HEAP;Lekr0;Sapec;Svedjehed,e31087135571b0f447b5,5,5
2025-10-06,9996.0,9z,12092;15914;22181;22371;22613,HUASOPEEK;levi;Luken;max;urban0,e0eb9e74d9c82b57698d,5,5
2025-10-06,13419.0,Venom,3669;15940;21715;22473;23765,flayy;hfah;innocent;Qlocuu;Sobol,63d4f5b683aa44230dae,5,5
2025-10-06,11737.0,EYEBALLERS,3849;20879;21012;21159;22914,bobeksde;dex;JW;maxster;Ro1f,7cfc35758b87beeaec16,5,5
2025-10-06,11712.0,Sashi,16723;20090;21199;23338,Beccie;Cabbi;Lucky;MistR;Zyphon,,4,5
2025-10-06,11838.0,Partizan,13026;20066;20252;20253;20813,aidKiT;c0llins;Dragon;Kind0;VLDN,d5e04d05a3ba73716a17,5,5
2025-10-06,12474.0,Alliance,7443;16487;22760;22860;23397,avid;eraa;poiii;twist;upE,16eff455cca88a762de3,5,5
2025-10-06,12646.0,Chinggis Warriors,19229;19536;19537;21396;21398,ariucle;controlez;cool4st;ROUX;yAmi,fb9c30ef36fce9b8432b,5,5
2025-10-06,7969.0,Nemiga,20387;21266;22325;22460;23317,1eeR;khaN;riskyb0b;sowalio;Xant3r,c7f4bab835cec5a8f8ee,5,5
2025-10-06,,SkinRave,14494;15176;17929;19846;23458,CLASIA;Cryptic;junior;laxiee;Walco,70aed9aa12a428d8fc4e,5,5
2025-10-06,6033.0,Keyd Stars,11213;16814;16816;17133;18891,CutzMeretz;danoco;delboNi;desh;vsm,2da6af6b3aa2d44cbd7a,5,5
2025-10-06,12380.0,CYBERSHOKE,17508;21710;22803;22879,bl1x1;FenomeN;glowiing;notineki,,4,4
2025-10-06,12471.0,GUN5,18670;22884;22930;23047;24485,gr1ks;Sdaim;SELLTER;tex1y;yiksrezo,8252c16171eb0ee64c48,5,5
2025-10-06,12431.0,Betera,17316;19231;19874;20402;24173,h1te;MaSvAl;synyx;tENZY;Vert,3901811535021c8b7cec,5,5
2025-10-06,12000.0,500,9766;11219;15369;17145;20358,CeRq;hampus;Rainwaker;REDSTAR;volt,5e3af454878899300e8e,5,5
2025-10-06,12426.0,Passion UA,16885;19733;21452;23414,DemQQ;jackasmo;Kvem;Topa;Woro2k,,4,5
2025-10-06,11571.0,Gaimin Gladiators,9482;11739;17585;17861;21099,b4rtiN;bsd;JOTA;NEKIZ;shz,cae6db67a4318f65f0b9,5,5
2025-10-06,13124.0,Marsborne,12937;17353;18761;19705;22069,chop;Cxzi;Grizz;viz;WolfY,4cb35f629420146cbcc1,5,5
2025-10-06,12818.0,FAVBET,2131;18240;19614;20110;20228,bondik;j3kie;Marix;s4ltovsk1yy;Smash,7c5e87f24d0ff0cb4725,5,5
2025-10-06,10864.0,VP.Prodigy,23637;24292;24950;24951;24952,AquaRS;b1st;F0R3VER;tO0RO;TriBorgg1,4c9c8c4eb6b04deb086c,5,5
2025-10-06,13331.0,Kaleido,20258;23596;24747,2x2x;expSasiKi;rage;SPine;suki,,3,5
2025-10-06,10333.0,Sangal,12004;19673;19882;20709;22039,clax;danistzz;Norwi;Patsi;r3salt,309228bd27a8720c61d1,5,5
2025-10-06,12959.0,ShindeN,19872;19985;20451;20992;21155,abizz;BK1;ivz;nacho;naz,cda0fd1fadf7dadf4d46,5,5
2025-10-06,7900.0,Spirit Academy,22864;23319;24176;25334;25390,Kiryasoo;kurosse;Mokuj1n;robo;syph0,f81754ee526ed23ee1fc,5,5
2025-10-06,,TPuDCATb TPu,3459;20534;22040;22927;23302,bluewh1te;executor;kinqie;KIRO;z1Nny,c93afad3985eb352df7c,5,5
2025-10-06,7441.0,ECLOT,9911;19069;19594;19815;22101,Dytor;forsyy;kreaz;nbqq;spardaus,6f1ad68b17194da1c4ea,5,5
2025-10-06,7187.0,Nexus,1206;9626;12945;19817;22563,Blytz;BTN;fnl;s0und;XELLOW,a6c215b1e63f08658b91,5,5
2025-10-06,4822.0,Reason,20071;20686;20945;22129;24179,AntyVirus;fanatyk;Frontsiderr;SpavaQu;suonko,23210c1bc77590d5a72a,5,5
2025-10-06,12694.0,RUBY,20956;21362;22189;22326;24972,fozil;H4SAN4TOR;Kaide;maQuein;TruNiQ,c0e94ee19d02d0d3458c,5,5
2025-10-06,12491.0,2GAME,6593;16817;18610;22362;23045,detr0ittJ;hardzao;lukiz;PKL;xureba,6af22c7f89396d17a520,5,5
2025-10-06,12548.0,Dusty Roots,14737;18554;23150;24749;25106,FraGuTy;meyern;next;rzk;tom1jed,6ebb9b9bfd31ae26449e,5,5
2025-10-06,10577.0,SINNERS,11199;12810;23295;23459;23763,beastik;kisserek;Pepo;SHOCK;stressarN,512620b262f209859916,5,5
2025-10-06,10245.0,JiJieHao,10449;17675;18163;22419;23386,0SAMAS;Bibu;ISSAA;kumao;m1N1,5ed63bb7a8e0aea64ae2,5,5
2025-10-06,12097.0,Eruption,19538;21428;24123;24125,fury5k;MagnumZ;sideffect;xenization,,4,4
2025-10-06,4548.0,CPH Wolves,10961;16753;20637;22048;24332,b1elany;Kristou;Matheos;n1Xen;Tapewaare,2f11a4310ebce72455cf,5,5
2025-10-06,13181.0,BASEMENT BOYS,20422;22680;22945;23614;24286,Bambosh;levantino;OWNER;Polbandana;Tr0ublE,440ea359aba3be9846af,5,5
2025-10-06,10621.0,1win,8528;15071;20700;23770;23771,cronuss;HObbit;interz;lattykk;oz1k,1f10e1ddeb64858ed9a7,5,5
2025-10-06,12916.0,Betclic,16080;18070;18979;22385;23767,AdrieN;Demho;dycha;Melavi;Prism,17fd302c5de29b4c8e59,5,5
2025-10-06,13380.0,9BOOMPRO,15662;16555;17011;20994,Ax1Le;FL4MUS;shalfey;zorte,,4,4
2025-10-06,12677.0,Galorys,9483;18743;20029;20522;23551,card;destiny;gbb;nython;tomate,d8b8e860f0caaa7c6bc9,5,5
2025-10-06,13027.0,Nuclear TigeRES,19962;22878;22880;23762;24568,flouzer;m1QUSE;Re1GN;senka;z1k4,8cb7143adda2bfd56682,5,5
2025-10-06,13106.0,Getting Info,10892;19709;19711;20692;24048,dea;MarKE;shane;slump;snav,2f972f5e34b046bb32e1,5,5
2025-10-06,10459.0,ARCRED,18447;18671;19703;19812;20207,Chill;DSSj;Get_Jeka;Raijin;Ryujin,944c447eb432bcb34ed5,5,5
2025-10-06,12899.0,FengDa,19060;24304;24305;24306,1337x9;3gl;Biuckmt;chengking;p5p,,4,5
2025-10-06,13178.0,NOVAQ,11940;11942;22537;23292;23599,buster;def1zer;forkyz;neaLaN;Pump,795fcb9921ea00bd9dd6,5,5
2025-10-06,12901.0,SemperFi,14294;14990;20003;20086;20244,ADDICT;hazr;keen;SaVage;shadiy,e2e6d725d3b81e97d32e,5,5
2025-10-06,4602.0,Tricked,3741;21571,kroK;leakz;niko;salazar,,2,4
2025-10-06,12857.0,FORZE Reload,21367;22327;23628;24607;24967,KusMe;rikon;Something;spirit;swetsi,be391efe5150274df825,5,5
2025-10-06,12586.0,AMKAL,14273;16921;16948;19920;21431,iDISBALANCE;KaiR0N-;nafany;sstiNiX;TRAVIS,2290b5484f3845d0a56f,5,5
2025-10-06,12900.0,NomadS,12956;18150;24303,clouden;hasteka;HenX;hoolig4n;IZR,,3,5
2025-10-06,11641.0,Metizport,13669;14218;17937;21164;24083,isak;Jackinho;L00m1;MaiL09;Plopski,4d04a1a7561a8dcaffbe,5,5
2025-10-06,12776.0,Bounty Hunters,18322;18714;20083;20690;20885,fREQ;KAISER;ninjaZ;piriajr;zock,6ce5f67c0ecbe3b5aa39,5,5
2025-10-06,12895.0,K27,19575;22886;23684;23686;24725,kashl1d;qw1nk1;relaxxie;X5G7V;xeedo,e750fe564bbd5d2ce6ca,5,5
2025-10-06,12858.0,kONO,9896;13718;15117;16147;22904,b0RUP;birdfromsky;Burmylov;cptkurtka023;Keoz,c03a78e1868c844a2a00,5,5
2025-10-06,12988.0,GameHunters,10827;17028;18875;22084;22777,abr;diozera;mello;prt;RICIOLI,1e2bfc76d6735b5c5710,5,5
2025-10-06,11251.0,Eternal Fire,8575;15835;20309;21142;21250,bnox;Calyx;imoRR;jresy;mASKED,2a24b9aa07e3d07745cc,5,5
2025-10-06,12534.0,BOSS,13250;16647;19079;19128;20564,ben1337;Bwills;d4rty;Fruitcupx;SLIGHT,b33921be1d7e3c48f339,5,5
2025-10-06,12471.0,GUN5,13240;18670;23047;23302;23783,bluewh1te;fineshine52;Lack1;Sdaim;SELLTER,25bc7c19c87cf07effc7,5,5
2025-10-06,13214.0,SPARTA,21369;24171;24172;24818,1NVISIBLEE;Djon8;k4nfuz;SoLb;yuramyata,,4,5
2025-10-06,9621.0,AaB,21574;23106;24426;25066;25088,Boye;qx;SinK;stesso;Viggo,d4cbad86e4c48d30a0d6,5,5
2025-10-06,11933.0,Yawara,22364;24284;24772;25035,j0w;Lacerda;nardes;revoltz;tele D,,4,5
2025-10-06,,Dashskins,14010;17132;20521;21284;23550,Alisson;divine;happ;Leomonster;zmb,f05957b82dce82160422,5,5
2025-10-06,11175.0,KHAN,,dosikk;dune;lom1k;tEO;tsukumeow,,0,5
2025-10-06,9881.0,Rooster,12877;18545;20527;20881;21395,asap;chelleos;sliimey;Terryyy;TjP,c155914b68ef35235fe1,5,5
2025-10-06,13435.0,Max,20336;20339;22192,arTisT;Extinct;Rezst;Tree60;Vacancy,,3,5
2025-10-06,5995.0,G2,2553;11617;16848;20447,hades;HeavyGod;malbsMd;Snax;TaZ,,4,5
2025-10-06,10997.0,Procyon,17997;19086;20689;24091;25105,AGL;dott1;Hezz;lenci;pavv,1b4647825d2172eeba82,5,5
2025-10-06,10900.0,KRÜ,9221;18549;20607;21169,buda;laser;proSHOW;reversive;righi,,4,5
2025-10-06,11609.0,GenOne,7168;14176;19738;21971;22481,Brooxsy;Chucky;Djoko;misutaaa;NBK-,0a9edd429f8c2d65e0b9,5,5
2025-10-06,11955.0,LAG,12102;19177;22552;23199,consti;djay;mason;Sandman;Wolffe,,4,5
2025-10-06,13465.0,Dziuseppe,22476;24081;24543;24544;24546,Fugor;keis;Masi;virtuoso;Xydoo,682cf79383f97de9b982,5,5
2025-10-06,13116.0,UR,3741,M1racle;Niko;reason;Tw1nk1e17;z1ayr,,1,5
2025-10-06,13433.0,Last Bullet,16768;16778;16872;19735,B1NGO;flying;lan;Roninbaby,,4,4
2025-10-06,10976.0,FURIA fe,11872;16340;17288;21219;22839,bizinha;gabs;izaa;kaahSENSEI;lulitenz,10dd16af0d8ef7254cf3,5,5
2025-10-06,12586.0,AMKAL,14273;21431;21692;22075;22076,AW;iDISBALANCE;kAlash;sFade8;sstiNiX,15f2f17a630b4f6274cc,5,5
2025-10-06,12825.0,The QUBE,24302;24396;24512;24513;24779,bkzcurs3d;Cozen;Kamui;Paranormal;soloooS,8ffa3acd959cb93967f8,5,5
2025-10-06,10333.0,Sangal,12945;20284;20309;21142;22039,Blytz;bnox;danistzz;maaryy;mASKED,6aa88a84bb53992e80ce,5,5
2025-10-06,7376.0,m1x,13670;15778;17147;18120;23415,juanflatroo;nawwk;SENER1;sinnopsyy;zeRRoFIX,571319dc8798baaa92df,5,5
2025-10-06,12812.0,ALLINNERS,23542;23543;23598;25010,Botpa1;demente;noni;wEAVER,,4,4
2025-10-06,13173.0,Phantom,11278;17113;20289;24833;25104,Ayteel;DGL;Kunai;szejn;TOAO,cf34ff156320098f8751,5,5
2025-10-06,5347.0,BLUEJAYS,14494;15176;19846,CLASIA;Cryptic;junior,,3,3
2025-10-06,11585.0,IHC,15861,Aapestt;rate;rhittacrit;shinobi;Veccil,,1,5
2025-10-06,7865.0,HAVU,9818;21963;22143;22144;22211,Alxc;ottob;p3kko;puuha;uli,cafbd75d62b9de4d1423,5,5
2025-10-06,12960.0,Fire Flux,9353;17117;17305;20625;20968,Banjo;FinigaN;paz;shield;soulfly,13fc1402433e4224d17a,5,5
2025-10-06,13441.0,FACEITPLAYERS,20054;20683;20750;23141;24634,Icarus;Jayy2s;P3R3IIRA;rafaxF;seabraez,7d0b7b964a13764dfa73,5,5
2025-10-06,13352.0,SENZA,,bogemt;drowranger;sn0w dll;SP1NT;whsup,,0,5
2025-10-06,13106.0,Getting Info,10892;14109;17918;19709;19710,dare;MarKE;nosraC;shane;XotiC,96b6274c83937b9fcbea,5,5
2025-10-06,12828.0,Imperial Valkyries,12758;16497;18775;21756,ANa;Kat;tory;twenty3;zAAz,,4,5
2025-10-06,13053.0,Just Swing,10722;20354;22441;25247,gas;HiNa;Purely;qqGOD;sATOR1,,4,5
2025-10-06,13449.0,Y5,,for2na;OxygeN;R3LiFwOw;rinn;singulier,,0,5
2025-10-06,12567.0,Akimbo,7935;8518,Dante;glorinsz;oreosss;roca;S5J,,2,5
2025-10-06,8536.0,Ground Zero,,apocdud;damyo;Omichella;pz;vision,,0,5
2025-10-06,12908.0,Aether,18090;20578;20934;24892,arcade;micro;misha;Sathsea;Tender,,4,5
2025-10-06,6033.0,Keyd Stars,6553;17133;20083;22109,desh;fl4sh;leo_drk;ninjaZ;vinaabEAST,,4,5
2025-10-06,13251.0,Mousquetaires,147;284;10569;19742;21967,devoduvek;drac;JACKZ;SIXER;Tarkky,b6076ad1a742be100e9e,5,5
2025-10-06,13107.0,Chicken Coop,13689;20234;21749;22835,cbass;Gabe;jchancE;mds;REKMEISTER,,4,5
2025-10-06,11790.0,ENCE Academy,21930;22733;23536;24121;24149,Blick;Cliqq;millert;Schwarz;teme,c207036ec5bfd9672bb3,5,5
2025-10-06,11176.0,MOUZ NXT,21988;24457;25253;25254;25255,ay0k;Joey;Nikodeon;opdust;xelex,cd967d20eabd7209546b,5,5
2025-10-06,12916.0,Betclic,18070;18979;22383;23765;23766,Demho;hfah;hypex;jcobbb;Prism,1191985bc02c56d5769c,5,5
2025-10-06,13012.0,HyperSpirit,15573;17116;18294;21117,ADRON;Ciocardau;d1maje;kritik;ragga,,4,5
2025-10-06,10287.0,Legion,,Bloody;hf;PokemoN;SOULM8;SultaaN,,0,5
2025-10-06,5347.0,BLUEJAYS,18706;19079;19128;19710;19711,dare;freshie;Fruitcupx;SLIGHT;snav,211d4d761777d0aa6ee4,5,5
2025-10-06,12190.0,Shimmer,16581;22302;23391;24393;24415,empathy;Fawx;raven;Serendipity;Stx,a6dffd2855ad5f4f2190,5,5
2025-10-06,7720.0,InControl,14744;20330;23690;24528,Beast;calamity;jsfeltner;Scorchyy;TyRa,,4,5
2025-10-06,13271.0,Zerance,1656;21793;21849;22356,ASTRA;Emerald;Kaoday;Monkey D Julie;RacheLL,,4,5
2025-10-06,11446.0,Leo,19617;21065;21650;21651;22649,amster;kL1o;Malkiss;marat2k;OneUn1que,5f5d618186c85997b7b6,5,5
2025-10-06,13217.0,ScarX,16167;16180;21536;21541,Dant1k;Dili;K1A;kRYPt0N;X1RON,,4,5
2025-10-06,13364.0,Famalicão,8994;23480;23559;24905;25041,blaze;h0t;HS;M1KA;snowiee,0ff5f48a0ea5e42891c1,5,5
2025-10-06,13288.0,ex-W7M,11739;17861;18894;22181;22371,JOTA;levi;shz;t9rnay;urban0,b00d27ada70927aaf2b6,5,5
2025-10-06,12267.0,UNiTY,15818;15821;20229;23469,darber;K1-FiDa;MoriiSko;NEOFRAG;woozzzi,,4,5
2025-10-06,11883.0,9 Pandas,12027;17011;20357;20709;23858,d1Ledez;Krad;mo0N;r3salt;shalfey,9ea3027c506fb46cb120,5,5
2025-10-06,13469.0,MONEY CREW,,N2o;obi;Zamgaa,,0,3
2025-10-06,6788.0,Crashers,21038;21085;23829;24178;24717,antonini;Machado;nikz;Reix;Straafer,f084eaa4e4aabd7e28bb,5,5
2025-10-06,13300.0,ROSY,,1nhuman;bogemt;byek;forzetsky;whsup,,0,5
2025-10-06,12152.0,KZG,,dearlucid;dpr;Drox;Mingovi;vinhy,,0,5
2025-10-06,12948.0,BORING PLAYERS,22997;24036;24387;25246,Jun7;Karpyy;Miszary;tutu;zdr,,4,5
2025-10-06,13163.0,ALGO,21575;22696;22948;23936;24281,anber;Dengzoe;Few;Scr0b;St0m4k,f536ca9a6c878d61f907,5,5
2025-10-06,13151.0,Tropa do KinGui,19975;23587;24294;24716,brokeN;cLd;Ltz;rainny;wallz1k,,4,5
2025-10-06,12301.0,FlyQuest RED,8850;14401;18641;22111;23621,BiBiAhn;Emy;GooseBreeder;marie;vanessa,207c2e8550328eb5b8f3,5,5
2025-10-06,12776.0,Bounty Hunters,14394;18322;20690,KAISER;Tuurtle;zock,,3,3
2025-10-06,13369.0,The Glecs,13679;24812;25100,crickeyyy;hodix;jackast;neiter;nukkye,,3,5
2025-10-06,13422.0,UnderDogs,21888;24298;24328;24930;25034,ALENNNCAR;ghosT1;Lukita;Thuister;vzn,b29d3226b57a78ab58ea,5,5
2025-10-06,13434.0,Square Sausages,,Cher1on;Dutchy;moz;wfn;Wolfie,,0,5
2025-10-06,12878.0,BC.Game,9618;13670;18571;21139,CYPHER;jkaem;nawwk;nexa;pr1metapz,,4,5
2025-10-06,11711.0,Players,6553,dok;fl4sh;honda;MITHPUTTINI;xns,,1,5
2025-10-06,12707.0,Underground,,beau;jayketh;Mechanical;Myst;N1ghtraid,,0,5
2025-10-06,11917.0,NIP Impact,1572;16764;21796;21798;23090,aiM;Nayomy;Qiyarah;vilga;Zana,bcf8426eb332bb67eadf,5,5
2025-10-06,13340.0,CSDIILIT,21931;24185;24995,8Juho8;jalwar;Myggis;Rejoiner,,3,4
2025-10-06,8038.0,Party Astronauts,13250;20572;20793;22967,Austin;ben1337;kmrn;ogwizard;sacrifice,,4,5
2025-10-06,13358.0,ASPYRE,23136;23137;23138;24667;24890,dvrk;fuzenko;marekiew;sasha;Zucar,1dabcf8b6bc61f3c719b,5,5
2025-10-06,13267.0,LA MASIA,16102;17003;20054;24634,Jayy2s;Linko;NOPEEJ;rafaxF;snapy,,4,5
2025-10-06,12455.0,Vantage,,Arctic;Kiyo;neo;Oath;tidy,,0,5
2025-10-06,12955.0,THE,,1Drezz;d0RREN;krc;Sange;vt0rnikk,,0,5
2025-10-06,13310.0,MANA,18119;20434;21108;21109,ammar;BledarD;Caleyy;cerber;gejmzilla,,4,5
2025-10-06,10299.0,FURY,,cheeseball;cookie;rekonz;SkulL;Winnieeeee,,0,5
2025-10-06,7176.0,RED Canids,8565;9216;9219;21288,coldzera;drop;felps;HEN1;venomzera,,4,5
2025-10-06,12971.0,Wanted Goons,23589,cutedog;febreeze;Johan;killerPandas;Magic,,1,5
2025-10-06,3044.0,MIBR Academy,20029;21290;21700;22964;25108,brn$;card;lkz;perez;stormzyn,d60e10b3e3c50be39626,5,5
2025-10-06,13413.0,Vasco,10838;10840;22423;23094;23588,clon7;mawth;n1cks;RenanZin;tatazin,9b977fa7965eac2edcd1,5,5
2025-10-06,11668.0,Mindfreak,,dpr;Drox;swerzieN;tucks;zune,,0,5
2025-10-06,12884.0,The Art of War,21395,BaN4na;Oath;Terryyy;viridian,,1,4
2025-10-06,13121.0,Eco Warriors,7653;15831;22062;23049;24005,D7;juliano;kyossa;vicu;wieenN,eb545edeabdc1c75f7bb,5,5
2025-10-06,11660.0,Take Flyte,23226;24679;24680,Crisp;huncho;Panic,,3,3
2025-10-06,13353.0,Arrival Seven,18442;23589,DooM;FRIZZY;MagiC;NIGHT666LADE;TABEN,,2,5
2025-10-06,13107.0,Chicken Coop,18442;24660,BAGEL;BiNoX;FRIZZY;taggy,,2,4
2025-10-06,13398.0,Nocturnal,,gadfly;lunari;raynee;violet,,0,4
2025-10-06,13192.0,Roler Coaster,16612;16921;19920;20357,d1Ledez;KaiR0N-;n0rb3r7;nafany,,4,4
2025-10-06,13298.0,ex-SABRE,24325;24672;24812,fakerealityy;hodix;jackast;neiter;tripex17,,3,5
2025-10-06,9958.0,Alter Ego,20283,b1lal;BnTeT;tomiko,,1,3
2025-10-06,13265.0,MAGICOS,23997;25031;25033,Cr1a;Jhones Macarones;rx;snow;Tineu,,3,5
2025-10-06,13356.0,Legacy Kingdom,20273;20787;23410;24873,CAJUN;CoolComs;FxRE;HAMBOOGA;Pose1doNN,,4,5
2025-10-06,11718.0,BIG EQUIPA,16764;22871,pauliiee;pullox;Zana,,2,3
2025-10-06,5775.0,Elevate,13287;19972;21100;22777;22956,bnc;ckzao;diozera;lash;zede,e620aa497fbc84eb3e7b,5,5
2025-10-06,12567.0,Akimbo,23458,laxiee;N2o;obi;zy,,1,4
2025-10-06,12769.0,Fisher College,12793;13298;19602;20429;25524,AlekS;CrePoW;ReFuZR;TH0R;Wumbo,70b874b15f45da68a34a,5,5
2025-10-06,13294.0,Outfit 49,24045,bezymecc;H0NeST;KmZ,,1,3
2025-10-06,13212.0,ex-TALON,14294;20086,ADDICT;BRACE;Forleks;hazr;sterling,,2,5
2025-10-06,12334.0,Preasy,3741;22091;25066,AcilioN;Griller;niko;qx,,3,4
2025-10-06,9842.0,FULL SEND,9214;19918;20405;22547;24345,4TAYLOR;AMC;b1;Majesticzz;spamzzy,4c09bc4f030ac6e5f689,5,5
2025-10-06,12982.0,SKYFURY,17117;24204,7oX1C;Kiy0o;shield,,2,3
2025-10-06,13153.0,Hesta,20883;21445;21686;23687;24807,abiraju;anttzz;eightz999;Muk0s;slaxejezzz,9fb33399a96a3475eea9,5,5
2025-10-06,13397.0,NYX,,ADK;AuroraVeee;jaydee;MamaAlien;PippySippy,,0,5
2025-10-06,13327.0,R2,10499;10506;17277;20531;24558,ABM;guidimon;JonY BoY;maaxg1;tutehen,53f8edf1ac24d554fd4e,5,5
2025-10-06,10973.0,Anonymo,22385;23767;24243,AdrieN;chudy;darchevile;Melavi;Nami,,3,5
2025-10-06,13175.0,Change The Game,23001;24855;24857;24858,957;Hack1ng;LaiKeXu;yancher;Zero,,4,5
2025-10-06,13316.0,Animus Victoria,,foggers;gump;Kobe;TRIPLUS;void,,0,5
2025-10-06,13147.0,Shika,9339,ImpressioN;jiejie;splashske;Zy88,,1,4
2025-10-06,13458.0,CRIMSON,15762;19563;23325;23430,Benzene;clouda;EmbeR;RaYzEr;reV3nnnn,,4,5
2025-10-06,13328.0,TSG,19028;23161;23674;25256,Brashi;den1ed;HorizoN;milesd;VulcaN,,4,5
2025-10-06,13272.0,ex-Permitta,18456,fostar;Kre1N;Orbit;Twiksar,,1,4
2025-10-06,5479.0,Mythic,8503;15007;15090;20510;22022,Cooper;fl0m;hyza;PwnAlone;Trucklover86,2eb72eae58d9b796bd40,5,5
2025-10-06,13127.0,Wildcard Academy,16847;19167;24113;24810,doni;leen;mhL;smekk-;sSen,,4,5
2025-10-06,11827.0,JANO,4076;18848,Aerial;allu;HENU;Jelo;Sm1llee,,2,5
2025-10-06,13206.0,anything else,20101,cypress;FAME;K4mr0;mcniff;Slash,,1,5
2025-10-06,11862.0,Portuguese Family,17003;20054;24634,Jayy2s;Linko;rafaxF;renatoohaxx;snapy,,3,5
2025-10-06,13144.0,Messitas,,armk4m;chjna;Flossie;valulu,,0,4
2025-10-06,12908.0,Aether,18090;20934,arias;clipzera;flow;micro;Tender,,2,5
2025-10-06,12483.0,MIGHT,12102;24527,BiNoX;djay;jared;Seb;Snakes,,2,5
2025-10-06,13421.0,True Thunder,23323,Bhavi;f1redup;Ph1NNN;Rossi,,1,4
2025-10-06,12828.0,Imperial Valkyries,12758;16497;18775;21756;24005,ANa;Kat;tory;twenty3;wieenN,5855deaebb992b75cd0f,5,5
2025-10-06,13229.0,Daaku,,dottie;nomizz;Weeza,,0,3
2025-10-06,7801.0,Ghost,1331;8640;21961;23524,Ellie;EMUHLEET;mira;PiggyKiki;Xp3,,4,5
2025-10-06,13302.0,JERSA,,BabyRage;KOT3;points;Slayerhz;zockie,,0,5
2025-10-06,11988.0,GLORE,18848;21165,DEPRESHN;HENU;M1key,,2,3
2025-10-06,13102.0,GATERON,,DimSuM;Kon;Pupu;zyHan,,0,4
2025-10-06,12766.0,Nordix,21860,berzerk;Brave;Realyummy;samee;sense,,1,5
2025-10-06,13317.0,DOG,,Kiyo;lucas222;Xiaobao,,0,3
2025-11-03,8297.0,FURIA,2023;12553;13915;15631;24144,FalleN;KSCERATO;molodoy;YEKINDAR;yuurih,e0362dcbafd342d82962,5,5
2025-11-03,9565.0,Vitality,7322;11816;11893;16693;18462,apEX;flameZ;mezii;ropz;ZywOo,91c93eb867d7d47bf729,5,5
2025-11-03,11283.0,Falcons,3741;12018;19230;19677;24177,kyousuke;kyxsan;m0NESY;NiKo;TeSeS,e17285b415d2dc1447da,5,5
2025-11-03,6248.0,The MongolZ,20194;20275;20903;21001;21809,910;bLitz;mzinho;Senzu;Techno,75e5d950f37342b03568,5,5
2025-11-03,11861.0,Aurora,150;7938;8574;21243;22361,jottAAA;MAJ3R;Wicadia;woxic;XANTARES,0a254842e1149d2d09f6,5,5
2025-11-03,4608.0,Natus Vincere,9816;14759;18987;20127;22673,Aleksib;b1t;iM;makazze;w0nderful,9d2b566c8472997adfa4,5,5
2025-11-03,4494.0,MOUZ,13666;18072;18221;18850;20312,Brollan;Jimpphat;Spinx;torzsi;xertioN,43f602c729e986479a12,5,5
2025-11-03,7020.0,Spirit,7716;16920;20423;21167;23685,chopper;donk;sh1ro;zont1x;zweih,c1be3d708b91d83debce,5,5
2025-11-03,5995.0,G2,3972;11617;19164;20447;21062,HeavyGod;huNter-;malbsMd;MATYS;SunPayus,c6e7095c117141b82830,5,5
2025-11-03,12468.0,Legacy,15698;19045;19686;20563;22965,dumau;latto;lux;n1ssim;saadzin,5cfd43d0258204c4872c,5,5
2025-11-03,5973.0,Liquid,8520;8738;9436;16820;21763,EliGE;NAF;NertZ;siuhy;ultimate,235e5a809ccd8fbfac1b,5,5
2025-11-03,4914.0,3DMAX,8374;13138;19739;21969,bodyy;Ex3rcice;Graviti;Lucky;Maka,,4,5
2025-11-03,6667.0,FaZe,429;8183;9960;10394;18053,broky;frozen;karrigan;rain;Twistzz,32c8f7ac98a370c074d1,5,5
2025-11-03,6665.0,Astralis,7592;9032;10096;17956;20304,device;HooXi;jabbi;Magisk;Staehr,0704dd9f459ba3b327e7,5,5
2025-11-03,10567.0,SAW,630;20462;21014;22807;23140,Ag1l;aragornN;krazy;MUTiRiS;story,9c3bd9b3ce1afe43eeb7,5,5
2025-11-03,7175.0,HEROIC,19187;19310;20119;22047;23600,Alkaren;LNZ;nilo;xfl0ud;yxngstxr,9878cbc31a184ab5cc29,5,5
2025-11-03,11241.0,B8,19592;20112;21708;22842;23643,alex666;esenthial;headtr1ck;kensizor;npl,a557275c96d577ef4eaf,5,5
2025-11-03,9928.0,GamerLegion,9278;16486;20301;23766,hypex;PR;REZ;Tauson;ztr,,4,5
2025-11-03,4773.0,paiN,14736;18141;18865;19694,biguzera;dav1deuS;dgt;nqz;snow,,4,5
2025-11-03,13404.0,Gentle Mates,8371;9254;18749;19509;21239,alex;dav1g;MartinezSa;mopoz;sausol,d807a95213fd6aab9a51,5,5
2025-11-03,4863.0,TYLOO,8552;19645;20702;20895;21621,Attacker;JamYoung;Jee;Mercury;Moseyuh,2c632070ba401ebd2e9d,5,5
2025-11-03,4991.0,fnatic,7528;15165;17803;23046;23414,blameF;fear;jackasmo;jambo;KRIMZ,c7e0cca8490bcfa6f20e,5,5
2025-11-03,12467.0,PARIVISION,13776;19235;22076;22471;22929,AW;BELCHONOKK;Jame;nota;xiELO,f94e124a1a752f15f4db,5,5
2025-11-03,11581.0,HOTU,16612;18752;19823;21385;24806,dukefissura;frontales;kade0;mizu;n0rb3r7,3ec3d3ce7d1a4813ca3f,5,5
2025-11-03,5378.0,Virtus.pro,12732;16947;20101;21439;24952,fame;FL1T;ICY;Perfecto;tO0RO,b31059c16fd181946b20,5,5
2025-11-03,9215.0,MIBR,11154;13239;20987;21037;23192,brnz4n;exit;insani;kl1m;Qikert,dfe4b1b80db30abff546,5,5
2025-11-03,12426.0,Passion UA,11630;12840;13578;21452;21620,Grim;hallzerk;JT;Kvem;nicx,d7f059bd513e44ecf08a,5,5
2025-11-03,12394.0,BetBoom,11840;18506;20357;21348;21667,ArtFr0st;Boombl4;d1Ledez;Magnojez;S1ren,852dcd372811563e8fc7,5,5
2025-11-03,4411.0,Ninjas in Pyjamas,922;14148;20425;20464;23372,ewjerkz;r1nkle;sjuush;Snappi;xKacpersky,0ce5cad9da2e56293d9e,5,5
2025-11-03,9455.0,Imperial,10566;12822;18676;19869;22564,chelo;noway;skullz;try;VINI,61517c897f6cd83552fe,5,5
2025-11-03,13117.0,Inner Circle,23642;24168;24282;24283,cairne;Dawy;Flierax;nifee;onic,,4,5
2025-11-03,10278.0,9INE,2898;14932;20300;21113;22702,cej0t;faveN;kraghen;MoDo;raalz,ab72984ae34127e5230d,5,5
2025-11-03,12774.0,FlyQuest,4679;11140;17384;18214;20123,INS;jks;nettik;regali;Vexite,82ec1484979378ef597b,5,5
2025-11-03,10503.0,OG,13602;19064;20465;20878;21983,adamb;arrozdoce;Chr1zN;nicoodoz;spooke,02c5489bbd6d48709c11,5,5
2025-11-03,8840.0,Lynn Vision,16551;18744;20254;22922;23100,C4LLM3SU3;EmiliaQAQ;Starry;Westmelon;z4kr,dbed042ec191be814f2c,5,5
2025-11-03,13286.0,FUT,20584;20761;22203;22674;23553,cmtry;dem0n;dziugss;Krabeni;lauNX,d3179d30c0f804c093f7,5,5
2025-11-03,4869.0,ENCE,12708;12731;21233;21815;21972,myltsi;Neityu;podi;rigoN;sdy,ef0939a8d1a8039205e4,5,5
2025-11-03,7532.0,BIG,5794;14929;19284;20122;22884,FreeZe;gr1ks;JDC;prosus;tabseN,8759a4d48aa75c522f98,5,5
2025-11-03,12376.0,M80,15370;16599;18838;20104;22921,HexT;Lake;s1n;slaxz-;Swisher,8bb1193a025837b6c801,5,5
2025-11-03,4532.0,ESC,15203;20245;20958;21263;22703,bajmi;moonwalk;olimp;reiko;SaMey,e589c64ec1c105e17303,5,5
2025-11-03,11419.0,ECSTATIC,10330;11995;20417;21779;22695,acoR;Anlelele;nut nut;sirah;TMB,0c0065c0b2c46762ecbb,5,5
2025-11-03,11837.0,Fluxo,12521;18717;19692;20183;20385,arT;decenty;kye;Lucaozy;zevy,28e73a0f0518d8fa9ffc,5,5
2025-11-03,9996.0,9z,12092;15914;22181;22371;22613,HUASOPEEK;levi;Luken;max;urban0,e0eb9e74d9c82b57698d,5,5
2025-11-03,7969.0,Nemiga,20387;21266;22325;22460;23317,1eeR;khaN;riskyb0b;sowalio;Xant3r,c7f4bab835cec5a8f8ee,5,5
2025-11-03,12144.0,BESTIA,2161;20185;20394;22570;24863,cass1n;luchov;Noktse;timo;tomaszin,c4cd742c0f01c49bf932,5,5
2025-11-03,13419.0,Venom,3669;15940;21715;22473;23765,flayy;hfah;innocent;Qlocuu;Sobol,63d4f5b683aa44230dae,5,5
2025-11-03,7176.0,RED Canids,20026;20085;20939;21288,chayJESUS;drop;history;kauez;venomzera,,4,5
2025-11-03,12510.0,The Huns,15072;18638;19957;20703;23402,Bart4k;cobrazera;nin9;sk0R;xerolte,98d8ee24d663c964f937,5,5
2025-11-03,6673.0,NRG,7687;8711;14109;16717;20333,br0;Jeorge;nitr0;Sonic;XotiC,f5f268615d366befab5f,5,5
2025-11-03,8113.0,Sharks,20558;21170;21221;21921;22911,doc;gafolo;koala;maxxkor;rdnzao,05357aa633fe11759c40,5,5
2025-11-03,11811.0,Monte,19015;19926;21217;21816;22106,afro;AZUWU;Bymas;Gizmy;ryu,486523cd7cd16bd59cc7,5,5
2025-11-03,13459.0,ex-Inner Circle,4829;16848;17504;19114;20282,hades;KEi;kRaSnaL;Kylar;mynio,b9886d63b265d6ca645a,5,5
2025-11-03,10577.0,SINNERS,11199;12810;23295;23459;23763,beastik;kisserek;Pepo;SHOCK;stressarN,512620b262f209859916,5,5
2025-11-03,11838.0,Partizan,20066;20252;20253;20813;25460,aidKiT;Dragon;Kind0;nopzy;VLDN,7992979fd9ecc794beaf,5,5
2025-11-03,12474.0,Alliance,7443;16487;22760;22860;23397,avid;eraa;poiii;twist;upE,16eff455cca88a762de3,5,5
2025-11-03,10333.0,Sangal,12004;19673;19882;20709;22039,clax;danistzz;Norwi;Patsi;r3salt,309228bd27a8720c61d1,5,5
2025-11-03,11514.0,Rare Atom,7028;8598;19681;20808;21825,ChildKing;L1haNg;Marek;Summer;Tiger,b389ec04583bcfad9601,5,5
2025-11-03,11571.0,Gaimin Gladiators,9482;11739;17585;17861;21099,b4rtiN;bsd;JOTA;NEKIZ;shz,cae6db67a4318f65f0b9,5,5
2025-11-03,11768.0,ODDIK,9216;14390;16314;17181;22182,coldzera;ksloks;naitte;pancc;WOOD7,2fa6aae3fbb9f8e7f9b7,5,5
2025-11-03,12471.0,GUN5,18670;22930;23047;23783;24485,fineshine52;Sdaim;SELLTER;tex1y;yiksrezo,dc678823b80b7433833b,5,5
2025-11-03,7441.0,ECLOT,9911;19069;19594;19815;22101,Dytor;forsyy;kreaz;nbqq;spardaus,6f1ad68b17194da1c4ea,5,5
2025-11-03,12878.0,BC.Game,7998;8918;9618;18790;20926,aNdu;CacaNito;electroNic;nexa;s1mple,25d1e81278a1e29001ab,5,5
2025-11-03,11737.0,EYEBALLERS,3849;20879;21012;21159;22914,bobeksde;dex;JW;maxster;Ro1f,7cfc35758b87beeaec16,5,5
2025-11-03,12604.0,Johnny Speeds,9255;9261;15569;16029;24137,draken;HEAP;Lekr0;Licale;Sapec,4702984764bd2719f378,5,5
2025-11-03,6033.0,Keyd Stars,11213;16814;16816;17133;18891,CutzMeretz;danoco;delboNi;desh;vsm,2da6af6b3aa2d44cbd7a,5,5
2025-11-03,,SkinRave,10892;14494;15176;17929;23458,Cryptic;junior;laxiee;MarKE;Walco,a994045b00cfb65ca5b2,5,5
2025-11-03,12380.0,CYBERSHOKE,17508;20430;21710;22803;22879,alpha;bl1x1;FenomeN;glowiing;notineki,daa444779c879bef2c38,5,5
2025-11-03,10621.0,1win,8528;15071;20700;23770;23771,cronuss;HObbit;interz;lattykk;oz1k,1f10e1ddeb64858ed9a7,5,5
2025-11-03,12257.0,Wildcard,8507;16726;19044;21665;22135,F1KU;JBa;Peeping;phzy;stanislaw,1e0f3c8103c3bc917fdd,5,5
2025-11-03,11523.0,Zero Tenacity,5351;8311;11777;21302;21783,aVN;brutmonster;Cjoffo;Maden;nEMANHA,6f98e5a4c4d38da6cab8,5,5
2025-11-03,12694.0,RUBY,20956;21362;22189;22326;24972,fozil;H4SAN4TOR;Kaide;maQuein;TruNiQ,c0e94ee19d02d0d3458c,5,5
2025-11-03,11712.0,Sashi,11271;16723;20090;21199;23338,Beccie;Cabbi;MistR;smooya;Zyphon,f1f7991707311b598817,5,5
2025-11-03,13124.0,Marsborne,12937;17353;18761;19705;22069,chop;Cxzi;Grizz;viz;WolfY,4cb35f629420146cbcc1,5,5
2025-11-03,,TPuDCATb TPu,3459;20534;22040;22927;23302,bluewh1te;executor;kinqie;KIRO;z1Nny,c93afad3985eb352df7c,5,5
2025-11-03,12000.0,500,11219;15369;17145;20358,CeRq;Rainwaker;REDSTAR;volt,,4,4
2025-11-03,12818.0,FAVBET,18240;19614;20110;20228,j3kie;Marix;s4ltovsk1yy;Smash;t3ns1on,,4,5
2025-11-03,13027.0,Nuclear TigeRES,19962;22878;22880;23762;24568,flouzer;m1QUSE;Re1GN;senka;z1k4,8cb7143adda2bfd56682,5,5
2025-11-03,12431.0,Betera,17316;19231;19874;20402;24173,h1te;MaSvAl;synyx;tENZY;Vert,3901811535021c8b7cec,5,5
2025-11-03,13081.0,Fake do Biru,6593;16817;18610;22362;23045,detr0ittJ;hardzao;lukiz;PKL;xureba,6af22c7f89396d17a520,5,5
2025-11-03,6667.0,FaZe,429;7998;8183;8738;9960,EliGE;frozen;karrigan;rain;s1mple,7a1a96f424e10ab1e2fe,5,5
2025-11-03,7900.0,Spirit Academy,22864;23319;24176;25334;25390,Kiryasoo;kurosse;Mokuj1n;robo;syph0,f81754ee526ed23ee1fc,5,5
2025-11-03,12858.0,kONO,9896;13718;15117;16147;22904,b0RUP;birdfromsky;Burmylov;cptkurtka023;Keoz,c03a78e1868c844a2a00,5,5
2025-11-03,13331.0,Kaleido,16558;20258;23596;24747,expSasiKi;rage;rubeN;SPine;suki,,4,5
2025-11-03,12548.0,Dusty Roots,14737;18554;23150;24749;25106,FraGuTy;meyern;next;rzk;tom1jed,6ebb9b9bfd31ae26449e,5,5
2025-11-03,12646.0,Chinggis Warriors,19229;19536;19537;21398;22414,controlez;cool4st;Efire;ROUX;yAmi,c44d84d32e650b5aed4d,5,5
2025-11-03,12959.0,ShindeN,19872;19985;20451;20992;21155,abizz;BK1;ivz;nacho;naz,cda0fd1fadf7dadf4d46,5,5
2025-11-03,12916.0,Betclic,16080;18070;18979;22385,Demho;dycha;Melavi;Prism;wafe1ek,,4,5
2025-11-03,7532.0,BIG,5794;14929;19899;20170,hyped;JDC;Krimbo;kyuubii;tabseN,,4,5
2025-11-03,12426.0,Passion UA,16885;19733;21452;23414,DemQQ;jackasmo;Kvem;Topa;Woro2k,,4,5
2025-11-03,10245.0,JiJieHao,10449;17675;18163;19763;22419,0SAMAS;Bibu;BOROS;ISSAA;m1N1,239c366f89b0c9626e78,5,5
2025-11-03,13355.0,Nemesis,7996;13018;20872;22035;24734,CRUC1AL;n0te;Nexius;tein;Thomas,ceca78b6e11a5b2a0cb3,5,5
2025-11-03,13470.0,Oramond,20071;20686;20945;22129;24179,AntyVirus;fanatyk;Frontsiderr;SpavaQu;suonko,23210c1bc77590d5a72a,5,5
2025-11-03,13380.0,9BOOMPRO,15662;16555;17011;20994,Ax1Le;FL4MUS;shalfey;zorte,,4,4
2025-11-03,12899.0,FengDa,19060;20896;24304;24305;24306,3gl;Biuckmt;chengking;p5p;salmon,e5fffa31abfd6ecd487b,5,5
2025-11-03,13181.0,BASEMENT BOYS,20422;22680;22945;23614;24286,Bambosh;levantino;OWNER;Polbandana;Tr0ublE,440ea359aba3be9846af,5,5
2025-11-03,7187.0,Nexus,1206;9626;12945;19817;22563,Blytz;BTN;fnl;s0und;XELLOW,a6c215b1e63f08658b91,5,5
2025-11-03,13499.0,Voca,17918;19709;19711;20692;24048,dea;nosraC;shane;slump;snav,c25135f074b26d8e8b59,5,5
2025-11-03,12776.0,Bounty Hunters,18322;18714;20083;20690;20885,fREQ;KAISER;ninjaZ;piriajr;zock,6ce5f67c0ecbe3b5aa39,5,5
2025-11-03,12901.0,SemperFi,14294;14990;20003;20086;20244,ADDICT;hazr;keen;SaVage;shadiy,e2e6d725d3b81e97d32e,5,5
2025-11-03,11251.0,Eternal Fire,8575;15835;20309;21142;23274,bnox;Calyx;imoRR;lugseN;mASKED,ef64247898964d01c91e,5,5
2025-11-03,13214.0,SPARTA,21369;24171;24172;24818,1NVISIBLEE;Djon8;k4nfuz;SoLb;yuramyata,,4,5
2025-11-03,4548.0,CPH Wolves,10961;16753;20637;22048;24332,b1elany;Kristou;Matheos;n1Xen;Tapewaare,2f11a4310ebce72455cf,5,5
2025-11-03,10864.0,VP.Prodigy,24292;24950;24951;25462,AquaRS;F0R3VER;lasfas;rokilan;TriBorgg1,,4,5
2025-11-03,12586.0,AMKAL,16921;16948;19236;19920;23858,KaiR0N-;KENSI;mo0N;nafany;TRAVIS,2f6e31b250d41f1925cc,5,5
2025-11-03,10459.0,ARCRED,18447;18671;19703;19812;20207,Chill;DSSj;Get_Jeka;Raijin;Ryujin,944c447eb432bcb34ed5,5,5
2025-11-03,13178.0,NOVAQ,11940;22537;23292;23541;24917,def1zer;modeSavage;neaLaN;Pump;tasman,17a3e484c38354ebaa7e,5,5
2025-11-03,12677.0,Galorys,9483;18743;20029;20522;23551,card;destiny;gbb;nython;tomate,d8b8e860f0caaa7c6bc9,5,5
2025-11-03,13173.0,Phantom,11278;17113;20289;24833;25104,Ayteel;DGL;Kunai;szejn;TOAO,cf34ff156320098f8751,5,5
2025-11-03,12097.0,Eruption,19538;21428;24123;24125,fury5k;MagnumZ;sideffect;viscera;xenization,,4,5
2025-11-03,11933.0,Yawara,22364;24284;24772;25035,j0w;Lacerda;nardes;revoltz;tele D,,4,5
2025-11-03,11790.0,ENCE Academy,21930;22733;23536;24121;24149,Blick;Cliqq;millert;Schwarz;teme,c207036ec5bfd9672bb3,5,5
2025-11-03,12960.0,Fire Flux,9353;17117;17305;20625;20968,Banjo;FinigaN;paz;shield;soulfly,13fc1402433e4224d17a,5,5
2025-11-03,13495.0,Skinsauna,4076;18848,Aerial;allu;HENU;Jelo;Sm1llee,,2,5
2025-11-03,13485.0,VRSoholics,20284;20309;21142;23767,AdrieN;bnox;maaryy;Markoś;mASKED,,4,5
2025-11-03,12857.0,FORZE Reload,21367;22327;23628;24607;24967,KusMe;rikon;Something;spirit;swetsi,be391efe5150274df825,5,5
2025-11-03,11609.0,GenOne,7168;14176;19738;21971;22481,Brooxsy;Chucky;Djoko;misutaaa;NBK-,0a9edd429f8c2d65e0b9,5,5
2025-11-03,11581.0,HOTU,18752;19823;21385;24806,dukefissura;frontales;kade0;lampada;mizu,,4,5
2025-11-03,12895.0,K27,19575;22886;23684;23686;24725,kashl1d;qw1nk1;relaxxie;X5G7V;xeedo,e750fe564bbd5d2ce6ca,5,5
2025-11-03,11175.0,KHAN,,dosikk;dune;lom1k;tEO;tsukumeow,,0,5
2025-11-03,13304.0,LP,14010;17132;20521;21284;23550,Alisson;divine;happ;Leomonster;zmb,f05957b82dce82160422,5,5
2025-11-03,11641.0,Metizport,13669;14218;17937;21164;24083,isak;Jackinho;L00m1;MaiL09;Plopski,4d04a1a7561a8dcaffbe,5,5
2025-11-03,7865.0,HAVU,9818;21963;22143;22144;22211,Alxc;ottob;p3kko;puuha;uli,cafbd75d62b9de4d1423,5,5
2025-11-03,12124.0,Insilio,18510;20197;22535;22536;23303,dwushka;faydett;h1kaN;mag1k3Y;sugaR,6434ece6b5a655e421c3,5,5
2025-11-03,10997.0,Procyon,17997;19086;20689;24091;25105,AGL;dott1;Hezz;lenci;pavv,1b4647825d2172eeba82,5,5
2025-11-03,12900.0,NomadS,12956;18150;24303,clouden;hasteka;HenX;hoolig4n;IZR,,3,5
2025-11-03,10900.0,KRÜ,9221;20607;21169;22163;24015,buda;Misfit;reversive;righi;trindade,79e3790168f41efc975d,5,5
2025-11-03,9621.0,AaB,13749;21775;23106;24426;25066,BehinDx;Queenix;qx;stesso;Viggo,dbce703ae4280524575c,5,5
2025-11-03,12534.0,BOSS,13250;16647;19079;19128;20564,ben1337;Bwills;d4rty;Fruitcupx;SLIGHT,b33921be1d7e3c48f339,5,5
2025-11-03,12554.0,regain,23136;23137;23138;24667;24890,dvrk;fuzenko;marekiew;sasha;Zucar,1dabcf8b6bc61f3c719b,5,5
2025-11-03,9881.0,Rooster,12877;18545;20527;20881;21395,asap;chelleos;sliimey;Terryyy;TjP,c155914b68ef35235fe1,5,5
2025-11-03,13053.0,Just Swing,10722;20354;22441;25247,gas;HiNa;Purely;qqGOD;sATOR1,,4,5
2025-11-03,11275.0,NSN,3741,M1racle;Niko;reason;Tw1nk1e17;z1ayr,,1,5
2025-11-03,4602.0,Tricked,16731;21571;24104,IceBerg;kroK;leakz;NickyB;salazar,,3,5
2025-11-03,7376.0,m1x,13670;15778;17147;18120;23415,juanflatroo;nawwk;SENER1;sinnopsyy;zeRRoFIX,571319dc8798baaa92df,5,5
2025-11-03,12267.0,UNiTY,15818;15821;20229;21165;23469,K1-FiDa;M1key;MoriiSko;NEOFRAG;woozzzi,f6568e478ed3ecce1cbe,5,5
2025-11-03,13475.0,FOLHA AMARELA,11337;13287;18140;19972;22404,bnc;cerolzin;ckzao;f4stzin;RCF,9caa8f14512fc00faa99,5,5
2025-11-03,12812.0,ALLINNERS,11942;23386;23542;23543;23598,buster;demente;kumao;noni;wEAVER,4c74902a02c5250314d2,5,5
2025-11-03,13465.0,Dziuseppe,22476;24081;24543;24544;24546,Fugor;keis;Masi;virtuoso;Xydoo,682cf79383f97de9b982,5,5
2025-11-03,10976.0,FURIA fe,11872;16340;17288;21219;22839,bizinha;gabs;izaa;kaahSENSEI;lulitenz,10dd16af0d8ef7254cf3,5,5
2025-11-03,6626.0,MINLATE,9616;15118;20960;21143;22474,amanek;ex1st;POLO;SBT;sk1tt,357e765de69fc71d333c,5,5
2025-11-03,13433.0,Last Bullet,16768;16778;16872;19735;21509,B1NGO;flying;lan;Miami;Roninbaby,721379600900fed1e65b,5,5
2025-11-03,13251.0,Mousquetaires,147;284;10569;19742;21967,devoduvek;drac;JACKZ;SIXER;Tarkky,b6076ad1a742be100e9e,5,5
2025-11-03,13468.0,ex-Chicken Coop,13689;20234;22835,Gabe;jchancE;mds;REKMEISTER,,3,4
2025-11-03,11955.0,LAG,12102;19177;22552;23199,consti;djay;mason;Sandman;Wolffe,,4,5
2025-11-03,12988.0,GameHunters,10827;17028;18875;22084;22777,abr;diozera;mello;prt;RICIOLI,1e2bfc76d6735b5c5710,5,5
2025-11-03,12536.0,DEPO,21691;22635;22638;24656,dako;icyvl0ne;shoxs;wetfy,,4,4
2025-11-03,11446.0,Leo,19617;21065;21650;21651;22649,amster;kL1o;Malkiss;marat2k;OneUn1que,5f5d618186c85997b7b6,5,5
2025-11-03,9139.0,BRUTE,22863;23204;23206;24261;24553,KAD1M;N1KOLAJ;realzen;Siko;w4rden,6d4f6202e39b91bd099f,5,5
2025-11-03,12825.0,The QUBE,24302;24396;24512;24513,Cozen;Kamui;Paranormal;soloooS,,4,4
2025-11-03,11711.0,Players,22085,Lich;MITHPUTTINI;prisma;spinnie;xns,,1,5
2025-11-03,12916.0,Betclic,18070;18979;23766;23767;25348,AdrieN;Demho;hypex;Prism;wizzhehe,68a644f3ce351ec19021,5,5
2025-11-03,13449.0,Y5,,ElayDzha;for2na;OxygeN;R3LiFwOw;rinn,,0,5
2025-11-03,13441.0,FACEITPLAYERS,20054;20683;20750;23141;24634,Icarus;Jayy2s;P3R3IIRA;rafaxF;seabraez,7d0b7b964a13764dfa73,5,5
2025-11-03,11176.0,MOUZ NXT,21988;24457;25253;25254;25255,ay0k;Joey;Nikodeon;opdust;xelex,cd967d20eabd7209546b,5,5
2025-11-03,13483.0,Washington,20336;20339;20340;22192;22475,arTisT;Extinct;Girafffe;nestee;Vacancy,998966586a648acb2cab,5,5
2025-11-03,12164.0,Zomblers,20273;20787;23410;24873,CAJUN;CoolComs;FxRE;HAMBOOGA;Pose1doNN,,4,5
2025-11-03,12878.0,BC.Game,9618;13670;18571;18790;21139,CacaNito;CYPHER;nawwk;nexa;pr1metapz,2a0f3f6c35b49557bf52,5,5
2025-11-03,12908.0,Aether,18090;20578;20934;24892,arcade;micro;misha;Sathsea;Tender,,4,5
2025-11-03,13364.0,Famalicão,8994;23480;23559;24905;25041,blaze;h0t;HS;M1KA;snowiee,0ff5f48a0ea5e42891c1,5,5
2025-11-03,11585.0,IHC,15861,Aapestt;rate;rhittacrit;shinobi;Veccil,,1,5
2025-11-03,12567.0,Akimbo,7935;8518,Dante;glorinsz;oreosss;roca;S5J,,2,5
2025-11-03,13245.0,QMISTRY,24081;24543;24546,Fugor;keis;Masi,,3,3
2025-11-03,13106.0,Getting Info,10892;14109;17918;19709;19710,dare;MarKE;nosraC;shane;XotiC,96b6274c83937b9fcbea,5,5
2025-11-03,12301.0,FlyQuest RED,8850;14401;18641;22111;23621,BiBiAhn;Emy;GooseBreeder;marie;vanessa,207c2e8550328eb5b8f3,5,5
2025-11-03,13453.0,HubaBuba,21431;21692;22075;22538;24726,her1tage;kAlash;sFade8;sstiNiX;z3ndeR,340932bc20553770df86,5,5
2025-11-03,10975.0,MIBR fe,11215;16341;21800;21801;23463,Dani;GaBi;Olga;poppins;yungher,9b56a68b02d01406acef,5,5
2025-11-03,8536.0,Ground Zero,,apocdud;damyo;Omichella;pz;vision,,0,5
2025-11-03,12604.0,Johnny Speeds,9255;15569;19065;20133;24083,draken;MaiL09;Sapec;SHiNE;Svedjehed,d574bdf33db928eb2997,5,5
2025-11-03,6033.0,Keyd Stars,6553;17133;20083;22109,desh;fl4sh;leo_drk;ninjaZ;vinaabEAST,,4,5
2025-11-03,12190.0,Shimmer,16581;22302;23391;24393;24415,empathy;Fawx;raven;Serendipity;Stx,a6dffd2855ad5f4f2190,5,5
2025-11-03,5995.0,G2,2553;11617;16848;20447,hades;HeavyGod;malbsMd;Snax;TaZ,,4,5
2025-11-03,7720.0,InControl,14744;20330;23690;24528,Beast;calamity;jsfeltner;Scorchyy;TyRa,,4,5
2025-11-03,10287.0,Legion,,Bloody;hf;PokemoN;SOULM8;SultaaN,,0,5
2025-11-03,6788.0,Crashers,21038;21085;23829;24178;24717,antonini;Machado;nikz;Reix;Straafer,f084eaa4e4aabd7e28bb,5,5
2025-11-03,13352.0,SENZA,,bogemt;drowranger;sn0w dll;SP1NT;whsup,,0,5
2025-11-03,5347.0,BLUEJAYS,14494;15176;19846,CLASIA;Cryptic;junior,,3,3
2025-11-03,13406.0,Flame Sharks fe,,ayaka;Elizabeth;f6tal;Ivoli;mJ,,0,5
2025-11-03,13393.0,Peekaboo,20502;21727;22065;23451;25171,Angelka;Hikomi;julih;LETi;NAYLLA,56ef561c9f4baa8f0d67,5,5
2025-11-03,9842.0,FULL SEND,9214;19918;20405;22547;24345,4TAYLOR;AMC;b1;Majesticzz;spamzzy,4c09bc4f030ac6e5f689,5,5
2025-11-03,13012.0,HyperSpirit,15573;17116;18294;21117,ADRON;Ciocardau;d1maje;kritik;ragga,,4,5
2025-11-03,13217.0,ScarX,16167;16180;21536;21541,Dant1k;Dili;K1A;kRYPt0N;X1RON,,4,5
2025-11-03,11917.0,NIP Impact,1572;16764;21796;21798;23090,aiM;Nayomy;Qiyarah;vilga;Zana,bcf8426eb332bb67eadf,5,5
2025-11-03,12421.0,Let Her Cook,20165;22023;22024;22604;23436,JennyR;Joanana;meli;spike;xia,40061fd47f8ef085bbbb,5,5
2025-11-03,12702.0,Lotus fe,,alicerawr;cyclone;estrella;tokkis;Zazu,,0,5
2025-11-03,3044.0,MIBR Academy,6553;21290;21700;22964;25108,brn$;fl4sh;lkz;perez;stormzyn,008df279d63681cf55a9,5,5
2025-11-03,13151.0,Tropa do KinGui,19975;23587;24294;24716,brokeN;cLd;Ltz;rainny;wallz1k,,4,5
2025-11-03,12828.0,Imperial Valkyries,12758;16497;18775;21756;24005,ANa;Kat;tory;twenty3;wieenN,5855deaebb992b75cd0f,5,5
2025-11-03,13469.0,Money Crew,23458,laxiee;N2o;obi;Zamgaa;zy,,1,5
2025-11-03,12533.0,Atrix,19998;20501;21733;23092;23514,bokor;Eleven;LyttleZ;REGIANE;Sofiaxyz,2f6b8f40e062c2af2ee7,5,5
2025-11-03,12912.0,thekillaz fe,,brunakiller;fly;hera;Samys;tamizinha,,0,5
2025-11-03,13369.0,The Glecs,24812;25100;25459,crickeyyy;hAw;hodix;jackast;mad1nho,,3,5
2025-11-03,13288.0,ex-W7M,11739;17861;18894;22181;22371,JOTA;levi;shz;t9rnay;urban0,b00d27ada70927aaf2b6,5,5
2025-11-03,13422.0,UnderDogs,21888;24298;24328;24930;25034,ALENNNCAR;ghosT1;Lukita;Thuister;vzn,b29d3226b57a78ab58ea,5,5
2025-11-03,13395.0,hindsight,,Ann4;jenkon;Madam;mikeri;pullox,,0,5
2025-11-03,7801.0,Ghost,8640;21961;22096;23524,7licious;Ellie;EMUHLEET;mira;PiggyKiki,,4,5
2025-11-03,13413.0,Vasco,10838;10840;22423;23094;23588,clon7;mawth;n1cks;RenanZin;tatazin,9b977fa7965eac2edcd1,5,5
2025-11-03,11718.0,BIG EQUIPA,21849;22062;22063;23049;23995,ASTRA;Emmsan;Hanka;kyossa;vicu,13ff3bf50880ed1c8aa0,5,5
2025-11-03,13398.0,Nocturnal,,gadfly;lunari;madss;tori;violet,,0,5
2025-11-03,5347.0,BLUEJAYS,18706;19079;19128;19710;19711,dare;freshie;Fruitcupx;SLIGHT;snav,211d4d761777d0aa6ee4,5,5
2025-11-03,13143.0,Black Mold,,Bungee;Knopk@;Pterodactylsftw;sunnypp;uhKelsie,,0,5
2025-11-03,13520.0,Four Magic,20503;21042;21736;22270;23148,annaEX;Babs;Brendinha;Cellax;josi,5c71d2a881e95e3f2f5f,5,5
2025-11-03,12955.0,THE,,1Drezz;d0RREN;krc;Sange;vt0rnikk,,0,5
2025-11-03,13434.0,Square Sausages,,Cher1on;Dutchy;moz;wfn;Wolfie,,0,5
2025-11-03,11668.0,Mindfreak,,dpr;Drox;swerzieN;tucks;zune,,0,5
2025-11-03,12455.0,Vantage,,Arctic;Kiyo;neo;Oath;tidy,,0,5
2025-11-03,13417.0,Curralzinho,,akane;Cara de Banana;kati;pack;yuu,,0,5
2025-11-03,12948.0,BORING PLAYERS,22997;24036;24387;25246,Jun7;Karpyy;Miszary;tutu;zdr,,4,5
2025-11-03,13383.0,888aura,23052,aiveri;Nem1za;suns1de;unknxwn,,1,4
2025-11-03,13405.0,Nemesis Impact,1656;7653;21793;22095;22356,juliano;Kaoday;Monkey D Julie;RacheLL;ramziiN,5822d211e6f36d39e597,5,5
2025-11-03,11660.0,Take Flyte,23226;24527;24679;24680,Crisp;Drop;huncho;jared;Panic,,4,5
2025-11-03,13340.0,CSDIILIT,21931;24185;24911;24995,8Juho8;joeski;Myggis;Rejoiner,,4,4
2025-11-03,12707.0,Underground,,beau;jayketh;Mechanical;Myst;N1ghtraid,,0,5
2025-11-03,13237.0,AM,12781;16705;19725;20677;22060,2high;Altekz;delle;gxx-;k1to,0c00b65cceb738105b5a,5,5
2025-11-03,13381.0,wwaves,,daria;kira;olya;sakura;sckrafft,,0,5
2025-11-03,10973.0,Anonymo,22385;23767;24243,AdrieN;chudy;darchevile;Melavi;Nami,,3,5
2025-11-03,8038.0,Party Astronauts,13250;20572;20793;22967,Austin;ben1337;kmrn;ogwizard;sacrifice,,4,5
2025-11-03,9958.0,Alter Ego,20283,b1lal;BnTeT;tomiko,,1,3
2025-11-03,13142.0,AKA HERO KAJO,,amyb;miLo;piku;Siljeeeh;Waldee,,0,5
2025-11-03,13310.0,MANA,18119;20434;21108;21109,ammar;BledarD;Caleyy;cerber;gejmzilla,,4,5
2025-11-03,12152.0,KZG,,dearlucid;dpr;Drox;Mingovi;vinhy,,0,5
2025-11-03,13391.0,Overpeek,22028;23438;23505;24006,Deylary;irbitka;Margo;sosya;v1spel,,4,5
2025-11-03,13163.0,ALGO,13679;21575;22091;22696;22948,anber;Dengzoe;Griller;nukkye;Scr0b,f683710fbdcdb790d426,5,5
2025-11-03,5479.0,Mythic,8503;15007;15090;20510;22022,Cooper;fl0m;hyza;PwnAlone;Trucklover86,2eb72eae58d9b796bd40,5,5
2025-11-03,13327.0,R2,10499;10506;20531;24558,ABM;JonY BoY;maaxg1;nbl;tutehen,,4,5
2025-11-03,13412.0,Dusty Roses,,armk4m;chjna;Flossie;sofiz;valulu,,0,5
2025-11-03,12971.0,Wanted Goons,23589,cutedog;febreeze;Johan;killerPandas;Magic,,1,5
2025-11-03,13503.0,Kiri,19028;23674;25256;25310,Brashi;den1ed;flacko;milesd;VulcaN,,4,5
2025-11-03,13294.0,Outfit 49,24045,bezymecc;H0NeST;KmZ,,1,3
2025-11-03,5775.0,Elevate,13287;19972;21100;22777;22956,bnc;ckzao;diozera;lash;zede,e620aa497fbc84eb3e7b,5,5
2025-11-03,11711.0,Players,6553,dok;fl4sh;honda;MITHPUTTINI;xns,,1,5
2025-11-03,13353.0,Arrival Seven,18442;23589,DooM;FRIZZY;MagiC;NIGHT666LADE;TABEN,,2,5
2025-11-03,13300.0,ROSY,,1nhuman;bogemt;byek;forzetsky,,0,4
2025-11-03,13510.0,QWENTRY,20883;21445;21686;23687;24807,abiraju;anttzz;eightz999;Muk0s;slaxejezzz,9fb33399a96a3475eea9,5,5
2025-11-03,13212.0,ex-TALON,14294;20086,ADDICT;BRACE;Forleks;hazr;sterling,,2,5
2025-11-03,13265.0,MAGICOS,6536;23997;25031,Jhones Macarones;Lcs;rx;snow;Tineu,,3,5
2025-11-03,13175.0,Change The Game,23001;24855;24857;24858,957;Hack1ng;LaiKeXu;Zero,,4,4
2025-11-03,11955.0,LAG,14799;20573;22552;23199,Andrew;brett;mason;Sandman;Wolffe,,4,5
2025-11-03,12334.0,Preasy,3741;22091;25066,AcilioN;Griller;niko;qx,,3,4
2025-11-03,10299.0,FURY,,ADK;cheeseball;cookie;rekonz;SkulL,,0,5
2025-11-03,13316.0,Animus Victoria,,foggers;kairo;Kobe;phoebe;TRIPLUS,,0,5
2025-11-03,13328.0,TSG,19028;23161;23674,Brashi;den1ed;HorizoN;VulcaN,,3,4
2025-11-03,13458.0,CRIMSON,15762;19563;23325;23430,Benzene;clouda;EmbeR;RaYzEr;reV3nnnn,,4,5
2025-11-03,9621.0,AaB,13077;21574;23106,Boye;Patti;Viggo,,3,3
2025-11-03,12973.0,NuTorious,24769,Jr24racing;Msaia;nova;sayN;Toasty,,1,5
2025-11-03,13298.0,ex-SABRE,24325;24672;24812,fakerealityy;hodix;jackast;neiter;tripex17,,3,5
2025-11-03,13127.0,Wildcard Academy,16847;19167;24113;24810,doni;leen;mhL;smekk-;sSen,,4,5
2025-11-03,13147.0,Shika,9339,ImpressioN;jiejie;splashske;Zy88,,1,4
2025-11-03,12769.0,Fisher College,12793;13298;19602;20429;25524,AlekS;CrePoW;ReFuZR;TH0R;Wumbo,70b874b15f45da68a34a,5,5
2025-11-03,13206.0,anything else,20101,corim;cypress;FAME;mcniff;Slash,,1,5
2025-11-03,13272.0,ex-Permitta,18456,fostar;Kre1N;Orbit;Twiksar,,1,4
2025-11-03,13397.0,NYX,,ADK;AuroraVeee;jaydee;MamaAlien;PippySippy,,0,5
2025-11-03,12420.0,shinigami,23441,akiyanora;mb1w;metori;turboxgirl,,1,4
2025-11-03,12483.0,MIGHT,12102;24527,BiNoX;djay;jared;Seb;Snakes,,2,5
2025-11-03,11497.0,Little Bocks,8183,Andrea;athxna;Bouchard;rain;sapphire,,1,5
2025-11-03,12463.0,CAPIVARAS,,Arkynha;croma;elennz;lexy;luhflickzz,,0,5
2025-11-03,13302.0,JERSA,,BabyRage;KOT3;points;Slayerhz;zockie,,0,5
2025-11-03,11988.0,GLORE,18848;21165,DEPRESHN;HENU;M1key;neptun,,2,4
2025-11-03,12908.0,Aether,18090;20934,arias;clipzera;flow;micro;Tender,,2,5
2025-11-03,13153.0,Hesta,21445;21686;23687;24806;24807,abiraju;anttzz;frontales;Muk0s;slaxejezzz,f5cffaa253b25112d40e,5,5
2025-11-03,13317.0,DOG,,Kiyo;lucas222;Xiaobao,,0,3
2025-12-01,8297.0,FURIA,2023;12553;13915;15631;24144,FalleN;KSCERATO;molodoy;YEKINDAR;yuurih,e0362dcbafd342d82962,5,5
2025-12-01,11283.0,Falcons,3741;12018;19230;19677;24177,kyousuke;kyxsan;m0NESY;NiKo;TeSeS,e17285b415d2dc1447da,5,5
2025-12-01,9565.0,Vitality,7322;11816;11893;16693;18462,apEX;flameZ;mezii;ropz;ZywOo,91c93eb867d7d47bf729,5,5
2025-12-01,11861.0,Aurora,150;7938;8574;21243;22361,jottAAA;MAJ3R;Wicadia;woxic;XANTARES,0a254842e1149d2d09f6,5,5
2025-12-01,4494.0,MOUZ,13666;18072;18221;18850;20312,Brollan;Jimpphat;Spinx;torzsi;xertioN,43f602c729e986479a12,5,5
2025-12-01,6248.0,The MongolZ,20194;20275;21001;21398;21809,910;bLitz;controlez;mzinho;Techno,cb557daf320d95ff0c96,5,5
2025-12-01,7020.0,Spirit,7716;16920;19808;21167;23685,chopper;donk;sh1ro;tN1R;zweih,6d0db80f7712aec31efc,5,5
2025-12-01,5973.0,Liquid,8520;8738;9436;16820;21763,EliGE;NAF;NertZ;siuhy;ultimate,235e5a809ccd8fbfac1b,5,5
2025-12-01,5995.0,G2,3972;11617;19164;20447;21062,HeavyGod;huNter-;malbsMd;MATYS;SunPayus,c6e7095c117141b82830,5,5
2025-12-01,4608.0,Natus Vincere,9816;14759;18987;20127;22673,Aleksib;b1t;iM;makazze;w0nderful,9d2b566c8472997adfa4,5,5
2025-12-01,12468.0,Legacy,15698;19045;19686;20563;22965,dumau;latto;lux;n1ssim;saadzin,5cfd43d0258204c4872c,5,5
2025-12-01,6665.0,Astralis,7592;9032;10096;17956;20304,device;HooXi;jabbi;Magisk;Staehr,0704dd9f459ba3b327e7,5,5
2025-12-01,7175.0,HEROIC,19187;19310;20119;22047;23600,Alkaren;LNZ;nilo;xfl0ud;yxngstxr,9878cbc31a184ab5cc29,5,5
2025-12-01,4914.0,3DMAX,8374;13138;19739;21969,bodyy;Ex3rcice;Graviti;Lucky;Maka,,4,5
2025-12-01,4773.0,paiN,14736;18141;18865;19694,biguzera;dav1deuS;dgt;nqz;snow,,4,5
2025-12-01,11241.0,B8,19592;20112;21708;22842;23643,alex666;esenthial;headtr1ck;kensizor;npl,a557275c96d577ef4eaf,5,5
2025-12-01,6667.0,FaZe,429;9960;10394;18053;22383,broky;frozen;jcobbb;karrigan;Twistzz,3797ea47fc726fe1991c,5,5
2025-12-01,10567.0,SAW,630;20462;21014;22807;23140,Ag1l;aragornN;krazy;MUTiRiS;story,9c3bd9b3ce1afe43eeb7,5,5
2025-12-01,12467.0,PARIVISION,13776;19235;22076;22471;22929,AW;BELCHONOKK;Jame;nota;xiELO,f94e124a1a752f15f4db,5,5
2025-12-01,13404.0,Gentle Mates,8371;9254;18749;19509;21239,alex;dav1g;MartinezSa;mopoz;sausol,d807a95213fd6aab9a51,5,5
2025-12-01,9928.0,GamerLegion,9278;16486;20301;23766,hypex;PR;REZ;Tauson;ztr,,4,5
2025-12-01,13286.0,FUT,20584;20761;22203;22674;23553,cmtry;dem0n;dziugss;Krabeni;lauNX,d3179d30c0f804c093f7,5,5
2025-12-01,12394.0,BetBoom,11840;18506;20357;21348;21667,ArtFr0st;Boombl4;d1Ledez;Magnojez;S1ren,852dcd372811563e8fc7,5,5
2025-12-01,4991.0,fnatic,7528;15165;17803;23046;23414,blameF;fEAR;jackasmo;jambo;KRIMZ,c7e0cca8490bcfa6f20e,5,5
2025-12-01,12376.0,M80,15370;16599;18838;20104;22921,HexT;Lake;s1n;slaxz-;Swisher,8bb1193a025837b6c801,5,5
2025-12-01,12774.0,FlyQuest,4679;11140;17384;18214;20123,INS;jks;nettik;regali;Vexite,82ec1484979378ef597b,5,5
2025-12-01,12426.0,Passion UA,11630;12840;13578;21452;21620,Grim;hallzerk;JT;Kvem;nicx,d7f059bd513e44ecf08a,5,5
2025-12-01,11581.0,HOTU,16612;18752;19823;21385;24806,dukefissura;frontales;kade0;mizu;n0rb3r7,3ec3d3ce7d1a4813ca3f,5,5
2025-12-01,4411.0,Ninjas in Pyjamas,922;14148;20425;20464;23372,ewjerkz;r1nkle;sjuush;Snappi;xKacpersky,0ce5cad9da2e56293d9e,5,5
2025-12-01,8840.0,Lynn Vision,16551;18744;20254;22922;23100,C4LLM3SU3;EmiliaQAQ;Starry;Westmelon;z4kr,dbed042ec191be814f2c,5,5
2025-12-01,6673.0,NRG,8521;8711;14109;16717;20333,br0;daps;Jeorge;Sonic;XotiC,1c7dbd769cf99bae54c8,5,5
2025-12-01,9455.0,Imperial,10566;12822;18676;19869;22564,chelo;noway;skullz;try;VINI,61517c897f6cd83552fe,5,5
2025-12-01,11737.0,EYEBALLERS,3849;20879;21012;21159;22914,bobeksde;dex;JW;maxster;Ro1f,7cfc35758b87beeaec16,5,5
2025-12-01,13117.0,Inner Circle,23415;23642;24168;24282;24283,cairne;Dawy;Flierax;onic;zeRRoFIX,e5a7f5ceaa4267c2231b,5,5
2025-12-01,10503.0,OG,13602;19064;20465;20878;21983,adamb;arrozdoce;Chr1zN;nicoodoz;spooke,02c5489bbd6d48709c11,5,5
2025-12-01,10278.0,9INE,2898;14932;20300;21113;22702,cej0t;faveN;kraghen;MoDo;raalz,ab72984ae34127e5230d,5,5
2025-12-01,9215.0,MIBR,11154;13239;20987;21037;23192,brnz4n;exit;insani;kl1m;Qikert,dfe4b1b80db30abff546,5,5
2025-12-01,4863.0,TYLOO,8552;19645;20702;20895;21621,Attacker;JamYoung;Jee;Mercury;Moseyuh,2c632070ba401ebd2e9d,5,5
2025-12-01,4869.0,ENCE,12708;12731;21233;21815;21972,myltsi;Neityu;podi;rigoN;sdy,ef0939a8d1a8039205e4,5,5
2025-12-01,11837.0,Fluxo,12521;18717;19692;20183;20385,arT;decenty;kye;Lucaozy;zevy,28e73a0f0518d8fa9ffc,5,5
2025-12-01,5378.0,Virtus.pro,12732;16947;20101;21439;24952,fame;FL1T;ICY;Perfecto;tO0RO,b31059c16fd181946b20,5,5
2025-12-01,11811.0,Monte,19015;19926;21217;21816;22106,afro;AZUWU;Bymas;Gizmy;ryu,486523cd7cd16bd59cc7,5,5
2025-12-01,10577.0,SINNERS,11199;12810;23295;23459;23763,beastik;kisserek;Pepo;SHOCK;stressarN,512620b262f209859916,5,5
2025-12-01,11419.0,ECSTATIC,10330;11995;20417;21779;22695,acoR;Anlelele;nut nut;sirah;TMB,0c0065c0b2c46762ecbb,5,5
2025-12-01,7532.0,BIG,5794;14929;19284;20122;22866,FreeZe;JBOEN;JDC;prosus;tabseN,c2393512125e357a0b35,5,5
2025-12-01,8113.0,Sharks,20558;21170;21221;21921;22911,doc;gafolo;koala;maxxkor;rdnzao,05357aa633fe11759c40,5,5
2025-12-01,13547.0,Friendly Campers,15203;20245;20958;21263;22703,bajmi;moonwalk;olimp;reiko;SaMey,e589c64ec1c105e17303,5,5
2025-12-01,12474.0,Alliance,7443;16487;22760;22860;23397,avid;eraa;poiii;twist;upE,16eff455cca88a762de3,5,5
2025-12-01,11712.0,Sashi,11271;16723;20090;21199;23338,Beccie;Cabbi;MistR;smooya;Zyphon,f1f7991707311b598817,5,5
2025-12-01,12895.0,K27,19575;22886;23684;23686;24725,kashl1d;qw1nk1;relaxxie;X5G7V;xeedo,e750fe564bbd5d2ce6ca,5,5
2025-12-01,9996.0,9z,12092;15914;22181;22371;22613,HUASOPEEK;levi;Luken;max;urban0,e0eb9e74d9c82b57698d,5,5
2025-12-01,10333.0,Sangal,12004;19673;19882;20709;22039,clax;danistzz;Norwi;Patsi;r3salt,309228bd27a8720c61d1,5,5
2025-12-01,13027.0,Nuclear TigeRES,19962;22878;22880;23762;24568,flouzer;m1QUSE;Re1GN;senka;z1k4,8cb7143adda2bfd56682,5,5
2025-12-01,12144.0,BESTIA,2161;20185;20607;22570;24863,buda;cass1n;Noktse;timo;tomaszin,0879d2468d07e7792f62,5,5
2025-12-01,12471.0,GUN5,18670;22536;22930;23047;24485,mag1k3Y;Sdaim;SELLTER;tex1y;yiksrezo,18a87234f5907bb4c123,5,5
2025-12-01,13237.0,AM,12781;16705;19725;20677;22060,2high;Altekz;delle;gxx-;k1to,0c00b65cceb738105b5a,5,5
2025-12-01,13419.0,Venom,3669;15940;21715;22473;23765,flayy;hfah;innocent;Qlocuu;Sobol,63d4f5b683aa44230dae,5,5
2025-12-01,12380.0,CYBERSHOKE,17508;20430;21710;22803;22879,alpha;bl1x1;FenomeN;glowiing;notineki,daa444779c879bef2c38,5,5
2025-12-01,11514.0,Rare Atom,7028;8598;19681;20808;21825,ChildKing;L1haNg;Marek;Summer;Tiger,b389ec04583bcfad9601,5,5
2025-12-01,11571.0,Gaimin Gladiators,9219;9482;11739;17861;21099,bsd;felps;JOTA;NEKIZ;shz,f3b89ca67344b08b9339,5,5
2025-12-01,10621.0,1win,8528;15071;20700;23770;23771,cronuss;HObbit;interz;lattykk;oz1k,1f10e1ddeb64858ed9a7,5,5
2025-12-01,7969.0,Nemiga,20387;21266;22325;22460;23317,1eeR;khaN;riskyb0b;sowalio;Xant3r,c7f4bab835cec5a8f8ee,5,5
2025-12-01,13470.0,Oramond,20071;20686;20945;22129;24179,AntyVirus;fanatyk;Frontsiderr;SpavaQu;suonko,23210c1bc77590d5a72a,5,5
2025-12-01,12510.0,The Huns,15072;18638;19957;20703;23402,Bart4k;cobrazera;nin9;sk0R;xerolte,98d8ee24d663c964f937,5,5
2025-12-01,,SkinRave,10892;14494;15176;17929;23458,Cryptic;junior;laxiee;MarKE;Walco,a994045b00cfb65ca5b2,5,5
2025-12-01,13124.0,Marsborne,12937;17353;18761;19705;22069,chop;Cxzi;Grizz;viz;WolfY,4cb35f629420146cbcc1,5,5
2025-12-01,,TPuDCATb TPu,3459;20534;22040;22927;23302,bluewh1te;executor;kinqie;KIRO;z1Nny,c93afad3985eb352df7c,5,5
2025-12-01,12604.0,Johnny Speeds,9255;9261;15569;16029;24137,draken;HEAP;Lekr0;Licale;Sapec,4702984764bd2719f378,5,5
2025-12-01,11838.0,Partizan,20066;20252;20685;20813;21786,aidKiT;choiv7;Kind0;VLDN;xavi,f729159b528066f40b4e,5,5
2025-12-01,7176.0,RED Canids,20026;20085;20939;21288,chayJESUS;drop;history;kauez;venomzera,,4,5
2025-12-01,12818.0,FAVBET,2131;18240;19614;20110;20228,bondik;j3kie;Marix;s4ltovsk1yy;Smash,7c5e87f24d0ff0cb4725,5,5
2025-12-01,6033.0,Keyd Stars,16814;16816;17133;18891;18894,CutzMeretz;danoco;desh;t9rnay;vsm,fd4160f1672efb1f923c,5,5
2025-12-01,7441.0,ECLOT,9911;19069;19594;19815;22101,Dytor;forsyy;kreaz;nbqq;spardaus,6f1ad68b17194da1c4ea,5,5
2025-12-01,12000.0,500,9766;11219;17145;18571;20358,CeRq;CYPHER;hampus;Rainwaker;volt,0263b6b78c44c49580b4,5,5
2025-12-01,10975.0,MIBR fe,11215;16341;21800;21801;23463,Dani;GaBi;Olga;poppins;yungher,9b56a68b02d01406acef,5,5
2025-12-01,10245.0,JiJieHao,17675;18120;18163;19763;22419,0SAMAS;Bibu;BOROS;m1N1;sinnopsyy,e28246ca6151f9b66fc8,5,5
2025-12-01,11718.0,BIG EQUIPA,21849;22062;22063;23049;23995,ASTRA;Emmsan;Hanka;kyossa;vicu,13ff3bf50880ed1c8aa0,5,5
2025-12-01,11641.0,Metizport,13669;13670;17937;20253;24083,Dragon;isak;Jackinho;MaiL09;nawwk,925cf771181ecf1b5088,5,5
2025-12-01,12431.0,Betera,17316;19231;19874;20402;24173,h1te;MaSvAl;synyx;tENZY;Vert,3901811535021c8b7cec,5,5
2025-12-01,11768.0,ODDIK,9216;14390;17181;22182,coldzera;ksloks;naitte;WOOD7,,4,4
2025-12-01,13459.0,ex-Inner Circle,4829;16848;17504;19114;20282,hades;KEi;kRaSnaL;Kylar;mynio,b9886d63b265d6ca645a,5,5
2025-12-01,12878.0,BC.Game,7998;8918;9618;18790;20926,aNdu;CacaNito;electroNic;nexa;s1mple,25d1e81278a1e29001ab,5,5
2025-12-01,12257.0,Wildcard,8507;16726;19044;21665;22135,F1KU;JBa;Peeping;phzy;stanislaw,1e0f3c8103c3bc917fdd,5,5
2025-12-01,12776.0,Bounty Hunters,18322;18714;20083;20690;20885,fREQ;KAISER;ninjaZ;piriajr;zock,6ce5f67c0ecbe3b5aa39,5,5
2025-12-01,11446.0,Leo,19617;21065;21650;21651;22649,amster;kL1o;Malkiss;marat2k;OneUn1que,5f5d618186c85997b7b6,5,5
2025-12-01,11523.0,Zero Tenacity,5351;8311;11777;21302;21783,aVN;brutmonster;Cjoffo;Maden;nEMANHA,6f98e5a4c4d38da6cab8,5,5
2025-12-01,11609.0,GenOne,7168;14176;19738;21971;22481,Brooxsy;Chucky;Djoko;misutaaa;NBK-,0a9edd429f8c2d65e0b9,5,5
2025-12-01,7900.0,Spirit Academy,22864;23319;24176;25334;25390,Kiryasoo;kurosse;Mokuj1n;robo;syph0,f81754ee526ed23ee1fc,5,5
2025-12-01,13331.0,Kaleido,16558;20258;23596;24747,expSasiKi;rage;rubeN;SPine;suki,,4,5
2025-12-01,12694.0,RUBY,20956;22189;22326;22459;24972,fozil;H4SAN4TOR;Kaide;maQuein;sh1nejezzz,a4cfafa28a6a55aa2b69,5,5
2025-12-01,7187.0,Nexus,1206;9626;12945;19817;22563,Blytz;BTN;fnl;s0und;XELLOW,a6c215b1e63f08658b91,5,5
2025-12-01,12960.0,Fire Flux,9353;17117;17305;20625;20968,Banjo;FinigaN;paz;shield;soulfly,13fc1402433e4224d17a,5,5
2025-12-01,12677.0,Galorys,9483;18743;20522;23551;24224,bacc;destiny;gbb;nython;tomate,59835da0637a878d3d34,5,5
2025-12-01,12646.0,Chinggis Warriors,19229;19536;19537;22414;25510,cool4st;Efire;ROUX;tikuak;yAmi,0df7d488e9c8a603d80d,5,5
2025-12-01,13499.0,Voca,17918;19709;19711;20692;24048,dea;nosraC;shane;slump;snav,c25135f074b26d8e8b59,5,5
2025-12-01,12858.0,kONO,9896;13718;15117;16147;22904,b0RUP;birdfromsky;Burmylov;cptkurtka023;Keoz,c03a78e1868c844a2a00,5,5
2025-12-01,12959.0,ShindeN,19872;19985;20451;20992;21155,abizz;BK1;ivz;nacho;naz,cda0fd1fadf7dadf4d46,5,5
2025-12-01,13380.0,9BOOMPRO,15662;16555;17011;18510;20994,Ax1Le;FL4MUS;shalfey;sugaR;zorte,094e0172259e2ecc3449,5,5
2025-12-01,13178.0,NOVAQ,11940;22537;23292;23541;24917,def1zer;modeSavage;neaLaN;Pump;tasman,17a3e484c38354ebaa7e,5,5
2025-12-01,13081.0,Fake do Biru,6593;16817;18610;22362;23045,detr0ittJ;hardzao;lukiz;PKL;xureba,6af22c7f89396d17a520,5,5
2025-12-01,13518.0,Acend,11217;15385;20114;21371;21657,AwaykeN;KalubeR;shaiK;Skrimo;SPELLAN,c1350696f6dc330c1096,5,5
2025-12-01,12548.0,Dusty Roots,14737;18554;23150;24749;25106,FraGuTy;meyern;next;rzk;tom1jed,6ebb9b9bfd31ae26449e,5,5
2025-12-01,4548.0,CPH Wolves,16753;20637;22048;24203;24332,b1elany;Jorko;Matheos;n1Xen;Tapewaare,c7762212e7bb2338b84c,5,5
2025-12-01,12901.0,SemperFi,14294;14990;20003;20086;20244,ADDICT;hazr;keen;SaVage;shadiy,e2e6d725d3b81e97d32e,5,5
2025-12-01,12916.0,Betclic,16080;18070;18979;22385;25542,Demho;Dr3nquu;dycha;Melavi;Prism,5dd36c2d73607cc31aff,5,5
2025-12-01,11176.0,MOUZ NXT,21988;24457;25253;25254;25255,ay0k;Joey;Nikodeon;opdust;xelex,cd967d20eabd7209546b,5,5
2025-12-01,13214.0,SPARTA,21369;24171;24172;24818,1NVISIBLEE;Djon8;k4nfuz;SoLb;yuramyata,,4,5
2025-12-01,13355.0,Nemesis,7996;13018;20872;22035;24734,CRUC1AL;n0te;Nexius;tein;Thomas,ceca78b6e11a5b2a0cb3,5,5
2025-12-01,7865.0,HAVU,9818;21963;22143;22144;22211,Alxc;ottob;p3kko;puuha;uli,cafbd75d62b9de4d1423,5,5
2025-12-01,11838.0,Partizan,13026;20252;20253;20813,c0llins;DEPRESHN;Dragon;Kind0;VLDN,,4,5
2025-12-01,12899.0,FengDa,19060;20896;24304;24306;24748,3gl;Biuckmt;chengking;salmon;Trash,e94a7585d2fc6da92781,5,5
2025-12-01,12267.0,UNiTY,15818;15821;20229;21165;23469,K1-FiDa;M1key;MoriiSko;NEOFRAG;woozzzi,f6568e478ed3ecce1cbe,5,5
2025-12-01,11933.0,Yawara,22364;24284;24556;24772;25035,j0w;Lacerda;nardes;revoltz;tele,78f5028fdb88ed891113,5,5
2025-12-01,12533.0,Atrix,19998;20501;21733;23092;23514,bokor;Eleven;LyttleZ;REGIANE;Sofiaxyz,2f6b8f40e062c2af2ee7,5,5
2025-12-01,12857.0,FORZE Reload,21367;22327;23628;24607;24967,KusMe;rikon;Something;spirit;swetsi,be391efe5150274df825,5,5
2025-12-01,11251.0,Eternal Fire,8575;15835;21023;21250;23274,Calyx;EMSTAR;imoRR;jresy;lugseN,05a06f2f02a46096493e,5,5
2025-12-01,12812.0,ALLINNERS,11942;23386;23542;23543;23598,buster;demente;kumao;noni;wEAVER,4c74902a02c5250314d2,5,5
2025-12-01,13251.0,Mousquetaires,147;284;10569;19742;21967,devoduvek;drac;JACKZ;SIXER;Tarkky,b6076ad1a742be100e9e,5,5
2025-12-01,10459.0,ARCRED,18447;18671;19703;19812;20207,Chill;DSSj;Get_Jeka;Raijin;Ryujin,944c447eb432bcb34ed5,5,5
2025-12-01,10976.0,FURIA fe,11872;16340;17288;21219;22839,bizinha;gabs;izaa;kaahSENSEI;lulitenz,10dd16af0d8ef7254cf3,5,5
2025-12-01,12586.0,AMKAL,16921;16948;19236;19920;23858,KaiR0N-;KENSI;mo0N;nafany;TRAVIS,2f6e31b250d41f1925cc,5,5
2025-12-01,12534.0,BOSS,13250;16647;19079;19128;20564,ben1337;Bwills;d4rty;Fruitcupx;SLIGHT,b33921be1d7e3c48f339,5,5
2025-12-01,10864.0,VP.Prodigy,24292;24950;24951;25462;25509,AquaRS;F0R3VER;lasfas;TriBorgg1;turbo,0edb911cc0b146ba53e2,5,5
2025-12-01,13181.0,BASEMENT BOYS,20422;22680;22945;23614;24286,Bambosh;levantino;OWNER;Polbandana;Tr0ublE,440ea359aba3be9846af,5,5
2025-12-01,7532.0,BIG,5794;14929;19899;20170,hyped;JDC;Krimbo;kyuubii;tabseN,,4,5
2025-12-01,13281.0,Bushido Wildcats,21253;22498;22504;24842;24843,cadnyx;Darendeli;eNs;scolleN;Vej,c6f55ecf0a0016464c21,5,5
2025-12-01,13495.0,Skinsauna,18848,allu;HENU;Jelo,,1,3
2025-12-01,11175.0,KHAN,,dosikk;dune;lom1k;tEO;tsukumeow,,0,5
2025-12-01,10900.0,KRÜ,9221;18549;21169;22163;24015,laser;Misfit;reversive;righi;trindade,24ab81558b1ef2521e91,5,5
2025-12-01,13175.0,Change The Game,23001;24644;24855;24857;24858,957;Hack1ng;LaiKeXu;VanceKK;Zero,6fea41645c75426f6bf3,5,5
2025-12-01,9621.0,AaB,22940;23106;24425;24426;25066,bekker;Mol011;qx;stesso;Viggo,da2897f195b5b9d3ccf7,5,5
2025-12-01,11790.0,ENCE Academy,21930;22733;23536;24121;24149,Blick;Cliqq;millert;Schwarz;teme,c207036ec5bfd9672bb3,5,5
2025-12-01,4602.0,Tricked,16731;21571;21574;24104,Boye;IceBerg;leakz;NickyB;salazar,,4,5
2025-12-01,9881.0,Rooster,12877;14333;21395,ADK;chelleos;ju1ces;Terryyy;viridian,,3,5
2025-12-01,12097.0,Eruption,19538;21428;24123;24125,fury5k;MagnumZ;sideffect;viscera;xenization,,4,5
2025-12-01,11668.0,Mindfreak,,dpr;swerzieN;Texta;tucks;zune,,0,5
2025-12-01,12426.0,Passion UA,16885;19733;21452;23414,DemQQ;jackasmo;Kvem;Topa;Woro2k,,4,5
2025-12-01,12948.0,BORING PLAYERS,840;22997;24036;24387;25246,Jun7;karl;Miszary;tutu;zdr,cbb3b45ef04eede35ff9,5,5
2025-12-01,11917.0,NIP Impact,1572;16764;21796;21798;23090,aiM;Nayomy;Qiyarah;vilga;Zana,bcf8426eb332bb67eadf,5,5
2025-12-01,13433.0,Last Bullet,16768;16778;16872;19735;21509,B1NGO;flying;lan;Miami;Roninbaby,721379600900fed1e65b,5,5
2025-12-01,10997.0,Procyon,17997;19086;20689;24091;25105,AGL;dott1;Hezz;lenci;pavv,1b4647825d2172eeba82,5,5
2025-12-01,13304.0,LP,14010;17132;20521;21284;23550,Alisson;divine;happ;Leomonster;zmb,f05957b82dce82160422,5,5
2025-12-01,12828.0,Imperial Valkyries,12758;16497;18775;21756;24005,ANa;Kat;tory;twenty3;wieenN,5855deaebb992b75cd0f,5,5
2025-12-01,12124.0,Insilio,18510;20197;22535;22536;23303,dwushka;faydett;h1kaN;mag1k3Y;sugaR,6434ece6b5a655e421c3,5,5
2025-12-01,8536.0,Ground Zero,,apocdud;damyo;Omichella;pz;vision,,0,5
2025-12-01,13501.0,illwill,9656;11777;18456;20828;20889,7kick;fostar;hAdji;leri511;Maden,1e89e429f7f7dde71c4c,5,5
2025-12-01,6626.0,MINLATE,9616;15118;20960;21143;22474,amanek;ex1st;POLO;SBT;sk1tt,357e765de69fc71d333c,5,5
2025-12-01,9881.0,Rooster,12877;18545;20527;20881;21395,asap;chelleos;sliimey;Terryyy;TjP,c155914b68ef35235fe1,5,5
2025-12-01,6667.0,FaZe,429;7998;8183;8738;9960,EliGE;frozen;karrigan;rain;s1mple,7a1a96f424e10ab1e2fe,5,5
2025-12-01,13173.0,Phantom,11278;17113;20289;24833;25104,Ayteel;DGL;Kunai;szejn;TOAO,cf34ff156320098f8751,5,5
2025-12-01,11955.0,LAG,12102;19177;20572;22552;23199,consti;djay;kmrn;mason;Sandman,1dcfd140224975a6c38e,5,5
2025-12-01,10867.0,MASONIC,22810;22811;23334;23471;24105,Avou;Botman;Bukhavez;KralleJ;Noruyp,ae9a76d234ccd25e2d1b,5,5
2025-12-01,13485.0,VRSoholics,20284;20309;21142;23767,AdrieN;bnox;maaryy;Markoś;mASKED,,4,5
2025-12-01,12421.0,Let Her Cook,20165;22023;22024;22604;23436,JennyR;Joanana;meli;spike;xia,40061fd47f8ef085bbbb,5,5
2025-12-01,13531.0,Sakura,16581;22302;23391;24393;24415,empathy;Fawx;raven;Serendipity;Stx,a6dffd2855ad5f4f2190,5,5
2025-12-01,13475.0,FOLHA AMARELA,11337;13287;18140;19972;22404,bnc;cerolzin;ckzao;f4stzin;RCF,9caa8f14512fc00faa99,5,5
2025-12-01,13465.0,Dziuseppe,22476;24081;24544,keis;virtuoso;Xydoo,,3,3
2025-12-01,13053.0,Just Swing,10722;20354;22441;25247,gas;HiNa;Purely;qqGOD;sATOR1,,4,5
2025-12-01,12554.0,regain,23136;23137;23138;24667;24890,dvrk;fuzenko;marekiew;sasha;Zucar,1dabcf8b6bc61f3c719b,5,5
2025-12-01,12787.0,WOPA,11013;13077;13170;21381;25088,kwezz;Patti;SinK;thamlike;Zanto,45a6943ce4087385e762,5,5
2025-12-01,10901.0,OverKnight,9214;19918;20405;22547;24345,4TAYLOR;AMC;b1;Majesticzz;spamzzy,4c09bc4f030ac6e5f689,5,5
2025-12-01,5479.0,Mythic,8503;15007;15090;20510;22022,Cooper;fl0m;hyza;PwnAlone;Trucklover86,2eb72eae58d9b796bd40,5,5
2025-12-01,12825.0,The QUBE,24302;24396;24512;24513;24779,bkzcurs3d;Cozen;Kamui;Paranormal;soloooS,8ffa3acd959cb93967f8,5,5
2025-12-01,13106.0,Getting Info,10892;19709;19710;19711;24048,dare;MarKE;shane;slump;snav,db715d213b43165fc16e,5,5
2025-12-01,5378.0,Virtus.pro,8918;12732;20101;20994;21439,electroNic;fame;FL1T;FL4MUS;ICY,f1c05542faa91e6b6868,5,5
2025-12-01,4602.0,Tricked,3741;21571,kroK;leakz;niko;Nodios;salazar,,2,5
2025-12-01,12301.0,FlyQuest RED,8850;14401;18641;22111;23621,BiBiAhn;Emy;GooseBreeder;marie;vanessa,207c2e8550328eb5b8f3,5,5
2025-12-01,13506.0,ComeBack,,ElayDzha;for2na;OxygeN;R3LiFwOw;rinn,,0,5
2025-12-01,12900.0,NomadS,12956;18150;24303,clouden;hasteka;HenX;hoolig4n,,3,4
2025-12-01,13375.0,SportsBetExpert,17378;18706;21021;22967;23675,Evan;freshie;ogwizard;reck;TR0JN,e4127d5b5ea364685757,5,5
2025-12-01,9139.0,BRUTE,22863;23204;23206;24261;24553,KAD1M;N1KOLAJ;realzen;Siko;w4rden,6d4f6202e39b91bd099f,5,5
2025-12-01,13486.0,THUNDER dOWNUNDER,9115;10588;11139;18545;20527,aliStair;asap;dexter;Liazz;TjP,37b8d597de5be61440f7,5,5
2025-12-01,5995.0,G2,2553;3972;11617;16848;20447,hades;HeavyGod;huNter-;malbsMd;Snax,2c30e3ac1ffbc21beb69,5,5
2025-12-01,13483.0,Washington,20054;20336;20339;20908;22192,arTisT;bevve;Extinct;rafaxF;Vacancy,71f7924e11470f3d9864,5,5
2025-12-01,12536.0,DEPO,21691;22635;22638;24656,dako;icyvl0ne;shoxs;wetfy,,4,4
2025-12-01,13511.0,Fuego,21888;23960;24298;24328;24930,ALENNNCAR;Lukita;sakamoto;Thuister;vzn,d0c8c84028f0f1f81246,5,5
2025-12-01,11711.0,Players,22085,Lich;MITHPUTTINI;prisma;spinnie;xns,,1,5
2025-12-01,7376.0,m1x,13670;15778;17147;18120;23415,juanflatroo;nawwk;SENER1;sinnopsyy;zeRRoFIX,571319dc8798baaa92df,5,5
2025-12-01,13516.0,Fingers Crossed fe,22028;23438;23505;24006;24336,emocore;irbitka;Margo;sosya;v1spel,1d111441e414967038b8,5,5
2025-12-01,12707.0,Underground,,74LOR;Jynx;Mechanical;N1ghtraid;w0mbat,,0,5
2025-12-01,12908.0,Aether,18090;20578;20934;24892,arcade;micro;misha;Sathsea;Tender,,4,5
2025-12-01,12909.0,Phoenix,13689;20234;22835;24045,Gabe;H0NeST;jchancE;mds;REKMEISTER,,4,5
2025-12-01,12164.0,Zomblers,20273;20787;23410;24873,CAJUN;CoolComs;FxRE;HAMBOOGA;Pose1doNN,,4,5
2025-12-01,10960.0,Young Ninjas,16811;21512;22759;22950;23753,jocab;MahaR;MisteM;rud;sL1m3,2a6c5661f43ac44ccbd1,5,5
2025-12-01,13406.0,Flame Sharks fe,,ayaka;Elizabeth;f6tal;Ivoli;mJ,,0,5
2025-12-01,13441.0,FACEITPLAYERS,20054;20683;20750;23141;24634,Icarus;Jayy2s;P3R3IIRA;rafaxF;seabraez,7d0b7b964a13764dfa73,5,5
2025-12-01,10503.0,OG,13602;19044;19064;20941;21983,Buzz;Chr1zN;F1KU;nicoodoz;spooke,77d7e9342b0bb5860f6c,5,5
2025-12-01,12916.0,Betclic,18070;18979;23766;23767;25348,AdrieN;Demho;hypex;Prism;wizzhehe,68a644f3ce351ec19021,5,5
2025-12-01,7720.0,InControl,14744;20330;23690;24528,Beast;calamity;jsfeltner;Scorchyy;TyRa,,4,5
2025-12-01,13393.0,Peekaboo,20502;21727;22065;23451;25171,Angelka;Hikomi;julih;LETi;NAYLLA,56ef561c9f4baa8f0d67,5,5
2025-12-01,13364.0,Famalicão,8994;23480;23559;24905;25041,blaze;h0t;HS;M1KA;snowiee,0ff5f48a0ea5e42891c1,5,5
2025-12-01,13102.0,GATERON,3741,Niko;reason;Tw1nk1e17;z1ayr,,1,4
2025-12-01,12857.0,FORZE Reload,21367;21392;23628;24967,KusMe;rexxie;rikon;shady;spirit,,4,5
2025-12-01,13352.0,SENZA,,bogemt;drowranger;sn0w dll;SP1NT;whsup,,0,5
2025-12-01,12567.0,Akimbo,7935;8518,Dante;gloRinsz;oreosss;roca;S5J,,2,5
2025-12-01,12988.0,GameHunters,10827;11337;17028;18875;22126,abr;nyezin;prt;RCF;RICIOLI,6d9910cf3e4fc4a75a5d,5,5
2025-12-01,12912.0,thekillaz fe,,brunakiller;fly;hera;Samys;tamizinha,,0,5
2025-12-01,13405.0,Nemesis Impact,1656;7653;21793;22095;22356,juliano;Kaoday;Monkey D Julie;RacheLL;ramziiN,5822d211e6f36d39e597,5,5
2025-12-01,13451.0,Four Magic fe,20503;21042;21736;22270;23148,annaEX;Babs;Brendinha;Cellax;josi,5c71d2a881e95e3f2f5f,5,5
2025-12-01,13340.0,CSDIILIT,21931;24185;24911;24995;25504,8Juho8;joeski;Myggis;Puteli;Rejoiner,4d90841440dc596dd9db,5,5
2025-12-01,10287.0,Legion,,Bloody;hf;PokemoN;SOULM8;SultaaN,,0,5
2025-12-01,13453.0,HubaBuba,21431;21692;22075;22538;24726,her1tage;kAlash;sFade8;sstiNiX;z3ndeR,340932bc20553770df86,5,5
2025-12-01,13012.0,HyperSpirit,15573;17116;18294;21117;21337,ADRON;Ciocardau;d1maje;ragga;starplajerz,dd433dc1372c447eea34,5,5
2025-12-01,13245.0,QMISTRY,24081;24543;24546,Fugor;keis;Masi,,3,3
2025-12-01,12702.0,Lotus fe,,alicerawr;cyclone;estrella;tokkis;Zazu,,0,5
2025-12-01,7801.0,Ghost,8640;21961;22096;23524,7licious;Ellie;EMUHLEET;mira;PiggyKiki,,4,5
2025-12-01,12000.0,500,11217;11219;15369;17145,CeRq;oxygeN;Rainwaker;REDSTAR;SPELLAN,,4,5
2025-12-01,12878.0,BC.Game,9618;13670;18571;18790;21139,CacaNito;CYPHER;nawwk;nexa;pr1metapz,2a0f3f6c35b49557bf52,5,5
2025-12-01,13383.0,888aura,23052,aiveri;Nem1za;suns1de;unknxwn,,1,4
2025-12-01,13395.0,hindsight,,Ann4;jenkon;Madam;mikeri;pullox,,0,5
2025-12-01,13417.0,Curralzinho,,akane;Cara de Banana;kati;pack;yuu,,0,5
2025-12-01,13217.0,ScarX,16167;16179;16180;21536;21541,Dant1k;Dili;kRYPt0N;mRmN;X1RON,ede144f83abe8c0cb14b,5,5
2025-12-01,13542.0,LITE,,blood;ELFMELK;gump;Val;Winnieeeee,,0,5
2025-12-01,13143.0,Black Mold,,Bungee;Knopk@;Pterodactylsftw;sunnypp;uhKelsie,,0,5
2025-12-01,10943.0,777,16269;21580;21860;22952;23616,Brave;Hagmeister;thomass1;zame;ZapR,209ba76cac3a4ccfb28c,5,5
2025-12-01,9735.0,Lilmix,3329;9811;15501;22380;23741,b0denmaster;bsover;doobs;PlesseN;quix,d4a6ebbb8cb343ee8e5f,5,5
2025-12-01,13469.0,Money Crew,,N2o;obi;taggy;Zamgaa;zy,,0,5
2025-12-01,13328.0,TSG,19028;24808;25256;25310,Brashi;flacko;milesd;myline;VulcaN,,4,5
2025-12-01,13398.0,Nocturnal,,gadfly;lunari;madss;tori;violet,,0,5
2025-12-01,12152.0,KZG,,dearlucid;dpr;Drox;Mingovi;vinhy,,0,5
2025-12-01,6788.0,Crashers,21038;21085;23829;24178;24717,antonini;Machado;nikz;Reix;Straafer,f084eaa4e4aabd7e28bb,5,5
2025-12-01,13381.0,wwaves,,daria;kira;olya;sakura;sckrafft,,0,5
2025-12-01,12707.0,Underground,,beau;jayketh;Mechanical;Myst;N1ghtraid,,0,5
2025-12-01,13369.0,The Glecs,24812;25100;25459,crickeyyy;hAw;hodix;jackast,,3,4
2025-12-01,13142.0,AKA HERO KAJO,,amyb;miLo;piku;Siljeeeh;Waldee,,0,5
2025-12-01,13434.0,Square Sausages,,Dutchy;jeyN;moz;swaggy;wfn,,0,5
2025-12-01,11585.0,IHC,15060;15861,Aapestt;NEUZ;rate;rhittacrit;shinobi,,2,5
2025-12-01,12455.0,Vantage,,Arctic;Kiyo;neo;Oath;tidy,,0,5
2025-12-01,11585.0,IHC,15861;19536;19537,cool4st;rate;shinobi;Veccil;yAmi,,3,5
2025-12-01,13412.0,Dusty Roses,,armk4m;chjna;Flossie;sofiz;valulu,,0,5
2025-12-01,13413.0,Vasco,10838;10840;22423;23094;23588,clon7;mawth;n1cks;RenanZin;tatazin,9b977fa7965eac2edcd1,5,5
2025-12-01,11660.0,Take Flyte,23226;24527;24679;24680,Crisp;Drop;huncho;jared;Panic,,4,5
2025-12-01,12955.0,THE,,1Drezz;d0RREN;krc;Sange;vt0rnikk,,0,5
2025-12-01,13512.0,Prison Breakers,17216;22655;22956;22957,lash;MaLLby;r3kt;stax,,4,4
2025-12-01,10973.0,Anonymo,22385;23767;24243,AdrieN;chudy;darchevile;Melavi;Nami,,3,5
2025-12-01,13520.0,Four Magic,2544;19975;23587;24639;24716,brokeN;cLd;Ltz;remix;rw,4c25edc3789276843fbc,5,5
2025-12-01,12646.0,Chinggis Warriors,19229;21396;21398;22414;24779,ariucle;bkzcurs3d;controlez;Efire;ROUX,167479e138db505c2a26,5,5
2025-12-01,13310.0,MANA,18119;20434;21108;21109,ammar;BledarD;Caleyy;cerber;gejmzilla,,4,5
2025-12-01,9958.0,Alter Ego,20283,b1lal;BnTeT;tomiko,,1,3
2025-12-01,13288.0,ex-W7M,11739;17585;17861;22181;22371,b4rtiN;JOTA;levi;shz;urban0,efd8dac3e3043acfb757,5,5
2025-12-01,13163.0,ALGO,13679;21575;22091;22696;22948,anber;Dengzoe;Griller;nukkye;Scr0b,f683710fbdcdb790d426,5,5
2025-12-01,13474.0,FUT Academy,20437;22722;23696;23735,Brillo;dezt;rendY;Wonder;yoom,,4,5
2025-12-01,6033.0,Keyd Stars,6553;17133;20083;22109,desh;fl4sh;leo_drk;ninjaZ;vinaabEAST,,4,5
2025-12-01,13327.0,R2,10499;10506;20531;24558,ABM;JonY BoY;maaxg1;nbl;tutehen,,4,5
2025-12-01,13427.0,Reactor 9,17478;23412;24524,bones;Kermi;neight,,3,3
2025-12-01,12971.0,Wanted Goons,23589,cutedog;febreeze;Johan;killerPandas;Magic,,1,5
2025-12-01,12908.0,Aether,18090;20934,arias;clipzera;flow;micro;Tender,,2,5
2025-12-01,13294.0,Outfit 49,24045,bezymecc;H0NeST;KmZ,,1,3
2025-12-01,13510.0,QWENTRY,20883;21445;21686;23687;24807,abiraju;anttzz;eightz999;Muk0s;slaxejezzz,9fb33399a96a3475eea9,5,5
2025-12-01,13316.0,Animus Victoria,,foggers;kairo;phoebe;TRIPLUS;void,,0,5
2025-12-01,13294.0,Outfit 49,21093;23830;24238,LUKE4k;s3rum;sava9e,,3,3
2025-12-01,11109.0,BBBMBCBS,7322,ApeX;Fitzy;HaZ;muffin,,1,4
2025-12-01,11711.0,Players,6553,dok;fl4sh;honda;MITHPUTTINI;xns,,1,5
2025-12-01,13212.0,ex-TALON,14294;20086,ADDICT;BRACE;Forleks;hazr;sterling,,2,5
2025-12-01,13300.0,ROSY,,1nhuman;bogemt;byek;forzetsky,,0,4
2025-12-01,12973.0,NuTorious,24769,Jr24racing;looke;Msaia;sayN;Toasty,,1,5
2025-12-01,13425.0,Reign Above,24681;25366;25368;25369,colin;SayYouWill;SeRCEra;swayu,,4,4
2025-12-01,11905.0,paiN Academy,,futoi;Markz;Tatu;tsug,,0,4
2025-12-01,13127.0,Wildcard Academy,16847;24113;24810,doni;leen;mhL;sSen,,3,4
2025-12-01,10299.0,FURY,,cheeseball;cookie;rekonz;SkulL,,0,4
2025-12-01,12769.0,Fisher College,12793;13298;19602;20429;25524,AlekS;CrePoW;ReFuZR;TH0R;Wumbo,70b874b15f45da68a34a,5,5
2025-12-01,13459.0,ex-Inner Circle,2553;16848,hades;Snax;TaZ,,2,3
2025-12-01,13127.0,Wildcard Academy,19167;20018;23237;24113;24810,doni;fr3nd;smekk-;sSen;TMKj,77a976f1c3e705ecded5,5,5
2025-12-01,5775.0,Elevate,13287;19972;21100;22777;22956,bnc;ckzao;diozera;lash;zede,e620aa497fbc84eb3e7b,5,5
2025-12-01,3044.0,MIBR Academy,6553;21290;21700;22964;25108,brn$;fl4sh;lkz;perez;stormzyn,008df279d63681cf55a9,5,5
2025-12-01,6810.0,aimclub,16971;20158;21213;21368;21716,Ed1m;ERSIN;RoberttMP;waZz;zewts,d95f75e929a259bc550c,5,5
2025-12-01,13515.0,amateurs,23441,akiyanora;mb1w;metori;turboxgirl,,1,4
2025-12-01,9621.0,AaB,13077;21574;23106,Boye;Patti;Viggo,,3,3
2025-12-01,13543.0,Time Waves,,camille;ElephanT;harbor;Kezza;lawlkay,,0,5
2025-12-01,12334.0,Preasy,3741;22091;25066,AcilioN;Griller;niko;qx,,3,4
2025-12-01,12463.0,CAPIVARAS,,Arkynha;croma;elennz;lexy;luhflickzz,,0,5
2025-12-01,13353.0,Arrival Seven,18442;23589,DooM;FRIZZY;MagiC;NIGHT666LADE;TABEN,,2,5
2025-12-01,8038.0,Party Astronauts,13250;20572;20793;22967,Austin;ben1337;kmrn;ogwizard;sacrifice,,4,5
2025-12-01,13397.0,NYX,,ADK;AuroraVeee;jaydee;MamaAlien;PippySippy,,0,5
2025-12-01,13502.0,Arise,15762;19563;23323;23325;23430,Benzene;Bhavi;clouda;EmbeR;reV3nnnn,ef656121fe0179bb61e4,5,5
2025-12-01,11497.0,Little Bocks,8183,Andrea;athxna;Bouchard;rain;sapphire,,1,5
2025-12-01,12483.0,MIGHT,12102;24527,BiNoX;djay;jared;Seb;Snakes,,2,5
2025-12-01,13321.0,Falcons Force,25095;25332;25430;25431;25432,clockzi;grecu;NucleonZ;Olaie;VENO,f3f33fef3aac1297a0d8,5,5
2025-12-01,13206.0,anything else,20101,corim;cypress;FAME;mcniff;Slash,,1,5
2025-12-01,13265.0,MAGICOS,6536;23997;25031,Jhones Macarones;Lcs;rx;snow;Tineu,,3,5
2025-12-01,11955.0,LAG,14799;20573;22552;23199,Andrew;brett;mason;Sandman;Wolffe,,4,5
2025-12-01,13302.0,JERSA,,BabyRage;KOT3;points;Slayerhz;zockie,,0,5
2025-12-01,11988.0,GLORE,18848;21165,DEPRESHN;HENU;M1key;neptun,,2,4
2025-12-01,13317.0,DOG,,Kiyo;lucas222;Xiaobao,,0,3
2026-01-05,8297.0,FURIA,2023;12553;13915;15631;24144,FalleN;KSCERATO;molodoy;YEKINDAR;yuurih,e0362dcbafd342d82962,5,5
2026-01-05,9565.0,Vitality,7322;11816;11893;16693;18462,apEX;flameZ;mezii;ropz;ZywOo,91c93eb867d7d47bf729,5,5
2026-01-05,11283.0,Falcons,3741;12018;19230;19677;24177,kyousuke;kyxsan;m0NESY;NiKo;TeSeS,e17285b415d2dc1447da,5,5
2026-01-05,7020.0,Spirit,7716;16920;19808;21167;23685,chopper;donk;sh1ro;tN1R;zweih,6d0db80f7712aec31efc,5,5
2026-01-05,4608.0,Natus Vincere,9816;14759;18987;20127;22673,Aleksib;b1t;iM;makazze;w0nderful,9d2b566c8472997adfa4,5,5
2026-01-05,4494.0,MOUZ,13666;18072;18221;18850;20312,Brollan;Jimpphat;Spinx;torzsi;xertioN,43f602c729e986479a12,5,5
2026-01-05,6667.0,FaZe,429;9960;10394;18053;22383,broky;frozen;jcobbb;karrigan;Twistzz,3797ea47fc726fe1991c,5,5
2026-01-05,6248.0,The MongolZ,20194;20275;21001;21398;21809,910;bLitz;controlez;mzinho;Techno,cb557daf320d95ff0c96,5,5
2026-01-05,11861.0,Aurora,150;7938;8574;21243;22361,jottAAA;MAJ3R;Wicadia;woxic;XANTARES,0a254842e1149d2d09f6,5,5
2026-01-05,11241.0,B8,19592;20112;21708;22842;23643,alex666;esenthial;headtr1ck;kensizor;npl,a557275c96d577ef4eaf,5,5
2026-01-05,12468.0,Legacy,15698;19045;19686;20563;22965,dumau;latto;lux;n1ssim;saadzin,5cfd43d0258204c4872c,5,5
2026-01-05,5995.0,G2,3972;11617;19164;20447;21062,HeavyGod;huNter-;malbsMd;MATYS;SunPayus,c6e7095c117141b82830,5,5
2026-01-05,5973.0,Liquid,8520;8738;9436;16820;21763,EliGE;NAF;NertZ;siuhy;ultimate,235e5a809ccd8fbfac1b,5,5
2026-01-05,4914.0,3DMAX,8374;13138;19739;21969,bodyy;Ex3rcice;Graviti;Lucky;Maka,,4,5
2026-01-05,6665.0,Astralis,7592;9032;10096;17956;20304,device;HooXi;jabbi;Magisk;Staehr,0704dd9f459ba3b327e7,5,5
2026-01-05,12467.0,PARIVISION,13776;19235;22076;22471;22929,AW;BELCHONOKK;Jame;nota;xiELO,f94e124a1a752f15f4db,5,5
2026-01-05,7175.0,HEROIC,19187;19310;20119;22047;23600,Alkaren;LNZ;nilo;xfl0ud;yxngstxr,9878cbc31a184ab5cc29,5,5
2026-01-05,4773.0,paiN,14736;18141;18865;19694,biguzera;dav1deuS;dgt;nqz;snow,,4,5
2026-01-05,13286.0,FUT,20584;20761;22203;22674;23553,cmtry;dem0n;dziugss;Krabeni;lauNX,d3179d30c0f804c093f7,5,5
2026-01-05,4411.0,Ninjas in Pyjamas,922;11777;14148;20425;23372,Maden;r1nkle;sjuush;Snappi;xKacpersky,9d8bb5e02b05f5cf41e3,5,5
2026-01-05,12426.0,Passion UA,11630;12840;13578;21452;21620,Grim;hallzerk;JT;Kvem;nicx,d7f059bd513e44ecf08a,5,5
2026-01-05,10567.0,SAW,630;20462;21014;22807;23140,Ag1l;aragornN;krazy;MUTiRiS;story,9c3bd9b3ce1afe43eeb7,5,5
2026-01-05,6673.0,NRG,7687;8711;13249;16717;20333,br0;Jeorge;nitr0;oSee;Sonic,56cf3e042b1f1e8f73ad,5,5
2026-01-05,9928.0,GamerLegion,2553;9278;16486;20301;23766,hypex;REZ;Snax;Tauson;ztr,8fb960cdef57954090d7,5,5
2026-01-05,9455.0,Imperial,10566;12822;18676;19869;22564,chelo;noway;skullz;try;VINI,61517c897f6cd83552fe,5,5
2026-01-05,12394.0,BetBoom,11840;18506;20357;21348;21667,ArtFr0st;Boombl4;d1Ledez;Magnojez;S1ren,852dcd372811563e8fc7,5,5
2026-01-05,13404.0,Gentle Mates,8371;9254;18749;19509;21239,alex;dav1g;MartinezSa;mopoz;sausol,d807a95213fd6aab9a51,5,5
2026-01-05,11581.0,HOTU,16612;19823;21385;21692;24806,dukefissura;frontales;kAlash;mizu;n0rb3r7,bf99af5339d636cba94c,5,5
2026-01-05,12376.0,M80,15370;16599;20104;21665;22921,JBa;Lake;s1n;slaxz-;Swisher,b8f718041db8bac2e331,5,5
2026-01-05,4991.0,fnatic,7528;15165;17803;23046;23414,blameF;fEAR;jackasmo;jambo;KRIMZ,c7e0cca8490bcfa6f20e,5,5
2026-01-05,11737.0,EYEBALLERS,3849;20879;21012;21159;22914,bobeksde;dex;JW;maxster;Ro1f,7cfc35758b87beeaec16,5,5
2026-01-05,12774.0,FlyQuest,4679;11140;17384;18214;20123,INS;jks;nettik;regali;Vexite,82ec1484979378ef597b,5,5
2026-01-05,12895.0,K27,19575;22886;23684;23686;24725,kashl1d;qw1nk1;relaxxie;X5G7V;xeedo,e750fe564bbd5d2ce6ca,5,5
2026-01-05,10278.0,9INE,2898;17117;20300;20309;22702,bnox;cej0t;kraghen;raalz;shield,6841d702ce6000341a27,5,5
2026-01-05,7532.0,BIG,5794;14929;19284;20122;22884,FreeZe;gr1ks;JDC;prosus;tabseN,8759a4d48aa75c522f98,5,5
2026-01-05,11419.0,ECSTATIC,10330;11995;20417;21779;22695,acoR;Anlelele;nut nut;sirah;TMB,0c0065c0b2c46762ecbb,5,5
2026-01-05,11811.0,Monte,19015;19926;21217;21816;22106,afro;AZUWU;Bymas;Gizmy;ryu,486523cd7cd16bd59cc7,5,5
2026-01-05,11837.0,Fluxo,12521;18717;19692;20183;20385,arT;decenty;kye;Lucaozy;zevy,28e73a0f0518d8fa9ffc,5,5
2026-01-05,4869.0,ENCE,12708;12731;21233;21815;21972,myltsi;Neityu;podi;rigoN;sdy,ef0939a8d1a8039205e4,5,5
2026-01-05,10577.0,SINNERS,11199;12810;23295;23459;23763,beastik;kisserek;Pepo;SHOCK;stressarN,512620b262f209859916,5,5
2026-01-05,12144.0,BESTIA,2161;20185;20607;22570;24863,buda;cass1n;Noktse;timo;tomaszin,0879d2468d07e7792f62,5,5
2026-01-05,12474.0,Alliance,7443;16487;22760;22860;23397,avid;eraa;poiii;twist;upE,16eff455cca88a762de3,5,5
2026-01-05,13547.0,Friendly Campers,15203;20245;20958;21263;22703,bajmi;moonwalk;olimp;reiko;SaMey,e589c64ec1c105e17303,5,5
2026-01-05,12380.0,CYBERSHOKE,15662;17508;20430;21710;22803,alpha;bl1x1;glowiing;notineki;zorte,491998b5f10173f28bf8,5,5
2026-01-05,8840.0,Lynn Vision,16551;18744;20254;22922;23100,C4LLM3SU3;EmiliaQAQ;Starry;Westmelon;z4kr,dbed042ec191be814f2c,5,5
2026-01-05,13470.0,Oramond,20071;20686;20945;22129;24179,AntyVirus;fanatyk;Frontsiderr;SpavaQu;suonko,23210c1bc77590d5a72a,5,5
2026-01-05,13117.0,Inner Circle,23415;23642;24168;24282;24283,cairne;Dawy;Flierax;onic;zeRRoFIX,e5a7f5ceaa4267c2231b,5,5
2026-01-05,8113.0,Sharks,20558;21170;21221;21921;22911,doc;gafolo;koala;maxxkor;rdnzao,05357aa633fe11759c40,5,5
2026-01-05,10503.0,OG,13602;19064;20465;20878;21983,adamb;arrozdoce;Chr1zN;nicoodoz;spooke,02c5489bbd6d48709c11,5,5
2026-01-05,5378.0,Virtus.pro,12732;16947;20101;21439;24952,fame;FL1T;ICY;Perfecto;tO0RO,b31059c16fd181946b20,5,5
2026-01-05,9215.0,MIBR,11154;13239;20987;21037;23192,brnz4n;exit;insani;kl1m;Qikert,dfe4b1b80db30abff546,5,5
2026-01-05,13592.0,magic,19231;19874;21431;22075;24173,h1te;MaSvAl;sFade8;sstiNiX;tENZY,ea6fb0758f53f7a35ac9,5,5
2026-01-05,12471.0,GUN5,18670;22536;22930;23047;24485,mag1k3Y;Sdaim;SELLTER;tex1y;yiksrezo,18a87234f5907bb4c123,5,5
2026-01-05,11514.0,Rare Atom,7028;8598;19681;20808;21825,ChildKing;L1haNg;Marek;Summer;Tiger,b389ec04583bcfad9601,5,5
2026-01-05,4863.0,TYLOO,8552;19645;20702;20895;21621,Attacker;JamYoung;Jee;Mercury;Moseyuh,2c632070ba401ebd2e9d,5,5
2026-01-05,11712.0,Sashi,11271;16723;20090;21199;23338,Beccie;Cabbi;MistR;smooya;Zyphon,f1f7991707311b598817,5,5
2026-01-05,9996.0,9z,12092;15914;22181;22371;22613,HUASOPEEK;levi;Luken;max;urban0,e0eb9e74d9c82b57698d,5,5
2026-01-05,13419.0,Venom,3669;15940;16080;21715;22473,dycha;flayy;innocent;Qlocuu;Sobol,34ede30a39edceb4e4f4,5,5
2026-01-05,10333.0,Sangal,12004;19673;19882;20709;22039,clax;danistzz;Norwi;Patsi;r3salt,309228bd27a8720c61d1,5,5
2026-01-05,13027.0,Nuclear TigeRES,19962;22878;22880;23762;24568,flouzer;m1QUSE;Re1GN;senka;z1k4,8cb7143adda2bfd56682,5,5
2026-01-05,12604.0,Johnny Speeds,9255;9261;15569;16029;22759,draken;HEAP;jocab;Lekr0;Sapec,73c1ddb8357fdafef0fc,5,5
2026-01-05,13237.0,AM,12781;16705;19725;20677;22060,2high;Altekz;delle;gxx-;k1to,0c00b65cceb738105b5a,5,5
2026-01-05,11176.0,MOUZ NXT,21988;24457;25253;25254;25255,ay0k;Joey;Nikodeon;opdust;xelex,cd967d20eabd7209546b,5,5
2026-01-05,13124.0,Marsborne,12937;17353;18761;19705;22069,chop;Cxzi;Grizz;viz;WolfY,4cb35f629420146cbcc1,5,5
2026-01-05,11609.0,GenOne,7168;14176;19738;21971;22481,Brooxsy;Chucky;Djoko;misutaaa;NBK-,0a9edd429f8c2d65e0b9,5,5
2026-01-05,13173.0,Phantom,4829;17504;19114;20289;25104,DGL;KEi;Kunai;Kylar;mynio,9a0597b081388a585fe0,5,5
2026-01-05,12000.0,500,11219;17145;18571;20282;20358,CeRq;CYPHER;kRaSnaL;Rainwaker;volt,27fa8b589766a53b6a19,5,5
2026-01-05,12510.0,The Huns,15072;18638;19957;20703;23402,Bart4k;cobrazera;nin9;sk0R;xerolte,98d8ee24d663c964f937,5,5
2026-01-05,10621.0,1win,8528;15071;20700;23770;23771,cronuss;HObbit;interz;lattykk;oz1k,1f10e1ddeb64858ed9a7,5,5
2026-01-05,10975.0,MIBR fe,11215;16341;21800;21801;23463,Dani;GaBi;Olga;poppins;yungher,9b56a68b02d01406acef,5,5
2026-01-05,11571.0,Gaimin Gladiators,9219;9482;11739;17861;21099,bsd;felps;JOTA;NEKIZ;shz,f3b89ca67344b08b9339,5,5
2026-01-05,13602.0,Morningstar,16558;20258;23596;24747,expSasiKi;rage;rubeN;SPine;suki,,4,5
2026-01-05,13297.0,33,3459;20534;22040;22927;23302,bluewh1te;executor;kinqie;KIRO;z1Nny,c93afad3985eb352df7c,5,5
2026-01-05,11718.0,BIG EQUIPA,21849;22062;22063;23049;23995,ASTRA;Emmsan;Hanka;kyossa;vicu,13ff3bf50880ed1c8aa0,5,5
2026-01-05,12818.0,FAVBET,2131;18240;19614;20110;20228,bondik;j3kie;Marix;s4ltovsk1yy;Smash,7c5e87f24d0ff0cb4725,5,5
2026-01-05,12960.0,Fire Flux,9353;17117;17305;20625;20968,Banjo;FinigaN;paz;shield;soulfly,13fc1402433e4224d17a,5,5
2026-01-05,7441.0,ECLOT,9911;19069;19594;19815;22101,Dytor;forsyy;kreaz;nbqq;spardaus,6f1ad68b17194da1c4ea,5,5
2026-01-05,7176.0,RED Canids,20026;20085;20939;21288,chayJESUS;drop;history;kauez;venomzera,,4,5
2026-01-05,11641.0,Metizport,13669;13670;17937;20253;24083,Dragon;isak;Jackinho;MaiL09;nawwk,925cf771181ecf1b5088,5,5
2026-01-05,13214.0,SPARTA,21369;24171;24172;24818,1NVISIBLEE;Djon8;k4nfuz;SoLb;yuramyata,,4,5
2026-01-05,7969.0,Nemiga,20387;21266;22325;22460;23317,1eeR;khaN;riskyb0b;sowalio;Xant3r,c7f4bab835cec5a8f8ee,5,5
2026-01-05,12694.0,RUBY,20956;22189;22326;22459;24972,fozil;H4SAN4TOR;Kaide;maQuein;sh1nejezzz,a4cfafa28a6a55aa2b69,5,5
2026-01-05,13499.0,Voca,14619;17918;19709;19711;20692,dea;Infinite;nosraC;shane;snav,2bba620cd7ac5204c394,5,5
2026-01-05,,SkinRave,10892;14494;15176;17929;23458,Cryptic;junior;laxiee;MarKE;Walco,a994045b00cfb65ca5b2,5,5
2026-01-05,6033.0,Keyd Stars,16814;16816;17133;18891;18894,CutzMeretz;danoco;desh;t9rnay;vsm,fd4160f1672efb1f923c,5,5
2026-01-05,13518.0,Acend,11217;15385;20114;21371;21657,AwaykeN;KalubeR;shaiK;Skrimo;SPELLAN,c1350696f6dc330c1096,5,5
2026-01-05,13501.0,illwill,8311;9656;18456;20889;24203,7kick;fostar;hAdji;Jorko;nEMANHA,5d6607e2e9131ce36975,5,5
2026-01-05,11446.0,Leo,19617;21065;21650;21651;22649,amster;kL1o;Malkiss;marat2k;OneUn1que,5f5d618186c85997b7b6,5,5
2026-01-05,13333.0,ASTRAL,21273;23545;24128;24704;24997,ASTR;meowpop;Neqy;r1ch;RaY5ive,343a2758f058a2fb6b90,5,5
2026-01-05,13355.0,Nemesis,7996;13018;20872;22035;24734,CRUC1AL;n0te;Nexius;tein;Thomas,ceca78b6e11a5b2a0cb3,5,5
2026-01-05,12257.0,Wildcard,8507;16726;19044;21665;22135,F1KU;JBa;Peeping;phzy;stanislaw,1e0f3c8103c3bc917fdd,5,5
2026-01-05,12878.0,BC.Game,7998;8918;9618;18790;20926,aNdu;CacaNito;electroNic;nexa;s1mple,25d1e81278a1e29001ab,5,5
2026-01-05,11768.0,ODDIK,9216;14390;17181;22182,coldzera;ksloks;naitte;WOOD7,,4,4
2026-01-05,10459.0,ARCRED,18447;18671;19703;19812;20207,Chill;DSSj;Get_Jeka;Raijin;Ryujin,944c447eb432bcb34ed5,5,5
2026-01-05,12776.0,Bounty Hunters,18322;18714;20083;20690;20885,fREQ;KAISER;ninjaZ;piriajr;zock,6ce5f67c0ecbe3b5aa39,5,5
2026-01-05,10245.0,JiJieHao,17675;18120;18163;19763;22419,0SAMAS;Bibu;BOROS;m1N1;sinnopsyy,e28246ca6151f9b66fc8,5,5
2026-01-05,4548.0,CPH Wolves,16753;20637;22048;24203;24332,b1elany;Jorko;Matheos;n1Xen;Tapewaare,c7762212e7bb2338b84c,5,5
2026-01-05,12899.0,FengDa,19060;20896;24304;24306;24748,3gl;Biuckmt;chengking;salmon;Trash,e94a7585d2fc6da92781,5,5
2026-01-05,13573.0,ex-Zero Tenacity,5351;8311;11777;21302;21783,aVN;brutmonster;Cjoffo;Maden;nEMANHA,6f98e5a4c4d38da6cab8,5,5
2026-01-05,7900.0,Spirit Academy,22864;23319;24176;25334;25390,Kiryasoo;kurosse;Mokuj1n;robo;syph0,f81754ee526ed23ee1fc,5,5
2026-01-05,12677.0,Galorys,9483;18743;20522;23551;24224,bacc;destiny;gbb;nython;tomate,59835da0637a878d3d34,5,5
2026-01-05,12646.0,Chinggis Warriors,19229;19536;19537;22414;25510,cool4st;Efire;ROUX;tikuak;yAmi,0df7d488e9c8a603d80d,5,5
2026-01-05,13551.0,OlyBet,14969;19566;23720;24210;24591,ChipaaN;discplex;Frip;hexoq;yaankz,7f1850bc8f04c3de13b7,5,5
2026-01-05,12857.0,FORZE Reload,20782;21367;22327;23628;24190,Goody;KusMe;Something;spirit;youka,79c5ad39b57157f7e72b,5,5
2026-01-05,12087.0,Lazer Cats,22706;23151;23589;24204;24914,Br4tkO;Kiy0o;Magic;nikitea;yab0ku-,84ef11056cd1cea6ed8d,5,5
2026-01-05,12858.0,kONO,9896;13718;15117;16147;22904,b0RUP;birdfromsky;Burmylov;cptkurtka023;Keoz,c03a78e1868c844a2a00,5,5
2026-01-05,13163.0,ALGO,13679;17113;21575;22948;25460,anber;nopzy;nukkye;Scr0b;szejn,ad3fbba14cb6a5c62162,5,5
2026-01-05,11838.0,Partizan,20066;20252;20685;20813;21786,aidKiT;choiv7;Kind0;VLDN;xavi,f729159b528066f40b4e,5,5
2026-01-05,12959.0,ShindeN,19872;19985;20451;20992;21155,abizz;BK1;ivz;nacho;naz,cda0fd1fadf7dadf4d46,5,5
2026-01-05,12967.0,WW,20113;21690;22350;23048;23682,ct0m;deko;kelieN;m3wsu;StRoGo,1a3dcfff1ae4dff47e60,5,5
2026-01-05,11838.0,Partizan,13026;18788;20066;20252;20813,aidKiT;c0llins;dan1;Kind0;VLDN,9dcb1d90151421d63fec,5,5
2026-01-05,6626.0,MINLATE,9616;15118;20960;21143;22474,amanek;ex1st;POLO;SBT;sk1tt,357e765de69fc71d333c,5,5
2026-01-05,12533.0,Atrix,19998;20501;21733;23092;23514,bokor;Eleven;LyttleZ;REGIANE;Sofiaxyz,2f6b8f40e062c2af2ee7,5,5
2026-01-05,7187.0,Nexus,1206;9626;12945;19817;22563,Blytz;BTN;fnl;s0und;XELLOW,a6c215b1e63f08658b91,5,5
2026-01-05,12536.0,DEPO,18989;22635;22638;23361;24656,fr0k;icyvl0ne;malinov;shoxs;wetfy,1cc9d2b91f2f9e6d9913,5,5
2026-01-05,13178.0,NOVAQ,11940;22537;23292;23541;24917,def1zer;modeSavage;neaLaN;Pump;tasman,17a3e484c38354ebaa7e,5,5
2026-01-05,9621.0,AaB,20033;22940;24276;24425;25066,bekker;Maze;Mol011;N4XX1S;qx,c2a8aa8ccbc2055a3292,5,5
2026-01-05,13479.0,Omega,23304;24021;25009;25010;25011,adai;Aldikon;Botpa1;dan4o;Maison,60a78b04afd0405436fa,5,5
2026-01-05,12267.0,UNiTY,15818;15821;20229;21165;23469,K1-FiDa;M1key;MoriiSko;NEOFRAG;woozzzi,f6568e478ed3ecce1cbe,5,5
2026-01-05,12548.0,Dusty Roots,14737;18554;23150;24749;25106,FraGuTy;meyern;next;rzk;tom1jed,6ebb9b9bfd31ae26449e,5,5
2026-01-05,11251.0,Eternal Fire,8575;15835;21023;21250;23274,Calyx;EMSTAR;imoRR;jresy;lugseN,05a06f2f02a46096493e,5,5
2026-01-05,10854.0,los kogutos,20284;21142;23767;24243,AdrieN;maaryy;Markoś;mASKED;Nami,,4,5
2026-01-05,13081.0,Fake do Biru,6593;16817;18610;22362;23045,detr0ittJ;hardzao;lukiz;PKL;xureba,6af22c7f89396d17a520,5,5
2026-01-05,12857.0,FORZE Reload,21367;22327;23628;24607;24967,KusMe;rikon;Something;spirit;swetsi,be391efe5150274df825,5,5
2026-01-05,7865.0,HAVU,9818;21963;22143;22144;22211,Alxc;ottob;p3kko;puuha;uli,cafbd75d62b9de4d1423,5,5
2026-01-05,11668.0,Mindfreak,,dpr;swerzieN;Texta;tucks;zune,,0,5
2026-01-05,13583.0,WHITEBIRD,11498;13240;13281;13982;18510,El1an;Forester;Lack1;NickelBack;sugaR,83f65482284bed7d9361,5,5
2026-01-05,13486.0,THUNDER dOWNUNDER,9115;10588;11139;18545;20527,aliStair;asap;dexter;Liazz;TjP,37b8d597de5be61440f7,5,5
2026-01-05,12534.0,BOSS,13250;16647;19079;19128;20564,ben1337;Bwills;d4rty;Fruitcupx;SLIGHT,b33921be1d7e3c48f339,5,5
2026-01-05,10976.0,FURIA fe,11872;16340;17288;21219;22839,bizinha;gabs;izaa;kaahSENSEI;lulitenz,10dd16af0d8ef7254cf3,5,5
2026-01-05,12901.0,SemperFi,14294;14990;20003;20086;20244,ADDICT;hazr;keen;SaVage;shadiy,e2e6d725d3b81e97d32e,5,5
2026-01-05,12812.0,ALLINNERS,11942;18752;23386;23543;23598,buster;demente;kade0;kumao;noni,eabe3371da8125d37371,5,5
2026-01-05,11917.0,NIP Impact,1572;16764;21796;21798;23090,aiM;Nayomy;Qiyarah;vilga;Zana,bcf8426eb332bb67eadf,5,5
2026-01-05,13281.0,Bushido Wildcats,21253;22498;22504;24842;24843,cadnyx;Darendeli;eNs;scolleN;Vej,c6f55ecf0a0016464c21,5,5
2026-01-05,13251.0,Mousquetaires,147;284;10569;19742;21967,devoduvek;drac;JACKZ;SIXER;Tarkky,b6076ad1a742be100e9e,5,5
2026-01-05,11933.0,Yawara,22364;24284;24556;24772;25035,j0w;Lacerda;nardes;revoltz;tele,78f5028fdb88ed891113,5,5
2026-01-05,12586.0,AMKAL,16921;16948;19236;19920;23858,KaiR0N-;KENSI;mo0N;nafany;TRAVIS,2f6e31b250d41f1925cc,5,5
2026-01-05,10864.0,VP.Prodigy,24292;24397;24950;24951;25636,AquaRS;F0R3VER;kaito;sun;TriBorgg1,b6fa5c6623bee9be34a3,5,5
2026-01-05,13380.0,9BOOMPRO,15662;16555;17011;18510;20994,Ax1Le;FL4MUS;shalfey;sugaR;zorte,094e0172259e2ecc3449,5,5
2026-01-05,9881.0,Rooster,12877;14333;21395,ADK;chelleos;ju1ces;Terryyy;viridian,,3,5
2026-01-05,4602.0,Tricked,16731;21571;21574;24104,Boye;IceBerg;leakz;NickyB;salazar,,4,5
2026-01-05,12812.0,ALLINNERS,11942;23386;23542;23543;23598,buster;demente;kumao;noni;wEAVER,4c74902a02c5250314d2,5,5
2026-01-05,13175.0,Change The Game,23001;24644;24855;24857;24858,957;Hack1ng;LaiKeXu;VanceKK;Zero,6fea41645c75426f6bf3,5,5
2026-01-05,13181.0,BASEMENT BOYS,20422;22945;23614;24286;24672,Bambosh;fakerealityy;levantino;OWNER;Tr0ublE,e017c66000909962809a,5,5
2026-01-05,11790.0,ENCE Academy,21930;22733;23536;24121;24149,Blick;Cliqq;millert;Schwarz;teme,c207036ec5bfd9672bb3,5,5
2026-01-05,12828.0,Imperial Valkyries,12758;16497;18775;21756;24005,ANa;Kat;tory;twenty3;wieenN,5855deaebb992b75cd0f,5,5
2026-01-05,8536.0,Ground Zero,,apocdud;damyo;Omichella;pz;vision,,0,5
2026-01-05,12916.0,Betclic,16080;18070;18979;22385;25542,Demho;Dr3nquu;dycha;Melavi;Prism,5dd36c2d73607cc31aff,5,5
2026-01-05,13531.0,Sakura,16581;22302;23391;24393;24415,empathy;Fawx;raven;Serendipity;Stx,a6dffd2855ad5f4f2190,5,5
2026-01-05,12948.0,BORING PLAYERS,840;22997;24036;24387;25246,Jun7;karl;Miszary;tutu;zdr,cbb3b45ef04eede35ff9,5,5
2026-01-05,,Rebels,11205;16102;17003;20683,Icarus;NOPEEJ;snapy;stadodo,,4,4
2026-01-05,12124.0,Insilio,18510;20197;22535;22536;23303,dwushka;faydett;h1kaN;mag1k3Y;sugaR,6434ece6b5a655e421c3,5,5
2026-01-05,12097.0,Eruption,19538;21428;24123;24125,fury5k;MagnumZ;sideffect;viscera;xenization,,4,5
2026-01-05,11175.0,KHAN,,dosikk;dune;lom1k;tEO;tsukumeow,,0,5
2026-01-05,9621.0,AaB,21775;23106;24426;25066,BehinDx;qx;stesso;Viggo,,4,4
2026-01-05,13433.0,Last Bullet,16768;16778;16872;19735;21509,B1NGO;flying;lan;Miami;Roninbaby,721379600900fed1e65b,5,5
2026-01-05,13266.0,Impulse GW,20053;20054;20055;21115,rafaxF;Slaxx;Sprayy;Stepa,,4,4
2026-01-05,13340.0,CSDIILIT,9325;14236;21931;24995;25504,8Juho8;arvid;Myggis;oopee;Puteli,01485856129fefb548c8,5,5
2026-01-05,10900.0,KRÜ,9221;18549;21169;22163;24015,laser;Misfit;reversive;righi;trindade,24ab81558b1ef2521e91,5,5
2026-01-05,11838.0,Partizan,13026;20252;20253;20813,c0llins;DEPRESHN;Dragon;Kind0;VLDN,,4,5
2026-01-05,12421.0,Let Her Cook,20165;22023;22024;22604;23436,JennyR;Joanana;meli;spike;xia,40061fd47f8ef085bbbb,5,5
2026-01-05,10997.0,Procyon,17997;19086;20689;24091;25105,AGL;dott1;Hezz;lenci;pavv,1b4647825d2172eeba82,5,5
2026-01-05,13364.0,Famalicão,20750;23141;23480;23559;24905,h0t;M1KA;P3R3IIRA;seabraez;snowiee,42f359a93744ea3f74c0,5,5
2026-01-05,13173.0,Phantom,11278;17113;20289;24833;25104,Ayteel;DGL;Kunai;szejn;TOAO,cf34ff156320098f8751,5,5
2026-01-05,10867.0,MASONIC,22810;22811;23334;23471;24105,Avou;Botman;Bukhavez;KralleJ;Noruyp,ae9a76d234ccd25e2d1b,5,5
2026-01-05,13053.0,Just Swing,10722;20354;22441;25247,gas;HiNa;Purely;qqGOD;sATOR1,,4,5
2026-01-05,13510.0,QWENTRY,20883;21686;23835;24311;24807,anttzz;eightz999;PsychoDoctor;slaxejezzz;Wadeshot,aebce5e79920b9b9c525,5,5
2026-01-05,9881.0,Rooster,12877;18545;20527;20881;21395,asap;chelleos;sliimey;Terryyy;TjP,c155914b68ef35235fe1,5,5
2026-01-05,13465.0,Dziuseppe,22476;24081;24544,keis;virtuoso;Xydoo,,3,3
2026-01-05,13553.0,Oxuji,21192;21365;24899;25608;25609,ayano;HeCkBNk;k1ssly;Mikejio;zealot,d17b93fe8061112d09f3,5,5
2026-01-05,12301.0,FlyQuest RED,8850;14401;18641;22111;23621,BiBiAhn;Emy;GooseBreeder;marie;vanessa,207c2e8550328eb5b8f3,5,5
2026-01-05,13483.0,Washington,20054;20336;20339;20908;22192,arTisT;bevve;Extinct;rafaxF;Vacancy,71f7924e11470f3d9864,5,5
2026-01-05,12554.0,regain,23136;23137;23138;24667;24890,dvrk;fuzenko;marekiew;sasha;Zucar,1dabcf8b6bc61f3c719b,5,5
2026-01-05,11955.0,LAG,12102;19177;20572;22552,consti;djay;kmrn;Sandman,,4,4
2026-01-05,7532.0,BIG,5794;14929;19899;20170,hyped;JDC;Krimbo;kyuubii;tabseN,,4,5
2026-01-05,13012.0,HyperSpirit,15573;17116;18294;21117;21337,ADRON;Ciocardau;d1maje;ragga;starplajerz,dd433dc1372c447eea34,5,5
2026-01-05,10901.0,OverKnight,9214;19918;20405;22547;24345,4TAYLOR;AMC;b1;Majesticzz;spamzzy,4c09bc4f030ac6e5f689,5,5
2026-01-05,5479.0,Mythic,8503;15007;15090;20510;22022,Cooper;fl0m;hyza;PwnAlone;Trucklover86,2eb72eae58d9b796bd40,5,5
2026-01-05,12787.0,WOPA,11013;13077;13170;21381;25088,kwezz;Patti;SinK;thamlike;Zanto,45a6943ce4087385e762,5,5
2026-01-05,13475.0,FOLHA AMARELA,11337;13287;18140;19972;22404,bnc;cerolzin;ckzao;f4stzin;RCF,9caa8f14512fc00faa99,5,5
2026-01-05,13375.0,SportsBetExpert,17378;18706;21021;22967;23675,Evan;freshie;ogwizard;reck;TR0JN,e4127d5b5ea364685757,5,5
2026-01-05,9139.0,BRUTE,22863;23204;23206;24261;24553,KAD1M;N1KOLAJ;realzen;Siko;w4rden,6d4f6202e39b91bd099f,5,5
2026-01-05,12825.0,The QUBE,24302;24396;24512;24513;24779,bkzcurs3d;Cozen;Kamui;Paranormal;soloooS,8ffa3acd959cb93967f8,5,5
2026-01-05,12707.0,Underground,,74LOR;Jynx;Mechanical;N1ghtraid;w0mbat,,0,5
2026-01-05,13231.0,Ursa,19664;21513;23764;24349,4X1s;Alv;deeN;Salazar;torox,,4,5
2026-01-05,12900.0,NomadS,12956;18150;24303,clouden;hasteka;HenX;hoolig4n,,3,4
2026-01-05,13506.0,ComeBack,,ElayDzha;for2na;OxygeN;R3LiFwOw;rinn,,0,5
2026-01-05,12909.0,Phoenix,13689;20234;24045,Gabe;H0NeST;jchancE;mds;Redman,,3,5
2026-01-05,13516.0,Fingers Crossed fe,22028;23438;23505;24006;24336,emocore;irbitka;Margo;sosya;v1spel,1d111441e414967038b8,5,5
2026-01-05,12164.0,Zomblers,20273;20787;23410;24873,CAJUN;CoolComs;FxRE;HAMBOOGA;Pose1doNN,,4,5
2026-01-05,13406.0,Flame Sharks fe,,ayaka;Elizabeth;f6tal;Ivoli;mJ,,0,5
2026-01-05,13304.0,LP,14010;17132;20521;21284;23550,Alisson;divine;happ;Leomonster;zmb,f05957b82dce82160422,5,5
2026-01-05,12426.0,Passion UA,16885;19733;21452;23414,DemQQ;jackasmo;Kvem;Topa;Woro2k,,4,5
2026-01-05,11711.0,Players,22085,Lich;MITHPUTTINI;prisma;spinnie;xns,,1,5
2026-01-05,7720.0,InControl,14744;20330;23690;24234;24528,aelor;calamity;jsfeltner;Scorchyy;TyRa,9316d30bec0f67f0fda8,5,5
2026-01-05,13405.0,Nemesis Impact,1656;7653;21793;22095;22356,juliano;Kaoday;Monkey D Julie;RacheLL;ramziiN,5822d211e6f36d39e597,5,5
2026-01-05,7376.0,m1x,13670;15778;17147;18120;23415,juanflatroo;nawwk;SENER1;sinnopsyy;zeRRoFIX,571319dc8798baaa92df,5,5
2026-01-05,13024.0,8Sins,17656;18218;21990,Frazehh;Prime;Tadpole,,3,3
2026-01-05,13393.0,Peekaboo,20502;21727;22065;23451;25171,Angelka;Hikomi;julih;LETi;NAYLLA,56ef561c9f4baa8f0d67,5,5
2026-01-05,10960.0,Young Ninjas,16811;21512;22759;22950;23753,jocab;MahaR;MisteM;rud;sL1m3,2a6c5661f43ac44ccbd1,5,5
2026-01-05,13451.0,Four Magic fe,20503;21042;21736;22270;23148,annaEX;Babs;Brendinha;Cellax;josi,5c71d2a881e95e3f2f5f,5,5
2026-01-05,12568.0,EC BANGA,12416;20002;20418;20474;23200,blazekiNho;danss;Labreenc;makaroff;sqreet,81699f6f08f99305e17b,5,5
2026-01-05,13106.0,Getting Info,10892;19709;19710;19711;24048,dare;MarKE;shane;slump;snav,db715d213b43165fc16e,5,5
2026-01-05,13511.0,Fuego,21888;23960;24298;24328;24930,ALENNNCAR;Lukita;sakamoto;Thuister;vzn,d0c8c84028f0f1f81246,5,5
2026-01-05,12567.0,Akimbo,7935;8518,Dante;gloRinsz;oreosss;roca;S5J,,2,5
2026-01-05,12912.0,thekillaz fe,,brunakiller;fly;hera;Samys;tamizinha,,0,5
2026-01-05,13441.0,FACEITPLAYERS,20054;20683;20750;23141;24634,Icarus;Jayy2s;P3R3IIRA;rafaxF;seabraez,7d0b7b964a13764dfa73,5,5
2026-01-05,10287.0,Legion,,Bloody;hf;HZI;pavast4r;PokemoN,,0,5
2026-01-05,13102.0,GATERON,3741,Niko;reason;Tw1nk1e17;z1ayr,,1,4
2026-01-05,13542.0,LITE,,blood;ELFMELK;gump;Val;Winnieeeee,,0,5
2026-01-05,13383.0,888aura,23052,aiveri;Nem1za;suns1de;unknxwn,,1,4
2026-01-05,11955.0,LAG,14799;20573;22552;23199,Andrew;brett;mason;Sandman;Wolffe,,4,5
2026-01-05,13417.0,Curralzinho,,akane;Cara de Banana;kati;pack;yuu,,0,5
2026-01-05,4602.0,Tricked,3741;21571,kroK;leakz;niko;Nodios;salazar,,2,5
2026-01-05,13395.0,hindsight,,Ann4;jenkon;Madam;mikeri;pullox,,0,5
2026-01-05,12908.0,Aether,18090;20578;20934;24892,arcade;micro;misha;Sathsea;Tender,,4,5
2026-01-05,13143.0,Black Mold,,Bungee;Knopk@;Pterodactylsftw;sunnypp;uhKelsie,,0,5
2026-01-05,13352.0,SENZA,,bogemt;drowranger;sn0w dll;SP1NT;whsup,,0,5
2026-01-05,13217.0,ScarX,16167;16179;16180;21536;21541,Dant1k;Dili;kRYPt0N;mRmN;X1RON,ede144f83abe8c0cb14b,5,5
2026-01-05,7801.0,Ghost,1331;8640;21961;22096;23524,7licious;Ellie;EMUHLEET;mira;Xp3,9d2a01e82636163b925a,5,5
2026-01-05,13453.0,HubaBuba,21431;21692;22075;22538;24726,her1tage;kAlash;sFade8;sstiNiX;z3ndeR,340932bc20553770df86,5,5
2026-01-05,13398.0,Nocturnal,,gadfly;lunari;madss;tori;violet,,0,5
2026-01-05,13381.0,wwaves,,daria;kira;olya;sakura;sckrafft,,0,5
2026-01-05,13142.0,AKA HERO KAJO,,amyb;miLo;piku;Siljeeeh;Waldee,,0,5
2026-01-05,9735.0,Lilmix,3329;9811;15501;22380;23741,b0denmaster;bsover;doobs;PlesseN;quix,d4a6ebbb8cb343ee8e5f,5,5
2026-01-05,13469.0,Money Crew,,N2o;obi;taggy;Zamgaa;zy,,0,5
2026-01-05,12707.0,Underground,,beau;jayketh;Mechanical;Myst;N1ghtraid,,0,5
2026-01-05,13412.0,Dusty Roses,,armk4m;chjna;Flossie;sofiz;valulu,,0,5
2026-01-05,11585.0,IHC,15060;15861,Aapestt;NEUZ;rate;rhittacrit;shinobi,,2,5
2026-01-05,12702.0,Lotus fe,,abby;alicerawr;cyclone;tokkis;Zazu,,0,5
2026-01-05,12152.0,KZG,,dearlucid;dpr;Drox;Mingovi;vinhy,,0,5
2026-01-05,12455.0,Vantage,,Arctic;Kiyo;neo;Oath;tidy,,0,5
2026-01-05,10943.0,777,16269;21580;21860;22952;23616,Brave;Hagmeister;thomass1;zame;ZapR,209ba76cac3a4ccfb28c,5,5
2026-01-05,12988.0,GameHunters,10827;11337;17028;18875;22126,abr;nyezin;prt;RCF;RICIOLI,6d9910cf3e4fc4a75a5d,5,5
2026-01-05,13294.0,Outfit 49,14799;20573;21093;23830;24238,Andrew;brett;LUKE4k;s3rum;sava9e,fc14f9f1b6295f49f03d,5,5
2026-01-05,13434.0,Square Sausages,,Dutchy;jeyN;moz;swaggy;wfn,,0,5
2026-01-05,13328.0,TSG,19028;24808;25256;25310,Brashi;flacko;milesd;myline;VulcaN,,4,5
2026-01-05,11251.0,Eternal Fire,8575;15835;20284;20309;21142,bnox;Calyx;imoRR;maaryy;mASKED,b7989732b2f4dd6303e5,5,5
2026-01-05,13369.0,The Glecs,24812;25100;25459,crickeyyy;hAw;hodix;jackast,,3,4
2026-01-05,13201.0,F5,17478;23412;24524;24946;25582,bones;cmrn;Kermi;neight;Signal,1077c390c0889cf611ac,5,5
2026-01-05,13556.0,CALAOSCORNOS,24634,c0mplex;Jayy2s;Mané;MattyMyimb,,1,4
2026-01-05,12889.0,G2 Ares,19173;21272;23544;24111;25576,fNk;hitori;Junyme;tAk;yksjupe,288d9129454faee22255,5,5
2026-01-05,6788.0,Crashers,21038;21085;23829;24178;24717,antonini;Machado;nikz;Reix;Straafer,f084eaa4e4aabd7e28bb,5,5
2026-01-05,11660.0,Take Flyte,17437;23226;24527;24679,Crisp;Drop;jared;Louie;Panic,,4,5
2026-01-05,12955.0,THE,,1Drezz;d0RREN;krc;Sange;vt0rnikk,,0,5
2026-01-05,13559.0,Pulse,10895;24193;25221;25634,Electrician;frog;miles;Molly;Prs,,4,5
2026-01-05,13180.0,Straight2Killin,19028;20204;23674,BeaKie;den1ed;VulcaN,,3,3
2026-01-05,13425.0,Reign Above,24681;25366;25368;25369;25580,cobalt;colin;SayYouWill;SeRCEra;swayu,43a915094bb026a73235,5,5
2026-01-05,13474.0,FUT Academy,20437;22650;22722;23696;23735,Brillo;dezt;rendysky;Wonder;yoom,e7e8702bc012d4b6780c,5,5
2026-01-05,13512.0,Prison Breakers,17216;22655;22956;22957,lash;MaLLby;r3kt;stax,,4,4
2026-01-05,13431.0,ex-HEROIC Academy,21575;22696;22948;23936;24281,anber;Dengzoe;Few;Scr0b;St0m4k,f536ca9a6c878d61f907,5,5
2026-01-05,13571.0,SINQU,15562;25677;25678;25679;25680,Geni;J0nneW;KapiV;Lene;Samppa,97282c67feb029394a01,5,5
2026-01-05,13413.0,Vasco,10838;10840;22423;23094;23588,clon7;mawth;n1cks;RenanZin;tatazin,9b977fa7965eac2edcd1,5,5
2026-01-05,13545.0,Haemus,13466;16410;16412;20097,dennyslaw;Duplicate;h4rn;rafftu,,4,4
2026-01-05,12916.0,Betclic,18070;18979;23766;23767;25348,AdrieN;Demho;hypex;Prism;wizzhehe,68a644f3ce351ec19021,5,5
2026-01-05,9958.0,Alter Ego,20283,b1lal;BnTeT;tomiko,,1,3
2026-01-05,13310.0,MANA,18119;20434;21108;21109,ammar;BledarD;Caleyy;cerber;gejmzilla,,4,5
2026-01-05,13520.0,Four Magic,2544;19975;23587;24639;24716,brokeN;cLd;Ltz;remix;rw,4c25edc3789276843fbc,5,5
2026-01-05,10973.0,Anonymo,22385;23767;24243,AdrieN;chudy;darchevile;Melavi;Nami,,3,5
2026-01-05,11109.0,BBBMBCBS,7322,ApeX;Fitzy;HaZ;muffin,,1,4
2026-01-05,13327.0,R2,10499;10506;20531;24558,ABM;JonY BoY;maaxg1;nbl;tutehen,,4,5
2026-01-05,10299.0,FURY,,cheeseball;cookie;rekonz;SkulL,,0,4
2026-01-05,12971.0,Wanted Goons,23589,febreeze;Johan;killerPandas;Magic,,1,4
2026-01-05,12973.0,NuTorious,24769,Jr24racing;looke;Msaia;sayN;Toasty,,1,5
2026-01-05,13127.0,Wildcard Academy,16847;24113;24810,doni;leen;mhL;sSen,,3,4
2026-01-05,11585.0,IHC,15861;19536;19537,cool4st;rate;shinobi;Veccil;yAmi,,3,5
2026-01-05,12908.0,Aether,18090;20934,arias;clipzera;micro;Tender,,2,4
2026-01-05,13466.0,Fingers Crossed,19981;19982;22191;24022;25045,BaGyZ;fello;MAGILA;Sidivo;Uzman,e3c223f97d9d08700f8a,5,5
2026-01-05,12908.0,Aether,18090;20578;20934,arcade;micro;Tender,,3,3
2026-01-05,11905.0,paiN Academy,,futoi;Markz;Tatu;tsug,,0,4
2026-01-05,12646.0,Chinggis Warriors,19229;21396;21398;22414;24779,ariucle;bkzcurs3d;controlez;Efire;ROUX,167479e138db505c2a26,5,5
2026-01-05,13294.0,Outfit 49,24045,bezymecc;H0NeST;KmZ,,1,3
2026-01-05,11711.0,Players,6553,dok;fl4sh;honda;MITHPUTTINI;xns,,1,5
2026-01-05,13316.0,Animus Victoria,,foggers;kairo;phoebe;TRIPLUS;void,,0,5
2026-01-05,13515.0,amateurs,23441,akiyanora;mb1w;metori;turboxgirl,,1,4
2026-01-05,6810.0,aimclub,16971;20158;21213;21368;21716,Ed1m;ERSIN;RoberttMP;waZz;zewts,d95f75e929a259bc550c,5,5
2026-01-05,13212.0,ex-TALON,14294;20086,ADDICT;BRACE;Forleks;hazr;sterling,,2,5
2026-01-05,12463.0,CAPIVARAS,,Arkynha;croma;elennz;lexy;luhflickzz,,0,5
2026-01-05,13543.0,Timewaves,,camille;ElephanT;Harbor;Kezza;lawlkay,,0,5
2026-01-05,6033.0,Keyd Stars,6553;17133;20083;22109,desh;fl4sh;leo_drk;ninjaZ;vinaabEAST,,4,5
2026-01-05,11497.0,Little Bocks,8183,Andrea;athxna;Bouchard;rain;sapphire,,1,5
2026-01-05,13459.0,ex-Inner Circle,2553;16848,hades;Snax;TaZ,,2,3
2026-01-05,13502.0,Arise,15762;19563;23323;23325;23430,Benzene;Bhavi;clouda;EmbeR;reV3nnnn,ef656121fe0179bb61e4,5,5
2026-01-05,13353.0,Arrival Seven,18442;23589,DooM;FRIZZY;MagiC;NIGHT666LADE;TABEN,,2,5
2026-01-05,3044.0,MIBR Academy,6553;21290;21700;22964;25108,brn$;fl4sh;lkz;perez;stormzyn,008df279d63681cf55a9,5,5
2026-01-05,13397.0,NYX,,ADK;AuroraVeee;jaydee;MamaAlien;PippySippy,,0,5
2026-01-05,13206.0,anything else,20101,corim;cypress;FAME;mcniff;Slash,,1,5
2026-01-05,13153.0,Hesta,20883;21445;21686;23687;24807,abiraju;anttzz;eightz999;Muk0s;slaxejezzz,9fb33399a96a3475eea9,5,5
2026-01-05,13321.0,Falcons Force,25095;25332;25430;25431;25432,clockzi;grecu;NucleonZ;Olaie;VENO,f3f33fef3aac1297a0d8,5,5
2026-01-05,13534.0,Memeories,19897;23632;24866;25000,AEROj;fatguy;Slugy;Tiski,,4,4
2026-01-05,11988.0,GLORE,18848;21165,DEPRESHN;HENU;M1key;neptun,,2,4
2026-01-05,5775.0,Elevate,13287;19972;21100;22777;22956,bnc;ckzao;diozera;lash;zede,e620aa497fbc84eb3e7b,5,5
2026-01-05,12483.0,MIGHT,12102;24527,BiNoX;djay;jared;Seb;Snakes,,2,5
2026-01-05,13265.0,MAGICOS,6536;23997;25031,Jhones Macarones;Lcs;rx;snow;Tineu,,3,5
2026-01-05,13302.0,JERSA,,BabyRage;KOT3;points;Slayerhz;zockie,,0,5
2026-02-02,8297.0,FURIA,2023;12553;13915;15631;24144,FalleN;KSCERATO;molodoy;YEKINDAR;yuurih,e0362dcbafd342d82962,5,5
2026-02-02,9565.0,Vitality,7322;11816;11893;16693;18462,apEX;flameZ;mezii;ropz;ZywOo,91c93eb867d7d47bf729,5,5
2026-02-02,12467.0,PARIVISION,13776;19235;22471;22929;23685,BELCHONOKK;Jame;nota;xiELO;zweih,1b1217ac8c10e36bc2f4,5,5
2026-02-02,11283.0,Falcons,3741;12018;19230;19677;24177,kyousuke;kyxsan;m0NESY;NiKo;TeSeS,e17285b415d2dc1447da,5,5
2026-02-02,4608.0,Natus Vincere,9816;14759;18987;20127;22673,Aleksib;b1t;iM;makazze;w0nderful,9d2b566c8472997adfa4,5,5
2026-02-02,7020.0,Spirit,7716;16920;19808;21167;23685,chopper;donk;sh1ro;tN1R;zweih,6d0db80f7712aec31efc,5,5
2026-02-02,4494.0,MOUZ,13666;18072;18221;18850;20312,Brollan;Jimpphat;Spinx;torzsi;xertioN,43f602c729e986479a12,5,5
2026-02-02,6667.0,FaZe,429;9960;10394;18053;22383,broky;frozen;jcobbb;karrigan;Twistzz,3797ea47fc726fe1991c,5,5
2026-02-02,11861.0,Aurora,150;7938;8574;20968;21243,MAJ3R;soulfly;Wicadia;woxic;XANTARES,cbc5b9bb3769e1b3d58c,5,5
2026-02-02,6248.0,The MongolZ,20194;20275;21001;21398;21809,910;bLitz;controlez;mzinho;Techno,cb557daf320d95ff0c96,5,5
2026-02-02,5973.0,Liquid,8520;8738;9436;16820;21763,EliGE;NAF;NertZ;siuhy;ultimate,235e5a809ccd8fbfac1b,5,5
2026-02-02,11241.0,B8,19592;20112;21708;22842;23643,alex666;esenthial;headtr1ck;kensizor;npl,a557275c96d577ef4eaf,5,5
2026-02-02,5995.0,G2,3972;11617;19164;20447;21062,HeavyGod;huNter-;malbsMd;MATYS;SunPayus,c6e7095c117141b82830,5,5
2026-02-02,4914.0,3DMAX,8374;13138;19739;21969,bodyy;Ex3rcice;Graviti;Lucky;Maka,,4,5
2026-02-02,6665.0,Astralis,10096;16726;17956;20304;21217,HooXi;jabbi;phzy;ryu;Staehr,c8d9aa6d3f48b13980c6,5,5
2026-02-02,12468.0,Legacy,15698;19045;19686;20563;22965,dumau;latto;lux;n1ssim;saadzin,5cfd43d0258204c4872c,5,5
2026-02-02,6673.0,NRG,7687;8711;13249;16717;20333,br0;Jeorge;nitr0;oSee;Sonic,56cf3e042b1f1e8f73ad,5,5
2026-02-02,9928.0,GamerLegion,2553;9278;20301;23766,hypex;PR;REZ;Snax;Tauson,,4,5
2026-02-02,13286.0,FUT,20584;20761;22203;22674;23553,cmtry;dem0n;dziugss;Krabeni;lauNX,d3179d30c0f804c093f7,5,5
2026-02-02,4773.0,paiN,16816;18141;18714;19694,biguzera;nqz;piriajr;snow;vsm,,4,5
2026-02-02,12376.0,M80,15370;16599;20104;21665;22921,JBa;Lake;s1n;slaxz-;Swisher,b8f718041db8bac2e331,5,5
2026-02-02,12878.0,BC.Game,630;7998;8918;22807;23140,aragornN;electroNic;krazy;MUTiRiS;s1mple,ae6bcae18d9a803e55f9,5,5
2026-02-02,9215.0,MIBR,19310;20987;21037;21288;23192,brnz4n;insani;kl1m;LNZ;venomzera,3a4cd843e3fd795394e8,5,5
2026-02-02,4411.0,Ninjas in Pyjamas,922;11777;14148;20425;23372,Maden;r1nkle;sjuush;Snappi;xKacpersky,9d8bb5e02b05f5cf41e3,5,5
2026-02-02,7175.0,HEROIC,19187;20119;21163;21983;22047,Chr1zN;nilo;susp;xfl0ud;yxngstxr,2e9c58aeb5c57155eaf2,5,5
2026-02-02,12394.0,BetBoom,11840;18506;20357;21348;21667,ArtFr0st;Boombl4;d1Ledez;Magnojez;S1ren,852dcd372811563e8fc7,5,5
2026-02-02,13404.0,Gentle Mates,8371;9254;18749;19509;21239,alex;dav1g;MartinezSa;mopoz;sausol,d807a95213fd6aab9a51,5,5
2026-02-02,11581.0,HOTU,16612;19823;21385;21692;24806,dukefissura;frontales;kAlash;mizu;n0rb3r7,bf99af5339d636cba94c,5,5
2026-02-02,12426.0,Passion UA,11630;12840;13578;21452;21620,Grim;hallzerk;JT;Kvem;nicx,d7f059bd513e44ecf08a,5,5
2026-02-02,7532.0,BIG,5794;14929;14932;15165;22884,blameF;faveN;gr1ks;JDC;tabseN,4d6af2ad9a22ed3240f5,5,5
2026-02-02,12774.0,FlyQuest,4679;11140;17384;18214;20123,INS;jks;nettik;regali;Vexite,82ec1484979378ef597b,5,5
2026-02-02,9455.0,Imperial,10566;12822;18676;19869;22564,chelo;noway;skullz;try;VINI,61517c897f6cd83552fe,5,5
2026-02-02,11737.0,EYEBALLERS,3849;20879;21012;21159;22914,bobeksde;dex;JW;maxster;Ro1f,7cfc35758b87beeaec16,5,5
2026-02-02,10278.0,9INE,2898;17117;20300;20309;22702,bnox;cej0t;kraghen;raalz;shield,6841d702ce6000341a27,5,5
2026-02-02,4991.0,fnatic,7528;15165;17803;23046;23414,blameF;fEAR;jackasmo;jambo;KRIMZ,c7e0cca8490bcfa6f20e,5,5
2026-02-02,12144.0,BESTIA,2161;20185;20607;22570;24863,buda;cass1n;Noktse;timo;tomaszin,0879d2468d07e7792f62,5,5
2026-02-02,8113.0,Sharks,20558;21170;21221;21921;22911,doc;gafolo;koala;maxxkor;rdnzao,05357aa633fe11759c40,5,5
2026-02-02,11811.0,Monte,19015;19926;21217;21816;22106,afro;AZUWU;Bymas;Gizmy;ryu,486523cd7cd16bd59cc7,5,5
2026-02-02,10577.0,SINNERS,11199;12810;21113;23295;23459,beastik;kisserek;MoDo;SHOCK;stressarN,f9db3f6e7670b3bfa33b,5,5
2026-02-02,12474.0,Alliance,7443;16487;22760;22860;24083,avid;eraa;MaiL09;twist;upE,03930c7c65617aec48ea,5,5
2026-02-02,12895.0,K27,19575;22886;23684;23686;24725,kashl1d;qw1nk1;relaxxie;X5G7V;xeedo,e750fe564bbd5d2ce6ca,5,5
2026-02-02,7176.0,RED Canids,18865;20026;20085;20939,chayJESUS;dav1deuS;drop;history;kauez,,4,5
2026-02-02,13117.0,Inner Circle,16147;23415;23642;24168;24282,cptkurtka023;Dawy;Flierax;onic;zeRRoFIX,8a8a707e6ceacc0607bd,5,5
2026-02-02,13547.0,Friendly Campers,15203;20245;20958;21263;22703,bajmi;moonwalk;olimp;reiko;SaMey,e589c64ec1c105e17303,5,5
2026-02-02,12380.0,CYBERSHOKE,15662;17508;20430;21710;22803,alpha;bl1x1;glowiing;notineki;zorte,491998b5f10173f28bf8,5,5
2026-02-02,11419.0,ECSTATIC,10330;11995;20417;21779;22695,acoR;Anlelele;nut nut;sirah;TMB,0c0065c0b2c46762ecbb,5,5
2026-02-02,4869.0,ENCE,12731;19044;20282;21815;21972,F1KU;kRaSnaL;Neityu;podi;sdy,a4061a8fe96be6adc150,5,5
2026-02-02,4602.0,Tricked,16731;21571;21574;24104,Boye;IceBerg;leakz;NickyB;salazar,,4,5
2026-02-02,11571.0,Gaimin Gladiators,8565;9219;9482;15914;17861,felps;HEN1;JOTA;Luken;NEKIZ,eb730e5c582d6ca5d0ff,5,5
2026-02-02,8840.0,Lynn Vision,16551;18744;20254;22922;23100,C4LLM3SU3;EmiliaQAQ;Starry;Westmelon;z4KR,dbed042ec191be814f2c,5,5
2026-02-02,13355.0,Nemesis,18670;22536;22930;23047;24485,mag1k3Y;Sdaim;SELLTER;tex1y;yiksrezo,18a87234f5907bb4c123,5,5
2026-02-02,13124.0,Marsborne,12937;13230;17353;19705;22069,chop;Cxzi;Grizz;motm;WolfY,c486910f1c211a302ecb,5,5
2026-02-02,12604.0,Johnny Speeds,9255;9261;15569;16029;22759,draken;HEAP;jocab;Lekr0;Sapec,73c1ddb8357fdafef0fc,5,5
2026-02-02,11712.0,Sashi,10330;16723;20090;21199;23338,acoR;Beccie;Cabbi;MistR;Zyphon,4c8a28c856ac6c256fd4,5,5
2026-02-02,13027.0,Nuclear TigeRES,22878;22880;23762;24568;25807,ayuki;flouzer;m1QUSE;senka;z1k4,1ee5acb720df1bb50596,5,5
2026-02-02,11768.0,ODDIK,14390;17181;22182;22777;24772,diozera;ksloks;naitte;nardes;WOOD7,4b791fa5afe027b070d8,5,5
2026-02-02,9996.0,9z,12092;14736;14737;20394;22613,dgt;HUASOPEEK;luchov;max;meyern,26629d7dd5e4a60e1228,5,5
2026-02-02,13470.0,Oramond,20071;20686;20945;22129;24179,AntyVirus;fanatyk;Frontsiderr;SpavaQu;suonko,23210c1bc77590d5a72a,5,5
2026-02-02,13592.0,magic,19231;19874;21431;22075;24173,h1te;MaSvAl;sFade8;sstiNiX;tENZY,ea6fb0758f53f7a35ac9,5,5
2026-02-02,11837.0,Fluxo,11154;18717;19692;20183;20385,decenty;exit;kye;Lucaozy;zevy,0ffd0f19461a929a88e4,5,5
2026-02-02,13501.0,illwill,8311;9656;18456;19698;20889,7kick;adamS;fostar;hAdji;nEMANHA,114edd783d1398c26977,5,5
2026-02-02,13314.0,KOLESIE,3669;15940;20637;21715;22473,b1elany;flayy;innocent;Qlocuu;Sobol,3acbca293fa278a12799,5,5
2026-02-02,10503.0,OG,7964;19064;20465;20878;20994,adamb;arrozdoce;cadiaN;FL4MUS;spooke,31d34dd33c29bc1cba86,5,5
2026-02-02,7969.0,Nemiga,19920;22325;22460;23317;23319,KaiR0N-;khaN;riskyb0b;sowalio;syph0,c1c2da4902742c9093a8,5,5
2026-02-02,11176.0,MOUZ NXT,21988;24457;25253;25254;25255,ay0k;Joey;Nikodeon;opdust;xelex,cd967d20eabd7209546b,5,5
2026-02-02,9996.0,9z,12092;15914;22181;22371;22613,HUASOPEEK;levi;Luken;max;urban0,e0eb9e74d9c82b57698d,5,5
2026-02-02,11514.0,Rare Atom,7028;19681;20808;21825;24304,chengking;ChildKing;L1haNg;Summer;Tiger,61eb80817b49a1538d34,5,5
2026-02-02,10621.0,1win,8528;15071;20700;23770;23771,cronuss;HObbit;interz;lattykk;oz1k,1f10e1ddeb64858ed9a7,5,5
2026-02-02,13619.0,BET-M,3459;20534;22040;22927;23302,bluewh1te;executor;kinqie;KIRO;z1Nny,c93afad3985eb352df7c,5,5
2026-02-02,13499.0,Voca,14619;17918;19709;19711;20692,dea;Infinite;nosraC;shane;snav,2bba620cd7ac5204c394,5,5
2026-02-02,10333.0,Sangal,12004;19673;22039;24625;25110,clax;danistzz;h0kz;Patsi;R4DYX,c09bdf32e64ec9eb1f32,5,5
2026-02-02,5378.0,Virtus.pro,12732;16947;20101;23637;24952,b1st;fame;FL1T;Perfecto;tO0RO,7e43d65944506bdd4e0c,5,5
2026-02-02,13237.0,AM,12781;16705;20170;22060;22787,Altekz;delle;k1to;kyuubii;pxsl,75764fa2a7fbe889d63c,5,5
2026-02-02,4863.0,TYLOO,8552;19645;20702;20895;21621,Attacker;JamYoung;Jee;Mercury;Moseyuh,2c632070ba401ebd2e9d,5,5
2026-02-02,13602.0,Morningstar,16558;20258;23596;24747,expSasiKi;rage;rubeN;SPine;suki,,4,5
2026-02-02,12959.0,ShindeN,18554;19985;20451;20992;21155,abizz;ivz;nacho;naz;tom1jed,99dc3e2197cb0c18c596,5,5
2026-02-02,12000.0,500,11219;17145;18571;20282;20358,CeRq;CYPHER;kRaSnaL;Rainwaker;volt,27fa8b589766a53b6a19,5,5
2026-02-02,11609.0,GenOne,7168;14176;19738;21971;22481,Brooxsy;Chucky;Djoko;misutaaa;NBK-,0a9edd429f8c2d65e0b9,5,5
2026-02-02,11641.0,Metizport,13669;14218;17937;19069;20253,Dragon;forsyy;isak;Jackinho;Plopski,62a478c4b8b73184be19,5,5
2026-02-02,13173.0,Phantom,4829;17504;19114;20289;25104,DGL;KEi;Kunai;Kylar;mynio,9a0597b081388a585fe0,5,5
2026-02-02,10459.0,ARCRED,18447;18671;19703;20207;20402,DSSj;Get_Jeka;Raijin;Ryujin;synyx,47e71eaa76b5fa3267f5,5,5
2026-02-02,7865.0,HAVU,9818;21963;22143;22144;22211,Alxc;ottob;p3kko;puuha;uli,cafbd75d62b9de4d1423,5,5
2026-02-02,10975.0,MIBR fe,11215;16341;21800;21801;23463,Dani;GaBi;Olga;poppins;yungher,9b56a68b02d01406acef,5,5
2026-02-02,11718.0,BIG EQUIPA,21849;22062;22063;23049;23995,ASTRA;Emmsan;Hanka;kyossa;vicu,13ff3bf50880ed1c8aa0,5,5
2026-02-02,13617.0,ex-RUBY,20504;20956;22189;22326;22459,fozil;H4SAN4TOR;Kaide;sh1nejezzz;YumsaN,6637d18c26d367be4bcc,5,5
2026-02-02,12510.0,The Huns,15072;18638;19957;20703;23402,Bart4k;cobrazera;nin9;sk0R;xerolte,98d8ee24d663c964f937,5,5
2026-02-02,10245.0,JiJieHao,17675;18120;18163;19763;22419,0SAMAS;Bibu;BOROS;m1N1;sinnopsyy,e28246ca6151f9b66fc8,5,5
2026-02-02,7441.0,ECLOT,9911;19069;19594;19815;22101,Dytor;forsyy;kreaz;nbqq;spardaus,6f1ad68b17194da1c4ea,5,5
2026-02-02,12818.0,FAVBET,2131;18240;19614;20110;20228,bondik;j3kie;Marix;s4ltovsk1yy;Smash,7c5e87f24d0ff0cb4725,5,5
2026-02-02,13214.0,SPARTA,20199;21369;24171;24172;24818,1NVISIBLEE;Djon8;k4nfuz;sol;yuramyata,d2f5933777dca610be23,5,5
2026-02-02,12960.0,Fire Flux,9353;17117;17305;20625;20968,Banjo;FinigaN;paz;shield;soulfly,13fc1402433e4224d17a,5,5
2026-02-02,12916.0,Betclic,16848;18070;18979;25307;25542,Demho;Dr3nquu;eskyy;hades;Prism,984b00f1a8077e81507c,5,5
2026-02-02,13333.0,ASTRAL,21273;23545;24128;24704;24997,ASTR;meowpop;Neqy;r1ch;RaY5ive,343a2758f058a2fb6b90,5,5
2026-02-02,13623.0,STATE,11013;13077;13170;21381;25088,kwezz;Patti;SinK;thamlike;Zanto,45a6943ce4087385e762,5,5
2026-02-02,9621.0,AaB,16753;20033;22940;24425;25066,bekker;Maze;Mol011;n1Xen;qx,bf11301f0861eeb7f77e,5,5
2026-02-02,13081.0,Fake do Biru,6593;9216;16817;17553;18610,coldzera;detr0ittJ;hardzao;pesadelo;PKL,a6ef555b44ddb3f43cb9,5,5
2026-02-02,13414.0,Rave,10892;14494;15176;17929;23458,Cryptic;junior;laxiee;MarKE;Walco,a994045b00cfb65ca5b2,5,5
2026-02-02,6626.0,MINLATE,9616;15118;20960;21143;22474,amanek;ex1st;POLO;SBT;sk1tt,357e765de69fc71d333c,5,5
2026-02-02,12776.0,Bounty Hunters,16835;18322;20083;20690;20885,fREQ;KAISER;ninjaZ;ponter;zock,095df7239eaf635751aa,5,5
2026-02-02,12857.0,FORZE Reload,21367;21392;22327;23543;23628,demente;KusMe;shady;Something;spirit,2f9ca71da4eeb149c84d,5,5
2026-02-02,13652.0,mix52,21691;22538;23599;23858,dako;fitch;forkyz;her1tage;mo0N,,4,5
2026-02-02,13355.0,Nemesis,7996;13018;20872;22035;24734,CRUC1AL;n0te;Nexius;tein;Thomas,ceca78b6e11a5b2a0cb3,5,5
2026-02-02,12901.0,SemperFi,14294;14990;20003;20086;20244,ADDICT;hazr;keen;SaVage;shadiy,e2e6d725d3b81e97d32e,5,5
2026-02-02,11446.0,Leo,19617;21065;21650;21651;22649,amster;kL1o;Malkiss;marat2k;OneUn1que,5f5d618186c85997b7b6,5,5
2026-02-02,13479.0,Omega,23304;24021;25009;25010;25011,adai;Aldikon;Botpa1;dan4o;Maison,60a78b04afd0405436fa,5,5
2026-02-02,11018.0,megoshort,7700;13670;17769;24462;24727,mogv;nawwk;robiin;titulus;Twinkey,105f6b552203b0c0c5cd,5,5
2026-02-02,13551.0,OlyBet,14969;19566;23720;24210;24591,ChipaaN;discplex;Frip;hexoq;yaankz,7f1850bc8f04c3de13b7,5,5
2026-02-02,13231.0,Ursa,19664;21513;23764;24349,4X1s;Alv;deeN;Salazar;torox,,4,5
2026-02-02,12878.0,BC.Game,7998;8918;9618;18790;20926,aNdu;CacaNito;electroNic;nexa;s1mple,25d1e81278a1e29001ab,5,5
2026-02-02,,Rebels,11205;16102;17003;20683;23237,Icarus;NOPEEJ;snapy;stadodo;TMKj,4cbbbad01d97b153ea29,5,5
2026-02-02,10854.0,los kogutos,20284;23767;24243;24244,AdrieN;maaryy;Markoś;Nami;yvro,,4,5
2026-02-02,13163.0,ALGO,13679;17113;21575;22948;25460,anber;nopzy;nukkye;Scr0b;szejn,ad3fbba14cb6a5c62162,5,5
2026-02-02,13518.0,Acend,11217;15385;20114;21371;21657,AwaykeN;KalubeR;shaiK;Skrimo;SPELLAN,c1350696f6dc330c1096,5,5
2026-02-02,12812.0,ALLINNERS,11942;18752;21439;23386;23598,buster;ICY;kade0;kumao;noni,0d15811b7d02be4f9cbe,5,5
2026-02-02,4548.0,CPH Wolves,16753;20637;22048;24203;24332,b1elany;Jorko;Matheos;n1Xen;Tapewaare,c7762212e7bb2338b84c,5,5
2026-02-02,11571.0,Gaimin Gladiators,9482;11739;17585;17861;21099,b4rtiN;bsd;JOTA;NEKIZ;shz,cae6db67a4318f65f0b9,5,5
2026-02-02,12087.0,Lazer Cats,22706;23151;23589;24204;24914,Br4tkO;Kiy0o;Magic;nikitea;yab0ku-,84ef11056cd1cea6ed8d,5,5
2026-02-02,11933.0,Yawara,22364;22566;24284;24556,aNgelo;deemO;j0w;revoltz;tele,,4,5
2026-02-02,12257.0,Wildcard,8507;16726;19044;21665;22135,F1KU;JBa;Peeping;phzy;stanislaw,1e0f3c8103c3bc917fdd,5,5
2026-02-02,7187.0,Nexus,1206;9626;12945;19817;22563,Blytz;BTN;fnl;s0und;XELLOW,a6c215b1e63f08658b91,5,5
2026-02-02,12899.0,FengDa,19060;20896;24305;24306;24748,3gl;Biuckmt;p5p;salmon;Trash,49ed03e65e193ce266e4,5,5
2026-02-02,12267.0,UNiTY,15818;15821;20229;21165;23469,K1-FiDa;M1key;MoriiSko;NEOFRAG;woozzzi,f6568e478ed3ecce1cbe,5,5
2026-02-02,12677.0,Galorys,9483;18743;20522;23551;24224,bacc;destiny;gbb;nython;tomate,59835da0637a878d3d34,5,5
2026-02-02,12534.0,BOSS,13250;16647;19079;19128;20564,ben1337;Bwills;d4rty;Fruitcupx;SLIGHT,b33921be1d7e3c48f339,5,5
2026-02-02,12858.0,kONO,9896;13718;15117;16147;22904,b0RUP;birdfromsky;Burmylov;cptkurtka023;Keoz,c03a78e1868c844a2a00,5,5
2026-02-02,7900.0,Spirit Academy,22864;23319;24176;25334;25390,Kiryasoo;kurosse;Mokuj1n;robo;syph0,f81754ee526ed23ee1fc,5,5
2026-02-02,12646.0,Chinggis Warriors,19229;19536;19537;22414;25510,cool4st;Efire;ROUX;tikuak;yAmi,0df7d488e9c8a603d80d,5,5
2026-02-02,12536.0,DEPO,18989;22635;22638;23361;24656,fr0k;icyvl0ne;malinov;shoxs;wetfy,1cc9d2b91f2f9e6d9913,5,5
2026-02-02,13178.0,NOVAQ,11940;22537;23292;23541;25763,def1zer;k4zmo;neaLaN;Pump;tasman,bdf6fbba13a1e370b999,5,5
2026-02-02,6033.0,Keyd Stars,16814;17585;18891;18894;22956,b4rtiN;CutzMeretz;danoco;lash;t9rnay,16a081214320bf9daeb6,5,5
2026-02-02,13573.0,ex-Zero Tenacity,5351;8311;11777;21302;21783,aVN;brutmonster;Cjoffo;Maden;nEMANHA,6f98e5a4c4d38da6cab8,5,5
2026-02-02,12533.0,Atrix,19998;20501;21733;23092;23514,bokor;Eleven;LyttleZ;REGIANE;Sofiaxyz,2f6b8f40e062c2af2ee7,5,5
2026-02-02,13583.0,WHITEBIRD,11498;13240;13281;13982;18510,El1an;Forester;Lack1;NickelBack;sugaR,83f65482284bed7d9361,5,5
2026-02-02,11838.0,Partizan,20066;20252;20685;20813;21786,aidKiT;choiv7;Kind0;VLDN;xavi,f729159b528066f40b4e,5,5
2026-02-02,12967.0,WW,20113;21690;22350;23048;23682,ct0m;deko;kelieN;m3wsu;StRoGo,1a3dcfff1ae4dff47e60,5,5
2026-02-02,13233.0,HEROIC Academy,24281;24690;25331;25585;25676,HOLY;Hrdina;Muciek;St0m4k;Yoghi,7543f900ceba6f1f3ea5,5,5
2026-02-02,11917.0,NIP Impact,1572;16764;21796;21798;23090,aiM;Nayomy;Qiyarah;vilga;Zana,bcf8426eb332bb67eadf,5,5
2026-02-02,9735.0,Lilmix,3329;22380;23741;24518;24584,bsover;doobs;quix;Sn0w;walleN,5441f95301b654f4391e,5,5
2026-02-02,11668.0,Mindfreak,,dpr;swerzieN;Texta;tucks;zune,,0,5
2026-02-02,12548.0,Dusty Roots,14737;18554;23150;24749;25106,FraGuTy;meyern;next;rzk;tom1jed,6ebb9b9bfd31ae26449e,5,5
2026-02-02,13159.0,Prestige,7910;8994;23335;23936;24102,fejtZ;Few;Folke;HS;Mizi,4c52ca5f76030b757d40,5,5
2026-02-02,13613.0,Bebop,18510;20197;20948;22535;23303,dwushka;faydett;h1kaN;lov1kus;sugaR,fda06d408770a68028e9,5,5
2026-02-02,6033.0,Keyd Stars,11213;16814;16816;17133;18891,CutzMeretz;danoco;delboNi;desh;vsm,2da6af6b3aa2d44cbd7a,5,5
2026-02-02,11838.0,Partizan,13026;18788;20066;20252;20813,aidKiT;c0llins;dan1;Kind0;VLDN,9dcb1d90151421d63fec,5,5
2026-02-02,13364.0,Famalicão,20750;23141;23480;23559;24905,h0t;M1KA;P3R3IIRA;seabraez;snowiee,42f359a93744ea3f74c0,5,5
2026-02-02,10976.0,FURIA fe,11872;16340;17288;21219;22839,bizinha;gabs;izaa;kaahSENSEI;lulitenz,10dd16af0d8ef7254cf3,5,5
2026-02-02,13251.0,Mousquetaires,147;284;10569;19742;21967,devoduvek;drac;JACKZ;SIXER;Tarkky,b6076ad1a742be100e9e,5,5
2026-02-02,13486.0,THUNDER dOWNUNDER,9115;10588;11139;18545;20527,aliStair;asap;dexter;Liazz;TjP,37b8d597de5be61440f7,5,5
2026-02-02,11251.0,Eternal Fire,8575;15835;21250;23274;25076,Calyx;imoRR;jresy;lugseN;rim3,04937554e3c34d4ac18c,5,5
2026-02-02,13531.0,Sakura,16581;22302;23391;24393;24415,empathy;Fawx;raven;Serendipity;Stx,a6dffd2855ad5f4f2190,5,5
2026-02-02,13266.0,Impulse GW,20053;20054;20055;21115,pr;rafaxF;Slaxx;Sprayy;Stepa,,4,5
2026-02-02,9881.0,Rooster,12877;14333;21395,ADK;chelleos;ju1ces;Terryyy;viridian,,3,5
2026-02-02,12586.0,AMKAL,16921;16948;19236;19920;23858,KaiR0N-;KENSI;mo0N;nafany;TRAVIS,2f6e31b250d41f1925cc,5,5
2026-02-02,11790.0,ENCE Academy,21930;22733;23536;24121;24149,Blick;Cliqq;millert;Schwarz;teme,c207036ec5bfd9672bb3,5,5
2026-02-02,13181.0,BASEMENT BOYS,20422;22945;24246;24286;24672,fakerealityy;levantino;maggent;OWNER;Tr0ublE,38a0f75404b060cc68f1,5,5
2026-02-02,13380.0,9BOOMPRO,15662;16555;17011;18510;20994,Ax1Le;FL4MUS;shalfey;sugaR;zorte,094e0172259e2ecc3449,5,5
2026-02-02,8536.0,Ground Zero,,apocdud;damyo;Omichella;pz;vision,,0,5
2026-02-02,10997.0,Procyon,17997;19086;23549;25105;25106,AGL;lenci;MaxOff;next;pavv,b369d457d8472654b588,5,5
2026-02-02,12097.0,Eruption,19538;21428;22908;24123;24125,fury5k;MagnumZ;sideffect;Wonderzce;xenization,11e5f4329955b83cdbd5,5,5
2026-02-02,12721.0,Pigeons,16497;18775;21756;22062;24005,Kat;tory;twenty3;vicu;wieenN,50e0ae671f29f0c4f199,5,5
2026-02-02,13175.0,Change The Game,23001;24644;24855;24857;24858,957;Hack1ng;LaiKeXu;VanceKK;Zero,6fea41645c75426f6bf3,5,5
2026-02-02,13340.0,CSDIILIT,9325;14236;21931;24995;25504,8Juho8;arvid;Myggis;oopee;Puteli,01485856129fefb548c8,5,5
2026-02-02,12421.0,Let Her Cook,20165;22023;22024;22604;23436,JennyR;Joanana;meli;spike;xia,40061fd47f8ef085bbbb,5,5
2026-02-02,10900.0,KRÜ,9221;18549;21169;22163;24015,laser;Misfit;reversive;righi;trindade,24ab81558b1ef2521e91,5,5
2026-02-02,11251.0,Eternal Fire,8575;12708;16885;21023;23274,Calyx;EMSTAR;lugseN;rigoN;Woro2k,82800d3685edecf8170c,5,5
2026-02-02,13281.0,Bushido Wildcats,21253;22498;22504;24842;24843,cadnyx;Darendeli;eNs;scolleN;Vej,c6f55ecf0a0016464c21,5,5
2026-02-02,10867.0,MASONIC,22810;22811;23334;23471;24105,Avou;Botman;Bukhavez;KralleJ;Noruyp,ae9a76d234ccd25e2d1b,5,5
2026-02-02,12948.0,BORING PLAYERS,840;22997;24036;24387;25246,Jun7;karl;Miszary;tutu;zdr,cbb3b45ef04eede35ff9,5,5
2026-02-02,7653.0,Isurus,20689;24091;24749,atarax1a;deco;dott1;FraGuTy;Hezz,,3,5
2026-02-02,13475.0,FOLHA AMARELA,11337;13287;18140;19972;22404,bnc;cerolzin;ckzao;f4stzin;RCF,9caa8f14512fc00faa99,5,5
2026-02-02,13510.0,QWENTRY,8726;20883;23835;24311;24807,eightz999;facecrack;PsychoDoctor;slaxejezzz;Wadeshot,dffa9f118443bbfd0a66,5,5
2026-02-02,10864.0,VP.Prodigy,24292;24397;24950;24951;25636,AquaRS;F0R3VER;kaito;sun;TriBorgg1,b6fa5c6623bee9be34a3,5,5
2026-02-02,12301.0,FlyQuest RED,8850;14401;18641;22111;23621,BiBiAhn;Emy;GooseBreeder;marie;vanessa,207c2e8550328eb5b8f3,5,5
2026-02-02,13553.0,Oxuji,21192;21365;24899;25608;25609,ayano;HeCkBNk;k1ssly;Mikejio;zealot,d17b93fe8061112d09f3,5,5
2026-02-02,7175.0,HEROIC,19310;19808;20119;22047,LNZ;nilo;tN1R;yxngstxr,,4,4
2026-02-02,13618.0,Universe,18848,allu;HENU;Jelo,,1,3
2026-02-02,13433.0,Last Bullet,16768;16778;16872;19735;21509,B1NGO;flying;lan;Miami;Roninbaby,721379600900fed1e65b,5,5
2026-02-02,9139.0,BRUTE,14388;22863;23204;23206;24261,KAD1M;realzen;Siko;The eLiVe;w4rden,7f8a89194296ac5c14b3,5,5
2026-02-02,13304.0,LP,14010;17132;20521;21284;23550,Alisson;divine;happ;Leomonster;zmb,f05957b82dce82160422,5,5
2026-02-02,13465.0,Dziuseppe,22476;24081;24544,keis;virtuoso;Xydoo,,3,3
2026-02-02,9621.0,AaB,21775;23106;24426;25066,BehinDx;qx;stesso;Viggo,,4,4
2026-02-02,13173.0,Phantom,11278;17113;20289;24833;25104,Ayteel;DGL;Kunai;szejn;TOAO,cf34ff156320098f8751,5,5
2026-02-02,13053.0,Just Swing,10722;20354;22441;25247,gas;HiNa;Purely;qqGOD;sATOR1,,4,5
2026-02-02,9215.0,MIBR,11154;20987;21037;21700,brn$;brnz4n;exit;insani,,4,4
2026-02-02,13413.0,Vasco,10838;10840;22109;23045;23588,lukiz;mawth;n1cks;tatazin;vinaabEAST,1a1ed055f37e6474e09d,5,5
2026-02-02,9881.0,Rooster,12877;18545;20527;20881;21395,asap;chelleos;sliimey;Terryyy;TjP,c155914b68ef35235fe1,5,5
2026-02-02,12554.0,regain,23136;23137;23138;24667;24890,dvrk;fuzenko;marekiew;sasha;Zucar,1dabcf8b6bc61f3c719b,5,5
2026-02-02,12916.0,Betclic,16080;18070;18979;22385,Demho;dycha;Melavi;Prism;wafe1ek,,4,5
2026-02-02,11955.0,LAG,12102;19177;20572;22552,consti;djay;kmrn;Sandman,,4,4
2026-02-02,6810.0,aimclub,16971;20158;21213;21368;24901,Ed1m;ERSIN;ra1n;RoberttMP;zewts,cab738c5340479d62591,5,5
2026-02-02,10901.0,OverKnight,9214;19918;20405;22547;24345,4TAYLOR;AMC;b1;Majesticzz;spamzzy,4c09bc4f030ac6e5f689,5,5
2026-02-02,13310.0,MANA,15778;18119;20434;21108;21109,ammar;BledarD;Caleyy;cerber;SENER1,399ec18a488aff205d39,5,5
2026-02-02,13483.0,Washington,20054;20336;20339;20908;22192,arTisT;bevve;Extinct;rafaxF;Vacancy,71f7924e11470f3d9864,5,5
2026-02-02,5479.0,Mythic,8503;15007;15090;20510;22022,Cooper;fl0m;hyza;PwnAlone;Trucklover86,2eb72eae58d9b796bd40,5,5
2026-02-02,10567.0,SAW,23482;24139;25041;25208,blaze;jERK0z;Moretz;tuxa,,4,4
2026-02-02,13375.0,SportsBetExpert,17378;18706;21021;22967;23675,Evan;freshie;ogwizard;reck;TR0JN,e4127d5b5ea364685757,5,5
2026-02-02,11711.0,Players,22085,Lich;MITHPUTTINI;prisma;spinnie;xns,,1,5
2026-02-02,12707.0,Underground,,74LOR;Jynx;Mechanical;N1ghtraid;w0mbat,,0,5
2026-02-02,13012.0,HyperSpirit,15573;17116;18294;21117;21337,ADRON;Ciocardau;d1maje;ragga;starplajerz,dd433dc1372c447eea34,5,5
2026-02-02,12988.0,GameHunters,10827;11337;13287;17028;22126,abr;bnc;nyezin;prt;RCF,d6024adb56da337980e3,5,5
2026-02-02,10287.0,Legion,,Bloody;hf;HZI;pavast4r;PokemoN,,0,5
2026-02-02,12825.0,The QUBE,24302;24396;24512;24513;24779,bkzcurs3d;Cozen;Kamui;Paranormal;soloooS,8ffa3acd959cb93967f8,5,5
2026-02-02,12909.0,Phoenix,13689;20234;24045,Gabe;H0NeST;jchancE;mds;Redman,,3,5
2026-02-02,13405.0,Nemesis Impact,1656;7653;21793;22095;22356,juliano;Kaoday;Monkey D Julie;RacheLL;ramziiN,5822d211e6f36d39e597,5,5
2026-02-02,13506.0,ComeBack,,ElayDzha;for2na;OxygeN;R3LiFwOw;rinn,,0,5
2026-02-02,13406.0,Flame Sharks fe,,ayaka;Elizabeth;f6tal;Ivoli;mJ,,0,5
2026-02-02,13516.0,Fingers Crossed fe,22028;23438;23505;24006;24336,emocore;irbitka;Margo;sosya;v1spel,1d111441e414967038b8,5,5
2026-02-02,12568.0,EC BANGA,12416;20002;20418;20474;23200,blazekiNho;danss;Labreenc;makaroff;sqreet,81699f6f08f99305e17b,5,5
2026-02-02,12164.0,Zomblers,20273;20787;23410;24873,CAJUN;CoolComs;FxRE;HAMBOOGA;Pose1doNN,,4,5
2026-02-02,7720.0,InControl,14744;20330;23690;24234;24528,aelor;calamity;jsfeltner;Scorchyy;TyRa,9316d30bec0f67f0fda8,5,5
2026-02-02,13451.0,Four Magic fe,20503;21042;21736;22270;23148,annaEX;Babs;Brendinha;Cellax;josi,5c71d2a881e95e3f2f5f,5,5
2026-02-02,12900.0,NomadS,12956;18150;24303,clouden;hasteka;HenX;hoolig4n,,3,4
2026-02-02,13393.0,Peekaboo,20502;21727;22065;23451;25171,Angelka;Hikomi;julih;LETi;NAYLLA,56ef561c9f4baa8f0d67,5,5
2026-02-02,13024.0,8Sins,17656;18218;21990,Frazehh;Prime;Tadpole,,3,3
2026-02-02,11175.0,KHAN,,dosikk;dune;lom1k;tEO;tsukumeow,,0,5
2026-02-02,11838.0,Partizan,13026;20252;20253;20813,c0llins;DEPRESHN;Dragon;Kind0;VLDN,,4,5
2026-02-02,12812.0,ALLINNERS,23542;23543;23598;25010,Botpa1;demente;noni;wEAVER,,4,4
2026-02-02,13383.0,888aura,23052,aiveri;Nem1za;suns1de;unknxwn,,1,4
2026-02-02,12912.0,thekillaz fe,,brunakiller;fly;hera;Samys;tamizinha,,0,5
2026-02-02,10960.0,Young Ninjas,16811;21512;22759;22950;23753,jocab;MahaR;MisteM;rud;sL1m3,2a6c5661f43ac44ccbd1,5,5
2026-02-02,13542.0,LITE,,blood;ELFMELK;gump;Val;Winnieeeee,,0,5
2026-02-02,13102.0,GATERON,3741,Niko;reason;Tw1nk1e17;z1ayr,,1,4
2026-02-02,13417.0,Curralzinho,,akane;Cara de Banana;kati;pack;yuu,,0,5
2026-02-02,12567.0,Akimbo,7935;8518,Dante;gloRinsz;oreosss;roca;S5J,,2,5
2026-02-02,13143.0,Black Mold,,Bungee;Knopk@;Pterodactylsftw;sunnypp;uhKelsie,,0,5
2026-02-02,7801.0,Ghost,1331;8640;21961;22096;23524,7licious;Ellie;EMUHLEET;mira;Xp3,9d2a01e82636163b925a,5,5
2026-02-02,13441.0,FACEITPLAYERS,20054;20683;20750;23141;24634,Icarus;Jayy2s;P3R3IIRA;rafaxF;seabraez,7d0b7b964a13764dfa73,5,5
2026-02-02,10254.0,BIG Academy,19284;22866;24325;24358;24810,doni;JBOEN;prosus;tripex17;w1dow,0bc13c14971800e30b3e,5,5
2026-02-02,12908.0,Aether,18090;20578;20934;24892,arcade;micro;misha;Sathsea;Tender,,4,5
2026-02-02,7376.0,m1x,13670;15778;17147;18120;23415,juanflatroo;nawwk;SENER1;sinnopsyy;zeRRoFIX,571319dc8798baaa92df,5,5
2026-02-02,13398.0,Nocturnal,,gadfly;lunari;madss;tori;violet,,0,5
2026-02-02,13142.0,AKA HERO KAJO,,amyb;miLo;piku;Siljeeeh;Waldee,,0,5
2026-02-02,13395.0,hindsight,,Ann4;jenkon;Madam;mikeri;pullox,,0,5
2026-02-02,13381.0,wwaves,,daria;kira;olya;sakura;sckrafft,,0,5
2026-02-02,13217.0,ScarX,16167;16179;16180;21536;21541,Dant1k;Dili;kRYPt0N;mRmN;X1RON,ede144f83abe8c0cb14b,5,5
2026-02-02,13412.0,Dusty Roses,,armk4m;chjna;Flossie;sofiz;valulu,,0,5
2026-02-02,12702.0,Lotus fe,,abby;alicerawr;cyclone;tokkis;Zazu,,0,5
2026-02-02,12707.0,Underground,,beau;jayketh;Mechanical;Myst;N1ghtraid,,0,5
2026-02-02,13469.0,Money Crew,,N2o;obi;taggy;Zamgaa;zy,,0,5
2026-02-02,11585.0,IHC,15060;15861,Aapestt;NEUZ;rate;rhittacrit;shinobi,,2,5
2026-02-02,12455.0,Vantage,,Arctic;Kiyo;neo;Oath;tidy,,0,5
2026-02-02,11955.0,LAG,14799;22552;23199,brett;mason;Sandman;Wolffe,,3,4
2026-02-02,13571.0,SINQU,15562;25677;25678;25679;25680,Geni;J0nneW;KapiV;Lene;Samppa,97282c67feb029394a01,5,5
2026-02-02,13294.0,Outfit 49,14799;20573;21093;23830;24238,Andrew;brett;LUKE4k;s3rum;sava9e,fc14f9f1b6295f49f03d,5,5
2026-02-02,13342.0,Bad Luck,21888;23960;24930;25035,KLR;Lacerda;sakamoto;Thuister;vzn,,4,5
2026-02-02,13520.0,Four Magic,2544;19975;22423;23587;24716,brokeN;cLd;clon7;Ltz;remix,7073277c1782b6f83206,5,5
2026-02-02,12889.0,G2 Ares,19173;21272;23544;24111;25576,fNk;hitori;Junyme;tAk;yksjupe,288d9129454faee22255,5,5
2026-02-02,13512.0,Prison Breakers,17216;22655;22956;22957;23461,lash;MaLLby;pepe;r3kt;stax,92d34da59969fc7aba03,5,5
2026-02-02,13614.0,japczany,22385;23767;24243,AdrieN;chudy;darchevile;Melavi;Nami,,3,5
2026-02-02,13511.0,Fuego,21888;24298;24328;24930;25034,ALENNNCAR;ghosT1;Lukita;Thuister;vzn,b29d3226b57a78ab58ea,5,5
2026-02-02,13556.0,CALAOSCORNOS,24634,c0mplex;Jayy2s;Mané;MattyMyimb,,1,4
2026-02-02,6788.0,Crashers,21038;21085;23829;24717,antonini;Machado;nikz;rainny;Reix,,4,5
2026-02-02,12988.0,GameHunters,10827;17028;18875;22084;22777,abr;diozera;mello;prt;RICIOLI,1e2bfc76d6735b5c5710,5,5
2026-02-02,10943.0,777,16269;21580;21860;22952;23616,Brave;Hagmeister;thomass1;zame;ZapR,209ba76cac3a4ccfb28c,5,5
2026-02-02,13328.0,TSG,19028;24808;25256;25310,Brashi;flacko;milesd;myline;VulcaN,,4,5
2026-02-02,4602.0,Tricked,3741;21571,kroK;leakz;niko;Nodios;salazar,,2,5
2026-02-02,13643.0,rottweilers,15369;16412;20097,h4rn;rafftu;REDSTAR,,3,3
2026-02-02,11660.0,Take Flyte,17437;23226;24527;24679,Crisp;Drop;jared;Louie;Panic,,4,5
2026-02-02,13180.0,Straight2Killin,19028;20204;23674,BeaKie;den1ed;VulcaN,,3,3
2026-02-02,13201.0,F5,17478;23412;24524;24946;25582,bones;cmrn;Kermi;neight;Signal,1077c390c0889cf611ac,5,5
2026-02-02,13559.0,Pulse,10895;24193;25221;25634,Electrician;frog;miles;Molly;Prs,,4,5
2026-02-02,12955.0,THE,,1Drezz;d0RREN;krc;Sange;vt0rnikk,,0,5
2026-02-02,13474.0,FUT Academy,20437;22650;22722;23696;23735,Brillo;dezt;rendysky;Wonder;yoom,e7e8702bc012d4b6780c,5,5
2026-02-02,13425.0,Reign Above,24681;25366;25368;25369;25580,cobalt;colin;SayYouWill;SeRCEra;swayu,43a915094bb026a73235,5,5
2026-02-02,10823.0,INFINITE,19171;21211;24338;25333;25602,adeX;LkS;mhN1;RQBY;welnic,37f5dab0084d224d74df,5,5
2026-02-02,13485.0,VRSoholics,8575;15835;20284;20309;21142,bnox;Calyx;imoRR;maaryy;mASKED,b7989732b2f4dd6303e5,5,5
2026-02-02,13106.0,Getting Info,10892;19709;19710;19711;24048,dare;MarKE;shane;slump;snav,db715d213b43165fc16e,5,5
2026-02-02,13431.0,ex-HEROIC Academy,21575;22696;22948;23936;24281,anber;Dengzoe;Few;Scr0b;St0m4k,f536ca9a6c878d61f907,5,5
2026-02-02,7532.0,BIG,5794;14929;19899;20170,hyped;JDC;Krimbo;kyuubii;tabseN,,4,5
2026-02-02,13466.0,Fingers Crossed,19981;19982;22191;24022;25045,BaGyZ;fello;MAGILA;Sidivo;Uzman,e3c223f97d9d08700f8a,5,5
2026-02-02,13369.0,The Glecs,13679;24812;25100,crickeyyy;hodix;jackast;neiter;nukkye,,3,5
2026-02-02,13127.0,Wildcard Academy,16847;24113;24810,doni;leen;mhL;sSen,,3,4
2026-02-02,13327.0,R2,10499;10506;20531;24558,ABM;JonY BoY;maaxg1;nbl;tutehen,,4,5
2026-02-02,13453.0,HubaBuba,21431;21692;22075;22538;24726,her1tage;kAlash;sFade8;sstiNiX;z3ndeR,340932bc20553770df86,5,5
2026-02-02,11109.0,BBBMBCBS,7322,ApeX;Fitzy;HaZ;muffin,,1,4
2026-02-02,13369.0,The Glecs,24812;25100;25459,crickeyyy;hAw;hodix;jackast,,3,4
2026-02-02,10299.0,FURY,,cheeseball;cookie;rekonz;SkulL,,0,4
2026-02-02,12916.0,Betclic,18070;18979;23766;23767;25348,AdrieN;Demho;hypex;Prism;wizzhehe,68a644f3ce351ec19021,5,5
2026-02-02,12426.0,Passion UA,16885;19733;21452;23414,DemQQ;jackasmo;Kvem;Topa;Woro2k,,4,5
2026-02-02,13515.0,amateurs,23441,akiyanora;mb1w;metori;turboxgirl,,1,4
2026-02-02,12973.0,NuTorious,24769,Jr24racing;Msaia;nova;sayN;Toasty,,1,5
2026-02-02,12463.0,CAPIVARAS,,Arkynha;croma;elennz;lexy;luhflickzz,,0,5
2026-02-02,12971.0,Wanted Goons,23589,febreeze;Johan;killerPandas;Magic,,1,4
2026-02-02,13434.0,Square Sausages,,Dutchy;jeyN;moz;swaggy;wfn,,0,5
2026-02-02,11497.0,Little Bocks,8183,Andrea;athxna;Bouchard;rain;sapphire,,1,5
2026-02-02,12908.0,Aether,18090;20578;20934,arcade;micro;Tender,,3,3
2026-02-02,11711.0,Players,6553,dok;fl4sh;honda;MITHPUTTINI;xns,,1,5
2026-02-02,12152.0,KZG,,dearlucid;dpr;Drox;Mingovi;vinhy,,0,5
2026-02-02,13352.0,SENZA,,bogemt;drowranger;sn0w dll;SP1NT;whsup,,0,5
2026-02-02,13316.0,Animus Victoria,,foggers;kairo;phoebe;TRIPLUS;void,,0,5
2026-02-02,3044.0,MIBR Academy,6553;21290;21700;22964;25108,brn$;fl4sh;lkz;perez;stormzyn,008df279d63681cf55a9,5,5
2026-02-02,11905.0,paiN Academy,,futoi;Markz;pazini;Tatu;tsug,,0,5
2026-02-02,11585.0,IHC,15861;19536;19537,cool4st;rate;shinobi;Veccil;yAmi,,3,5
2026-02-02,13397.0,NYX,,ADK;AuroraVeee;jaydee;MamaAlien;PippySippy,,0,5
2026-02-02,13212.0,ex-TALON,14294;20086,ADDICT;BRACE;Forleks;hazr;sterling,,2,5
2026-02-02,13543.0,Timewaves,,camille;ElephanT;Harbor;Kezza;lawlkay,,0,5
2026-02-02,13206.0,anything else,20101,corim;cypress;FAME;mcniff;Slash,,1,5
2026-02-02,6033.0,Keyd Stars,6553;17133;20083;22109,desh;fl4sh;leo_drk;ninjaZ;vinaabEAST,,4,5
2026-02-02,13047.0,EXSAD,23934;25402;25701,KiMBARREiROS;kWAUR;ThozoR,,3,3
2026-02-02,13321.0,Falcons Force,25095;25332;25430;25431;25432,clockzi;grecu;NucleonZ;Olaie;VENO,f3f33fef3aac1297a0d8,5,5
2026-02-02,13534.0,Memeories,19897;23632;24866;25000,AEROj;fatguy;Slugy;Tiski,,4,4
2026-02-02,13265.0,MAGICOS,6536;25031;25034,ghosT1;Lcs;Rkzinho;rx;snow,,3,5
2026-02-02,11988.0,GLORE,18848;21165,DEPRESHN;HENU;M1key;neptun,,2,4
2026-02-02,13629.0,HereWeGoAgain,24015,flush;fraga;Ltm;trindade,,1,4
2026-02-02,13459.0,ex-Inner Circle,2553;16848,hades;Snax;TaZ,,2,3
2026-02-02,13265.0,MAGICOS,23997;25031;25033,Cr1a;Jhones Macarones;rx;snow,,3,4
2026-02-02,12483.0,MIGHT,12102;24527,BiNoX;djay;jared;Seb;Snakes,,2,5
2026-02-02,13519.0,Charrados,24641;25552;25553,protado;s1lent;space,,3,3
2026-02-02,13353.0,Arrival Seven,18442;23589,DooM;FRIZZY;MagiC;NIGHT666LADE;TABEN,,2,5
2026-02-02,13624.0,ELITES,,Antuanette;BabyRage;Slayerhz;zockie,,0,4
2026-03-02,9565.0,Vitality,7322;11816;11893;16693;18462,apEX;flameZ;mezii;ropz;ZywOo,91c93eb867d7d47bf729,5,5
2026-03-02,8297.0,FURIA,2023;12553;13915;15631;24144,FalleN;KSCERATO;molodoy;YEKINDAR;yuurih,e0362dcbafd342d82962,5,5
2026-03-02,4494.0,MOUZ,13666;18072;18221;18850;20312,Brollan;Jimpphat;Spinx;torzsi;xertioN,43f602c729e986479a12,5,5
2026-03-02,12467.0,PARIVISION,13776;19235;22471;22929;23685,BELCHONOKK;Jame;nota;xiELO;zweih,1b1217ac8c10e36bc2f4,5,5
2026-03-02,11283.0,Falcons,3741;12018;19230;19677;24177,kyousuke;kyxsan;m0NESY;NiKo;TeSeS,e17285b415d2dc1447da,5,5
2026-03-02,7020.0,Spirit,16920;18317;19808;20423;21167,donk;magixx;sh1ro;tN1R;zont1x,14048abbf062f10a8a24,5,5
2026-03-02,11861.0,Aurora,150;7938;8574;20968;21243,MAJ3R;soulfly;Wicadia;woxic;XANTARES,cbc5b9bb3769e1b3d58c,5,5
2026-03-02,4608.0,Natus Vincere,9816;14759;18987;20127;22673,Aleksib;b1t;iM;makazze;w0nderful,9d2b566c8472997adfa4,5,5
2026-03-02,6248.0,The MongolZ,20194;20275;21001;21809;23402,910;bLitz;cobrazera;mzinho;Techno,205ddf8f18a2672fc97c,5,5
2026-03-02,6665.0,Astralis,10096;16726;17956;20304;21217,HooXi;jabbi;phzy;ryu;Staehr,c8d9aa6d3f48b13980c6,5,5
2026-03-02,5995.0,G2,3972;11617;19164;20447;21062,HeavyGod;huNter-;malbsMd;MATYS;SunPayus,c6e7095c117141b82830,5,5
2026-03-02,6667.0,FaZe,429;9960;10394;18053;22383,broky;frozen;jcobbb;karrigan;Twistzz,3797ea47fc726fe1991c,5,5
2026-03-02,9928.0,GamerLegion,2553;9278;20301;23766,hypex;PR;REZ;Snax;Tauson,,4,5
2026-03-02,13286.0,FUT,20584;20761;22203;22674;23553,cmtry;dem0n;dziugss;Krabeni;lauNX,d3179d30c0f804c093f7,5,5
2026-03-02,13404.0,Gentle Mates,8371;9254;18749;19509;21239,alex;dav1g;MartinezSa;mopoz;sausol,d807a95213fd6aab9a51,5,5
2026-03-02,7175.0,HEROIC,19187;20119;21163;21983;22047,Chr1zN;nilo;susp;xfl0ud;yxngstxr,2e9c58aeb5c57155eaf2,5,5
2026-03-02,6673.0,NRG,7687;8711;13249;16717;20333,br0;Jeorge;nitr0;oSee;Sonic,56cf3e042b1f1e8f73ad,5,5
2026-03-02,11811.0,Monte,17145;19015;19926;21816;22106,afro;AZUWU;Bymas;Gizmy;Rainwaker,7aa468525cb3b414a8bc,5,5
2026-03-02,12394.0,BetBoom,11840;18506;20357;21348;21667,ArtFr0st;Boombl4;d1Ledez;Magnojez;S1ren,852dcd372811563e8fc7,5,5
2026-03-02,9215.0,MIBR,19310;20987;21037;21288;23192,brnz4n;insani;kl1m;LNZ;venomzera,3a4cd843e3fd795394e8,5,5
2026-03-02,11241.0,B8,20112;21708;22842;23643,alex666;esenthial;kensizor;npl,,4,4
2026-03-02,11581.0,HOTU,16612;19823;21385;21692;24806,dukefissura;frontales;kAlash;mizu;n0rb3r7,bf99af5339d636cba94c,5,5
2026-03-02,5973.0,Liquid,8520;8738;9436;16820;21763,EliGE;NAF;NertZ;siuhy;ultimate,235e5a809ccd8fbfac1b,5,5
2026-03-02,4914.0,3DMAX,8374;13138;19739;21969,bodyy;Ex3rcice;Graviti;Lucky;Maka,,4,5
2026-03-02,9996.0,9z,12092;14736;14737;20394;22613,dgt;HUASOPEEK;luchov;max;meyern,26629d7dd5e4a60e1228,5,5
2026-03-02,13501.0,illwill,8311;9656;16080;19698;20889,7kick;adamS;dycha;hAdji;nEMANHA,0fd23724f279a2fe1534,5,5
2026-03-02,12468.0,Legacy,15698;19045;19686;20563;22965,dumau;latto;lux;n1ssim;saadzin,5cfd43d0258204c4872c,5,5
2026-03-02,4411.0,Ninjas in Pyjamas,922;14148;20425;23372;24283,cairne;r1nkle;sjuush;Snappi;xKacpersky,ef7aa1204658206e782f,5,5
2026-03-02,12376.0,M80,15370;16599;20104;21665;22921,JBa;Lake;s1n;slaxz-;Swisher,b8f718041db8bac2e331,5,5
2026-03-02,7532.0,BIG,5794;14929;14932;15165;22884,blameF;faveN;gr1ks;JDC;tabseN,4d6af2ad9a22ed3240f5,5,5
2026-03-02,10577.0,SINNERS,11199;12810;21113;23295;23459,beastik;kisserek;MoDo;SHOCK;stressarN,f9db3f6e7670b3bfa33b,5,5
2026-03-02,12878.0,BC.Game,630;7998;8918;22807;23140,aragornN;electroNic;krazy;MUTiRiS;s1mple,ae6bcae18d9a803e55f9,5,5
2026-03-02,8113.0,Sharks,20558;21170;21221;21921;22911,doc;gafolo;koala;maxxkor;rdnzao,05357aa633fe11759c40,5,5
2026-03-02,4773.0,paiN,16816;18141;18714;19694,biguzera;nqz;piriajr;snow;vsm,,4,5
2026-03-02,12895.0,K27,19575;22886;23684;23686;24725,kashl1d;qw1nk1;relaxxie;X5G7V;xeedo,e750fe564bbd5d2ce6ca,5,5
2026-03-02,12774.0,FlyQuest,4679;11140;17384;18214;20462,INS;jks;nettik;story;Vexite,63f33835a6fe657c9ce4,5,5
2026-03-02,8474.0,100 Thieves,7592;8183;21014;22695;23397,Ag1l;device;poiii;rain;sirah,278d351c9f217b8d7f8d,5,5
2026-03-02,12474.0,Alliance,7443;16487;22760;22860;24083,avid;eraa;MaiL09;twist;upE,03930c7c65617aec48ea,5,5
2026-03-02,12426.0,Passion UA,11630;12840;13578;21452;21620,Grim;hallzerk;JT;Kvem;nicx,d7f059bd513e44ecf08a,5,5
2026-03-02,11419.0,ECSTATIC,11995;13602;20417;20941;21779,Anlelele;Buzz;nicoodoz;nut nut;TMB,38feabbd02bc1a45468d,5,5
2026-03-02,4991.0,fnatic,7528;11777;17803;23046;23414,fEAR;jackasmo;jambo;KRIMZ;Maden,35ec0f60506315d358c0,5,5
2026-03-02,10278.0,9INE,2898;17117;20300;20309;22702,bnox;cej0t;kraghen;raalz;shield,6841d702ce6000341a27,5,5
2026-03-02,13583.0,WHITEBIRD,11498;13240;13281;13982;16948,El1an;Forester;Lack1;NickelBack;TRAVIS,a27cfbcfca10e598409c,5,5
2026-03-02,11737.0,EYEBALLERS,3849;20879;21012;21159;22914,bobeksde;dex;JW;maxster;Ro1f,7cfc35758b87beeaec16,5,5
2026-03-02,7969.0,Nemiga,19920;22325;22460;23317;23319,KaiR0N-;khaN;riskyb0b;sowalio;syph0,c1c2da4902742c9093a8,5,5
2026-03-02,7176.0,RED Canids,18865;20026;20085;20939,chayJESUS;dav1deuS;drop;history;kauez,,4,5
2026-03-02,13592.0,magic,19231;19874;22075;22076;24173,AW;h1te;MaSvAl;sFade8;tENZY,70964275cbd98ef0bb62,5,5
2026-03-02,12144.0,BESTIA,2161;19985;20185;20607;22570,buda;cass1n;nacho;Noktse;tomaszin,9bec5d823f0da2c4e414,5,5
2026-03-02,13027.0,Nuclear TigeRES,22878;22880;23762;24568;25807,ayuki;flouzer;m1QUSE;senka;z1k4,1ee5acb720df1bb50596,5,5
2026-03-02,13314.0,KOLESIE,3669;15940;20637;21715;22473,b1elany;flayy;innocent;Qlocuu;Sobol,3acbca293fa278a12799,5,5
2026-03-02,9455.0,Imperial,10566;12822;20183;22371;22564,chelo;decenty;levi;noway;VINI,110d5035a28e4fb1fe97,5,5
2026-03-02,4869.0,ENCE,12731;19044;20282;21815;21972,F1KU;kRaSnaL;Neityu;podi;sdy,a4061a8fe96be6adc150,5,5
2026-03-02,12380.0,CYBERSHOKE,17508;20430;22803;24176,alpha;bl1x1;glowiing;Mokuj1n,,4,4
2026-03-02,12916.0,Betclic,16848;18070;18979;25307;25542,Demho;Dr3nquu;eskyy;hades;Prism,984b00f1a8077e81507c,5,5
2026-03-02,13355.0,Nemesis,18670;22536;22930;23047;24485,mag1k3Y;Sdaim;SELLTER;tex1y;yiksrezo,18a87234f5907bb4c123,5,5
2026-03-02,13619.0,BET-M,3459;20534;22040;22927;23302,bluewh1te;executor;kinqie;KIRO;z1Nny,c93afad3985eb352df7c,5,5
2026-03-02,13644.0,TDK,15662;16555;16921;18510;20387,Ax1Le;nafany;sugaR;Xant3r;zorte,1df7cd7c9f7db163da71,5,5
2026-03-02,11768.0,ODDIK,14390;17181;22182;22777;24772,diozera;ksloks;naitte;nardes;WOOD7,4b791fa5afe027b070d8,5,5
2026-03-02,10621.0,1win,8528;15071;20700;23770;23771,cronuss;HObbit;interz;lattykk;oz1k,1f10e1ddeb64858ed9a7,5,5
2026-03-02,13547.0,Friendly Campers,15203;20245;20958;21263;22703,bajmi;moonwalk;olimp;reiko;SaMey,e589c64ec1c105e17303,5,5
2026-03-02,11176.0,MOUZ NXT,21988;24457;25253;25254;25255,ay0k;Joey;Nikodeon;opdust;xelex,cd967d20eabd7209546b,5,5
2026-03-02,11571.0,Gaimin Gladiators,8565;9219;9482;15914;17861,felps;HEN1;JOTA;Luken;NEKIZ,eb730e5c582d6ca5d0ff,5,5
2026-03-02,12818.0,FAVBET,2131;18240;19614;20110;20228,bondik;j3kie;Marix;s4ltovsk1yy;Smash,7c5e87f24d0ff0cb4725,5,5
2026-03-02,12604.0,Johnny Speeds,9255;9261;15569;16029;22759,draken;HEAP;jocab;Lekr0;Sapec,73c1ddb8357fdafef0fc,5,5
2026-03-02,13117.0,Inner Circle,16147;23415;23642;24168;24282,cptkurtka023;Dawy;Flierax;onic;zeRRoFIX,8a8a707e6ceacc0607bd,5,5
2026-03-02,4602.0,Tricked,16731;21571;21574;24104,Boye;IceBerg;leakz;NickyB;salazar,,4,5
2026-03-02,10854.0,los kogutos,20284;23767;24243;24244,AdrieN;maaryy;Markoś;Nami;yvro,,4,5
2026-03-02,13470.0,Oramond,20071;20686;20945;22129;24179,AntyVirus;fanatyk;Frontsiderr;SpavaQu;suonko,23210c1bc77590d5a72a,5,5
2026-03-02,11712.0,Sashi,10330;16723;20090;21199;23338,acoR;Beccie;Cabbi;MistR;Zyphon,4c8a28c856ac6c256fd4,5,5
2026-03-02,12959.0,ShindeN,18554;20451;20992;21155;24749,abizz;FraGuTy;ivz;naz;tom1jed,0788c484a1818e5a6a23,5,5
2026-03-02,13479.0,Omega,9445;23304;24021;25010;25011,adai;Botpa1;dan4o;Maison;SNk,2e6b8a3ce9214aed2816,5,5
2026-03-02,13518.0,Acend,11217;15385;20114;21371;21657,AwaykeN;KalubeR;shaiK;Skrimo;SPELLAN,c1350696f6dc330c1096,5,5
2026-03-02,13173.0,Phantom,4829;17504;19114;20289;25104,DGL;KEi;Kunai;Kylar;mynio,9a0597b081388a585fe0,5,5
2026-03-02,11837.0,Fluxo,11154;18717;19692;20183;20385,decenty;exit;kye;Lucaozy;zevy,0ffd0f19461a929a88e4,5,5
2026-03-02,13617.0,ex-RUBY,17316;20504;22189;22326;22459,H4SAN4TOR;Kaide;sh1nejezzz;Vert;YumsaN,1628bb8f175c2f68e3c7,5,5
2026-03-02,12510.0,The Huns,15072;18638;19957;20703;21398,Bart4k;controlez;nin9;sk0R;xerolte,3e5225d5ac3f5f08f2fd,5,5
2026-03-02,13499.0,Voca,14619;17918;19709;19711;20692,dea;Infinite;nosraC;shane;snav,2bba620cd7ac5204c394,5,5
2026-03-02,13124.0,Marsborne,12937;13230;17353;19705;22069,chop;Cxzi;Grizz;motm;WolfY,c486910f1c211a302ecb,5,5
2026-03-02,10459.0,ARCRED,18447;18671;19703;20207;20402,DSSj;Get_Jeka;Raijin;Ryujin;synyx,47e71eaa76b5fa3267f5,5,5
2026-03-02,10333.0,Sangal,12004;19673;21139;22039;25110,clax;danistzz;Patsi;pr1metapz;R4DYX,0e7d81e8f7c7407947b8,5,5
2026-03-02,11251.0,Eternal Fire,12708;16885;19733;21023;22361,DemQQ;EMSTAR;jottAAA;rigoN;Woro2k,c231c03491452703600d,5,5
2026-03-02,12967.0,WW,20113;22350;23048;23682;23927,ct0m;deko;kelieN;m3wsu;tried,5d541806ffc74ea9539b,5,5
2026-03-02,11641.0,Metizport,13669;14218;17937;19069;20253,Dragon;forsyy;isak;Jackinho;Plopski,62a478c4b8b73184be19,5,5
2026-03-02,,Rebels,11205;16102;17003;20683;23237,Icarus;NOPEEJ;snapy;stadodo;TMKj,4cbbbad01d97b153ea29,5,5
2026-03-02,13553.0,Oxuji,21365;24569;25608;25609,ayano;fluffy;HeCkBNk;k1ssly;Kurama,,4,5
2026-03-02,13602.0,Morningstar,16558;20258;23596;24747,expSasiKi;rage;rubeN;SPine;suki,,4,5
2026-03-02,8840.0,Lynn Vision,16551;18744;20254;22922;23100,C4LLM3SU3;EmiliaQAQ;Starry;Westmelon;z4KR,dbed042ec191be814f2c,5,5
2026-03-02,11609.0,GenOne,7168;14176;19738;21971;22481,Brooxsy;Chucky;Djoko;misutaaa;NBK-,0a9edd429f8c2d65e0b9,5,5
2026-03-02,10503.0,OG,7964;19064;20465;20878;20994,adamb;arrozdoce;cadiaN;FL4MUS;spooke,31d34dd33c29bc1cba86,5,5
2026-03-02,7865.0,HAVU,4076;9818;21963;22144;22211,Aerial;Alxc;ottob;puuha;uli,e1db2c8672ddb8b69b95,5,5
2026-03-02,13214.0,SPARTA,20199;21369;24171;24172;24818,1NVISIBLEE;Djon8;k4nfuz;sol;yuramyata,d2f5933777dca610be23,5,5
2026-03-02,13703.0,ex-Fingers Crossed,798;9911;19594;22101;22191,kreaz;MAGILA;nbqq;oskar;spardaus,46f946b744b4ae0ae98c,5,5
2026-03-02,12267.0,UNiTY,15818;15821;20229;21165;23469,K1-FiDa;M1key;MoriiSko;NEOFRAG;woozzzi,f6568e478ed3ecce1cbe,5,5
2026-03-02,13178.0,NOVAQ,11940;21439;22537;23292;23541,def1zer;ICY;neaLaN;Pump;tasman,54a6f5a1f34da08a9392,5,5
2026-03-02,12087.0,Lazer Cats,22706;23151;23589;24204;24914,Br4tkO;Kiy0o;Magic;nikitea;yab0ku-,84ef11056cd1cea6ed8d,5,5
2026-03-02,11514.0,Rare Atom,7028;19681;20808;21825;24304,chengking;ChildKing;L1haNg;Summer;Tiger,61eb80817b49a1538d34,5,5
2026-03-02,13237.0,AM,12781;16705;20170;22060;22787,Altekz;delle;k1to;kyuubii;pxsl,75764fa2a7fbe889d63c,5,5
2026-03-02,4863.0,TYLOO,8552;19645;20702;20895;21621,Attacker;JamYoung;Jee;Mercury;Moseyuh,2c632070ba401ebd2e9d,5,5
2026-03-02,7187.0,Nexus,9626;12945;19173;19817;22563,Blytz;fNk;fnl;s0und;XELLOW,ecea19805ac3bb36b4a8,5,5
2026-03-02,13623.0,STATE,11013;13077;13170;21381;25088,kwezz;Patti;SinK;thamlike;Zanto,45a6943ce4087385e762,5,5
2026-03-02,13163.0,ALGO,13679;17113;21233;21575;22948,anber;myltsi;nukkye;Scr0b;szejn,aa3b7546ed0fc84fa7da,5,5
2026-03-02,10245.0,JiJieHao,17147;17675;18120;18163;22419,0SAMAS;Bibu;juanflatroo;m1N1;sinnopsyy,5434bc9a52517565c790,5,5
2026-03-02,13510.0,QWENTRY,8726;20883;21445;23835;24807,abiraju;eightz999;facecrack;PsychoDoctor;slaxejezzz,032eef28ae3540439bcb,5,5
2026-03-02,10975.0,MIBR fe,11215;16341;21800;21801;23463,Dani;GaBi;Olga;poppins;yungher,9b56a68b02d01406acef,5,5
2026-03-02,6626.0,MINLATE,9616;15118;20960;21143;22474,amanek;ex1st;POLO;SBT;sk1tt,357e765de69fc71d333c,5,5
2026-03-02,13333.0,ASTRAL,21273;23545;24128;24704;24997,ASTR;meowpop;Neqy;r1ch;RaY5ive,343a2758f058a2fb6b90,5,5
2026-03-02,9996.0,9z,12092;15914;22181;22371;22613,HUASOPEEK;levi;Luken;max;urban0,e0eb9e74d9c82b57698d,5,5
2026-03-02,12677.0,Galorys,9483;16645;18743;20522;23551,destiny;drg;gbb;nython;tomate,21a7646cd27ff716f6a6,5,5
2026-03-02,11446.0,Leo,19617;21065;21650;21651;22649,amster;kL1o;Malkiss;marat2k;OneUn1que,5f5d618186c85997b7b6,5,5
2026-03-02,12857.0,FORZE Reload,21367;21392;21431;22327;23628,KusMe;shady;Something;spirit;sstiNiX,1bc6b5f7dbd4c08191d0,5,5
2026-03-02,13642.0,SIXSEVEN,11219;17145;18571;20282;20358,CeRq;CYPHER;kRaSnaL;Rainwaker;volt,27fa8b589766a53b6a19,5,5
2026-03-02,12194.0,Rune Eaters,21691;22538;23599;23858,dako;fitch;forkyz;her1tage;mo0N,,4,5
2026-03-02,13613.0,Bebop,14273;20197;20948;22535;23303,dwushka;faydett;h1kaN;iDISBALANCE;lov1kus,e485c3ca2122712c6530,5,5
2026-03-02,12257.0,Wildcard,16847;17378;18838;19846;22135,CLASIA;HexT;mhL;Peeping;reck,032026e7a81f2944d094,5,5
2026-03-02,13486.0,THUNDER dOWNUNDER,9115;10588;11139;18545;20527,aliStair;asap;dexter;Liazz;TjP,37b8d597de5be61440f7,5,5
2026-03-02,9621.0,AaB,16753;20033;22940;24425;25066,bekker;Maze;Mol011;n1Xen;qx,bf11301f0861eeb7f77e,5,5
2026-03-02,13304.0,LP,14010;17132;20521;21284;23550,Alisson;divine;happ;Leomonster;zmb,f05957b82dce82160422,5,5
2026-03-02,13310.0,MANA,15778;18119;20434;21108;21109,ammar;BledarD;Caleyy;cerber;SENER1,399ec18a488aff205d39,5,5
2026-03-02,13231.0,Ursa,19664;21513;23764;24349,4X1s;Alv;deeN;Salazar;torox,,4,5
2026-03-02,13689.0,Fuzos,20053;20054;20055,Mané;pr;rafaxF;Slaxx;Stepa,,3,5
2026-03-02,12960.0,Fire Flux,9353;17117;17305;20625;20968,Banjo;FinigaN;paz;shield;soulfly,13fc1402433e4224d17a,5,5
2026-03-02,13081.0,Fake do Biru,6593;9216;16817;17553;18610,coldzera;detr0ittJ;hardzao;pesadelo;PKL,a6ef555b44ddb3f43cb9,5,5
2026-03-02,5378.0,Virtus.pro,12732;16947;20101;23637;24952,b1st;fame;FL1T;Perfecto;tO0RO,7e43d65944506bdd4e0c,5,5
2026-03-02,12776.0,Bounty Hunters,16835;18322;20083;20690;20885,fREQ;KAISER;ninjaZ;ponter;zock,095df7239eaf635751aa,5,5
2026-03-02,12901.0,SemperFi,14294;14990;20003;20086;20244,ADDICT;hazr;keen;SaVage;shadiy,e2e6d725d3b81e97d32e,5,5
2026-03-02,10567.0,SAW,23482;24139;25041;25208,blaze;jERK0z;Moretz;tuxa,,4,4
2026-03-02,13364.0,Famalicão,20750;23141;23480;23559;24905,h0t;M1KA;P3R3IIRA;seabraez;snowiee,42f359a93744ea3f74c0,5,5
2026-03-02,11718.0,BIG EQUIPA,21849;22063;23090;23995;24006,aiM;ASTRA;Emmsan;Hanka;sosya,d12495477296fea24ee2,5,5
2026-03-02,11955.0,LAG,12102;19177;20572;22552,consti;djay;kmrn;Sandman;Wolffe,,4,5
2026-03-02,11668.0,Mindfreak,20881,Crunchy;dpr;sliimey;Texta;zune,,1,5
2026-03-02,13414.0,Rave,14494;15176;17929;21128;23458,Cryptic;junior;laxiee;Pluto;Walco,d07f080d402802bb43ad,5,5
2026-03-02,11018.0,megoshort,7700;13670;17769;24462;24727,mogv;nawwk;robiin;titulus;Twinkey,105f6b552203b0c0c5cd,5,5
2026-03-02,10867.0,MASONIC,22810;22811;23334;23471;24105,Avou;Botman;Bukhavez;KralleJ;Noruyp,ae9a76d234ccd25e2d1b,5,5
2026-03-02,13551.0,OlyBet,14969;19566;23720;24210;24591,ChipaaN;discplex;Frip;hexoq;yaankz,7f1850bc8f04c3de13b7,5,5
2026-03-02,6033.0,Keyd Stars,16814;16816;17133;18891;18894,CutzMeretz;danoco;desh;t9rnay;vsm,fd4160f1672efb1f923c,5,5
2026-03-02,11790.0,ENCE Academy,21930;22733;24121;24149,Cliqq;Matz;millert;Schwarz;teme,,4,5
2026-03-02,13667.0,NEXVOID,11141;15681;22415;23457;24805,AccuracyTG;Diesen;erkaSt;OCEANA;Zesta,78eaf7627038af7670b5,5,5
2026-03-02,12694.0,RUBY,20956;21362;22189;22326;24972,fozil;H4SAN4TOR;Kaide;maQuein;TruNiQ,c0e94ee19d02d0d3458c,5,5
2026-03-02,12812.0,ALLINNERS,11942;18752;21439;23386;23598,buster;ICY;kade0;kumao;noni,0d15811b7d02be4f9cbe,5,5
2026-03-02,10864.0,VP.Prodigy,24292;24950;24951;25462,AquaRS;F0R3VER;lasfas;rokilan;TriBorgg1,,4,5
2026-03-02,9139.0,BRUTE,21142;22863;23204;23765;24261,hfah;KAD1M;mASKED;realzen;Siko,7b9bd97d2aa6b83da1bb,5,5
2026-03-02,12646.0,Chinggis Warriors,19229;19537;19827;22414;25510,cool4st;Efire;ligroo;ROUX;tikuak,00e6d4709d6e129ae7e4,5,5
2026-03-02,4548.0,CPH Wolves,16753;20637;22048;24203;24332,b1elany;Jorko;Matheos;n1Xen;Tapewaare,c7762212e7bb2338b84c,5,5
2026-03-02,12568.0,EC BANGA,12416;20002;20418;20474;23200,blazekiNho;danss;Labreenc;makaroff;sqreet,81699f6f08f99305e17b,5,5
2026-03-02,13355.0,Nemesis,7996;13018;20872;22035;24734,CRUC1AL;n0te;Nexius;tein;Thomas,ceca78b6e11a5b2a0cb3,5,5
2026-03-02,13012.0,HYPERSPIRIT,15573;17116;18294;21117;21337,ADRON;Ciocardau;d1maje;ragga;starplajerz,dd433dc1372c447eea34,5,5
2026-03-02,11917.0,NIP Impact,1572;16764;21796;21798;23090,aiM;Nayomy;Qiyarah;vilga;Zana,bcf8426eb332bb67eadf,5,5
2026-03-02,13175.0,Change The Game,23001;23906;24644;24855;24858,957;Hack1ng;LaiKeXu;ProKiller;VanceKK,557c3d7cbce81167ed72,5,5
2026-03-02,12536.0,DEPO,18989;22635;22638;23361;24656,fr0k;icyvl0ne;malinov;shoxs;wetfy,1cc9d2b91f2f9e6d9913,5,5
2026-03-02,13475.0,FOLHA AMARELA,18140;19972;22084;22362;22404,cerolzin;ckzao;f4stzin;mello;xureba,035a7b08994c4486e515,5,5
2026-03-02,13568.0,eLITenergy,21909;22430;22883;22961;25423,finW;gooddeph;k0s;k1slll;keegaN,7d32a87822277dcdb9ca,5,5
2026-03-02,12858.0,kONO,284;9896;13718;15117;22904,b0RUP;birdfromsky;Burmylov;JACKZ;Keoz,0e51164e6bbde29e85ab,5,5
2026-03-02,10997.0,Procyon,17997;19086;23549;25105;25106,AGL;lenci;MaxOff;next;pavv,b369d457d8472654b588,5,5
2026-03-02,11933.0,Yawara,20029;22364;22566;24284;24556,card;deemO;j0w;revoltz;tele,3d8f18e7ce8f8b370c8d,5,5
2026-03-02,7900.0,Spirit Academy,22864;23319;24176;25334;25390,Kiryasoo;kurosse;Mokuj1n;robo;syph0,f81754ee526ed23ee1fc,5,5
2026-03-02,13159.0,Prestige,7910;8994;23335;23936;24102,fejtZ;Few;Folke;HS;Mizi,4c52ca5f76030b757d40,5,5
2026-03-02,11251.0,Eternal Fire,8575;15835;21023;21250;23274,Calyx;EMSTAR;imoRR;jresy;lugseN,05a06f2f02a46096493e,5,5
2026-03-02,12533.0,Atrix,19998;20501;21733;23092;23514,bokor;Eleven;LyttleZ;REGIANE;Sofiaxyz,2f6b8f40e062c2af2ee7,5,5
2026-03-02,13499.0,Voca,17918;19709;19711;20692;24048,dea;nosraC;shane;slump;snav,c25135f074b26d8e8b59,5,5
2026-03-02,12421.0,Let Her Cook,1572;20165;22023;22024;22871,JennyR;Joanana;pauliiee;spike;vilga,96b84b75df8cd325f8bd,5,5
2026-03-02,11571.0,Gaimin Gladiators,9482;11739;17585;17861;21099,b4rtiN;bsd;JOTA;NEKIZ;shz,cae6db67a4318f65f0b9,5,5
2026-03-02,12899.0,FengDa,19060;20896;24305;24306;24748,3gl;Biuckmt;p5p;salmon;Trash,49ed03e65e193ce266e4,5,5
2026-03-02,12988.0,GameHunters,10827;13287;17028;21099;22126,abr;bnc;bsd;nyezin;prt,5cf84aa0477c2ec66632,5,5
2026-03-02,13233.0,HEROIC Academy,24281;24690;25331;25585;25676,HOLY;Hrdina;Muciek;St0m4k;Yoghi,7543f900ceba6f1f3ea5,5,5
2026-03-02,13413.0,Vasco,10838;10840;16314;23045;23588,lukiz;mawth;n1cks;pancc;tatazin,556a0381dd709e721161,5,5
2026-03-02,12721.0,Pigeons,16497;18775;21756;22062;24005,Kat;tory;twenty3;vicu;wieenN,50e0ae671f29f0c4f199,5,5
2026-03-02,13024.0,8Sins,17656;18218;20128;21990;24459,dobbo;Frazehh;Prime;Tadpole;TorNEX,d43c8f196fa6a0937de6,5,5
2026-03-02,7653.0,Isurus,20689;24091;24749,atarax1a;deco;dott1;FraGuTy;Hezz,,3,5
2026-03-02,12534.0,BOSS,8507;13250;16647;17372;19128,ben1337;Bwills;FaNg;SLIGHT;stanislaw,6c40e0a580e0fabc6deb,5,5
2026-03-02,9735.0,Lilmix,3329;22380;23741;24518;24584,bsover;doobs;quix;Sn0w;walleN,5441f95301b654f4391e,5,5
2026-03-02,12164.0,Zomblers,19707;20273;20787;21091;23410,CAJUN;CoolComs;grape;Pol0;Pose1doNN,c62ec5102a18908fb43b,5,5
2026-03-02,8536.0,Ground Zero,,apocdud;damyo;Omichella;pz;vision,,0,5
2026-03-02,13281.0,Bushido Wildcats,21253;22498;22504;24842;24843,cadnyx;Darendeli;eNs;scolleN;Vej,c6f55ecf0a0016464c21,5,5
2026-03-02,13340.0,CSDIILIT,9325;14236;21931;24995,8Juho8;arvid;melty;Myggis;oopee,,4,5
2026-03-02,13181.0,BASEMENT BOYS,20421;20422;22945;24246;24672,fakerealityy;kr1vda;maggent;OWNER;Tr0ublE,ffc6058811a79f0d0c78,5,5
2026-03-02,13678.0,ex-Flame Sharks,22450;23638;24114,7tetsu;heis999;sad;xm1nd;Yakuza,,3,5
2026-03-02,13251.0,Mousquetaires,147;284;10569;19742;21967,devoduvek;drac;JACKZ;SIXER;Tarkky,b6076ad1a742be100e9e,5,5
2026-03-02,12548.0,Dusty Roots,14737;18554;23150;24749;25106,FraGuTy;meyern;next;rzk;tom1jed,6ebb9b9bfd31ae26449e,5,5
2026-03-02,13679.0,FOKUS,16486;20358;20625;24203;24332,Banjo;Jorko;Matheos;volt;ztr,a64db9440de6f9c2982e,5,5
2026-03-02,11838.0,Partizan,20066;20252;20685;20813;21786,aidKiT;choiv7;Kind0;VLDN;xavi,f729159b528066f40b4e,5,5
2026-03-02,13665.0,FarmVille,20204;21093;24873,BeaKie;cJ dA K1nG;HAMBOOGA;sava9e;Umar,,3,5
2026-03-02,10287.0,Legion,,Bloody;hf;HZI;pavast4r;PokemoN,,0,5
2026-03-02,12586.0,AMKAL,16921;16948;19236;19920;23858,KaiR0N-;KENSI;mo0N;nafany;TRAVIS,2f6e31b250d41f1925cc,5,5
2026-03-02,13668.0,Atreides,18788;19812;20782,Chill;dan1;DEPRESHN;Goody,,3,4
2026-03-02,6089.0,The Last Resort,20336;20339;20340;20908;22192,arTisT;bevve;Extinct;Girafffe;Vacancy,e51e46ade62533cad99a,5,5
2026-03-02,13433.0,Last Bullet,16768;16778;19735;21509;22000,B1NGO;BZA;lan;Miami;Roninbaby,b138310299bababf44af,5,5
2026-03-02,12257.0,Wildcard,8507;16726;19044;21665;22135,F1KU;JBa;Peeping;phzy;stanislaw,1e0f3c8103c3bc917fdd,5,5
2026-03-02,9621.0,AaB,22940;23106;24425;24426;25066,bekker;Mol011;qx;stesso;Viggo,da2897f195b5b9d3ccf7,5,5
2026-03-02,13573.0,ex-Zero Tenacity,2476;5351;20252;21302;21783,aVN;brutmonster;Cjoffo;emi;Kind0,6d032d9f235bc0241dbe,5,5
2026-03-02,13666.0,BMZ,19538;21428;22908,fury5k;MagnumZ;me1o;rhittacrit;Wonderzce,,3,5
2026-03-02,13576.0,TNT,,f3tje;fen2k;hahanz0;rv1den;wonimo,,0,5
2026-03-02,12878.0,BC.Game,9618;18790;20926,aNdu;CacaNito;Cocaz;nexa;PALM1,,3,5
2026-03-02,12812.0,ALLINNERS,11942;23386;23542;23543;23598,buster;demente;kumao;noni;wEAVER,4c74902a02c5250314d2,5,5
2026-03-02,6810.0,aimclub,16971;20158;21213;21368,BRK;Ed1m;ERSIN;RoberttMP;zewts,,4,5
2026-03-02,10976.0,FURIA fe,11872;16340;17288;21219;22839,bizinha;gabs;izaa;kaahSENSEI;lulitenz,10dd16af0d8ef7254cf3,5,5
2026-03-02,13294.0,Outfit 49,20234;24045;24669,Gabe;H0NeST;mds;Valter0k;Zoker,,3,5
2026-03-02,9881.0,Rooster,12877;14333,ADK;chelleos;ju1ces;rekonz;SkulL,,2,5
2026-03-02,12948.0,BORING PLAYERS,840;22997;24036;24387;25246,Jun7;karl;Miszary;tutu;zdr,cbb3b45ef04eede35ff9,5,5
2026-03-02,11838.0,Partizan,13026;18788;20066;20252;20813,aidKiT;c0llins;dan1;Kind0;VLDN,9dcb1d90151421d63fec,5,5
2026-03-02,12000.0,500,11219;15369;17145;20282;20358,CeRq;kRaSnaL;Rainwaker;REDSTAR;volt,b1e682a25485be9f2a5d,5,5
2026-03-02,10900.0,KRÜ,9221;20607;21169;22163;24015,buda;Misfit;reversive;righi;trindade,79e3790168f41efc975d,5,5
2026-03-02,13375.0,SportsBetExpert,18706;22967;23675,Evan;freshie;ogwizard;sml;steel,,3,5
2026-03-02,9881.0,Rooster,12877;14333;18545;20527;21395,asap;chelleos;ju1ces;Terryyy;TjP,0550c99cc52c81bef2b2,5,5
2026-03-02,12834.0,RUSTEC,16415;19297;21686;24190;24817,anttzz;Brilliance;jakekeS;supra;youka,ae3e0739999dd44e1986,5,5
2026-03-02,13181.0,BASEMENT BOYS,20422;22680;22945;23614;24286,Bambosh;levantino;OWNER;Polbandana;Tr0ublE,440ea359aba3be9846af,5,5
2026-03-02,13501.0,illwill,9656;11777;18456;20828;20889,7kick;fostar;hAdji;leri511;Maden,1e89e429f7f7dde71c4c,5,5
2026-03-02,12825.0,The QUBE,24302;24396;24512;24513,Cozen;grizzly;Kamui;Paranormal;soloooS,,4,5
2026-03-02,13686.0,Abyssal,,dangeR;foggers;gump;Kiyo;vinhy,,0,5
2026-03-02,9215.0,MIBR,11154;20987;21037;21700,brn$;brnz4n;exit;insani,,4,4
2026-03-02,13618.0,Universe,18848,allu;HENU;Jelo,,1,3
2026-03-02,13465.0,Dziuseppe,22476;24081;24544,keis;virtuoso;Xydoo,,3,3
2026-03-02,13662.0,home,21775;23106;24426,BehinDx;sacred;stesso;Viggo;wasian,,3,5
2026-03-02,12554.0,regain,23136;23137;23138;24667;24890,dvrk;fuzenko;marekiew;sasha;Zucar,1dabcf8b6bc61f3c719b,5,5
2026-03-02,13664.0,ex-KRÜ,9221;18549;21169;23150,1962;laser;reversive;righi;rzk,,4,5
2026-03-02,12707.0,Underground,,74LOR;Jynx;Kras;Mechanical;N1ghtraid,,0,5
2026-03-02,13685.0,Skele,,motion;neo;Oath;sunshinez;tidy,,0,5
2026-03-02,7720.0,InControl,20330;23088;23690;24234;24528,aelor;ayaneuu;jsfeltner;Scorchyy;TyRa,d1a0612fbdeb2bb10e71,5,5
2026-03-02,11668.0,Mindfreak,,dpr;Drox;swerzieN;tucks;zune,,0,5
2026-03-02,13173.0,Phantom,11278;17113;20289;24833;25104,Ayteel;DGL;Kunai;szejn;TOAO,cf34ff156320098f8751,5,5
2026-03-02,12745.0,brazylijski luz,24474;25071,aimy;Brain;elem;next1me;Pelle,,2,5
2026-03-02,13516.0,Fingers Crossed fe,15831;22028;22604;23438;23505,D7;irbitka;Margo;v1spel;xia,c69b7df44fd80035b2bb,5,5
2026-03-02,13340.0,CSDIILIT,21931;24185;24911;24995;25504,8Juho8;joeski;Myggis;Puteli;Rejoiner,4d90841440dc596dd9db,5,5
2026-03-02,13405.0,Nemesis Impact,1656;7653;21793;22095;22356,juliano;Kaoday;Monkey D Julie;RacheLL;ramziiN,5822d211e6f36d39e597,5,5
2026-03-02,13502.0,Arise,15762;19563;23323,Anasasis;Bhavi;borosto;clouda;EmbeR,,3,5
2026-03-02,11711.0,Players,,Lich;MITHPUTTINI;prisma;souz4h;xns,,0,5
2026-03-02,13053.0,Just Swing,10722;20354;22441;25247;25319,gas;Purely;qqGOD;sATOR1;skrr,de0df596adaaa4158306,5,5
2026-03-02,5479.0,Mythic,8503;15007;15090;20510;22022,Cooper;fl0m;hyza;PwnAlone;Trucklover86,2eb72eae58d9b796bd40,5,5
2026-03-02,12916.0,Betclic,16080;18070;18979;22385,Demho;dycha;Melavi;Prism;wafe1ek,,4,5
2026-03-02,12097.0,Eruption,19538;21428;24123;24125,fury5k;MagnumZ;sideffect;viscera;xenization,,4,5
2026-03-02,13527.0,Deep Cross,23850;23875;24079;24161,clyd1e;DayMake;w1sely;WasteOfAmmo;xanzu,,4,5
2026-03-02,13506.0,ComeBack,,ElayDzha;for2na;OxygeN;R3LiFwOw;rinn,,0,5
2026-03-02,13393.0,Peekaboo,20502;21727;22065;23451;25171,Angelka;Hikomi;julih;LETi;NAYLLA,56ef561c9f4baa8f0d67,5,5
2026-03-02,12908.0,Aether,14799;20573;21813;24238,Andrew;brett;s3rum;Seb;xaler,,4,5
2026-03-02,13026.0,BESTIA Academy,22559;24560;24563;24715;25727,agt;Jotag3;k1not1;Lekzi;zuzu,91820d3544c959fbec0a,5,5
2026-03-02,13531.0,Sakura,16581;22302;24415,alicerawr;AVA174;empathy;Serendipity;Stx,,3,5
2026-03-02,13406.0,Flame Sharks fe,,ayaka;Elizabeth;f6tal;Ivoli;mJ,,0,5
2026-03-02,12301.0,FlyQuest RED,14401;18641;22111;23391;23621,BiBiAhn;Emy;Fawx;marie;vanessa,5033f24a7aa7b0bf1c6e,5,5
2026-03-02,13451.0,Four Magic fe,20503;21042;21736;22270;23148,annaEX;Babs;Brendinha;Cellax;josi,5c71d2a881e95e3f2f5f,5,5
2026-03-02,12646.0,Chinggis Warriors,19229;19536;19537;21396;21398,ariucle;controlez;cool4st;ROUX;yAmi,fb9c30ef36fce9b8432b,5,5
2026-03-02,13383.0,888aura,23052,aiveri;Nem1za;suns1de;unknxwn,,1,4
2026-03-02,12366.0,Aurora Young Blud,,k1nco;meetyoxanaji;r1pa4;redzed;starmie,,0,5
2026-03-02,12846.0,M1X KS,,Dementor;gejmzilla;Lewis;tripey;v1w,,0,5
2026-03-02,10254.0,BIG Academy,19284;22866;24325;24358;24810,doni;JBOEN;prosus;tripex17;w1dow,0bc13c14971800e30b3e,5,5
2026-03-02,13395.0,hindsight,21793,Ann4;Kaoday;Madam;mikeri;pullox,,1,5
2026-03-02,12912.0,thekillaz fe,,brunakiller;fly;hera;Samys;tamizinha,,0,5
2026-03-02,13690.0,zajezdzacze,22008;22385,chudy;darchevile;Melavi;sEIS;swiz,,2,5
2026-03-02,10823.0,INFINITE,19171;21211;25333;25602,adeX;DaciaBlue3;LkS;mhN1;RQBY,,4,5
2026-03-02,13143.0,Black Mold,,Bungee;Knopk@;Pterodactylsftw;sunnypp;uhKelsie,,0,5
2026-03-02,7801.0,Ghost,1331;8640;21961;22096;23524,7licious;Ellie;EMUHLEET;mira;Xp3,9d2a01e82636163b925a,5,5
2026-03-02,13482.0,confidence,18774;22029;23439;23441;24260,AverOna;c0ldhurt;icytears;metori;Stormy,348dcb940bdf02860873,5,5
2026-03-02,13142.0,AKA HERO KAJO,,amyb;miLo;piku;Siljeeeh;Waldee,,0,5
2026-03-02,13342.0,Bad Luck,21888;23960;24298;25552,ALENNNCAR;sakamoto;space;Thuister,,4,4
2026-03-02,12900.0,NomadS,18150;21396;24303,ariucle;clouden;HenX;hoolig4n,,3,4
2026-03-02,13102.0,GATERON,3741,Niko;reason;Tw1nk1e17;z1ayr,,1,4
2026-03-02,10960.0,Young Ninjas,16811;21512;22759;22950;23753,jocab;MahaR;MisteM;rud;sL1m3,2a6c5661f43ac44ccbd1,5,5
2026-03-02,13381.0,wwaves,,daria;kira;olya;sakura;sckrafft,,0,5
2026-03-02,13398.0,Nocturnal,,gadfly;lunari;madss;tori;violet,,0,5
2026-03-02,13412.0,Dusty Roses,,armk4m;chjna;Flossie;sofiz;valulu,,0,5
2026-03-02,13425.0,Reign Above,24681;25366;25368;25369;25580,cobalt;colin;SayYouWill;SeRCEra;swayu,43a915094bb026a73235,5,5
2026-03-02,12908.0,Aether,18090;20578;20934;24892,arcade;micro;misha;Sathsea;Tender,,4,5
2026-03-02,13520.0,Four Magic,2544;19975;22423;23587;24716,brokeN;cLd;clon7;Ltz;remix,7073277c1782b6f83206,5,5
2026-03-02,12702.0,Lotus fe,,abby;alicerawr;cyclone;tokkis;Zazu,,0,5
2026-03-02,13417.0,Curralzinho,,akane;Cara de Banana;kati;pack;yuu,,0,5
2026-03-02,13643.0,rottweilers,15369;16412;20097,h4rn;rafftu;REDSTAR,,3,3
2026-03-02,13657.0,Blitzkrieg,,Jardani;otEB;points;TORITO;vanilla,,0,5
2026-03-02,13217.0,ScarX,16167;16179;16180;21536;21541,Dant1k;Dili;kRYPt0N;mRmN;X1RON,ede144f83abe8c0cb14b,5,5
2026-03-02,12769.0,Fisher College,12793;13298;19602;20429;22137,AlekS;corn;CrePoW;ReFuZR;TH0R,508684bdc5b8b876b8c6,5,5
2026-03-02,13542.0,LITE,,blood;ELFMELK;maxed;Winnieeeee;yeet,,0,5
2026-03-02,12707.0,Underground,,beau;jayketh;Mechanical;Myst;N1ghtraid,,0,5
2026-03-02,13571.0,SINQU,15562;25677;25678;25679;25680,Geni;J0nneW;KapiV;Lene;Samppa,97282c67feb029394a01,5,5
2026-03-02,10901.0,OverKnight,9214;20405;22547;24345,4TAYLOR;AMC;Majesticzz;spamzzy,,4,4
2026-03-02,6788.0,Crashers,21038;23829;24015;24717;25035,Lacerda;Machado;nikz;Reix;trindade,40c4fac672b2a3b95ad7,5,5
2026-03-02,6033.0,Keyd Stars,16814;18891;18894;22956,CutzMeretz;danoco;lash;matios;t9rnay,,4,5
2026-03-02,11175.0,KHAN,,dosikk;dune;lom1k;tEO;tsukumeow,,0,5
2026-03-02,7376.0,m1x,13670;15778;17147;18120;23415,juanflatroo;nawwk;SENER1;sinnopsyy;zeRRoFIX,571319dc8798baaa92df,5,5
2026-03-02,11585.0,IHC,15060;15861,Aapestt;NEUZ;rate;rhittacrit;shinobi,,2,5
2026-03-02,13201.0,F5,17478;23412;24524;24946;25582,bones;cmrn;Kermi;neight;Signal,1077c390c0889cf611ac,5,5
2026-03-02,13559.0,Pulse,10895;24193;25221;25634,Electrician;frog;miles;Molly;Prs,,4,5
2026-03-02,13556.0,CALAOSCORNOS,24634,c0mplex;Jayy2s;Mané;MattyMyimb,,1,4
2026-03-02,13450.0,yngods,23638;23687,7tetsu;Muk0s;Remill,,2,3
2026-03-02,10943.0,777,16269;21580;21860;22952;23616,Brave;Hagmeister;thomass1;zame;ZapR,209ba76cac3a4ccfb28c,5,5
2026-03-02,13474.0,FUT Academy,20437;22650;22722;23696;23735,Brillo;dezt;rendysky;Wonder;yoom,e7e8702bc012d4b6780c,5,5
2026-03-02,13485.0,VRSoholics,20284;20309;21142;23767,AdrieN;bnox;maaryy;Markoś;mASKED,,4,5
2026-03-02,13328.0,TSG,19028;24808;25256;25310,Brashi;flacko;milesd;myline;VulcaN,,4,5
2026-03-02,13180.0,Straight2Killin,19028;20204;23674,BeaKie;den1ed;VulcaN,,3,3
2026-03-02,12380.0,CYBERSHOKE,13982;17508;21710;22803;22879,bl1x1;FenomeN;Forester;glowiing;notineki,c6ed15d864deff732f50,5,5
2026-03-02,13512.0,Prison Breakers,17216;20029;22655;22957;23461,card;MaLLby;pepe;r3kt;stax,47db532c9c7f5c349ed5,5,5
2026-03-02,12889.0,G2 Ares,19173;21272;23544;24111;25576,fNk;hitori;Junyme;tAk;yksjupe,288d9129454faee22255,5,5
2026-03-02,13469.0,Money Crew,,N2o;obi;Zamgaa,,0,3
2026-03-02,11312.0,QUAZAR,24319;24900;25077;25345,1zz;gehji;kaiori;newt,,4,4
2026-03-02,12988.0,GameHunters,10827;17028;18875;22084;22777,abr;diozera;mello;prt;RICIOLI,1e2bfc76d6735b5c5710,5,5
2026-03-02,13380.0,9BOOMPRO,17011;18510;20994,FL4MUS;shalfey;sugaR,,3,3
2026-03-02,13468.0,ex-Chicken Coop,13689;20234;22835,Gabe;jchancE;mds;REKMEISTER,,3,4
2026-03-02,13511.0,Fuego,21888;24298;24328;24930;25034,ALENNNCAR;ghosT1;Lukita;Thuister;vzn,b29d3226b57a78ab58ea,5,5
2026-03-02,13107.0,Chicken Coop,22835;23226;24527;24679,Crisp;Drop;jared;Panic;REKMEISTER,,4,5
2026-03-02,13294.0,Outfit 49,21093;23830;24238,LUKE4k;s3rum;sava9e,,3,3
2026-03-02,13327.0,R2,10499;10506;20531;24558,ABM;JonY BoY;maaxg1;nbl;tutehen,,4,5
2026-03-02,13127.0,Wildcard Academy,16847;24113;24810,doni;mhL;sSen,,3,3
2026-03-02,13251.0,Mousquetaires,284;10569;19742;21967,devoduvek;drac;JACKZ;Kyojin;Tarkky,,4,5
2026-03-02,11109.0,BBBMBCBS,7322,ApeX;Dirty;Fitzy;HaZ;muffin,,1,5
2026-03-02,13661.0,mouse,23672;25186,Burglar;DYLAN;Jester;Jolts;Sunk,,2,5
2026-03-02,12955.0,THE,,1Drezz;d0RREN;krc;Sange;vt0rnikk,,0,5
2026-03-02,13466.0,Fingers Crossed,19981;19982;22191;24022;25045,BaGyZ;fello;MAGILA;Sidivo;Uzman,e3c223f97d9d08700f8a,5,5
2026-03-02,13369.0,The Glecs,24812;25100;25459,crickeyyy;hAw;hodix;jackast,,3,4
2026-03-02,13163.0,ALGO,13679;21575;22091;22696;22948,anber;Dengzoe;Griller;nukkye;Scr0b,f683710fbdcdb790d426,5,5
2026-03-02,13453.0,HubaBuba,21431;21692;22075;22538;24726,her1tage;kAlash;sFade8;sstiNiX;z3ndeR,340932bc20553770df86,5,5
2026-03-02,12973.0,NuTorious,24769,Jr24racing;Msaia;nova;sayN;Toasty,,1,5
2026-03-02,3044.0,MIBR Academy,6553;21290;21700;22964;25108,brn$;fl4sh;lkz;perez;stormzyn,008df279d63681cf55a9,5,5
2026-03-02,12916.0,Betclic,18070;18979;23766;23767;25348,AdrieN;Demho;hypex;Prism;wizzhehe,68a644f3ce351ec19021,5,5
2026-03-02,4602.0,Tricked,3741;21571,kroK;leakz;niko;salazar,,2,4
2026-03-02,13434.0,Square Sausages,,Dutchy;jeyN;moz;swaggy;wfn,,0,5
2026-03-02,12731.0,LE-LUX,,biebs;delkud;luffy;R3XY,,0,4
2026-03-02,11711.0,Players,6553,dok;fl4sh;honda;MITHPUTTINI;xns,,1,5
2026-03-02,12971.0,Wanted Goons,23589,febreeze;Johan;killerPandas;Magic,,1,4
2026-03-02,13352.0,SENZA,,bogemt;drowranger;sn0w dll;SP1NT;whsup,,0,5
2026-03-02,11905.0,paiN Academy,,futoi;Markz;pazini;Tatu;tsug,,0,5
2026-03-02,13316.0,Animus Victoria,,foggers;kairo;phoebe;TRIPLUS;void,,0,5
2026-03-02,10299.0,FURY,,cheeseball;cookie;rekonz;SkulL;versa,,0,5
2026-03-02,11838.0,Partizan,13026;20252;20253;20813,c0llins;DEPRESHN;Dragon;Kind0;VLDN,,4,5
2026-03-02,13543.0,Time Waves,,camille;ElephanT;Harbor;Kezza;lawlkay,,0,5
2026-03-02,12152.0,KZG,,dearlucid;dpr;Drox;Mingovi;vinhy,,0,5
2026-03-02,13206.0,anything else,20101,corim;cypress;FAME;mcniff;Slash,,1,5
2026-03-02,13651.0,ReThink,22877,king;p1ke;Rack;zeak,,1,4
2026-03-02,13326.0,WATERMELON,20946;21350;25165;25167;25168,Due1yant;gleb86rus;LAKSHERi;NeoLife;SEXYVOVA,784c28d485a2d4f94228,5,5
2026-03-02,13047.0,EXSAD,23934;25402;25701,KiMBARREiROS;kWAUR;ThozoR,,3,3
2026-03-02,13321.0,Falcons Force,25095;25332;25430;25431;25432,clockzi;grecu;NucleonZ;Olaie;VENO,f3f33fef3aac1297a0d8,5,5
2026-03-02,13342.0,Bad Luck,21888;23960;24930;25035,KLR;Lacerda;sakamoto;Thuister;vzn,,4,5
2026-03-02,13534.0,Memeories,19897;23632;24866;25000,AEROj;fatguy;Slugy;Tiski,,4,4
2026-03-02,11988.0,GLORE,18848;21165,DEPRESHN;HENU;M1key;neptun,,2,4
2026-03-02,13459.0,ex-Inner Circle,2553;16848,hades;Snax;TaZ,,2,3
2026-03-02,13629.0,HereWeGoAgain,24015,flush;fraga;Ltm;trindade,,1,4
2026-03-02,13265.0,MAGICOS,6536;25031;25034,ghosT1;Lcs;Rkzinho;rx;snow,,3,5
2026-03-02,13397.0,NYX,,ADK;jaydee;MamaAlien;PippySippy,,0,4
2026-03-02,13519.0,Charrados,24641;25552;25553,protado;s1lent;space,,3,3
2026-04-06,9565.0,Vitality,7322;11816;11893;16693;18462,apEX;flameZ;mezii;ropz;ZywOo,91c93eb867d7d47bf729,5,5
2026-04-06,4608.0,Natus Vincere,9816;14759;18987;20127;22673,Aleksib;b1t;iM;makazze;w0nderful,9d2b566c8472997adfa4,5,5
2026-04-06,12467.0,PARIVISION,13776;19235;22471;22929;23685,BELCHONOKK;Jame;nota;xiELO;zweih,1b1217ac8c10e36bc2f4,5,5
2026-04-06,8297.0,FURIA,2023;12553;13915;15631;24144,FalleN;KSCERATO;molodoy;YEKINDAR;yuurih,e0362dcbafd342d82962,5,5
2026-04-06,11861.0,Aurora,150;7938;8574;20968;21243,MAJ3R;soulfly;Wicadia;woxic;XANTARES,cbc5b9bb3769e1b3d58c,5,5
2026-04-06,11283.0,Falcons,3741;12018;19230;19677;24177,kyousuke;kyxsan;m0NESY;NiKo;TeSeS,e17285b415d2dc1447da,5,5
2026-04-06,4494.0,MOUZ,13666;18072;18221;18850;20312,Brollan;Jimpphat;Spinx;torzsi;xertioN,43f602c729e986479a12,5,5
2026-04-06,6248.0,The MongolZ,20194;20275;21001;21809;23402,910;bLitz;cobrazera;mzinho;Techno,205ddf8f18a2672fc97c,5,5
2026-04-06,7020.0,Spirit,16920;18317;19808;20423;21167,donk;magixx;sh1ro;tN1R;zont1x,14048abbf062f10a8a24,5,5
2026-04-06,6665.0,Astralis,10096;16726;17956;20304;21217,HooXi;jabbi;phzy;ryu;Staehr,c8d9aa6d3f48b13980c6,5,5
2026-04-06,5995.0,G2,3972;9436;19164;20447;21062,HeavyGod;huNter-;MATYS;NertZ;SunPayus,a4938af082ccd5b989a6,5,5
2026-04-06,13286.0,FUT,20584;20761;22203;22674;23553,cmtry;dem0n;dziugss;Krabeni;lauNX,d3179d30c0f804c093f7,5,5
2026-04-06,9996.0,9z,12092;14736;14737;20394;22613,dgt;HUASOPEEK;luchov;max;meyern,26629d7dd5e4a60e1228,5,5
2026-04-06,4773.0,paiN,16816;18141;18714;19694,biguzera;nqz;piriajr;snow;vsm,,4,5
2026-04-06,11811.0,Monte,17145;19015;19926;21816;22106,afro;AZUWU;Bymas;Gizmy;Rainwaker,7aa468525cb3b414a8bc,5,5
2026-04-06,12468.0,Legacy,12521;15698;19045;19686;22965,arT;dumau;latto;n1ssim;saadzin,2a8806f4822238e9a8ab,5,5
2026-04-06,9928.0,GamerLegion,2553;9278;20301;23766,hypex;PR;REZ;Snax;Tauson,,4,5
2026-04-06,7532.0,BIG,5794;14929;14932;15165;22884,blameF;faveN;gr1ks;JDC;tabseN,4d6af2ad9a22ed3240f5,5,5
2026-04-06,12394.0,BetBoom,11840;15662;18506;20994;21667,Boombl4;FL4MUS;Magnojez;S1ren;zorte,d98790a14c38264a9999,5,5
2026-04-06,11241.0,B8,20112;21708;22842;23643;25619,alex666;esenthial;kensizor;npl;s1zzi,93a45352761666244eb5,5,5
2026-04-06,7175.0,HEROIC,19187;20119;21163;21983;22047,Chr1zN;nilo;susp;xfl0ud;yxngstxr,2e9c58aeb5c57155eaf2,5,5
2026-04-06,10577.0,SINNERS,11199;12810;21113;23295;23459,beastik;kisserek;MoDo;SHOCK;stressarN,f9db3f6e7670b3bfa33b,5,5
2026-04-06,12474.0,Alliance,7443;16487;22760;22860;24083,avid;eraa;MaiL09;twist;upE,03930c7c65617aec48ea,5,5
2026-04-06,4914.0,3DMAX,13138;14176;19739;21969,Ex3rcice;Graviti;Lucky;Maka;misutaaa,,4,5
2026-04-06,12376.0,M80,15370;16599;20104;21665;22921,JBa;Lake;s1n;slaxz-;Swisher,b8f718041db8bac2e331,5,5
2026-04-06,6667.0,FaZe,429;9960;10394;18053;22383,broky;frozen;jcobbb;karrigan;Twistzz,3797ea47fc726fe1991c,5,5
2026-04-06,4863.0,TYLOO,19645;20702;20895;21621;24857,JamYoung;Jee;Mercury;Moseyuh;Zero,05a56bdf4b57fcae5437,5,5
2026-04-06,4411.0,Ninjas in Pyjamas,922;14148;20425;23372;24283,cairne;r1nkle;sjuush;Snappi;xKacpersky,ef7aa1204658206e782f,5,5
2026-04-06,6673.0,NRG,7687;8711;13249;13578;16717,br0;Grim;nitr0;oSee;Sonic,f7445e78568da096c71a,5,5
2026-04-06,12895.0,K27,19575;22886;23684;23686;24725,kashl1d;qw1nk1;relaxxie;X5G7V;xeedo,e750fe564bbd5d2ce6ca,5,5
2026-04-06,8113.0,Sharks,20558;21170;21221;21921;22911,doc;gafolo;koala;maxxkor;rdnzao,05357aa633fe11759c40,5,5
2026-04-06,13404.0,Gentle Mates,8371;9254;18749;19509;21239,alex;dav1g;MartinezSa;mopoz;sausol,d807a95213fd6aab9a51,5,5
2026-04-06,7969.0,Nemiga,19920;21266;22325;23317;23319,1eeR;KaiR0N-;khaN;sowalio;syph0,70b9ebed80b82e1755ac,5,5
2026-04-06,11571.0,Gaimin Gladiators,8565;9219;9482;15914;17861,felps;HEN1;JOTA;Luken;NEKIZ,eb730e5c582d6ca5d0ff,5,5
2026-04-06,9215.0,MIBR,19310;20987;21037;21288;23192,brnz4n;insani;kl1m;LNZ;venomzera,3a4cd843e3fd795394e8,5,5
2026-04-06,13501.0,illwill,9656;11777;16080;20813;20889,7Kick;dycha;hAdji;Maden;VLDN,36363a662822877ac2c4,5,5
2026-04-06,10621.0,1win,13239;20700;23477;23770;23771,cronuss;lattykk;oz1k;Qikert;reyoz,582e4bc55e27dc0f56cb,5,5
2026-04-06,13355.0,Nemesis,18670;20709;22536;22930;23047,mag1k3Y;r3salt;Sdaim;SELLTER;tex1y,52b39665597c7c0bef39,5,5
2026-04-06,11737.0,EYEBALLERS,3849;20879;21012;21159;22914,bobeksde;dex;JW;maxster;Ro1f,7cfc35758b87beeaec16,5,5
2026-04-06,5973.0,Liquid,8520;8738;11617;16820;21763,EliGE;malbsMd;NAF;siuhy;ultimate,02b3dad2593e2c1cf5f4,5,5
2026-04-06,8474.0,100 Thieves,7592;8183;21014;22695;23397,Ag1l;device;poiii;rain;sirah,278d351c9f217b8d7f8d,5,5
2026-04-06,13592.0,magic,19874;22075;22076;23858;24173,AW;MaSvAl;mo0N;sFade8;tENZY,f0a5bed2025716cef475,5,5
2026-04-06,8840.0,Lynn Vision,16551;18744;20254;22922;23100,C4LLM3SU3;EmiliaQAQ;Starry;Westmelon;z4KR,dbed042ec191be814f2c,5,5
2026-04-06,12144.0,BESTIA,19985;20185;20607;22570;24863,buda;cass1n;nacho;timo;tomaszin,dc9c7e9cb94caee9c7ac,5,5
2026-04-06,12426.0,Passion UA,11630;19869;20903;21452;21620,JT;Kvem;nicx;Senzu;try,7a621fd372675372af5c,5,5
2026-04-06,11581.0,HOTU,16612;19823;21385;21387;21692,dukefissura;gokushima;kAlash;mizu;n0rb3r7,bfcaeeb6019cb1bf807b,5,5
2026-04-06,10278.0,9INE,2898;20300;20309;21715;22702,bnox;cej0t;flayy;kraghen;raalz,443c4615601cd0b15794,5,5
2026-04-06,13499.0,Voca,14494;14619;17918;19711;20333,Infinite;Jeorge;junior;nosraC;snav,30d3caf2d466dd49ef3a,5,5
2026-04-06,13619.0,BET-M,3459;20534;22040;22927;23302,bluewh1te;executor;kinqie;KIRO;z1Nny,c93afad3985eb352df7c,5,5
2026-04-06,13486.0,THUNDER dOWNUNDER,9115;10588;11139;18545;20527,aliStair;asap;dexter;Liazz;TjP,37b8d597de5be61440f7,5,5
2026-04-06,11768.0,ODDIK,14390;17181;22182;22777;24772,diozera;ksloks;naitte;nardes;WOOD7,4b791fa5afe027b070d8,5,5
2026-04-06,13679.0,FOKUS,16486;20358;20625;24203;24332,Banjo;Jorko;Matheos;volt;ztr,a64db9440de6f9c2982e,5,5
2026-04-06,11837.0,Fluxo,11154;18717;19692;20385;21286,exit;kye;Lucaozy;mlhzin;zevy,5e1bae9fef3cbcc15444,5,5
2026-04-06,12774.0,FlyQuest,4679;11140;17384;18214;20462,INS;jks;nettik;story;Vexite,63f33835a6fe657c9ce4,5,5
2026-04-06,4602.0,Tricked,16731;21571;21574;24104,Boye;IceBerg;leakz;NickyB;salazar,,4,5
2026-04-06,13644.0,TDK,15662;16555;16921;18510;20387,Ax1Le;nafany;sugaR;Xant3r;zorte,1df7cd7c9f7db163da71,5,5
2026-04-06,12916.0,Betclic,16848;18070;18979;25307;25542,Demho;Dr3nquu;eskyy;hades;Prism,984b00f1a8077e81507c,5,5
2026-04-06,12604.0,Johnny Speeds,9261;13670;15569;16029;22759,HEAP;jocab;Lekr0;nawwk;Sapec,6667cac8259deda00abc,5,5
2026-04-06,12967.0,WW,20113;20357;21690;22350;23048,ct0m;d1Ledez;deko;kelieN;StRoGo,79767b0fe3c118fe4bcf,5,5
2026-04-06,12959.0,ShindeN,18554;20451;20992;21155,abizz;guty;ivz;naz;tom1jed,,4,5
2026-04-06,11419.0,ECSTATIC,11995;13602;20417;20941;21779,Anlelele;Buzz;nicoodoz;nut nut;TMB,38feabbd02bc1a45468d,5,5
2026-04-06,10503.0,OG,7964;8374;19064;20465;20878,adamb;arrozdoce;bodyy;cadiaN;spooke,fe9a3829e18bce4f31c6,5,5
2026-04-06,13027.0,Nuclear TigeRES,22878;22880;23762;24568;25807,ayuki;flouzer;m1QUSE;senka;z1k4,1ee5acb720df1bb50596,5,5
2026-04-06,11251.0,Eternal Fire,12708;16885;19733;21023;22361,DemQQ;EMSTAR;jottAAA;rigoN;Woro2k,c231c03491452703600d,5,5
2026-04-06,7176.0,RED Canids,18865;20026;20085;20939,chayJESUS;dav1deuS;drop;history;kauez,,4,5
2026-04-06,10459.0,ARCRED,18447;18671;19703;20207;20402,DSSj;Get_Jeka;Raijin;Ryujin;synyx,47e71eaa76b5fa3267f5,5,5
2026-04-06,13237.0,AM,12781;16705;20170;21164;21233,Altekz;k1to;kyuubii;L00m1;myltsi,c68c357f71fed7e65ae7,5,5
2026-04-06,11712.0,Sashi,10330;16718;16723;21199;23338,acoR;Beccie;Cabbi;Fessor;MistR,3a8433523bb30e8b842e,5,5
2026-04-06,13518.0,Acend,11217;15385;20097;20114;21657,h4rn;KalubeR;shaiK;Skrimo;SPELLAN,e8bda87950d53bfba312,5,5
2026-04-06,9455.0,Imperial,10566;12822;20183;22371;22564,chelo;decenty;levi;noway;VINI,110d5035a28e4fb1fe97,5,5
2026-04-06,13124.0,Marsborne,12937;13230;17353;19705;22069,chop;Cxzi;Grizz;motm;WolfY,c486910f1c211a302ecb,5,5
2026-04-06,12878.0,BC.Game,630;7998;8918;22807;23140,aragornN;electroNic;krazy;MUTiRiS;s1mple,ae6bcae18d9a803e55f9,5,5
2026-04-06,10245.0,JiJieHao,17147;17675;18120;18163;22419,0SAMAS;Bibu;juanflatroo;m1N1;sinnopsyy,5434bc9a52517565c790,5,5
2026-04-06,4991.0,fnatic,7528;17803;23046;23414;24914,Br4tkO;fEAR;jackasmo;jambo;KRIMZ,48c1654f9d88d4c6dcbf,5,5
2026-04-06,13117.0,Inner Circle,16147;19592;23415;24168;24282,cptkurtka023;Dawy;headtr1ck;onic;zeRRoFIX,82071ca5dd86ae09ac80,5,5
2026-04-06,11176.0,MOUZ NXT,21988;24457;25253;25254;25255,ay0k;Joey;Nikodeon;opdust;xelex,cd967d20eabd7209546b,5,5
2026-04-06,13501.0,illwill,8311;9656;18456;19698;20889,7Kick;adamS;fostar;hAdji;nEMANHA,114edd783d1398c26977,5,5
2026-04-06,13214.0,SPARTA,11498;13240;13281;13982;16948,El1an;Forester;Lack1;NickelBack;TRAVIS,a27cfbcfca10e598409c,5,5
2026-04-06,12901.0,SemperFi,14294;14990;20003;20086;20244,ADDICT;hazr;keen;SaVage;shadiy,e2e6d725d3b81e97d32e,5,5
2026-04-06,12380.0,CYBERSHOKE,17508;20430;22803;24176,alpha;bl1x1;glowiing;Mokuj1n,,4,4
2026-04-06,13314.0,KOLESIE,3669;15940;20637;22473,b1elany;innocent;Markoś;Qlocuu;Sobol,,4,5
2026-04-06,13617.0,ex-RUBY,20504;22189;22326;22459,H4SAN4TOR;Kaide;sh1nejezzz;YumsaN,,4,4
2026-04-06,12818.0,FAVBET,2131;18240;19614;20110;20228,bondik;j3kie;Marix;s4ltovsk1yy;Smash,7c5e87f24d0ff0cb4725,5,5
2026-04-06,4532.0,ESC,15203;20245;20958;21263;22703,bajmi;moonwalk;olimp;reiko;SaMey,e589c64ec1c105e17303,5,5
2026-04-06,4869.0,ENCE,12731;19044;20282;21815;21972,F1KU;kRaSnaL;Neityu;podi;sdy,a4061a8fe96be6adc150,5,5
2026-04-06,12510.0,The Huns,15072;18638;19957;20703;21398,Bart4k;controlez;nin9;sk0R;xerolte,3e5225d5ac3f5f08f2fd,5,5
2026-04-06,9621.0,AaB,16753;20033;24113;24425;25066,bekker;Maze;n1Xen;qx;sSen,465bb7c4885d1a8e36c3,5,5
2026-04-06,11641.0,Metizport,13669;14218;17937;19069;20253,Dragon;forsyy;isak;Jackinho;Plopski,62a478c4b8b73184be19,5,5
2026-04-06,13510.0,QWENTRY,8726;20883;21445;23835;24807,abiraju;eightz999;facecrack;PsychoDoctor;slaxejezzz,032eef28ae3540439bcb,5,5
2026-04-06,13173.0,Phantom,4829;17504;19114;20413;25104,KEi;Kunai;Kylar;mwlky;mynio,8764c47fcf6f513aea28,5,5
2026-04-06,10864.0,VP.Prodigy,23637;24292;24950;24951;24952,AquaRS;b1st;F0R3VER;tO0RO;TriBorgg1,4c9c8c4eb6b04deb086c,5,5
2026-04-06,,Rebels,11205;16102;17003;20683;23237,Icarus;NOPEEJ;snapy;stadodo;TMKj,4cbbbad01d97b153ea29,5,5
2026-04-06,13667.0,NEXVOID,11141;22333;22415;23457;24805,AccuracyTG;erkaSt;MiQ;OCEANA;Zesta,b5e1436f4b4124ae1837,5,5
2026-04-06,10333.0,Sangal,11271;12004;18571;19673;21139,clax;CYPHER;Patsi;pr1metapz;smooya,1f39a9823201026e22bb,5,5
2026-04-06,13231.0,Ursa,12269;21513;22676;23764,4X1s;Alv;Jyo;karnez;Salazar,,4,5
2026-04-06,12646.0,Chinggis Warriors,19229;19537;19827;22414;25510,cool4st;Efire;ligroo;ROUX;tikuak,00e6d4709d6e129ae7e4,5,5
2026-04-06,11514.0,Rare Atom,7028;20808;21825;22998;24304,chengking;L1haNg;Summer;Tiger;x9,16c2d753b24a78b4395e,5,5
2026-04-06,12776.0,Bounty Hunters,16835;18322;20690;20885;23461,fREQ;KAISER;pepe;ponter;zock,43702405db407426c08d,5,5
2026-04-06,12677.0,Galorys,9483;16645;18743;20522;23551,destiny;drg;gbb;nython;tomate,21a7646cd27ff716f6a6,5,5
2026-04-06,13470.0,Oramond,20071;20686;20945;22129;24179,AntyVirus;fanatyk;Frontsiderr;SpavaQu;suonko,23210c1bc77590d5a72a,5,5
2026-04-06,13724.0,5star,15060;15861;18150;21396;24303,ariucle;clouden;hoolig4n;NEUZ;rate,a85cef74e8f56e40d059,5,5
2026-04-06,13304.0,LP,14010;17132;20521;21284;23550,Alisson;divine;happ;Leomonster;zmb,f05957b82dce82160422,5,5
2026-04-06,12609.0,Lavked,20199;21369;24114;24171;24818,1NVISIBLEE;Djon8;k4nfuz;sol;xm1nd,4542fec7a3ecf4bf4af3,5,5
2026-04-06,13163.0,ALGO,13679;17113;20926;22650;22948,anber;aNdu;nukkye;rendysky;szejn,303df3bc305ad1a2de99,5,5
2026-04-06,12257.0,Wildcard,8311;16847;17378;18838;22135,HexT;mhL;nEMANHA;Peeping;reck,33e8394c8ca1d1b46a44,5,5
2026-04-06,13602.0,Morningstar,16558;20258;23596;24747,expSasiKi;rage;rubeN;SPine;suki,,4,5
2026-04-06,12087.0,Lazer Cats,22706;23151;23589;24204;24914,Br4tkO;Kiy0o;Magic;nikitea;yab0ku,84ef11056cd1cea6ed8d,5,5
2026-04-06,13233.0,HEROIC Academy,24281;24690;25331;25585;25676,HOLY;Hrdina;Muciek;St0m4k;Yoghi,7543f900ceba6f1f3ea5,5,5
2026-04-06,13553.0,Oxuji,21365;24569;25608;25609,ayano;fluffy;HeCkBNk;k1ssly;Kurama,,4,5
2026-04-06,13178.0,NOVAQ,11940;21439;22537;23292;23541,def1zer;ICY;neaLaN;Pump;tasman,54a6f5a1f34da08a9392,5,5
2026-04-06,13403.0,TNC,20284;23767;24243;24244,AdrieN;maaryy;Markoś;Nami;yvro,,4,5
2026-04-06,13479.0,Omega,23304;24021;24917;25010;25011,adai;Botpa1;dan4o;Maison;modeSavage,c1d8ba1b6263de56e8ff,5,5
2026-04-06,13666.0,BMZ,19538;21428;22908,fury5k;MagnumZ;me1o;rhittacrit;Wonderzce,,3,5
2026-04-06,11446.0,Leo,19617;21065;21650;21651;22649,amster;kL1o;Malkiss;marat2k;OneUn1que,5f5d618186c85997b7b6,5,5
2026-04-06,13081.0,Fake do Biru,6593;14394;16817;18610;19972,ckzao;detr0ittJ;hardzao;PKL;Tuurtle,4d41d59cccccd02ba1f8,5,5
2026-04-06,11609.0,GenOne,15117;19738;21971;22481;25388,bL4SEZ;Brooxsy;Chucky;Djoko;Keoz,7b43f0d89764c946cc6e,5,5
2026-04-06,7865.0,HAVU,9818;21963;22143;22144;22211,Alxc;ottob;p3kko;puuha;uli,cafbd75d62b9de4d1423,5,5
2026-04-06,13012.0,HYPERSPIRIT,15573;17116;18294;21117;21337,ADRON;Ciocardau;d1maje;ragga;starplajerz,dd433dc1372c447eea34,5,5
2026-04-06,12267.0,UNiTY,15818;15821;20229;21165;23469,K1-FiDa;M1key;MoriiSko;NEOFRAG;woozzzi,f6568e478ed3ecce1cbe,5,5
2026-04-06,5639.0,aAa,147;10569;21967,AsI0K;devoduvek;SIXER;SLIE9000;Tarkky,,3,5
2026-04-06,13310.0,MANA,15778;18119;20434;21108;21109,ammar;BledarD;Caleyy;cerber;SENER1,399ec18a488aff205d39,5,5
2026-04-06,13613.0,Bebop,14273;19882;20197;22535;23303,dwushka;faydett;h1kaN;iDISBALANCE;Norwi,ae6d4f4248e9f09730d2,5,5
2026-04-06,12769.0,Fisher College,12793;13298;19602;20429;22137,AlekS;corn;CrePoW;ReFuZR;TH0R,508684bdc5b8b876b8c6,5,5
2026-04-06,6089.0,The Last Resort,20336;20339;20340;20908;22192,arTisT;bevve;Extinct;Girafffe;Vacancy,e51e46ade62533cad99a,5,5
2026-04-06,13623.0,STATE,11013;13077;13170;21381,kwezz;Patti;thamlike;Zanto,,4,4
2026-04-06,6626.0,MINLATE,15118;20960;21143;22474;22475,ex1st;nestee;POLO;SBT;sk1tt,01134b9436d19628d7ca,5,5
2026-04-06,7187.0,Nexus,9626;12945;19173;19817;22563,Blytz;fNk;fnl;s0und;XELLOW,ecea19805ac3bb36b4a8,5,5
2026-04-06,10333.0,Sangal,12004;19673;22039;24625;25110,clax;danistzz;h0kz;Patsi;R4DYX,c09bdf32e64ec9eb1f32,5,5
2026-04-06,13333.0,ASTRAL,19725;22008;23545;24704;24997,gxx-;meowpop;Neqy;RaY5ive;swiz,81f5e68099df0d475ef3,5,5
2026-04-06,11955.0,LAG,12102;15176;19177;20572;22552,consti;Cryptic;djay;kmrn;Sandman,7fb15e71b243cf94d6d8,5,5
2026-04-06,13573.0,ex-Zero Tenacity,2476;5351;20252;21302;21783,aVN;brutmonster;Cjoffo;emi;Kind0,6d032d9f235bc0241dbe,5,5
2026-04-06,12857.0,FORZE Reload,21367;21431;22327;23628;24607,KusMe;Something;spirit;sstiNiX;swetsi,eecc02330865b6bcb94f,5,5
2026-04-06,8536.0,Ground Zero,,apocdud;damyo;Omichella;pz;vision,,0,5
2026-04-06,11790.0,ENCE Academy,21930;22733;24121;24149,Cliqq;Matz;millert;Schwarz;teme,,4,5
2026-04-06,13364.0,Famalicão,20750;21115;23141;23480;24905,h0t;M1KA;P3R3IIRA;seabraez;Sprayy,54ae997fed503317d466,5,5
2026-04-06,12534.0,BOSS,13250;16647;19128;24890;25524,ben1337;Bwills;marekiew;SLIGHT;WUMBO,7440d730d82ec1270fa9,5,5
2026-04-06,11018.0,megoshort,7700;17769;20066;24462;24727,aidKiT;mogv;robiin;titulus;Twinkey,e362432dfb0e55fd4240,5,5
2026-04-06,13175.0,Change The Game,23001;23906;24644;24855;24858,957;Hack1ng;LaiKeXu;ProKiller;VanceKK,557c3d7cbce81167ed72,5,5
2026-04-06,13703.0,ex-Fingers Crossed,798;9911;19594;22101;22191,kreaz;MAGILA;nbqq;oskar;spardaus,46f946b744b4ae0ae98c,5,5
2026-04-06,12194.0,Rune Eaters,21691;22538;23386;23598;23599,dako;forkyz;her1tage;kumao;noni,dc81a9498b19eabc8b26,5,5
2026-04-06,13551.0,OlyBet,14969;19566;23720;24210;24591,ChipaaN;discplex;Frip;hexoq;yaankz,7f1850bc8f04c3de13b7,5,5
2026-04-06,10567.0,SAW,23482;24139;24634;25041;25208,blaze;Jayy2s;jERK0z;Moretz;tuxa,714e311a1e1648ca61a1,5,5
2026-04-06,6033.0,Keyd Stars,18891;18894;22362;22956,CutzMeretz;lash;matios;t9rnay;xureba,,4,5
2026-04-06,10867.0,MASONIC,22810;22811;23471;24105;24276,Avou;Botman;KralleJ;N4XX1S;Noruyp,1bb5496e5f5b88e5ef20,5,5
2026-04-06,12825.0,The QUBE,24302;24396;24512;24513,Cozen;grizzly;Kamui;Paranormal;soloooS,,4,5
2026-04-06,7653.0,Isurus,19872;20689;24091,atarax1a;BK1;deco;dott1;Hezz,,3,5
2026-04-06,11668.0,Mindfreak,20881,Crunchy;dpr;sliimey;tucks;zune,,1,5
2026-04-06,6810.0,aimclub,16971;20158;21211;21213;21368,adeX;Ed1m;ERSIN;RoberttMP;zewts,ad57e5c6325161fc8bae,5,5
2026-04-06,13181.0,BASEMENT BOYS,20421;20422;22945;24246;24672,fakerealityy;kr1vda;maggent;OWNER;Tr0ublE,ffc6058811a79f0d0c78,5,5
2026-04-06,13321.0,Falcons Force,22048;25095;25332;25430;25432,clockzi;grecu;NucleonZ;Tapewaare;VENO,60ac4688d84a3a45ffce,5,5
2026-04-06,13715.0,Hashiras,284;9896;13718;13749;22904,b0RUP;birdfromsky;Burmylov;JACKZ;Queenix,97e9d1cfdae41f412ea9,5,5
2026-04-06,10960.0,Young Ninjas,16811;21512;22035;24734;24911,joeski;MisteM;n0te;rud;tein,4ba4ba7c8693ce72d25a,5,5
2026-04-06,13340.0,CSDIILIT,9325;14236;21931;24995,8Juho8;allu;arvid;Myggis;oopee,,4,5
2026-04-06,12988.0,GameHunters,10827;13287;17028;21099;22126,abr;bnc;bsd;nyezin;prt,5cf84aa0477c2ec66632,5,5
2026-04-06,11555.0,UNO MILLE,2544;19975;22423;23587;24716,brokeN;cLd;clon7;Ltz;remix,7073277c1782b6f83206,5,5
2026-04-06,11933.0,Yawara,20029;22364;22566;24284;24556,card;deemO;j0w;revoltz;tele,3d8f18e7ce8f8b370c8d,5,5
2026-04-06,13414.0,Rave,14494;15176;17929;21128;23458,Cryptic;junior;laxiee;Pluto;Walco,d07f080d402802bb43ad,5,5
2026-04-06,9881.0,Rooster,12877;14333,ADK;chelleos;ju1ces;rekonz;SkulL,,2,5
2026-04-06,13689.0,Fuzos,20053;20054;20055,Mané;rafaxF;Slaxx;Stepa,,3,4
2026-04-06,12899.0,FengDa,24305;24306;24748,3gl;afufu;p5p;Trash;zy,,3,5
2026-04-06,9958.0,Alter Ego,19763;22680,BnTeT;BOROS;Gratisfaction;PokemoN;Polbandana,,2,5
2026-04-06,12363.0,Arcade,,74LOR;Jynx;Kras;Mechanical;N1ghtraid,,0,5
2026-04-06,9139.0,BRUTE,21142;22863;23204;23765;24261,hfah;KAD1M;mASKED;realzen;Siko,7b9bd97d2aa6b83da1bb,5,5
2026-04-06,12889.0,G2 Ares,19065;21272;23544;24111;25576,hitori;Junyme;SHiNE;tAk;yksjupe,ed9965b1a9db48ad0b06,5,5
2026-04-06,13750.0,The Night Club,16392;25708;25709,Arielek;Kamo;patrikinho,,3,3
2026-04-06,12812.0,ALLINNERS,11942;18752;21439;23386;23598,buster;ICY;kade0;kumao;noni,0d15811b7d02be4f9cbe,5,5
2026-04-06,13791.0,Julie&Cie,1656;9616,amanek;Empera;KIRADODO;Monkey D Julie;Razzmo,,2,5
2026-04-06,13281.0,Bushido Wildcats,21253;22498;22504;24842;24843,cadnyx;Darendeli;eNs;scolleN;Vej,c6f55ecf0a0016464c21,5,5
2026-04-06,13237.0,AM,12781;16705;19725;20677;22060,2high;Altekz;delle;gxx-;k1to,0c00b65cceb738105b5a,5,5
2026-04-06,13642.0,SIXSEVEN,11219;17145;18571;20282;20358,CeRq;CYPHER;kRaSnaL;Rainwaker;volt,27fa8b589766a53b6a19,5,5
2026-04-06,12960.0,Fire Flux,9353;17117;17305;20625;20968,Banjo;FinigaN;paz;shield;soulfly,13fc1402433e4224d17a,5,5
2026-04-06,9735.0,Lilmix,3329;22380;23741;24518;24584,bsover;doobs;quix;Sn0w;walleN,5441f95301b654f4391e,5,5
2026-04-06,10975.0,MIBR fe,11215;16341;21800;21801;23463,Dani;GaBi;Olga;poppins;yungher,9b56a68b02d01406acef,5,5
2026-04-06,10823.0,INFINITE,9911;19171;19815;20870,Dytor;kreaz;mhN1;Q-Q;sl3nd,,4,5
2026-04-06,13789.0,Subtop De France,,AZIDOT;Gauthierlelelele;Revol;Supr3me;XiMaa,,0,5
2026-04-06,13024.0,8Sins,17656;18218;20128;21990,dobbo;Frazehh;Prime;Tadpole,,4,4
2026-04-06,13576.0,TNT,,f3tje;fen2k;hahanz0;rv1den;wonimo,,0,5
2026-04-06,13433.0,Last Bullet,16768;16778;19735;21509;22000,B1NGO;BZA;lan;Miami;Roninbaby,b138310299bababf44af,5,5
2026-04-06,11641.0,Metizport,13669;13670;17937;20253;24083,Dragon;isak;Jackinho;MaiL09;nawwk,925cf771181ecf1b5088,5,5
2026-04-06,13594.0,CYBERSHOKE Prospects,24924;25710;25712;26073,DAN9ARMATURA;desl3bio;pleynnn;SquEzxc;tw1sterzaza,,4,5
2026-04-06,13528.0,Misa,25076,Ckanic;Mertowsk1;rim3;souv;Zuedsta,,1,5
2026-04-06,13691.0,Back to Back,21100;21290;24641,edv;fokiu;perez;protado;zede,,3,5
2026-04-06,12908.0,Aether,14799;20573;21813;24238,Andrew;brett;s3rum;Seb;xaler,,4,5
2026-04-06,10997.0,Procyon,17997;19086;23549;25105;25106,AGL;lenci;MaxOff;next;pavv,b369d457d8472654b588,5,5
2026-04-06,9996.0,9z,12092;15914;22181;22371;22613,HUASOPEEK;levi;Luken;max;urban0,e0eb9e74d9c82b57698d,5,5
2026-04-06,11718.0,BIG EQUIPA,21849;22063;23090;23995;24006,aiM;ASTRA;Emmsan;Hanka;sosya,d12495477296fea24ee2,5,5
2026-04-06,13159.0,Prestige,7910;8994;23335;23936;24102,fejtZ;Few;Folke;HS;Mizi,4c52ca5f76030b757d40,5,5
2026-04-06,13614.0,japczany,20283;22008;22385,chudy;darchevile;Melavi;swiz;tomiko,,3,5
2026-04-06,13665.0,FarmVille,14744;20204;21093,BeaKie;calamity;cJ dA K1nG;sava9e;Umar,,3,5
2026-04-06,13664.0,ex-KRÜ,9221;18549;21169;23150,castrz;laser;reversive;righi;rzk,,4,5
2026-04-06,13735.0,Haunted House,18989;22638;23361,fr0k;icyvl0ne;malinov,,3,3
2026-04-06,13107.0,Chicken Coop,22835;24527;24679;25369,colin;Crisp;Drop;jared;REKMEISTER,,4,5
2026-04-06,13475.0,FOLHA AMARELA,11337;18140;19972;22084,ckzao;f4stzin;mello;RCF;s1cko,,4,5
2026-04-06,5378.0,Virtus.pro,12732;16947;20101;23637;24952,b1st;fame;FL1T;Perfecto;tO0RO,7e43d65944506bdd4e0c,5,5
2026-04-06,10254.0,BIG Academy,19284;22866;24325;24358;24810,doni;JBOEN;prosus;tripex17;w1dow,0bc13c14971800e30b3e,5,5
2026-04-06,11917.0,NIP Impact,1572;16764;21796;21798;23090,aiM;Nayomy;Qiyarah;vilga;Zana,bcf8426eb332bb67eadf,5,5
2026-04-06,13026.0,BESTIA Academy,22559;24560;24563;24715;25727,agt;Jotag3;k1not1;Lekzi;zuzu,91820d3544c959fbec0a,5,5
2026-04-06,12536.0,DEPO,11942;18752;22635;24656;25856,buster;kade0;sh1seido;shoxs;wetfy,f4ec929092c180a8c1ce,5,5
2026-04-06,13568.0,eLITenergy,21909;22430;22883;22961;25423,finW;gooddeph;k0s;k1slll;keegaN,7d32a87822277dcdb9ca,5,5
2026-04-06,12534.0,BOSS,8507;16647;17372;19079;19128,Bwills;FaNg;Fruitcupx;SLIGHT;stanislaw,f56448ed065525d01e79,5,5
2026-04-06,12568.0,EC BANGA,12416;20002;20474,Akward;blazekiNho;Labreenc;m1kketye;makaroff,,3,5
2026-04-06,7532.0,BIG,5794;14929;19284;20122;22866,FreeZe;JBOEN;JDC;prosus;tabseN,c2393512125e357a0b35,5,5
2026-04-06,7720.0,InControl,20330;23088;23690;24234;24528,aelor;ayaneuu;jsfeltner;Scorchyy;TyRa,d1a0612fbdeb2bb10e71,5,5
2026-04-06,12421.0,Let Her Cook,1572;20165;22023;22024;22871,JennyR;Joanana;pauliiee;spike;vilga,96b84b75df8cd325f8bd,5,5
2026-04-06,13201.0,F5,17478;23412;24524;24946;25582,bones;cmrn;Kermi;neight;Signal,1077c390c0889cf611ac,5,5
2026-04-06,13375.0,SportsBetExpert,18706;19079;22967;23675,Evan;freshie;Fruitcupx;ogwizard;sml,,4,5
2026-04-06,12533.0,Atrix,19998;20501;21733;23092;23514,bokor;Eleven;LyttleZ;REGIANE;Sofiaxyz,2f6b8f40e062c2af2ee7,5,5
2026-04-06,13327.0,R2,10506;17277;20531;24558,ABM;guidimon;maaxg1;toto;tutehen,,4,5
2026-04-06,13726.0,METANOIA Wolves,6536;21888;22085;23960;24930,Lcs;sakamoto;spinnie;Thuister;vzn,48ba31276cedae8a718a,5,5
2026-04-06,13714.0,DONSTU,20946;21350;24972;25167;25168,Due1yant;gleb86rus;LAKSHERi;maQuein;NeoLife,902534a456b2b4fcb254,5,5
2026-04-06,13678.0,ex-Flame Sharks,22450;23638;24114,7tetsu;heis999;sad;xm1nd;Yakuza,,3,5
2026-04-06,13575.0,WAZABI,,BacH;BangBang;Laykinn;m0vski;VireZ,,0,5
2026-04-06,6033.0,Keyd Stars,16814;17585;18891;18894;22956,b4rtiN;CutzMeretz;danoco;lash;t9rnay,16a081214320bf9daeb6,5,5
2026-04-06,12834.0,RUSTEC,16415;19297;21686;24190;24817,anttzz;Brilliance;jakekeS;supra;youka,ae3e0739999dd44e1986,5,5
2026-04-06,13355.0,Nemesis,7996;13018;20872;22035;24734,CRUC1AL;n0te;Nexius;tein;Thomas,ceca78b6e11a5b2a0cb3,5,5
2026-04-06,13668.0,Atreides,18788;19167;19812;20782,Chill;dan1;DEPRESHN;Goody;smekk,,4,5
2026-04-06,13053.0,Just Swing,10722;20354;22441;25247;25319,gas;Purely;qqGOD;sATOR1;skrr,de0df596adaaa4158306,5,5
2026-04-06,13413.0,Vasco,10838;10840;16314;23045;23588,lukiz;mawth;n1cks;pancc;tatazin,556a0381dd709e721161,5,5
2026-04-06,13686.0,Abyssal,,dangeR;foggers;gump;Kiyo;vinhy,,0,5
2026-04-06,12721.0,Pigeons,16497;18775;21756;22062;24005,Kat;tory;twenty3;vicu;wieenN,50e0ae671f29f0c4f199,5,5
2026-04-06,13729.0,EMPIRE,21584;23376;24660;24869,BAGEL;C0C0;KmZ;no1nx;twigs,,4,5
2026-04-06,10287.0,Legion,,Bloody;BulleT;hf;HZI;pavast4r,,0,5
2026-04-06,13450.0,yngods,23638;23687,7tetsu;Muk0s;Remill,,2,3
2026-04-06,13524.0,OLDBOYS PL,,Goofy;MICHU;rallen;ToM223;tudsoN,,0,5
2026-04-06,13643.0,rottweilers,11343;15369;16412;20097,bavar1n;h4rn;rafftu;REDSTAR;SHiPZ,,4,5
2026-04-06,12948.0,BORING PLAYERS,22997;24036;24387;25246,D1zzyg;Jun7;Miszary;tutu;zdr,,4,5
2026-04-06,13251.0,Mousquetaires,147;284;10569;19742;21967,devoduvek;drac;JACKZ;SIXER;Tarkky,b6076ad1a742be100e9e,5,5
2026-04-06,11251.0,Eternal Fire,8575;15835;21023;21250;23274,Calyx;EMSTAR;imoRR;jresy;lugseN,05a06f2f02a46096493e,5,5
2026-04-06,13499.0,Voca,17918;19709;19711;20692;24048,dea;nosraC;shane;slump;snav,c25135f074b26d8e8b59,5,5
2026-04-06,12366.0,Aurora Young Blud,,k1nco;meetyoxanaji;r1pa4;redzed;starmie,,0,5
2026-04-06,11129.0,bankaPEPSI,,HUckLer;lesswill;lUMiER;SEMSYS;xsepower,,0,5
2026-04-06,12431.0,Betera,17316;19231;19874;20402;24173,h1te;MaSvAl;synyx;tENZY;Vert,3901811535021c8b7cec,5,5
2026-04-06,13294.0,Outfit 49,20234;24045;24669,Gabe;H0NeST;mds;Valter0k;Zoker,,3,5
2026-04-06,12164.0,Zomblers,19707;20273;20787;21091;23410,CAJUN;CoolComs;grape;Pol0;Pose1doNN,c62ec5102a18908fb43b,5,5
2026-04-06,6788.0,Crashers,21038;23829;24015;24717;25035,Lacerda;Machado;nikz;Reix;trindade,40c4fac672b2a3b95ad7,5,5
2026-04-06,11905.0,paiN Academy,,akasay;Markz;Tatu;tsug;vtnn,,0,5
2026-04-06,9621.0,AaB,22940;23106;24425;24426;25066,bekker;Mol011;qx;stesso;Viggo,da2897f195b5b9d3ccf7,5,5
2026-04-06,12745.0,brazylijski luz,24474;25071,aimy;Brain;elem;next1me;Pelle,,2,5
2026-04-06,13552.0,Endless Journey,21431;24607;24838,deb0;pavlysha666;sstiNiX;swetsi,,3,4
2026-04-06,4246.0,Enjoy,,nbl;roxesz;sh1geo;zazzer,,0,4
2026-04-06,7900.0,Spirit Academy,22864;23319;24176;25334;25390,Kiryasoo;kurosse;Mokuj1n;robo;syph0,f81754ee526ed23ee1fc,5,5
2026-04-06,13502.0,Arise,15762;19563;23323,Anasasis;Bhavi;borosto;clouda;EmbeR,,3,5
2026-04-06,11711.0,Players,,Lich;MITHPUTTINI;souz4h;xns,,0,4
2026-04-06,12554.0,regain,23136;23137;23138;24667,dvrk;fuzenko;sasha;Zucar,,4,4
2026-04-06,12812.0,ALLINNERS,11942;23386;23542;23543;23598,buster;demente;kumao;noni;wEAVER,4c74902a02c5250314d2,5,5
2026-04-06,13014.0,Wave,,Belof;hayanh;Katalic;miksozzz;sheezy,,0,5
2026-04-06,12846.0,M1X KS,,Dementor;gejmzilla;Lewis;tripey;v1w,,0,5
2026-04-06,13757.0,ACROBATS,12027;12732;20101;22535;23927,dwushka;fame;FL1T;Krad;tried,944ca66770db484f1cbc,5,5
2026-04-06,10900.0,KRÜ,9221;18549;21169;22163;24015,laser;Misfit;reversive;righi;trindade,24ab81558b1ef2521e91,5,5
2026-04-06,12694.0,RUBY,20956;21362;22189;22326;24972,fozil;H4SAN4TOR;Kaide;maQuein;TruNiQ,c0e94ee19d02d0d3458c,5,5
2026-04-06,13238.0,JUMBO,22800,matusik;reNIK;Snoob,,1,3
2026-04-06,12586.0,AMKAL,16921;16948;19236;19920;23858,KaiR0N-;KENSI;mo0N;nafany;TRAVIS,2f6e31b250d41f1925cc,5,5
2026-04-06,11571.0,Gaimin Gladiators,9482;11739;17585;17861;21099,b4rtiN;bsd;JOTA;NEKIZ;shz,cae6db67a4318f65f0b9,5,5
2026-04-06,11312.0,QUAZAR,24319;24406;24900;25077;25345,1zz;gehji;kaiori;Ne1XXX;newt,52dd62918cc4f253eb05,5,5
2026-04-06,3044.0,MIBR Academy,6553;21700;22964;23169;25108,brn$;fl4sh;Jerr1;lkz;stormzyn,45d509d0b413e59f0313,5,5
2026-04-06,12899.0,FengDa,19060;20896;24304;24306;24748,3gl;Biuckmt;chengking;salmon;Trash,e94a7585d2fc6da92781,5,5
2026-04-06,10976.0,FURIA fe,11872;16340;17288;21219;22839,bizinha;gabs;izaa;kaahSENSEI;lulitenz,10dd16af0d8ef7254cf3,5,5
2026-04-06,11838.0,Partizan,20066;20252;20685;20813;21786,aidKiT;choiv7;Kind0;VLDN;xavi,f729159b528066f40b4e,5,5
2026-04-06,9881.0,Rooster,12877;14333;18545;20527;21395,asap;chelleos;ju1ces;Terryyy;TjP,0550c99cc52c81bef2b2,5,5
2026-04-06,12878.0,BC.Game,9618;18790;20926,aNdu;CacaNito;Cocaz;nexa;PALM1,,3,5
2026-04-06,12971.0,Wanted Goons,23589,febreeze;Jbreezy;Johan;killerPandas;Magic,,1,5
2026-04-06,4548.0,CPH Wolves,16753;20637;22048;24203;24332,b1elany;Jorko;Matheos;n1Xen;Tapewaare,c7762212e7bb2338b84c,5,5
2026-04-06,13662.0,home,21208;21775;23106;24426,1mackez;BehinDx;sacred;stesso;Viggo,,4,5
2026-04-06,12548.0,Dusty Roots,14737;18554;23150;25106,guty;meyern;next;rzk;tom1jed,,4,5
2026-04-06,13531.0,Sakura,16581;22302;24415,alicerawr;AVA174;empathy;Serendipity;Stx,,3,5
2026-04-06,13340.0,CSDIILIT,21931;24185;24911;24995;25504,8Juho8;joeski;Myggis;Puteli;Rejoiner,4d90841440dc596dd9db,5,5
2026-04-06,13405.0,Nemesis Impact,1656;7653;21793;22095,juliano;Kaoday;Monkey D Julie;ramziiN,,4,4
2026-04-06,13698.0,GAMEHARMONY,,kriips;Natre;P4nc4ke;pat u;uCr0,,0,5
2026-04-06,6673.0,NRG,8521;8711;14109;16717;20333,br0;daps;Jeorge;Sonic;XotiC,1c7dbd769cf99bae54c8,5,5
2026-04-06,12257.0,Wildcard,8507;16726;19044;21665;22135,F1KU;JBa;Peeping;phzy;stanislaw,1e0f3c8103c3bc917fdd,5,5
2026-04-06,13516.0,Fingers Crossed fe,15831;22028;22604;23438;23505,D7;irbitka;Margo;v1spel;xia,c69b7df44fd80035b2bb,5,5
2026-04-06,10823.0,INFINITE,19171;21211;25333;25602,adeX;DaciaBlue3;LkS;mhN1;RQBY,,4,5
2026-04-06,13681.0,Inner Circle Academy,,3ippoch;Dy4ka;L1seYoung;n0rths;NaYz,,0,5
2026-04-06,13393.0,Peekaboo,20502;21727;23451,Hikomi;julih;LETi,,3,3
2026-04-06,12960.0,Fire Flux,15732;22806;25500;25540,Cizzx;Quality;xEternaLxx;zemix;zer0UKY,,4,5
2026-04-06,13451.0,Four Magic fe,20503;21042;21736;22270;23148,annaEX;Babs;Brendinha;Cellax;josi,5c71d2a881e95e3f2f5f,5,5
2026-04-06,13173.0,Phantom,11278;17113;20289;24833;25104,Ayteel;DGL;Kunai;szejn;TOAO,cf34ff156320098f8751,5,5
2026-04-06,12000.0,500,11219;15369;17145;20358,CeRq;Rainwaker;REDSTAR;volt,,4,4
2026-04-06,13527.0,Deep Cross,23850;23875;24079;24161,clyd1e;DayMake;w1sely;WasteOfAmmo;xanzu,,4,5
2026-04-06,13725.0,GUARA,,alwayz;fnbJESUS;neskk;paqueta;Tineu,,0,5
2026-04-06,6033.0,Keyd Stars,11213;16814;16816;17133;18891,CutzMeretz;danoco;delboNi;desh;vsm,2da6af6b3aa2d44cbd7a,5,5
2026-04-06,12301.0,FlyQuest RED,14401;18641;22111;23391;23621,BiBiAhn;Emy;Fawx;marie;vanessa,5033f24a7aa7b0bf1c6e,5,5
2026-04-06,13425.0,Reign Above,24681;25366;25368;25369;25580,cobalt;colin;SayYouWill;SeRCEra;swayu,43a915094bb026a73235,5,5
2026-04-06,13395.0,hindsight,21793,Ann4;Kaoday;Madam;mikeri;pullox,,1,5
2026-04-06,13634.0,METANOIA,,coxa;GdA;palenscki;terran,,0,4
2026-04-06,13675.0,ex-FUT Academy,20437;22650;22722;23696;23735,Brillo;dezt;rendysky;Wonder;yoom,e7e8702bc012d4b6780c,5,5
2026-04-06,13482.0,confidence,18774;22029;23439;23441;24260,AverOna;c0ldhurt;icytears;metori;Stormy,348dcb940bdf02860873,5,5
2026-04-06,13214.0,SPARTA,12027;19882;24171;24172;24818,Djon8;k4nfuz;Krad;Norwi;yuramyata,2d1bdedd60fc86200dd8,5,5
2026-04-06,13571.0,SINQU,15562;25677;25678;25679;25680,Geni;J0nneW;KapiV;Lene;Samppa,97282c67feb029394a01,5,5
2026-04-06,13618.0,Universe,18848;21208,1mackez;allu;HENU;Jelo;Julbord,,2,5
2026-04-06,7801.0,Ghost,1331;8640;21961;22096;23524,7licious;Ellie;EMUHLEET;mira;Xp3,9d2a01e82636163b925a,5,5
2026-04-06,13685.0,Skele,,motion;neo;Oath;sunshinez;tidy,,0,5
2026-04-06,7376.0,m1x,13670;15778;17147;18120;23415,juanflatroo;nawwk;SENER1;sinnopsyy;zeRRoFIX,571319dc8798baaa92df,5,5
2026-04-06,5479.0,Mythic,8503;15007;15090;20510;22022,Cooper;fl0m;hyza;PwnAlone;Trucklover86,2eb72eae58d9b796bd40,5,5
2026-04-06,13142.0,AKA HERO KAJO,,amyb;Siljeeeh;Waldee,,0,3
2026-04-06,12702.0,Lotus fe,,cyclone;tokkis;Zazu,,0,3
2026-04-06,13476.0,VEXA,,hug1;nolkz;ryuzen,,0,3
2026-04-06,13657.0,Blitzkrieg,,Jardani;otEB;points;TORITO;vanilla,,0,5
2026-04-06,13465.0,Dziuseppe,22476;24081;24544,FOKUSSS;keis;mazda;virtuoso;Xydoo,,3,5
2026-04-06,,Matrix,22646;25781;25782;25783,EgorMercedes;frakenzor;joly;kyoto666,,4,4
2026-04-06,13542.0,LITE,,blood;ELFMELK;maxed;Val;yeet,,0,5
2026-04-06,11275.0,NSN,3741,Niko;reason;z1ayr,,1,3
2026-04-06,10960.0,Young Ninjas,16811;21512;22759;22950;23753,jocab;MahaR;MisteM;rud;sL1m3,2a6c5661f43ac44ccbd1,5,5
2026-04-06,13242.0,XDM,24310;24974;24975;24976;24977,darkk;Kungao;r1verLaKe;Shad0w;taidao,460f2945a49655b53c31,5,5
2026-04-06,13342.0,Bad Luck,21888;23960;24298;25552,ALENNNCAR;phx;sakamoto;space;Thuister,,4,5
2026-04-06,13706.0,Pugdesonesto,21888;24930,KLR;LIN;phx;Thuister;vzn,,2,5
2026-04-06,13417.0,Curralzinho,,akane;Cara de Banana;kati;yuu,,0,4
2026-04-06,13180.0,Straight2Killin,19028;20204;23674,BeaKie;den1ed;VulcaN,,3,3
2026-04-06,13704.0,Drama,20685;25460,andr1x;choiv7;d0jca;miwo;nopzy,,2,5
2026-04-06,10943.0,777,16269;21580;22952;23616;24515,Hagmeister;macke;thomass1;zame;ZapR,865353f4eb0937684a62,5,5
2026-04-06,11433.0,Surge,10895;24193;25221;25634,Electrician;frog;miles;Molly;Prs,,4,5
2026-04-06,13265.0,MAGICOS,6536;25031;25034,extazzy;ghosT1;Lcs;rx;snow,,3,5
2026-04-06,13730.0,BA 2,24888,Bizarre666;k6rdon;relan;tarturb0b,,1,4
2026-04-06,13534.0,Memeories,19897;23632;24866;25000,AEROj;fatguy;Slugy;Tiski,,4,4
2026-04-06,13161.0,eternal premium,24823,dazzy;fynchojka;P1kan0;skept1K;smith,,1,5
2026-04-06,9942.0,MARKandLARRY,,BRACE;micalis;yourwombat,,0,3
2026-04-06,13181.0,BASEMENT BOYS,20422;22680;22945;23614;24286,Bambosh;levantino;OWNER;Polbandana;Tr0ublE,440ea359aba3be9846af,5,5
2026-04-06,13629.0,HereWeGoAgain,24015,flush;fraga;guizo;Ltm;trindade,,1,5
2026-04-06,13512.0,Prison Breakers,17216;20029;22655;22957;23461,card;MaLLby;pepe;r3kt;stax,47db532c9c7f5c349ed5,5,5
2026-04-06,13708.0,5Actors,13157;14175;17012;19236;23927,airscape;Aunkere;Jerry;KENSI;tried,090af28c5f21b7845839,5,5
2026-04-06,13661.0,mouse,23672;25186,Burglar;DYLAN;Jester;Jolts;Sunk,,2,5
2026-04-06,10901.0,OverKnight,9214;20405;22547;24345,4TAYLOR;AMC;Majesticzz;spamzzy,,4,4
2026-04-06,13398.0,Nocturnal,,gadfly;lunari;madss;tori;violet,,0,5
2026-04-06,12973.0,NuTorious,20793;24769,Austin;Msaia;sayN;Toasty,,2,4
2026-04-06,13380.0,9BOOMPRO,15662;16555;17011;18510;20994,Ax1Le;FL4MUS;shalfey;sugaR;zorte,094e0172259e2ecc3449,5,5
2026-04-06,13328.0,TSG,19028;24808;25256;25310,Brashi;flacko;milesd;myline;VulcaN,,4,5
2026-04-06,12567.0,Akimbo,,Marro;N2o;obi,,0,3
2026-04-06,13294.0,Outfit 49,21093;23830;24238,LUKE4k;s3rum;sava9e,,3,3
2026-04-06,13545.0,Haemus,13466;16410;16412;20097,dennyslaw;Duplicate;h4rn;rafftu,,4,4
2026-04-06,13469.0,Money Crew,,N2o;obi;taggy,,0,3
2026-04-06,12455.0,Vantage,,Arctic;lucas222;neo;tidy,,0,4
2026-04-06,11838.0,Partizan,18788;20066;20252;20813,aidKiT;dan1;Kind0;VLDN,,4,4
2026-04-06,13369.0,The Glecs,24812;25100;25459,crickeyyy;hAw;hodix;jackast,,3,4
2026-04-06,12988.0,GameHunters,10827;17028;18875;22084;22777,abr;diozera;mello;prt;RICIOLI,1e2bfc76d6735b5c5710,5,5
2026-04-06,13316.0,Animus Victoria,,foggers;kairo;phoebe;TRIPLUS;void,,0,5
2026-04-06,13774.0,FRZ,18437;22544;24769,Jachro;Sharpie;toasty,,3,3
2026-04-06,12731.0,LE-LUX,,biebs;delkud;luffy;R3XY,,0,4
2026-04-06,13770.0,Unitronics,9339;14359;24753,ImpressioN;Kuma;w1nt3r,,3,3
2026-04-06,13466.0,Fingers Crossed,19981;19982;22191;24022;25045,BaGyZ;fello;MAGILA;Sidivo;Uzman,e3c223f97d9d08700f8a,5,5
2026-04-06,13471.0,ALZON,24294;25464;25465;25808,balencyy;ianzin;ntx;wallz1k;yeda,,4,5
2026-04-06,10299.0,FURY,,cheeseball;cookie;rekonz;SkulL;versa,,0,5
2026-04-06,13546.0,Strael Bora,25604;25605;25606,5 Star;maddeN;newhope,,3,3
2026-04-06,13707.0,Younglings,,7ckingsam;arun;eLa1z;Shed0Z,,0,4
2026-04-06,13577.0,MUERTA,,f1R;ka1do;kinyx;MaLLiC,,0,4
2026-04-06,13163.0,ALGO,13679;21575;22091;22696;22948,anber;Dengzoe;Griller;nukkye;Scr0b,f683710fbdcdb790d426,5,5
2026-04-06,12352.0,Sashi Academy,,Bl4zE;Damsi;Half;rosen;Thom,,0,5
2026-04-06,13511.0,Fuego,21888;24298;24328;24930,ALENNNCAR;Lukita;Thuister;vzn,,4,4
2026-04-06,13712.0,Z7,,BestR1flerEu;Dobo;Gibsand;Valtr1x,,0,4
2026-04-06,13543.0,Time Waves,,camille;ElephanT;Harbor;Kezza;lawlkay,,0,5
2026-04-06,13651.0,ReThink,22877,king;p1ke;Rack;zeak,,1,4
2026-04-06,13610.0,Beyond Limits,20515;20788;21147;22168,Beastman;doltn;flixxy;Pr0mise,,4,4
2026-04-06,11109.0,BBBMBCBS,7322,ApeX;Dirty;Fitzy;HaZ;muffin,,1,5
2026-04-06,13116.0,UR,24847;25537;25538;25539,0z;4ever;drace;gLong;yoi,,4,5
2026-04-06,13047.0,EXSAD,23934;25402;25701,KiMBARREiROS;kWAUR;ThozoR,,3,3
2026-04-06,13217.0,ScarX,16167;16179;16180;21541,Dant1k;Dili;mRmN;X1RON,,4,4
2026-04-06,13453.0,HubaBuba,21431;21692;22075;22538;24726,her1tage;kAlash;sFade8;sstiNiX;z3ndeR,340932bc20553770df86,5,5
2026-04-06,13537.0,Zealous,25358;25568;25569;25570;25571,borb;JAKEY;leae;terrk1s;Yaboduulio,986671ed0f7346c54ca9,5,5
2026-05-04,9565.0,Vitality,7322;11816;11893;16693;18462,apEX;flameZ;mezii;ropz;ZywOo,91c93eb867d7d47bf729,5,5
2026-05-04,4608.0,Natus Vincere,9816;14759;18987;20127;22673,Aleksib;b1t;iM;makazze;w0nderful,9d2b566c8472997adfa4,5,5
2026-05-04,11283.0,Falcons,3741;12018;19230;19677;24177,kyousuke;kyxsan;m0NESY;NiKo;TeSeS,e17285b415d2dc1447da,5,5
2026-05-04,13286.0,FUT,20584;20761;22203;22674;23553,cmtry;dem0n;dziugss;Krabeni;lauNX,d3179d30c0f804c093f7,5,5
2026-05-04,7020.0,Spirit,16920;18317;19808;20423;21167,donk;magixx;sh1ro;tN1R;zont1x,14048abbf062f10a8a24,5,5
2026-05-04,6665.0,Astralis,10096;16726;17956;20304;21217,HooXi;jabbi;phzy;ryu;Staehr,c8d9aa6d3f48b13980c6,5,5
2026-05-04,6248.0,The MongolZ,20194;20275;21001;21809;23402,910;bLitz;cobrazera;mzinho;Techno,205ddf8f18a2672fc97c,5,5
2026-05-04,12467.0,PARIVISION,13776;19235;22471;22929;23685,BELCHONOKK;Jame;nota;xiELO;zweih,1b1217ac8c10e36bc2f4,5,5
2026-05-04,11861.0,Aurora,150;7938;8574;20968;21243,MAJ3R;soulfly;Wicadia;woxic;XANTARES,cbc5b9bb3769e1b3d58c,5,5
2026-05-04,8297.0,FURIA,2023;12553;13915;15631;24144,FalleN;KSCERATO;molodoy;YEKINDAR;yuurih,e0362dcbafd342d82962,5,5
2026-05-04,4494.0,MOUZ,13666;18072;18221;18850;20312,Brollan;Jimpphat;Spinx;torzsi;xertioN,43f602c729e986479a12,5,5
2026-05-04,5995.0,G2,3972;9436;19164;20447;21062,HeavyGod;huNter-;MATYS;NertZ;SunPayus,a4938af082ccd5b989a6,5,5
2026-05-04,9928.0,GamerLegion,2553;9278;20301;23766,hypex;PR;REZ;Snax;Tauson,,4,5
2026-05-04,12468.0,Legacy,12521;15698;19045;19686;22965,arT;dumau;latto;n1ssim;saadzin,2a8806f4822238e9a8ab,5,5
2026-05-04,4914.0,3DMAX,13138;14176;19739;21969,Ex3rcice;Graviti;Lucky;Maka;misutaaa,,4,5
2026-05-04,11241.0,B8,20112;21708;22842;23643;25619,alex666;esenthial;kensizor;npl;s1zzi,93a45352761666244eb5,5,5
2026-05-04,4773.0,paiN,16816;18141;18714;19694,biguzera;nqz;piriajr;snow;vsm,,4,5
2026-05-04,11811.0,Monte,17145;19015;19926;21816;22106,afro;AZUWU;Bymas;Gizmy;Rainwaker,7aa468525cb3b414a8bc,5,5
2026-05-04,9996.0,9z,12092;14736;14737;20394;22613,dgt;HUASOPEEK;luchov;max;meyern,26629d7dd5e4a60e1228,5,5
2026-05-04,7175.0,HEROIC,19187;20119;21163;21983;22047,Chr1zN;nilo;susp;xfl0ud;yxngstxr,2e9c58aeb5c57155eaf2,5,5
2026-05-04,12394.0,BetBoom,11840;15662;18506;20994;21667,Boombl4;FL4MUS;Magnojez;S1ren;zorte,d98790a14c38264a9999,5,5
2026-05-04,6667.0,FaZe,429;9960;10394;18053;22383,broky;frozen;jcobbb;karrigan;Twistzz,3797ea47fc726fe1991c,5,5
2026-05-04,7532.0,BIG,5794;14929;14932;15165;22884,blameF;faveN;gr1ks;JDC;tabseN,4d6af2ad9a22ed3240f5,5,5
2026-05-04,12376.0,M80,15370;16599;20104;21665;22921,JBa;Lake;s1n;slaxz-;Swisher,b8f718041db8bac2e331,5,5
2026-05-04,12474.0,Alliance,7443;16487;22760;22860;24083,avid;eraa;MaiL09;twist;upE,03930c7c65617aec48ea,5,5
2026-05-04,4411.0,Ninjas in Pyjamas,922;10994;14148;23372;24283,cairne;sjuush;Snappi;stavn;xKacpersky,1a67dd87e16b576f53f6,5,5
2026-05-04,9215.0,MIBR,19310;20987;21037;21288;23192,brnz4n;insani;kl1m;LNZ;venomzera,3a4cd843e3fd795394e8,5,5
2026-05-04,13355.0,Nemesis,18670;20709;22536;22930;23047,mag1k3Y;r3salt;Sdaim;SELLTER;tex1y,52b39665597c7c0bef39,5,5
2026-05-04,11737.0,EYEBALLERS,3849;20879;21012;21159;22914,bobeksde;dex;JW;maxster;Ro1f,7cfc35758b87beeaec16,5,5
2026-05-04,10577.0,SINNERS,11199;12810;21113;23295;23459,beastik;kisserek;MoDo;SHOCK;stressarN,f9db3f6e7670b3bfa33b,5,5
2026-05-04,6673.0,NRG,7687;8711;13249;13578;16717,br0;Grim;nitr0;oSee;Sonic,f7445e78568da096c71a,5,5
2026-05-04,12257.0,Wildcard,8311;16847;17353;17378;18838,Cxzi;HexT;mhL;nEMANHA;reck,e084f753677bdc11410f,5,5
2026-05-04,13679.0,FOKUS,16486;20358;20625;24203;24332,Banjo;Jorko;Matheos;volt;ztr,a64db9440de6f9c2982e,5,5
2026-05-04,4863.0,TYLOO,19645;20702;20895;21621;24857,JamYoung;Jee;Mercury;Moseyuh;Zero,05a56bdf4b57fcae5437,5,5
2026-05-04,7969.0,Nemiga,19920;21266;22325;23317;23319,1eeR;KaiR0N-;khaN;sowalio;syph0,70b9ebed80b82e1755ac,5,5
2026-05-04,12895.0,K27,19575;22886;23684;23686;24725,kashl1d;qw1nk1;relaxxie;X5G7V;xeedo,e750fe564bbd5d2ce6ca,5,5
2026-05-04,8113.0,Sharks,20558;21170;21221;21921;22911,doc;gafolo;koala;maxxkor;rdnzao,05357aa633fe11759c40,5,5
2026-05-04,13404.0,Gentle Mates,8371;9254;18749;19509;21239,alex;dav1g;MartinezSa;mopoz;sausol,d807a95213fd6aab9a51,5,5
2026-05-04,12144.0,BESTIA,19985;20185;20607;22570;24863,buda;cass1n;nacho;timo;tomaszin,dc9c7e9cb94caee9c7ac,5,5
2026-05-04,11571.0,Gaimin Gladiators,8565;9219;9482;15914;17861,felps;HEN1;JOTA;Luken;NEKIZ,eb730e5c582d6ca5d0ff,5,5
2026-05-04,11581.0,HOTU,16612;19823;21385;21692;24806,dukefissura;frontales;kAlash;mizu;n0rb3r7,bf99af5339d636cba94c,5,5
2026-05-04,13501.0,illwill,8311;9656;16080;19698;20889,7Kick;adamS;dycha;hAdji;nEMANHA,0fd23724f279a2fe1534,5,5
2026-05-04,12426.0,Passion UA,11630;19869;20903;21452;21620,JT;Kvem;nicx;Senzu;try,7a621fd372675372af5c,5,5
2026-05-04,13499.0,Voca,14494;17918;19709;19711;20333,Jeorge;junior;nosraC;shane;snav,6cbe43b53f1de08a2516,5,5
2026-05-04,8474.0,100 Thieves,7592;8183;21014;22695;23397,Ag1l;device;poiii;rain;sirah,278d351c9f217b8d7f8d,5,5
2026-05-04,13592.0,magic,19874;22075;22076;23858;24173,AW;MaSvAl;mo0N;sFade8;tenzy,f0a5bed2025716cef475,5,5
2026-05-04,5973.0,Liquid,8520;8738;11617;16820;21763,EliGE;malbsMd;NAF;siuhy;ultimate,02b3dad2593e2c1cf5f4,5,5
2026-05-04,10823.0,INFINITE,9911;12945;19171;19815;20870,Blytz;Dytor;kreaz;mhN1;sl3nd,fdc3453f77f54b677754,5,5
2026-05-04,8840.0,Lynn Vision,16551;18744;20254;22922;23100,C4LLM3SU3;EmiliaQAQ;Starry;Westmelon;z4KR,dbed042ec191be814f2c,5,5
2026-05-04,10621.0,1win,13239;20700;23477;23770;23771,cronuss;lattykk;oz1k;Qikert;reyoz,582e4bc55e27dc0f56cb,5,5
2026-05-04,13644.0,TDK,16555;16921;18510;20387;21348,ArtFr0st;Ax1Le;nafany;sugaR;Xant3r,556338662212f778ab73,5,5
2026-05-04,13027.0,Nuclear TigeRES,22878;22880;23762;24568;25807,ayuki;flouzer;m1QUSE;senka;z1k4,1ee5acb720df1bb50596,5,5
2026-05-04,13117.0,Inner Circle,16147;19592;23415;24168;24282,cptkurtka023;Dawy;headtr1ck;onic;zeRRoFIX,82071ca5dd86ae09ac80,5,5
2026-05-04,9455.0,Imperial,10566;12822;20183;22371;22564,chelo;decenty;levi;noway;VINI,110d5035a28e4fb1fe97,5,5
2026-05-04,11712.0,Sashi,10330;16718;16723;21199;23338,acoR;Beccie;Cabbi;Fessor;MistR,3a8433523bb30e8b842e,5,5
2026-05-04,13486.0,THUNDER dOWNUNDER,9115;10588;11139;18545;20527,aliStair;asap;dexter;Liazz;TjP,37b8d597de5be61440f7,5,5
2026-05-04,12959.0,ShindeN,18554;20451;20992;21155,abizz;guty;ivz;naz;tom1jed,,4,5
2026-05-04,4602.0,Tricked,16731;21571;21574;24104,Boye;IceBerg;leakz;NickyB;salazar,,4,5
2026-05-04,13619.0,BET-M,3459;20534;22040;22927;23302,bluewh1te;executor;kinqie;KIRO;z1Nny,c93afad3985eb352df7c,5,5
2026-05-04,12916.0,Betclic,16848;18070;18979;25307;25542,Demho;Dr3nquu;eskyy;hades;Prism,984b00f1a8077e81507c,5,5
2026-05-04,10278.0,9INE,2898;20300;20309;21715;22702,bnox;cej0t;flayy;kraghen;raalz,443c4615601cd0b15794,5,5
2026-05-04,11768.0,ODDIK,14390;17181;22182;22777;24772,diozera;ksloks;naitte;nardes;WOOD7,4b791fa5afe027b070d8,5,5
2026-05-04,10459.0,ARCRED,18447;18671;19703;20207;20402,DSSj;Get_Jeka;Raijin;Ryujin;synyx,47e71eaa76b5fa3267f5,5,5
2026-05-04,10245.0,JiJieHao,17675;18120;18163;18790;22419,0SAMAS;Bibu;CacaNito;m1N1;sinnopsyy,b4056806b5e2be8b942c,5,5
2026-05-04,13237.0,AM,12781;16705;20170;21164;21233,Altekz;k1to;kyuubii;L00m1;myltsi,c68c357f71fed7e65ae7,5,5
2026-05-04,9621.0,AaB,16753;20033;22948;24113;24425,anber;bekker;Maze;n1Xen;sSen,7a2d3e5c8fcab4a09d6b,5,5
2026-05-04,7176.0,RED Canids,18865;20026;20085;25777,chayJESUS;dav1deuS;drop;kauez;reNTU,,4,5
2026-05-04,11837.0,Fluxo,11154;18717;19692;20385;21286,exit;kye;Lucaozy;mlhzin;zevy,5e1bae9fef3cbcc15444,5,5
2026-05-04,13808.0,Walczaki,15203;20245;20958;21263;22703,bajmi;moonwalk;olimp;reiko;SaMey,e589c64ec1c105e17303,5,5
2026-05-04,13214.0,SPARTA,11498;13240;13281;13982;16948,El1an;Forester;Lack1;NickelBack;TRAVIS,a27cfbcfca10e598409c,5,5
2026-05-04,11251.0,Eternal Fire,12708;16811;19733;20123;22361,DemQQ;jottAAA;MisteM;regali;rigoN,ef1ff3938631321a7a78,5,5
2026-05-04,12380.0,CYBERSHOKE,17508;20430;22803;23600;24176,Alkaren;alpha;bl1x1;glowiing;Mokuj1n,c6e3351ead85d33c1a26,5,5
2026-05-04,10503.0,OG,7964;8374;19064;20465;20878,adamb;arrozdoce;bodyy;cadiaN;spooke,fe9a3829e18bce4f31c6,5,5
2026-05-04,12774.0,FlyQuest,4679;11140;17384;18214;20462,INS;jks;nettik;story;Vexite,63f33835a6fe657c9ce4,5,5
2026-05-04,12967.0,WW,20113;20357;21690;22350;23048,ct0m;d1Ledez;deko;kelieN;StRoGo,79767b0fe3c118fe4bcf,5,5
2026-05-04,13518.0,Acend,11217;15385;20097;20114;21657,h4rn;KalubeR;shaiK;Skrimo;SPELLAN,e8bda87950d53bfba312,5,5
2026-05-04,13667.0,NEXVOID,11141;21828;22333;22415;23457,AccuracyTG;erkaSt;MiQ;sergelen19k;Zesta,2bde7389cf2a5a29ff44,5,5
2026-05-04,12604.0,Johnny Speeds,9261;13670;15569;16029;22759,HEAP;jocab;Lekr0;nawwk;Sapec,6667cac8259deda00abc,5,5
2026-05-04,12878.0,BC.Game,630;7998;8918;22807;23140,aragornN;electroNic;krazy;MUTiRiS;s1mple,ae6bcae18d9a803e55f9,5,5
2026-05-04,13124.0,Marsborne,12937;13230;17353;19705;22069,chop;Cxzi;Grizz;motm;WolfY,c486910f1c211a302ecb,5,5
2026-05-04,4991.0,fnatic,7528;17803;23046;23414;24914,Br4tkO;fEAR;jackasmo;jambo;KRIMZ,48c1654f9d88d4c6dcbf,5,5
2026-05-04,13231.0,Ursa,21513;22430;22676;23764,4X1s;Alv;k0s;karnez;Salazar,,4,5
2026-05-04,11419.0,ECSTATIC,11995;13602;20417;20941;21779,Anlelele;Buzz;nicoodoz;nut nut;TMB,38feabbd02bc1a45468d,5,5
2026-05-04,12510.0,The Huns,15072;18638;19957;20703;21398,Bart4k;controlez;nin9;sk0R;xerolte,3e5225d5ac3f5f08f2fd,5,5
2026-05-04,12901.0,SemperFi,14294;14990;20003;20086;20244,ADDICT;hazr;keen;SaVage;shadiy,e2e6d725d3b81e97d32e,5,5
2026-05-04,13799.0,PsychoFace,8726;20883;21445;23835;24807,abiraju;eightz999;facecrack;PsychoDoctor;slaxejezzz,032eef28ae3540439bcb,5,5
2026-05-04,13724.0,5star,15060;15861;18150;21396;24303,ariucle;clouden;hoolig4n;NEUZ;rate,a85cef74e8f56e40d059,5,5
2026-05-04,12776.0,Bounty Hunters,16835;18322;20690;20885;23461,fREQ;KAISER;pepe;ponter;zock,43702405db407426c08d,5,5
2026-05-04,13314.0,KOLESIE,3669;20018;20637;20960;22473,b1elany;ex1st;fr3nd;innocent;Qlocuu,e8287d89dea8c1e92e4d,5,5
2026-05-04,10333.0,Sangal,11271;12004;18571;19673;21139,clax;CYPHER;Patsi;pr1metapz;smooya,1f39a9823201026e22bb,5,5
2026-05-04,13501.0,illwill,9656;11777;16080;20813;20889,7Kick;dycha;hAdji;Maden;VLDN,36363a662822877ac2c4,5,5
2026-05-04,11641.0,Metizport,8507;14218;17937;19069;20253,Dragon;forsyy;isak;Plopski;stanislaw,3fdb26044685833c8b78,5,5
2026-05-04,12646.0,Chinggis Warriors,12956;19229;19536;22414;25510,Efire;hasteka;ROUX;tikuak;yAmi,4f71830ed12ece962920,5,5
2026-05-04,12769.0,Fisher College,12793;13298;19602;20429;22137,AlekS;corn;CrePoW;ReFuZR;TH0R,508684bdc5b8b876b8c6,5,5
2026-05-04,13081.0,Fake do Biru,6593;14394;16817;18610;19972,ckzao;detr0ittJ;hardzao;PKL;Tuurtle,4d41d59cccccd02ba1f8,5,5
2026-05-04,13617.0,ex-RUBY,20504;22039;22189;22326;22459,danistzz;H4SAN4TOR;Kaide;sh1nejezzz;YumsaN,767f4df640410769c6df,5,5
2026-05-04,11514.0,Rare Atom,7028;21825;24304;24306;24748,3gl;chengking;L1haNg;Summer;Trash,dfac3fc8bf9bc1fcb0b1,5,5
2026-05-04,13173.0,Phantom,9798;17504;19114;20413;25104,KEi;Kunai;Kylar;lunAtic;mwlky,149bf3f58d3a90c3f230,5,5
2026-05-04,12677.0,Galorys,9483;11747;18743;20522;23551,destiny;gbb;jnt;nython;tomate,b123f70b4101b109ca9e,5,5
2026-05-04,12609.0,Lavked,20199;21369;24114;24171;24818,1NVISIBLEE;Djon8;k4nfuz;sol;xm1nd,4542fec7a3ecf4bf4af3,5,5
2026-05-04,11176.0,MOUZ NXT,21988;23642;24457;25254;25255,ay0k;Flierax;Nikodeon;opdust;xelex,9abb825c74b777d46bd0,5,5
2026-05-04,12818.0,FAVBET,2131;18240;19614;20110;20228,bondik;j3kie;Marix;s4ltovsk1yy;Smash,7c5e87f24d0ff0cb4725,5,5
2026-05-04,,Rebels,11205;16102;17003;20683;23237,Icarus;NOPEEj;snapy;stadodo;TMKj,4cbbbad01d97b153ea29,5,5
2026-05-04,10864.0,VP.Prodigy,23637;24292;24950;24951;24952,AquaRS;b1st;F0R3VER;tO0RO;TriBorgg1,4c9c8c4eb6b04deb086c,5,5
2026-05-04,13814.0,INOX Division,22430;22879;22883;22961;25423,FenomeN;finW;gooddeph;k0s;k1slll,fc8c472e16bb7a27aa20,5,5
2026-05-04,13613.0,Bebop,14273;20197;20948;22535;23303,dwushka;faydett;h1kaN;iDISBALANCE;lov1kus,e485c3ca2122712c6530,5,5
2026-05-04,4869.0,ENCE,12731;19044;20282;21815;21972,F1KU;kRaSnaL;Neityu;podi;sdy,a4061a8fe96be6adc150,5,5
2026-05-04,13553.0,Oxuji,21365;24569;25608;25609,ayano;fluffy;HeCkBNk;k1ssly;Kurama,,4,5
2026-05-04,13333.0,ASTRAL,19725;22008;23545;24704;24997,gxx-;meowpop;Neqy;RaY5ive;swiz,81f5e68099df0d475ef3,5,5
2026-05-04,13304.0,LP,14010;17132;20521;21284;23550,Alisson;divine;happ;Leomonster;zmb,f05957b82dce82160422,5,5
2026-05-04,13623.0,STATE,11013;13077;13170;21381;22950,kwezz;Patti;sL1m3;thamlike;Zanto,02719e07c49e93b5c038,5,5
2026-05-04,12834.0,RUSTEC,16415;19297;21686;24190;24817,anttzz;Brilliance;jakekeS;supra;youka,ae3e0739999dd44e1986,5,5
2026-05-04,12889.0,G2 Ares,19065;21272;23544;24111;25576,hitori;Junyme;SHiNE;tAk;yksjupe,ed9965b1a9db48ad0b06,5,5
2026-05-04,13012.0,HYPERSPIRIT,15573;17116;18294;21117;21337,ADRON;Ciocardau;d1maje;ragga;starplajerz,dd433dc1372c447eea34,5,5
2026-05-04,13310.0,MANA,15778;18119;20434;21108;21109,ammar;BledarD;Caleyy;cerber;SENER1,399ec18a488aff205d39,5,5
2026-05-04,12536.0,DEPO,11942;18752;22635;24656;25856,buster;kade0;sh1seido;shoxs;wetfy,f4ec929092c180a8c1ce,5,5
2026-05-04,5639.0,aAa,21967,AsI0K;Saax;SLIE9000;Tarkky,,1,4
2026-05-04,12087.0,Lazer Cats,22706;23151;23589;24204;24914,Br4tkO;Kiy0o;Magic;nikitea;yab0ku,84ef11056cd1cea6ed8d,5,5
2026-05-04,13666.0,BMZ,19538;21428;22908,fury5k;MagnumZ;QQLIGHTNING;rhittacrit;Wonderzce,,3,5
2026-05-04,12899.0,FengDa,24305;24306;24748,3gl;afufu;p5p;Trash,,3,4
2026-05-04,13178.0,NOVAQ,11940;21439;22537;23292;23541,def1zer;ICY;neaLaN;Pump;tasman,54a6f5a1f34da08a9392,5,5
2026-05-04,8536.0,Ground Zero,,apocdud;Omichella;pz;tucks;vision,,0,5
2026-05-04,13470.0,Oramond,20071;20686;20945;22129;24179,AntyVirus;fanatyk;Frontsiderr;SpavaQu;suonko,23210c1bc77590d5a72a,5,5
2026-05-04,13331.0,Kaleido,16558;20258;23596;24747,expSasiKi;rage;rubeN;SPine;suki,,4,5
2026-05-04,10960.0,Young Ninjas,14242;21512;22035;24734;24911,joeski;n0te;rud;tein;Vster,aeca58676bb982ff0b39,5,5
2026-05-04,4869.0,ENCE,18848;21930;22733;24121;24149,Cliqq;HENU;millert;Schwarz;teme,23fbf32475964fa1d8d0,5,5
2026-05-04,9958.0,Alter Ego,19763;22680,BnTeT;BOROS;Gratisfaction;PokemoN;Polbandana,,2,5
2026-05-04,6089.0,The Last Resort,20336;20339;20340;20908;22192,arTisT;bevve;Extinct;Girafffe;Vacancy,e51e46ade62533cad99a,5,5
2026-05-04,11446.0,Leo,19617;21065;21651;22649,amster;kL1o;leen;Malkiss;OneUn1que,,4,5
2026-05-04,13575.0,WAZABI,,BacH;BangBang;Laykinn;m0vski;VireZ,,0,5
2026-05-04,7865.0,HAVU,9818;21963;22143;22144;22211,Alxc;ottob;p3kko;puuha;uli,cafbd75d62b9de4d1423,5,5
2026-05-04,6033.0,Keyd Stars,18891;21100;22362;22956,CutzMeretz;lash;matios;xureba;zede,,4,5
2026-05-04,11955.0,LAG,12102;15176;19177;20572;22552,consti;Cryptic;djay;kmrn;Sandman,7fb15e71b243cf94d6d8,5,5
2026-05-04,11609.0,GenOne,15117;19738;21971;22481;25388,bL4SEZ;Brooxsy;Chucky;Djoko;Keoz,7b43f0d89764c946cc6e,5,5
2026-05-04,13163.0,ALGO,13679;17113;20926;22650;22948,anber;aNdu;nukkye;rendysky;szejn,303df3bc305ad1a2de99,5,5
2026-05-04,11555.0,UNO MILLE,2544;22423;23587;24716,ALLE;cLd;clon7;Ltz;remix,,4,5
2026-05-04,13479.0,Omega,23304;24021;24917;25010;25011,adai;Botpa1;dan4o;Maison;modeSavage,c1d8ba1b6263de56e8ff,5,5
2026-05-04,7653.0,Isurus,19872;20689;24091,atarax1a;BK1;deco;dott1;Hezz,,3,5
2026-05-04,13715.0,Hashiras,284;13718;13749;20872;22904,birdfromsky;Burmylov;JACKZ;Nexius;Queenix,ddf2ab9cc772c71a022c,5,5
2026-05-04,13433.0,Last Bullet,16768;16778;19735;21509;22000,B1NGO;BZA;lan;Miami;Roninbaby,b138310299bababf44af,5,5
2026-05-04,13233.0,HEROIC Academy,24281;24690;25331;25585,doto;HOLY;Muciek;St0m4k;Yoghi,,4,5
2026-05-04,12267.0,UNiTY,15821;20345;20677;21165;23469,2high;KWERTZZ;M1key;NEOFRAG;woozzzi,135d80b16d19a4cf2b21,5,5
2026-05-04,13124.0,Marsborne,18706;22069;22967;24890;25524,freshie;Grizz;marekiew;ogwizard;WUMBO,48b57f423ddf478e3c3e,5,5
2026-05-04,12825.0,The QUBE,24302;24396;24512;24513,Cozen;grizzly;Kamui;Paranormal;soloooS,,4,5
2026-05-04,12534.0,BOSS,13250;16647;19128;24890;25524,ben1337;Bwills;marekiew;SLIGHT;WUMBO,7440d730d82ec1270fa9,5,5
2026-05-04,7187.0,Nexus,9626;12945;19173;19817;22563,Blytz;fNk;fnl;s0und;XELLOW,ecea19805ac3bb36b4a8,5,5
2026-05-04,13403.0,TNC,20284;23767;24243;24244,AdrieN;maaryy;Markoś;Nami;yvro,,4,5
2026-05-04,13107.0,Chicken Coop,22835;24527;24679,Crisp;Drop;jared;mds;REKMEISTER,,3,5
2026-05-04,13321.0,Falcons Force,22048;25095;25332;25430;25432,clockzi;grecu;NucleonZ;Tapewaare;VENO,60ac4688d84a3a45ffce,5,5
2026-05-04,3044.0,MIBR Academy,6553;21700;22964;23169;25108,brn$;fl4sh;Jerr1;lkz;stormzyn,45d509d0b413e59f0313,5,5
2026-05-04,13594.0,CYBERSHOKE Prospects,24920;24924;25710;25712;26073,DAN9ARMATURA;dezl3bio;pleynnn;SquEzxc;tw1sterzaza,1946cba97c12a88f4e2d,5,5
2026-05-04,13175.0,Change The Game,23001;23906;24644;24855;24858,957;Hack1ng;LaiKeXu;ProKiller;VanceKK,557c3d7cbce81167ed72,5,5
2026-05-04,13792.0,Persona Grata,15118;21143;22191;22474;22475,MAGILA;nestee;POLO;SBT;sk1tt,c8df75e6032b06e674fd,5,5
2026-05-04,12554.0,regain,19707;23136;23137;23138;24667,dvrk;fuzenko;grape;sasha;Zucar,89df96943262dbf71e57,5,5
2026-05-04,12988.0,GameHunters,10827;13287;17028;21099;22126,abr;bnc;bsd;nyezin;prt,5cf84aa0477c2ec66632,5,5
2026-05-04,10254.0,BIG Academy,19284;22866;24325;24358;24810,doni;JBOEN;prosus;tripex17;w1dow,0bc13c14971800e30b3e,5,5
2026-05-04,12908.0,Aether,14799;21813;24045;24238,bezymecc;brett;H0NeST;s3rum;xaler,,4,5
2026-05-04,13776.0,Just Players,21367;21431;22327,em0k1d;rexxie;Something;spirit;sstiNiX,,3,5
2026-05-04,10867.0,MASONIC,9896;22811;23471;24105,Avou;b0RUP;Botman;kralle;Noruyp,,4,5
2026-05-04,11933.0,Yawara,20029;22364;22566;24284;24556,card;deemO;j0w;revoltz;tele,3d8f18e7ce8f8b370c8d,5,5
2026-05-04,9735.0,Lilmix,3329;13669;22380;23696;24518,bsover;Jackinho;quix;walleN;Wonder,28985fe85a9f7a3f2188,5,5
2026-05-04,12194.0,Rune Eaters,21691;22538;23599;23858,dako;fitch;forkyz;her1tage;mo0N,,4,5
2026-05-04,7120.0,Entropy,,dottie;flaw;Mikanix;Tamefear;tevsii,,0,5
2026-05-04,12745.0,brazylijski luz,20283;22385;24474,aimy;chudy;Melavi;next1me;tomiko,,3,5
2026-05-04,6810.0,aimclub,9626;16971;20158;21213;21368,Ed1m;ERSIN;RoberttMP;XELLOW;zewts,b7417bf13be04fca0304,5,5
2026-05-04,12164.0,Zomblers,20273;20787;23410,CAJUN;CoolComs;FxRE;Pose1doNN;Zoker,,3,5
2026-05-04,10333.0,Sangal,12004;19673;22039;24625;25110,clax;danistzz;h0kz;Patsi;R4DYX,c09bdf32e64ec9eb1f32,5,5
2026-05-04,13364.0,Famalicão,20750;21115;23141;23480;24905,h0t;M1KA;P3R3IIRA;seabraez;Sprayy,54ae997fed503317d466,5,5
2026-05-04,7720.0,InControl,20330;23088;23690;24234;24528,aelor;ayaneuu;jsfeltner;Scorchyy;TyRa,d1a0612fbdeb2bb10e71,5,5
2026-05-04,13576.0,TNT,,f3tje;fen2k;hahanz0;rv1den;wonimo,,0,5
2026-05-04,13703.0,ex-Fingers Crossed,798;9911;19594;22101;22191,kreaz;MAGILA;nbqq;oskar;spardaus,46f946b744b4ae0ae98c,5,5
2026-05-04,13413.0,Vasco,10827;10838;10840;21290;23588,mawth;n1cks;perez;prt;tatazin,da95e6e7bc6013aa8c91,5,5
2026-05-04,13053.0,Just Swing,10722;20354;22441;25247;25319,gas;Purely;qqGOD;sATOR1;skrr,de0df596adaaa4158306,5,5
2026-05-04,13573.0,ex-Zero Tenacity,2476;5351;20252;21302;21783,aVN;brutmonster;Cjoffo;emi;Kind0,6d032d9f235bc0241dbe,5,5
2026-05-04,13668.0,Atreides,18788;19167;19812;20782,Chill;dan1;DEPRESHN;Goody;smekk,,4,5
2026-05-04,13181.0,BASEMENT BOYS,20421;20422;22945;24246;24672,fakerealityy;kr1vda;maggent;OWNER;Tr0ublE,ffc6058811a79f0d0c78,5,5
2026-05-04,9139.0,BRUTE,19594;21142;22280;23765;24261,hfah;majky;mASKED;nbqq;realzen,4c7879ebda65cf133cac,5,5
2026-05-04,13686.0,Abyssal,,dangeR;dpr;foggers;gump;vinhy,,0,5
2026-05-04,13528.0,Misa,25076,Ckanic;Mertowsk1;rim3;souv;Zuedsta,,1,5
2026-05-04,13689.0,Fuzos,20053;20054;20055,Mané;rafaxF;Slaxx;Stepa,,3,4
2026-05-04,13812.0,Project 91,16392;25071;25708;25709;25770,Arielek;elem;Kamo;Kizzzi;patrikinho,267cb9985c5110461dd3,5,5
2026-05-04,13714.0,DONSTU,20946;21350;24972;25167;25168,Due1yant;gleb86rus;LAKSHERi;maQuein;NeoLife,902534a456b2b4fcb254,5,5
2026-05-04,12857.0,FORZE Reload,21367;21392;22327;23543;23628,demente;KusMe;shady;Something;spirit,2f9ca71da4eeb149c84d,5,5
2026-05-04,13791.0,Julie&Cie,1656;9616,amanek;Empera;KIRADODO;Monkey D Julie;Razzmo,,2,5
2026-05-04,11018.0,megoshort,7700;17769;20066;24462;24727,aidKiT;mogv;robiin;titulus;Twinkey,e362432dfb0e55fd4240,5,5
2026-05-04,13201.0,F5,17478;23412;24524;24946;25582,bones;cmrn;Kermi;neight;Signal,1077c390c0889cf611ac,5,5
2026-05-04,9881.0,Rooster,12877;14333,ADK;chelleos;ju1ces;rekonz;SkulL,,2,5
2026-05-04,13450.0,yngods,23638;23687;24316;24318,7tetsu;Muk0s;Remill;tommy;whisper,,4,5
2026-05-04,13414.0,Rave,14494;15176;17929;21128;23458,Cryptic;junior;laxiee;Pluto;Walco,d07f080d402802bb43ad,5,5
2026-05-04,11668.0,Mindfreak,,Crunchy;dpr;kairo;tucks;zune,,0,5
2026-05-04,10567.0,SAW,23482;24139;24634;25041;25208,blaze;Jayy2s;jERK0z;Moretz;tuxa,714e311a1e1648ca61a1,5,5
2026-05-04,12194.0,Rune Eaters,22538;23386;23543;23598;23599,demente;forkyz;her1tage;kumao;noni,b25799466df088cbac51,5,5
2026-05-04,13524.0,OLDBOYS PL,,Goofy;MICHU;rallen;ToM223;tudsoN,,0,5
2026-05-04,13665.0,FarmVille,14744;20204;24945,adam;BeaKie;calamity;cJ dA K1nG;sleepz0rk,,3,5
2026-05-04,12567.0,Akimbo,23199;23458,laxiee;Marro;mason;N2o;obi,,2,5
2026-05-04,13691.0,Back to Back,21100;21290;24641,edv;fokiu;perez;protado;zede,,3,5
2026-05-04,13726.0,METANOIA Wolves,6536;21888;22085;23960;24930,Lcs;sakamoto;spinnie;Thuister;vzn,48ba31276cedae8a718a,5,5
2026-05-04,13789.0,Subtop De France,,AZIDOT;Gauthierlelelele;Revol;Supr3me;XiMaa,,0,5
2026-05-04,6788.0,Crashers,21038;23829;24015;24717;25035,Lacerda;Machado;nikz;Reix;trindade,40c4fac672b2a3b95ad7,5,5
2026-05-04,13340.0,CSDIILIT,9325;14236;21931;24995,8Juho8;allu;arvid;Myggis;oopee,,4,5
2026-05-04,13778.0,insane players,18706;19079;22967,freshie;Fruitcupx;ogwizard;sml;Wolffe,,3,5
2026-05-04,13551.0,OlyBet,14969;19566;23720;24591,ChipaaN;discplex;Frip;hexoq;msn,,4,5
2026-05-04,13664.0,ex-KRÜ,9221;18549;21169;23150,castrz;laser;reversive;righi;rzk,,4,5
2026-05-04,13281.0,Bushido Wildcats,21253;22498;22504;24842;24843,cadnyx;Darendeli;eNs;scolleN;Vej,c6f55ecf0a0016464c21,5,5
2026-05-04,11905.0,paiN Academy,,Bruninho;k9izer;Markz;Tatu;tsug,,0,5
2026-05-04,12363.0,Arcade,,74LOR;Jynx;Kras;Mechanical;N1ghtraid,,0,5
2026-05-04,12948.0,BORING PLAYERS,22997;24036;24387;25246,D1zzyg;Jun7;Miszary;tutu;zdr,,4,5
2026-05-04,10997.0,Procyon,17997;19086;23549;25105;25106,AGL;lenci;MaxOff;next;pavv,b369d457d8472654b588,5,5
2026-05-04,11553.0,Dripmen,7700;17656;20128;21990,Ariant0;dobbo;Frazehh;Prime;robiin,,4,5
2026-05-04,13419.0,Venom,3669;15940;16080;21715;22473,dycha;flayy;innocent;Qlocuu;Sobol,34ede30a39edceb4e4f4,5,5
2026-05-04,13729.0,EMPIRE,21584;23376;24660;24869,BAGEL;C0C0;KmZ;no1nx;twigs,,4,5
2026-05-04,12352.0,Sashi Academy,22940;24102,Bl4zE;Damsi;Mizi;Mol011;rosen,,2,5
2026-05-04,13327.0,R2,10506;17277;20531;24558,ABM;guidimon;maaxg1;toto;tutehen,,4,5
2026-05-04,13690.0,zajezdzacze,20283;22385;23614,Bambosh;chudy;darchevile;Melavi;tomiko,,3,5
2026-05-04,13681.0,Inner Circle Academy,,3ippoch;Dy4ka;L1seYoung;n0rths;NaYz,,0,5
2026-05-04,13159.0,Prestige,7910;8994;23335;23936;24102,fejtZ;Few;Folke;HS;Mizi,4c52ca5f76030b757d40,5,5
2026-05-04,12534.0,BOSS,8507;16647;17372;19079;19128,Bwills;FaNg;Fruitcupx;SLIGHT;stanislaw,f56448ed065525d01e79,5,5
2026-05-04,13775.0,playersclub,22450;22460;24726,heis999;riskyb0b;sad;Yakuza;z3ndeR,,3,5
2026-05-04,13475.0,FOLHA AMARELA,11337;18140;19972;22084,ckzao;f4stzin;mello;RCF;s1cko,,4,5
2026-05-04,12812.0,ALLINNERS,11942;18752;21439;23386;23598,buster;ICY;kade0;kumao;noni,0d15811b7d02be4f9cbe,5,5
2026-05-04,11312.0,QUAZAR,24319;24406;24900;25077;25345,1zz;gehji;kaiori;Ne1XXX;newt,52dd62918cc4f253eb05,5,5
2026-05-04,11668.0,Mindfreak,,dpr;swerzieN;Texta;tucks;zune,,0,5
2026-05-04,10864.0,VP.Prodigy,24292;24950;24951;25462,AquaRS;F0R3VER;lasfas;rokilan;TriBorgg1,,4,5
2026-05-04,11251.0,Eternal Fire,8575;12708;16885;21023;23274,Calyx;EMSTAR;lugseN;rigoN;Woro2k,82800d3685edecf8170c,5,5
2026-05-04,12457.0,ROUNDS,,Jelo;Kollo;Monoxx;p12;ykis,,0,5
2026-05-04,11129.0,bankaPEPSI,,HUckLer;lesswill;lUMiER;SEMSYS;xsepower,,0,5
2026-05-04,13735.0,Haunted House,18989;22638;23361,fr0k;icyvl0ne;malinov;SasukeQO;Schwarzkopf,,3,5
2026-05-04,12960.0,Fire Flux,9353;17117;17305;20625;20968,Banjo;FinigaN;paz;shield;soulfly,13fc1402433e4224d17a,5,5
2026-05-04,10975.0,MIBR fe,11215;16341;21800;21801;23463,Dani;GaBi;Olga;poppins;yungher,9b56a68b02d01406acef,5,5
2026-05-04,13026.0,BESTIA Academy,22559;24560;24563;24715;25727,agt;Jotag3;k1not1;Lekzi;zuzu,91820d3544c959fbec0a,5,5
2026-05-04,13642.0,SIXSEVEN,11219;17145;18571;20282;20358,CeRq;CYPHER;kRaSnaL;Rainwaker;volt,27fa8b589766a53b6a19,5,5
2026-05-04,4246.0,Enjoy,,nbl;roxesz;sh1geo;zazzer,,0,4
2026-05-04,12421.0,Let Her Cook,1572;20165;22023;22024;22871,JennyR;Joanana;pauliiee;spike;vilga,96b84b75df8cd325f8bd,5,5
2026-05-04,11711.0,Players,,Lich;MITHPUTTINI;Rkzinho;souz4h;xns,,0,5
2026-05-04,12366.0,Aurora Young Blud,,k1nco;meetyoxanaji;r1pa4;redzed;starmie,,0,5
2026-05-04,13736.0,Sensation,,ncl;Tsogoo,,0,2
2026-05-04,9139.0,BRUTE,14388;22863;23204;23206;24261,KAD1M;realzen;Siko;The eLiVe;w4rden,7f8a89194296ac5c14b3,5,5
2026-05-04,11917.0,NIP Impact,1572;16764;21796;21798;23090,aiM;Nayomy;Qiyarah;vilga;Zana,bcf8426eb332bb67eadf,5,5
2026-05-04,11718.0,BIG EQUIPA,21849;22063;23090;23995;24006,aiM;ASTRA;Emmsan;Hanka;sosya,d12495477296fea24ee2,5,5
2026-05-04,13745.0,KUUSAMO,,epik;Keksimage;osku;rbm,,0,4
2026-05-04,13665.0,FarmVille,20204;21093;24873,BeaKie;cJ dA K1nG;HAMBOOGA;sava9e,,3,4
2026-05-04,12971.0,Wanted Goons,23589,febreeze;Jbreezy;Johan;killerPandas;Magic,,1,5
2026-05-04,13161.0,eternal premium,24823,dazzy;fynchojka;P1kan0;skept1K;smith,,1,5
2026-05-04,13788.0,Clutchain fe,16497;18775;21756;22062,Kat;tory;twenty3;vicu;zAAz,,4,5
2026-05-04,12846.0,M1X KS,,Dementor;gejmzilla;Lewis;tripey;v1w,,0,5
2026-05-04,13237.0,AM,12781;16705;19725;20677;22060,2high;Altekz;delle;gxx-;k1to,0c00b65cceb738105b5a,5,5
2026-05-04,10287.0,Legion,,Bloody;BulleT;hf;HZI;pavast4r,,0,5
2026-05-04,12533.0,Atrix,19998;20501;21733;23514,bokor;Eleven;LyttleZ;REGIANE;segalla,,4,5
2026-05-04,13794.0,900FPSvsECO,20234;24669,Gabe;mds;Termina;Valter0k;Zoker,,2,5
2026-05-04,13787.0,ZEVS,26124,bexyz;dobo;FELSADIA;GEZUU;versa,,1,5
2026-05-04,13643.0,rottweilers,11343;15369;16412,bavar1n;rafftu;REDSTAR;shin;SHiPZ,,3,5
2026-05-04,13502.0,Arise,15762;23323,Anasasis;Bhavi;borosto;EmbeR;Ph1NNN,,2,5
2026-05-04,9996.0,9z,12092;15914;22181;22371;22613,HUASOPEEK;levi;Luken;max;urban0,e0eb9e74d9c82b57698d,5,5
2026-05-04,9621.0,AaB,20033;22940;24276;24425;25066,bekker;Maze;Mol011;N4XX1S;qx,c2a8aa8ccbc2055a3292,5,5
2026-05-04,13552.0,Endless Journey,21431;24607;24838,deb0;pavlysha666;sstiNiX;swetsi,,3,4
2026-05-04,13757.0,ACROBATS,12027;12732;20101;22535;23927,dwushka;fame;FL1T;Krad;tried,944ca66770db484f1cbc,5,5
2026-05-04,13294.0,Outfit 49,20234;24045;24669,Gabe;Grimblee;H0NeST;mds;Valter0k,,3,5
2026-05-04,13574.0,Club 333,2213;16976;22547,4TAYLOR;kobruh;SecretAgent,,3,3
2026-05-04,11514.0,Rare Atom,7028;8598;19681;20808;21825,ChildKing;L1haNg;Marek;Summer;Tiger,b389ec04583bcfad9601,5,5
2026-05-04,6033.0,Keyd Stars,16814;17585;18891;18894;22956,b4rtiN;CutzMeretz;danoco;lash;t9rnay,16a081214320bf9daeb6,5,5
2026-05-04,11641.0,Metizport,13669;13670;17937;20253;24083,Dragon;isak;Jackinho;MaiL09;nawwk,925cf771181ecf1b5088,5,5
2026-05-04,13761.0,Vexar,,ADntZ;KarmaN;KEEMBO;obsward,,0,4
2026-05-04,13014.0,Wave,,Belof;hayanh;Katalic;miksozzz;sheezy,,0,5
2026-05-04,13355.0,Nemesis,7996;13018;20872;22035;24734,CRUC1AL;n0te;Nexius;tein;Thomas,ceca78b6e11a5b2a0cb3,5,5
2026-05-04,13238.0,JUMBO,22800,matusik;reNIK;Snoob,,1,3
2026-05-04,10976.0,FURIA fe,11872;16340;17288;21219;22839,bizinha;gabs;izaa;kaahSENSEI;lulitenz,10dd16af0d8ef7254cf3,5,5
2026-05-04,13756.0,ALKA,22109;22404,badran;cerolzin;proSHOW;puni;vinaabEAST,,2,5
2026-05-04,10838.0,Incognito,18090;20578;20934;24892,AbbyDog;arcade;micro;Sathsea;Tender,,4,5
2026-05-04,11275.0,NSN,3741,Niko;reason;Yuxz;z1ayr;zzi,,1,5
2026-05-04,13425.0,Reign Above,17437;19301;24681;25368;25580,cobalt;dAVE;louie;SayYouWill;SeRCEra,632eecd9934efefcb9c7,5,5
2026-05-04,13704.0,Drama,20685;25460,andr1x;choiv7;d0jca;miwo;nopzy,,2,5
2026-05-04,12276.0,DXA,,c4put;Myst;Supers;Zoot,,0,4
2026-05-04,12568.0,EC BANGA,12416;20002;20474,Akward;blazekiNho;keni;Labreenc;makaroff,,3,5
2026-05-04,13746.0,MTX,22646;25781;25782;25783,EgorMercedes;frakenzor;joly;kyoto666;md262,,4,5
2026-05-04,13251.0,Mousquetaires,147;284;10569;19742;21967,devoduvek;drac;JACKZ;SIXER;Tarkky,b6076ad1a742be100e9e,5,5
2026-05-04,13698.0,GAMEHARMONY,,kriips;Natre;P4nc4ke;pat u;uCr0,,0,5
2026-05-04,13265.0,MAGICOS,25031;25033;25034,Cr1a;extazzy;ghosT1;rx;snow,,3,5
2026-05-04,13725.0,GUARA,,alwayz;fnbJESUS;neskk;paqueta;Tineu,,0,5
2026-05-04,13516.0,Fingers Crossed fe,15831;22028;22604;23438;23505,D7;irbitka;Margo;v1spel;xia,c69b7df44fd80035b2bb,5,5
2026-05-04,13501.0,illwill,8311;9656;18456;20889;24203,7Kick;fostar;hAdji;Jorko;nEMANHA,5d6607e2e9131ce36975,5,5
2026-05-04,13340.0,CSDIILIT,21931;24185;24911;24995;25504,8Juho8;joeski;Myggis;Puteli;Rejoiner,4d90841440dc596dd9db,5,5
2026-05-04,13660.0,Ding Cuts,,biebs;blood;delkud;maxed;Val,,0,5
2026-05-04,10900.0,KRÜ,9221;18549;21169;22163;24015,laser;Misfit;reversive;righi;trindade,24ab81558b1ef2521e91,5,5
2026-05-04,11999.0,Grindas,19981;19982;22191;24022;25045,BaGyZ;fello;MAGILA;Sidivo;Uzman,e3c223f97d9d08700f8a,5,5
2026-05-04,10823.0,INFINITE,19171;21211;25333;25602,adeX;DaciaBlue3;LkS;mhN1;RQBY,,4,5
2026-05-04,12960.0,Fire Flux,15732;22806;25500;25540,Cizzx;Quality;xEternaLxx;zemix;zer0UKY,,4,5
2026-05-04,13753.0,Basement Bobs,24022;24067;24286,DALIEN;levantino;MadeInRed;Pedrinho2011;Uzman,,3,5
2026-05-04,12301.0,FlyQuest RED,14401;18641;22111;23391;23621,BiBiAhn;Emy;Fawx;marie;vanessa,5033f24a7aa7b0bf1c6e,5,5
2026-05-04,13395.0,hindsight,21793,Ann4;Kaoday;Madam;mikeri;pullox,,1,5
2026-05-04,13743.0,bond1e,22191,MAGILA;prelideN;REL;StreakN,,1,4
2026-05-04,12586.0,AMKAL,16921;16948;19236;19920;23858,KaiR0N-;KENSI;mo0N;nafany;TRAVIS,2f6e31b250d41f1925cc,5,5
2026-05-04,13214.0,SPARTA,12027;19882;24171;24172;24818,Djon8;k4nfuz;Krad;Norwi;yuramyata,2d1bdedd60fc86200dd8,5,5
2026-05-04,12190.0,Shimmer,16581;22302;24415,alicerawr;AVA174;empathy;Serendipity;Stx,,3,5
2026-05-04,6673.0,NRG,8521;8711;14109;16717;20333,br0;daps;Jeorge;Sonic;XotiC,1c7dbd769cf99bae54c8,5,5
2026-05-04,13634.0,METANOIA,,coxa;GdA;palenscki;terran,,0,4
2026-05-04,11433.0,Surge,10895;25221;25634,Electrician;frog;miles;Molly;TheJelly,,3,5
2026-05-04,13542.0,LITE,,blood;ELFMELK;gump;Val;Winnieeeee,,0,5
2026-05-04,13798.0,Clutchain,,Kyojin;Nivera;Python;ScreaM;SHOGU,,0,5
2026-05-04,13685.0,Skele,,Arctic;lucas222;motion;neo;tidy,,0,5
2026-05-04,9942.0,MARKandLARRY,,BRACE;micalis;Roflko;yourwombat;zeph,,0,5
2026-05-04,13705.0,Imperial Academy,25956,aZe;hyskeee;Kragh;sh1Fu;ta9z,,1,5
2026-05-04,13657.0,Blitzkrieg,,Jardani;otEB;points;TORITO;vanilla,,0,5
2026-05-04,5479.0,Mythic,8503;15007;15090;20510;22022,Cooper;fl0m;hyza;PwnAlone;Trucklover86,2eb72eae58d9b796bd40,5,5
2026-05-04,13675.0,ex-FUT Academy,20437;22650;22722;23696;23735,Brillo;dezt;rendysky;Wonder;yoom,e7e8702bc012d4b6780c,5,5
2026-05-04,13571.0,SINQU,15562;25677;25678;25679;25680,Geni;J0nneW;KapiV;Lene;Samppa,97282c67feb029394a01,5,5
2026-05-04,12973.0,NuTorious,20793;24769,Austin;Msaia;sayN;Toasty,,2,4
2026-05-04,4548.0,CPH Wolves,16753;20637;22048;24203;24332,b1elany;Jorko;Matheos;n1Xen;Tapewaare,c7762212e7bb2338b84c,5,5
2026-05-04,13661.0,mouse,23226;23672,Burglar;DYLAN;Jolts;Panic;Sunk,,2,5
2026-05-04,12878.0,BC.Game,9618;18790;20926,aNdu;CacaNito;Cocaz;nexa;PALM1,,3,5
2026-05-04,13242.0,XDM,24310;24974;24975;24976;24977,darkk;Kungao;r1verLaKe;Shad0w;taidao,460f2945a49655b53c31,5,5
2026-05-04,13577.0,MUERTA,,f1R;ka1do;kinyx;MaLLiC,,0,4
2026-05-04,13706.0,Pugdesonesto,21888;24930,KLR;LIN;phx;Thuister;vzn,,2,5
2026-05-04,13294.0,Outfit 49,14799;20573;21093;23830;24238,Andrew;brett;LUKE4k;s3rum;sava9e,fc14f9f1b6295f49f03d,5,5
2026-05-04,13826.0,Nas,19060,Biuckmt;Corazz;Mirorr;Mr66;S1kura,,1,5
2026-05-04,10299.0,FURY,,cheeseball;cookie;rahley;versa;Winnieeeee,,0,5
2026-05-04,13716.0,IDoPieca,22476;24081;24544,FOKUSSS;keis;mazda;virtuoso;Xydoo,,3,5
2026-05-04,13770.0,Unitronics,9339;14359;23850;24753,clyd1e;ImpressioN;Kuma;mENTALPLAY;w1nt3r,,4,5
2026-05-04,13730.0,BA 2,24888,Bizarre666;k6rdon;relan;tarturb0b,,1,4
2026-05-04,13651.0,ReThink,22877,chucker;king;p1ke;Rack;zeak,,1,5
2026-05-04,13342.0,Bad Luck,21888;23960;24298;25552,ALENNNCAR;phx;sakamoto;space;Thuister,,4,5
2026-05-04,13534.0,Memeories,19897;23632;24866;25000,AEROj;fatguy;Slugy;Tiski,,4,4
2026-05-04,13662.0,home,21208;21775;23106;24426,1mackez;BehinDx;sacred;stesso;Viggo,,4,5
2026-05-04,13270.0,girl kissers,,kevin;lunari;TeXaSs;violet,,0,4
2026-05-04,13708.0,5Actors,13157;14175;17012;19236;23927,airscape;Aunkere;Jerry;KENSI;tried,090af28c5f21b7845839,5,5
2026-05-04,13217.0,ScarX,16167;16179;16180;21541,Dant1k;Dili;mRmN;X1RON,,4,4
2026-05-04,13527.0,Deep Cross,23850;23875;24079;24161,clyd1e;DayMake;w1sely;WasteOfAmmo;xanzu,,4,5
2026-05-04,9735.0,Lilmix,3329;9811;15501;22380;23741,b0denmaster;bsover;doobs;PlesseN;quix,d4a6ebbb8cb343ee8e5f,5,5
2026-05-04,13512.0,Prison Breakers,17216;20029;22655;22957;23461,card;MaLLby;pepe;r3kt;stax,47db532c9c7f5c349ed5,5,5
2026-05-04,10960.0,Young Ninjas,16811;21512;22759;22950;23753,jocab;MahaR;MisteM;rud;sL1m3,2a6c5661f43ac44ccbd1,5,5
2026-05-04,12858.0,kONO,13718;15117;16147;22904,birdfromsky;Burmylov;cptkurtka023;Keoz,,4,4
2026-05-04,13519.0,Charrados,24641;25552;25553,bpg;ght;protado;s1lent;space,,3,5
2026-05-04,10943.0,777,16269;21580;22952;23616;24515,Hagmeister;macke;thomass1;zame;ZapR,865353f4eb0937684a62,5,5
2026-05-04,13629.0,HereWeGoAgain,,flush;fraga;guizo;Ltm,,0,4
2026-05-04,11109.0,BBBMBCBS,7322,ApeX;Dirty;Fitzy;HaZ;muffin,,1,5
2026-05-04,13546.0,Strael Bora,25604;25605;25606,5 Star;maddeN;newhope,,3,3
2026-05-04,10901.0,OverKnight,9214;20405;22547;24345,4TAYLOR;AMC;cruzN;Majesticzz;spamzzy,,4,5
2026-05-04,13557.0,The Bardolphs,,AJ;CoachParnell;Iceo,,0,3
2026-05-04,13712.0,Z7,,BestR1flerEu;Dobo;Gibsand;Valtr1x,,0,4
2026-05-04,13563.0,Diamant,,Destro;jernejj;jkXy;JuN1;Libra,,0,5
2026-05-04,12352.0,Sashi Academy,,Bl4zE;Damsi;Half;rosen;Thom,,0,5
2026-05-04,13676.0,LAGUNA,13466;16410,dennyslaw;Duplicate;ritchiEE,,2,3
2026-05-04,13707.0,Younglings,,7ckingsam;arun;eLa1z;Shed0Z,,0,4
2026-05-04,13380.0,9BOOMPRO,15662;16555;17011;18510;20994,Ax1Le;FL4MUS;shalfey;sugaR;zorte,094e0172259e2ecc3449,5,5
2026-05-04,13774.0,FRZ,18437;22544;24769,j3nni;Jachro;Sharpie;toasty,,3,4
2026-05-04,13610.0,Beyond Limits,20515;20788;21147;22168,Beastman;doltn;flixxy;Pr0mise,,4,4
2026-05-04,13116.0,UR,24847;25537;25538;25539,0z;4ever;drace;gLong;yoi,,4,5
2026-05-04,13809.0,low cortisol,,foggers;kairo;phoebe;TRIPLUS;void,,0,5
2026-05-04,13543.0,Time Waves,,camille;ElephanT;Harbor;Kezza;lawlkay,,0,5
2026-05-04,13142.0,AKA HERO KAJO,,amyb;ItzMqss;miLo;Siljeeeh;Waldee,,0,5
2026-05-04,13699.0,Nigel Mirage,,jeyN;moz;swaggy;wfn,,0,4
2026-05-04,13047.0,EXSAD,23934;25402;25701,KiMBARREiROS;kWAUR;ThozoR,,3,3
2026-05-04,13545.0,Haemus,13466;16410;16412;20097,dennyslaw;Duplicate;h4rn;rafftu,,4,4
2026-05-04,11838.0,Partizan,20066;20252;20685;20813;21786,aidKiT;choiv7;Kind0;VLDN;xavi,f729159b528066f40b4e,5,5
2026-05-04,13537.0,Zealous,25358;25568;25569;25570;25571,borb;JAKEY;leae;terrk1s;Yaboduulio,986671ed0f7346c54ca9,5,5
2026-05-04,13471.0,ALZON,24294;25464;25465;25808,balencyy;ianzin;ntx;wallz1k;yeda,,4,5
2026-05-04,11838.0,Partizan,18788;20066;20252;20813,aidKiT;dan1;Kind0;VLDN,,4,4
2026-06-01,9565.0,Vitality,7322;11816;11893;16693;18462,apEX;flameZ;mezii;ropz;ZywOo,91c93eb867d7d47bf729,5,5
2026-06-01,7020.0,Spirit,16920;18317;19808;20423;21167,donk;magixx;sh1ro;tN1R;zont1x,14048abbf062f10a8a24,5,5
2026-06-01,11283.0,Falcons,429;3741;12018;19230;24177,karrigan;kyousuke;m0NESY;NiKo;TeSeS,fa8d993a96ce3adabef3,5,5
2026-06-01,4608.0,Natus Vincere,9816;14759;18987;20127;22673,Aleksib;b1t;iM;makazze;w0nderful,9d2b566c8472997adfa4,5,5
2026-06-01,4494.0,MOUZ,18072;18221;19206;20312;24457,jL;Spinx;torzsi;xelex;xertioN,1bf99a6f3e9f2b1bd4a9,5,5
2026-06-01,12468.0,Legacy,12521;15698;19045;19686;22965,arT;dumau;latto;n1ssim;saadzin,2a8806f4822238e9a8ab,5,5
2026-06-01,6248.0,The MongolZ,20194;20275;21001;21809;23402,910;bLitz;cobrazera;mzinho;Techno,205ddf8f18a2672fc97c,5,5
2026-06-01,11861.0,Aurora,150;7938;8574;20968;21243,MAJ3R;soulfly;Wicadia;woxic;XANTARES,cbc5b9bb3769e1b3d58c,5,5
2026-06-01,9928.0,GamerLegion,2553;9278;20301;23766,hypex;PR;REZ;Snax;Tauson,,4,5
2026-06-01,6665.0,Astralis,10096;16726;17956;20304;21217,HooXi;jabbi;phzy;ryu;Staehr,c8d9aa6d3f48b13980c6,5,5
2026-06-01,8297.0,FURIA,2023;12553;13915;15631;24144,FalleN;KSCERATO;molodoy;YEKINDAR;yuurih,e0362dcbafd342d82962,5,5
2026-06-01,13286.0,FUT,20584;20761;22203;22674;23553,cmtry;dem0n;dziugss;Krabeni;lauNX,d3179d30c0f804c093f7,5,5
2026-06-01,5995.0,G2,3972;9436;19164;20447;21062,HeavyGod;huNter-;MATYS;NertZ;SunPayus,a4938af082ccd5b989a6,5,5
2026-06-01,12467.0,PARIVISION,13776;19235;22471;22929;23685,BELCHONOKK;Jame;nota;xiELO;zweih,1b1217ac8c10e36bc2f4,5,5
2026-06-01,9996.0,9z,12092;14736;14737;20394;22613,dgt;HUASOPEEK;luchov;max;meyern,26629d7dd5e4a60e1228,5,5
2026-06-01,11241.0,B8,20112;21708;22842;23643;25619,alex666;esenthial;kensizor;npl;s1zzi,93a45352761666244eb5,5,5
2026-06-01,12394.0,BetBoom,11840;15662;18506;20994;21667,Boombl4;FL4MUS;Magnojez;S1ren;zorte,d98790a14c38264a9999,5,5
2026-06-01,13592.0,magic,19874;22075;22076;23858;24173,AW;MaSvAl;mo0N;sFade8;tenzy,f0a5bed2025716cef475,5,5
2026-06-01,4773.0,paiN,16816;18141;18714;18835,biguzera;piriajr;saffee;snow;vsm,,4,5
2026-06-01,9215.0,MIBR,19310;20987;21037;21288;23192,brnz4n;insani;kl1m;LNZ;venomzera,3a4cd843e3fd795394e8,5,5
2026-06-01,11811.0,Monte,17145;19015;19926;21816;22106,afro;AZUWU;Bymas;Gizmy;Rainwaker,7aa468525cb3b414a8bc,5,5
2026-06-01,6667.0,FaZe,9960;10394;18053;21972;22383,broky;frozen;jcobbb;Neityu;Twistzz,78538139155a44af60f9,5,5
2026-06-01,4411.0,Ninjas in Pyjamas,922;10994;14148;23372;24283,cairne;sjuush;Snappi;stavn;xKacpersky,1a67dd87e16b576f53f6,5,5
2026-06-01,8840.0,Lynn Vision,16551;18744;20254;22922;23100,C4LLM3SU3;EmiliaQAQ;Starry;Westmelon;z4KR,dbed042ec191be814f2c,5,5
2026-06-01,12257.0,Wildcard,8311;16847;17353;17378;18838,Cxzi;HexT;mhL;nEMANHA;reck,e084f753677bdc11410f,5,5
2026-06-01,4914.0,3DMAX,13138;14176;19739;21969,Ex3rcice;Graviti;Lucky;Maka;misutaaa,,4,5
2026-06-01,7175.0,HEROIC,19187;20119;21163;21983;22047,Chr1zN;nilo;susp;xfl0ud;yxngstxr,2e9c58aeb5c57155eaf2,5,5
2026-06-01,7532.0,BIG,5794;14929;14932;15165;22884,blameF;faveN;gr1ks;JDC;tabseN,4d6af2ad9a22ed3240f5,5,5
2026-06-01,12474.0,Alliance,7443;16487;22760;22860;24083,avid;eraa;MaiL09;twist;upE,03930c7c65617aec48ea,5,5
2026-06-01,13404.0,Gentle Mates,8371;9254;18749;19509;21239,alex;dav1g;MartinezSa;mopoz;sausol,d807a95213fd6aab9a51,5,5
2026-06-01,11581.0,HOTU,16612;18752;21385;22535;24806,dwushka;frontales;kade0;mizu;n0rb3r7,799303ae2e78af257279,5,5
2026-06-01,4863.0,TYLOO,19645;20702;20895;21621;24857,JamYoung;Jee;Mercury;Moseyuh;Zero,05a56bdf4b57fcae5437,5,5
2026-06-01,12376.0,M80,15370;16599;20104;21665;22921,JBa;Lake;s1n;slaxz-;Swisher,b8f718041db8bac2e331,5,5
2026-06-01,10577.0,SINNERS,11199;12810;21113;23295;23459,beastik;kisserek;MoDo;SHOCK;stressarN,f9db3f6e7670b3bfa33b,5,5
2026-06-01,13355.0,Nemesis,18670;20709;22536;22930;23047,mag1k3Y;r3salt;Sdaim;SELLTER;tex1y,52b39665597c7c0bef39,5,5
2026-06-01,11737.0,EYEBALLERS,3849;20879;21012;21159;22914,bobeksde;dex;JW;maxster;Ro1f,7cfc35758b87beeaec16,5,5
2026-06-01,13679.0,FOKUS,16486;20358;20625;24203;24332,Banjo;Jorko;Matheos;volt;ztr,a64db9440de6f9c2982e,5,5
2026-06-01,8113.0,Sharks,20558;21170;21221;21921;22911,doc;gafolo;koala;maxxkor;rdnzao,05357aa633fe11759c40,5,5
2026-06-01,13027.0,Nuclear TigeRES,22878;22880;23762;24568;25807,ayuki;flouzer;m1QUSE;senka;z1k4,1ee5acb720df1bb50596,5,5
2026-06-01,7969.0,Nemiga,19920;21266;22325;23317;23319,1eeR;KaiR0N-;khaN;sowalio;syph0,70b9ebed80b82e1755ac,5,5
2026-06-01,5378.0,Virtus.pro,8789;23637;24292;24950;24952,AquaRS;b1st;F0R3VER;mir;tO0RO,c1ddc4dbd072559d3f5b,5,5
2026-06-01,12895.0,K27,19575;20101;22886;23686;24725,fame;kashl1d;qw1nk1;X5G7V;xeedo,b7826d7049989d4816a1,5,5
2026-06-01,13117.0,Inner Circle,16147;19592;23415;24168;24282,cptkurtka023;Dawy;headtr1ck;onic;zeRRoFIX,82071ca5dd86ae09ac80,5,5
2026-06-01,10245.0,JiJieHao,17675;18120;18163;18790;22419,0SAMAS;Bibu;CacaNito;m1N1;sinnopsyy,b4056806b5e2be8b942c,5,5
2026-06-01,5973.0,Liquid,8520;8738;11617;16820;21763,EliGE;malbsMd;NAF;siuhy;ultimate,02b3dad2593e2c1cf5f4,5,5
2026-06-01,13808.0,Walczaki,15203;20245;20958;21263;22703,bajmi;moonwalk;olimp;reiko;SaMey,e589c64ec1c105e17303,5,5
2026-06-01,8474.0,100 Thieves,7592;8183;21014;22695;23397,Ag1l;device;poiii;rain;sirah,278d351c9f217b8d7f8d,5,5
2026-06-01,10823.0,INFINITE,9911;12945;19171;19815;20870,Blytz;Dytor;kreaz;mhN1;sl3nd,fdc3453f77f54b677754,5,5
2026-06-01,12144.0,BESTIA,19985;20185;20607;22570;24863,buda;cass1n;nacho;timo;tomaszin,dc9c7e9cb94caee9c7ac,5,5
2026-06-01,4602.0,Tricked,16731;21571;21574;24104,Boye;IceBerg;leakz;NickyB;salazar,,4,5
2026-06-01,10621.0,1win,13239;20700;23477;23770;23771,cronuss;lattykk;oz1k;Qikert;reyoz,582e4bc55e27dc0f56cb,5,5
2026-06-01,6673.0,NRG,7687;8711;13249;13578;16717,br0;Grim;nitr0;oSee;Sonic,f7445e78568da096c71a,5,5
2026-06-01,13644.0,TDK,16555;16921;18510;20387;21348,ArtFr0st;Ax1Le;nafany;sugaR;Xant3r,556338662212f778ab73,5,5
2026-06-01,13499.0,Voca,14494;17918;19709;19711;20333,Jeorge;junior;nosraC;shane;snav,6cbe43b53f1de08a2516,5,5
2026-06-01,11571.0,Gaimin Gladiators,8565;9219;9482;15914;17861,felps;HEN1;JOTA;Luken;NEKIZ,eb730e5c582d6ca5d0ff,5,5
2026-06-01,10459.0,ARCRED,18447;18671;19703;20207;20402,DSSj;Get_Jeka;Raijin;Ryujin;synyx,47e71eaa76b5fa3267f5,5,5
2026-06-01,10503.0,OG,7964;8374;19064;20878;21139,adamb;bodyy;cadiaN;pr1metapz;spooke,d9a73821e0b4f55492ac,5,5
2026-06-01,11251.0,Eternal Fire,12708;16811;19733;20123;22361,DemQQ;jottAAA;MisteM;regali;rigoN,ef1ff3938631321a7a78,5,5
2026-06-01,12959.0,ShindeN,18554;20451;20992;21155,abizz;guty;ivz;naz;tom1jed,,4,5
2026-06-01,13501.0,illwill,8311;9656;16080;19698;20889,7Kick;adamS;dycha;hAdji;nEMANHA,0fd23724f279a2fe1534,5,5
2026-06-01,13518.0,Acend,11217;15369;15385;20097;21657,h4rn;KalubeR;REDSTAR;Skrimo;SPELLAN,9d9fd28afd24d0c2b85c,5,5
2026-06-01,11712.0,Sashi,10330;16723;20090;21199;23338,acoR;Beccie;Cabbi;MistR;Zyphon,4c8a28c856ac6c256fd4,5,5
2026-06-01,13304.0,LP,14010;17132;20521;21284;23550,Alisson;divine;happ;Leomonster;zmb,f05957b82dce82160422,5,5
2026-06-01,13486.0,THUNDER dOWNUNDER,9115;10588;11139;18545;20527,aliStair;asap;dexter;Liazz;TjP,37b8d597de5be61440f7,5,5
2026-06-01,13724.0,5star,15060;15861;18150;21396;24303,ariucle;clouden;hoolig4n;NEUZ;rate,a85cef74e8f56e40d059,5,5
2026-06-01,12967.0,WW,20113;21690;22350;23048;23682,ct0m;deko;kelieN;m3wsu;StRoGo,1a3dcfff1ae4dff47e60,5,5
2026-06-01,12380.0,CYBERSHOKE,17508;20430;22803;24176;24569,alpha;bl1x1;fluffy;glowiing;Mokuj1n,e80ce46dce541868371b,5,5
2026-06-01,12426.0,Passion UA,11630;12731;19869;21452;21620,JT;Kvem;nicx;sdy;try,c1717c6bbcf5638ad467,5,5
2026-06-01,9686.0,Turma do Pagode,9219;14390;17181;17553;22182,felps;ksloks;naitte;pesadelo;WOOD7,aeb0162d9f1ca5a689ff,5,5
2026-06-01,12510.0,The Huns,15072;18638;19957;20703;21398,Bart4k;controlez;nin9;sk0R;xerolte,3e5225d5ac3f5f08f2fd,5,5
2026-06-01,7176.0,RED Canids,18865;20026;20085;25777,chayJESUS;dav1deuS;drop;kauez;reNTU,,4,5
2026-06-01,13237.0,AM,12781;16705;20110;21164;21233,Altekz;k1to;L00m1;Marix;myltsi,1c299998799f5210370e,5,5
2026-06-01,9455.0,Imperial,10566;12822;20183;22371;22564,chelo;decenty;levi;noway;VINI,110d5035a28e4fb1fe97,5,5
2026-06-01,13619.0,BET-M,3459;20534;22040;22927;23302,bluewh1te;executor;kinqie;KIRO;z1Nny,c93afad3985eb352df7c,5,5
2026-06-01,12604.0,Johnny Speeds,9261;13670;16029;22759;24462,HEAP;jocab;Lekr0;nawwk;titulus,5b822390018de906b2e7,5,5
2026-06-01,13314.0,KOLESIE,3669;20018;20637;20960;22473,b1elany;ex1st;fr3nd;innocent;Qlocuu,e8287d89dea8c1e92e4d,5,5
2026-06-01,13553.0,Oxuji,20621;21365;25608;25609,ayano;HeCkBNk;k1ssly;Kurama;nitzie,,4,5
2026-06-01,12609.0,Lavked,20199;21369;24114;24171;24818,1NVISIBLEE;Djon8;k4nfuz;sol;xm1nd,4542fec7a3ecf4bf4af3,5,5
2026-06-01,13814.0,INOX Division,22430;22879;22883;22961;25423,FenomeN;finW;gooddeph;k0s;k1slll,fc8c472e16bb7a27aa20,5,5
2026-06-01,12677.0,Galorys,9483;18743;20522;23551;24715,destiny;gbb;k1not1;nython;tomate,159d5a78a9fbbd876d68,5,5
2026-06-01,4991.0,fnatic,7528;17803;23046;23414;24914,Br4tkO;fEAR;jackasmo;jambo;KRIMZ,48c1654f9d88d4c6dcbf,5,5
2026-06-01,13667.0,NEXVOID,11141;21828;22333;22415;23457,AccuracyTG;erkaSt;MiQ;sergelen19k;Zesta,2bde7389cf2a5a29ff44,5,5
2026-06-01,12774.0,FlyQuest,4679;11140;17384;18214;20462,INS;jks;nettik;story;Vexite,63f33835a6fe657c9ce4,5,5
2026-06-01,12646.0,Chinggis Warriors,12956;19229;19536;22414;25510,Efire;hasteka;ROUX;tikuak;yAmi,4f71830ed12ece962920,5,5
2026-06-01,,Rebels,11205;16102;17003;20683;23237,Icarus;NOPEEj;snapy;stadodo;TMKj,4cbbbad01d97b153ea29,5,5
2026-06-01,13617.0,ex-RUBY,20504;22189;22459;22864;23684,H4SAN4TOR;relaxxie;robo;sh1nejezzz;YumsaN,b5f89cf233a35ebf040e,5,5
2026-06-01,13868.0,DragonClaw,20071;20686;22129;23297;24895,AntyVirus;Brylu;fanatyk;PeTeRoOo;suonko,e050cd797127c9424139,5,5
2026-06-01,11837.0,Fluxo,11154;18717;19692;20385;21286,exit;kye;Lucaozy;mlhzin;zevy,5e1bae9fef3cbcc15444,5,5
2026-06-01,12769.0,Fisher College,12793;13298;19602;20429;22137,AlekS;corn;CrePoW;ReFuZR;TH0R,508684bdc5b8b876b8c6,5,5
2026-06-01,11419.0,ECSTATIC,11995;13602;20417;20941;21779,Anlelele;Buzz;nicoodoz;nut nut;TMB,38feabbd02bc1a45468d,5,5
2026-06-01,12776.0,Bounty Hunters,16835;18322;20690;20885;23461,fREQ;KAISER;pepe;ponter;zock,43702405db407426c08d,5,5
2026-06-01,12916.0,Betclic,16848;18070;18979;25307;25542,Demho;Dr3nquu;eskyy;hades;Prism,984b00f1a8077e81507c,5,5
2026-06-01,13181.0,BASEMENT BOYS,20421;20422;22945;24246;24672,fakerealityy;kr1vda;maggent;OWNER;Tr0ublE,ffc6058811a79f0d0c78,5,5
2026-06-01,12901.0,SemperFi,14294;14990;20003;20244;20881,hazr;keen;SaVage;shadiy;sliimey,879d9886680924226fd0,5,5
2026-06-01,10278.0,9INE,2898;20300;20309;21715;22702,bnox;cej0t;flayy;kraghen;raalz,443c4615601cd0b15794,5,5
2026-06-01,13124.0,Marsborne,12937;13230;17353;19705;22069,chop;Cxzi;Grizz;motm;WolfY,c486910f1c211a302ecb,5,5
2026-06-01,13214.0,SPARTA,11498;13240;13281;13982;16948,El1an;Forester;Lack1;NickelBack;TRAVIS,a27cfbcfca10e598409c,5,5
2026-06-01,11641.0,Metizport,8507;14218;17937;19044;19069,F1KU;forsyy;isak;Plopski;stanislaw,510fbf4f7d35b68ef272,5,5
2026-06-01,11609.0,GenOne,15117;19738;21971;22481;25388,bL4SEZ;Brooxsy;Chucky;Djoko;Keoz,7b43f0d89764c946cc6e,5,5
2026-06-01,13838.0,EAC,16753;20033;22948;24113;24425,anber;bekker;Maze;n1Xen;sSen,7a2d3e5c8fcab4a09d6b,5,5
2026-06-01,13623.0,STATE,11013;13077;13170;21381;22950,kwezz;Patti;sL1m3;thamlike;Zanto,02719e07c49e93b5c038,5,5
2026-06-01,10333.0,Sangal,11271;12004;18571;19673;21139,clax;CYPHER;Patsi;pr1metapz;smooya,1f39a9823201026e22bb,5,5
2026-06-01,12878.0,BC.Game,630;7998;8918;22807;23140,aragornN;electroNic;krazy;MUTiRiS;s1mple,ae6bcae18d9a803e55f9,5,5
2026-06-01,13501.0,illwill,9656;11777;16080;20813;20889,7Kick;dycha;hAdji;Maden;VLDN,36363a662822877ac2c4,5,5
2026-06-01,13081.0,Fake do Biru,6593;14394;16817;18610;19972,ckzao;detr0ittJ;hardzao;PKL;Tuurtle,4d41d59cccccd02ba1f8,5,5
2026-06-01,11514.0,Rare Atom,7028;21825;24304;24306;24748,3gl;chengking;L1haNg;Summer;Trash,dfac3fc8bf9bc1fcb0b1,5,5
2026-06-01,13107.0,Chicken Coop,22835;24527;24679,Crisp;Drop;jared;mds;REKMEISTER,,3,5
2026-06-01,11176.0,MOUZ NXT,9349;21988;23642;25254;25255,AiyvaN;ay0k;Flierax;Nikodeon;opdust,8c0cdb9b6c2df0556f04,5,5
2026-06-01,13231.0,Ursa,12269;21513;22676;23764,4X1s;Alv;Jyo;karnez;Salazar,,4,5
2026-06-01,13799.0,PsychoFace,8726;20883;21445;23835;24807,abiraju;eightz999;facecrack;PsychoDoctor;slaxejezzz,032eef28ae3540439bcb,5,5
2026-06-01,11933.0,Yawara,22364;22566;22655;24556,deemO;edv;j0w;r3kt;tele,,4,5
2026-06-01,13668.0,Atreides,18788;19167;19812;20782,Chill;dan1;DEPRESHN;Goody;smekk,,4,5
2026-06-01,13331.0,Kaleido,20258;23596;24747,chuzhongT;expSasiKi;rage;SPine;suki,,3,5
2026-06-01,12536.0,DEPO,14359;21691;22635;24656;25856,dako;sh1seido;shoxs;w1nt3r;wetfy,dfb2413e96fa6e09d875,5,5
2026-06-01,13124.0,Marsborne,18706;22069;22967;24890;25524,freshie;Grizz;marekiew;ogwizard;WUMBO,48b57f423ddf478e3c3e,5,5
2026-06-01,13173.0,Phantom,11995;17504;19114;20413;25104,KEi;Kunai;Kylar;mwlky;TMB,ebcd61bc27b709150836,5,5
2026-06-01,13594.0,CYBERSHOKE Prospects,24920;24924;25710;25712;26073,DAN9ARMATURA;dezl3bio;pleynnn;SquEzxc;tw1sterzaza,1946cba97c12a88f4e2d,5,5
2026-06-01,10278.0,9INE,2898;17117;20300;20309;22702,bnox;cej0t;kraghen;raalz;shield,6841d702ce6000341a27,5,5
2026-06-01,6033.0,Keyd Stars,18891;21100;22362;22956,CutzMeretz;lash;matios;xureba;zede,,4,5
2026-06-01,12834.0,RUSTEC,16415;19297;21686;24190;24817,anttzz;Brilliance;jakekeS;supra;youka,ae3e0739999dd44e1986,5,5
2026-06-01,13479.0,Omega,22537;24021;25009;25010;25011,adai;Aldikon;Botpa1;dan4o;def1zer,8124f8bbbc49482a2df3,5,5
2026-06-01,13776.0,Just Players,19231;20600;21367;21431;22327,h1te;sm3t;Something;spirit;sstiNiX,00c93be2d895e606b2d0,5,5
2026-06-01,13333.0,ASTRAL,19725;22008;23545;24704;24997,gxx-;meowpop;Neqy;RaY5ive;swiz,81f5e68099df0d475ef3,5,5
2026-06-01,12818.0,FAVBET,2131;18240;19614;20110;20228,bondik;j3kie;Marix;s4ltovsk1yy;Smash,7c5e87f24d0ff0cb4725,5,5
2026-06-01,12889.0,G2 Ares,19065;21272;23544;24111;25576,hitori;Junyme;SHiNE;tAk;yksjupe,ed9965b1a9db48ad0b06,5,5
2026-06-01,11955.0,LAG,12102;15176;20572;21620;22552,Cryptic;djay;kmrn;nicx;Sandman,1e62d46e6fafda8a6e23,5,5
2026-06-01,9958.0,Alter Ego,20283;22680,BnTeT;Gratisfaction;PokemoN;Polbandana;tomiko,,2,5
2026-06-01,4869.0,ENCE,12731;19044;20282;21815;21972,F1KU;kRaSnaL;Neityu;podi;sdy,a4061a8fe96be6adc150,5,5
2026-06-01,7653.0,Isurus,19872;20689;24091,atarax1a;BK1;deco;dott1;Hezz,,3,5
2026-06-01,13012.0,HYPERSPIRIT,15573;18294;21117;21337,ADRON;BRK;Ciocardau;d1maje;starplajerz,,4,5
2026-06-01,13403.0,TNC,20283;20284;22385;23767;24244,AdrieN;maaryy;Melavi;tomiko;yvro,bb2912b1abf4a5329cd0,5,5
2026-06-01,8536.0,Ground Zero,,apocdud;Omichella;pz;tucks;vision,,0,5
2026-06-01,12194.0,Rune Eaters,22538;23386;23543;23598;23599,demente;forkyz;her1tage;kumao;noni,b25799466df088cbac51,5,5
2026-06-01,13666.0,BMZ,19538;21428;22908,fury5k;MagnumZ;QQLIGHTNING;rhittacrit;Wonderzce,,3,5
2026-06-01,11555.0,UNO MILLE,2544;16645;23587;24716,ALLE;cLd;drg;Ltz;remix,,4,5
2026-06-01,9139.0,BRUTE,19594;22280;22863;23765;24261,hfah;KAD1M;majky;nbqq;realzen,5c6cbfcd870288d243e1,5,5
2026-06-01,4869.0,ENCE,18848;21930;22733;24121;24149,Cliqq;HENU;millert;Schwarz;teme,23fbf32475964fa1d8d0,5,5
2026-06-01,13178.0,NOVAQ,11940;21439;22537;23292;23541,def1zer;ICY;neaLaN;Pump;tasman,54a6f5a1f34da08a9392,5,5
2026-06-01,7865.0,HAVU,9818;21963;22143;22144;22211,Alxc;ottob;p3kko;puuha;uli,cafbd75d62b9de4d1423,5,5
2026-06-01,6089.0,The Last Resort,20336;20339;20340;20908;22192,arTisT;bevve;Extinct;Girafffe;Vacancy,e51e46ade62533cad99a,5,5
2026-06-01,11446.0,Leo,19617;21065;21651;22649,amster;kL1o;leen;Malkiss;OneUn1que,,4,5
2026-06-01,13575.0,WAZABI,,BacH;BangBang;Laykinn;m0vski;VireZ,,0,5
2026-06-01,13310.0,MANA,15778;18119;20434;21109,ammar;BledarD;cerber;SENER1;xonn1k,,4,5
2026-06-01,12267.0,UNiTY,15821;20345;20677;21165;23469,2high;KWERTZZ;M1key;NEOFRAG;woozzzi,135d80b16d19a4cf2b21,5,5
2026-06-01,13613.0,Bebop,14273;20197;20948;22535;23303,dwushka;faydett;h1kaN;iDISBALANCE;lov1kus,e485c3ca2122712c6530,5,5
2026-06-01,10960.0,Young Ninjas,21142;21512;22035;24734;24911,joeski;mASKED;n0te;rud;tein,63b5e78425de47e3f0b1,5,5
2026-06-01,12899.0,FengDa,24305;24306;24748,3gl;afufu;p5p;Trash,,3,4
2026-06-01,11555.0,UNO MILLE,2544;19975;22423;23587;24716,brokeN;cLd;clon7;Ltz;remix,7073277c1782b6f83206,5,5
2026-06-01,13163.0,ALGO,13679;17113;20926;21211;23614,adeX;aNdu;Bambosh;nukkye;szejn,6d64a1dbb12d177cedee,5,5
2026-06-01,12087.0,Lazer Cats,22706;23151;23589;24204,edixenn;Kiy0o;Magic;nikitea;yab0ku,,4,5
2026-06-01,13433.0,Last Bullet,16768;16778;19735;21509;22000,B1NGO;BZA;lan;Miami;Roninbaby,b138310299bababf44af,5,5
2026-06-01,13681.0,Inner Circle Academy,,3ippoch;L1seYoung;n0rths;NaYz;Tamefear,,0,5
2026-06-01,13175.0,Change The Game,23001;23906;24644;24855;24858,957;Hack1ng;LaiKeXu;ProKiller;VanceKK,557c3d7cbce81167ed72,5,5
2026-06-01,13375.0,SportsBetExpert,12937;13230;19177;19710;22135,consti;dare;motm;Peeping;WolfY,0ebc4320265d65fe65d0,5,5
2026-06-01,12825.0,The QUBE,24302;24396;24512;24513,Cozen;grizzly;Kamui;Paranormal;soloooS,,4,5
2026-06-01,5639.0,aAa,8183;21967,AsI0K;Rain;Saax;SLIE9000;Tarkky,,2,5
2026-06-01,11581.0,HOTU,16612;19823;21385;21387;21692,dukefissura;gokushima;kAlash;mizu;n0rb3r7,bfcaeeb6019cb1bf807b,5,5
2026-06-01,10867.0,MASONIC,9896;11258;23471;24105,b0RUP;Botman;Frøslev;kralle;Noruyp,,4,5
2026-06-01,13321.0,Falcons Force,22048;25095;25332;25432,grecu;NaToSaphiX;NucleonZ;Tapewaare;VENO,,4,5
2026-06-01,12534.0,BOSS,13250;16647;19128;24890;25524,ben1337;Bwills;marekiew;SLIGHT;WUMBO,7440d730d82ec1270fa9,5,5
2026-06-01,13715.0,Hashiras,284;13026;13718;13749;22904,birdfromsky;Burmylov;c0llins;JACKZ;Queenix,c1b98de59b3e8c13d064,5,5
2026-06-01,12554.0,regain,19707;23136;23137;23138;24667,dvrk;fuzenko;grape;sasha;Zucar,89df96943262dbf71e57,5,5
2026-06-01,13573.0,ex-Zero Tenacity,5351;20252;20253;21302;21783,aVN;brutmonster;Cjoffo;Dragon;Kind0,813971a6c47f31b6eb30,5,5
2026-06-01,13735.0,Haunted House,18989;22638;23361,fr0k;icyvl0ne;malinov;SasukeQO;Schwarzkopf,,3,5
2026-06-01,12745.0,brazylijski luz,24243;24474,aimy;chudy;Nami;next1me;Pelle,,2,5
2026-06-01,4246.0,Enjoy,,kurosa;nbl;roxesz;sh1geo;zazzer,,0,5
2026-06-01,13201.0,F5,17478;23412;24524;24946;25582,bones;cmrn;Kermi;neight;Signal,1077c390c0889cf611ac,5,5
2026-06-01,11018.0,megoshort,7700;17769;24727,mogv;robiin;Twinkey;virree;zen,,3,5
2026-06-01,3044.0,MIBR Academy,6553;21700;22964;23169;25108,brn$;fl4sh;Jerr1;lkz;stormzyn,45d509d0b413e59f0313,5,5
2026-06-01,13857.0,Iowa Stormboar,20330;23088;23690;24234;24528,aelor;ayaneuu;jsfeltner;Scorchyy;TyRa,d1a0612fbdeb2bb10e71,5,5
2026-06-01,12164.0,Zomblers,20273;20787;23410,CAJUN;CoolComs;FxRE;Pose1doNN;Zoker,,3,5
2026-06-01,13403.0,TNC,20284;24243;24244,maaryy;Markoś;Nami;yvro,,3,4
2026-06-01,13827.0,NEW VISION,,fen2k;hahanz0;w0l33n;wonimo;x1nk1n,,0,5
2026-06-01,13053.0,Just Swing,10722;20354;22441;25247;25319,gas;Purely;qqGOD;sATOR1;skrr,de0df596adaaa4158306,5,5
2026-06-01,7120.0,Entropy,,dottie;flaw;Mikanix;Tamefear;tevsii,,0,5
2026-06-01,13233.0,HEROIC Academy,24281;24690;25331;25585;25676,HOLY;Hrdina;Muciek;St0m4k;Yoghi,7543f900ceba6f1f3ea5,5,5
2026-06-01,10254.0,BIG Academy,19284;22866;24325;24358;24810,doni;JBOEN;prosus;tripex17;w1dow,0bc13c14971800e30b3e,5,5
2026-06-01,13792.0,Persona Grata,15118;21143;22191;22474;22475,MAGILA;nestee;POLO;SBT;sk1tt,c8df75e6032b06e674fd,5,5
2026-06-01,6810.0,aimclub,9626;16971;20158;21213;21368,Ed1m;ERSIN;RoberttMP;XELLOW;zewts,b7417bf13be04fca0304,5,5
2026-06-01,13726.0,METANOIA Wolves,22085;23960;24298;24930,ALENNNCAR;ntx;sakamoto;spinnie;vzn,,4,5
2026-06-01,12352.0,Sashi Academy,22940;24102,Bl4zE;Damsi;Mizi;Mol011,,2,4
2026-06-01,13528.0,Misa,25076,Ckanic;Mertowsk1;rim3;souv;Zuedsta,,1,5
2026-06-01,11905.0,paiN Academy,,k9izer;Markz;Rkzinho;Tatu;tsug,,0,5
2026-06-01,12194.0,Rune Eaters,21691;22538;23599;23858,dako;fitch;forkyz;her1tage;mo0N,,4,5
2026-06-01,7187.0,Nexus,9626;12945;19173;19817;22563,Blytz;fNk;fnl;s0und;XELLOW,ecea19805ac3bb36b4a8,5,5
2026-06-01,13646.0,Fortress,,As K;BqreBedre;Brand;Bukki;GrEnNiE,,0,5
2026-06-01,12908.0,Aether,14799;20573;21813;24045,Andrew;brett;H0NeST;Seb;xaler,,4,5
2026-06-01,13665.0,FarmVille,14744;20204;24945,adam;BeaKie;calamity;cJ dA K1nG;sleepz0rk,,3,5
2026-06-01,13686.0,Abyssal,,dangeR;dpr;foggers;gump;vinhy,,0,5
2026-06-01,13364.0,Famalicão,20750;21115;23141;23480;24905,h0t;M1KA;P3R3IIRA;seabraez;Sprayy,54ae997fed503317d466,5,5
2026-06-01,13524.0,OLDBOYS PL,,Goofy;MICHU;rallen;ToM223;tudsoN,,0,5
2026-06-01,12988.0,GameHunters,13287;17028;18140;21099;22126,abr;bnc;bsd;f4stzin;nyezin,07e3abb59aafbd11d2e0,5,5
2026-06-01,13691.0,Back to Back,21100;21290;24641,edv;fokiu;perez;protado;zede,,3,5
2026-06-01,13761.0,Vexar,,ADntZ;datet;KarmaN;KEEMBO;obsward,,0,5
2026-06-01,9881.0,Rooster,12877;14333,ADK;chelleos;ju1ces;rekonz;SkulL,,2,5
2026-06-01,13664.0,ex-KRÜ,9221;18549;23150,1962;laser;reversive;rzk;toto,,3,5
2026-06-01,11668.0,Mindfreak,,Crunchy;dpr;kairo;tucks;zune,,0,5
2026-06-01,12948.0,BORING PLAYERS,22997;24036;24387;25246,D1zzyg;Jun7;Miszary;tutu;zdr,,4,5
2026-06-01,10997.0,Procyon,17997;19086;23549;25105;25106,AGL;lenci;MaxOff;next;pavv,b369d457d8472654b588,5,5
2026-06-01,12567.0,Akimbo,23199;23458,laxiee;Marro;mason;N2o;obi,,2,5
2026-06-01,13551.0,OlyBet,14969;19566;23720;24591,cgk;ChipaaN;discplex;Frip;hexoq,,4,5
2026-06-01,13450.0,yngods,23638;23687;24316;24318,7tetsu;Muk0s;Remill;tommy;whisper,,4,5
2026-06-01,13163.0,ALGO,13679;17113;21233;21575;22948,anber;myltsi;nukkye;Scr0b;szejn,aa3b7546ed0fc84fa7da,5,5
2026-06-01,13714.0,DONSTU,20946;21350;24972;25167;25168,Due1yant;gleb86rus;LAKSHERi;maQuein;NeoLife,902534a456b2b4fcb254,5,5
2026-06-01,11110.0,Honvéd,,1NSERT2;esor;iBALLY;marTineZ;noleN,,0,5
2026-06-01,13778.0,insane players,18706;19079;22967,freshie;Fruitcupx;ogwizard;sml;Wolffe,,3,5
2026-06-01,13791.0,Julie&Cie,1656;9616,amanek;Empera;Joker;KIRADODO;Monkey D Julie,,2,5
2026-06-01,10567.0,SAW,20748;23482;24139;24634;25208,Jayy2s;jERK0z;Moretz;SYDOX;tuxa,179bdc3f5ac646be126d,5,5
2026-06-01,10333.0,Sangal,12004;19673;22039;24625;25110,clax;danistzz;h0kz;Patsi;R4DYX,c09bdf32e64ec9eb1f32,5,5
2026-06-01,13689.0,Fuzos,20053;20054;20055,Mané;rafaxF;Slaxx;Stepa,,3,4
2026-06-01,9735.0,Lilmix,3329;13669;15501;23696;24518,b0denmaster;Jackinho;quix;walleN;Wonder,86ec571d574992444ac0,5,5
2026-06-01,13413.0,Vasco,10827;10838;10840;21290;23588,mawth;n1cks;perez;prt;tatazin,da95e6e7bc6013aa8c91,5,5
2026-06-01,13729.0,EMPIRE,21584;23376;24660;24869,BAGEL;C0C0;KmZ;no1nx;twigs,,4,5
2026-06-01,13026.0,BESTIA Academy,22559;24560;24563,agt;F4QQ;Jotag3;Lekzi;lezy,,3,5
2026-06-01,13856.0,ex-Aether,14799;21813;24045;24238,bezymecc;brett;H0NeST;s3rum;xaler,,4,5
2026-06-01,12363.0,Arcade,,74LOR;Jynx;Kras;Mechanical;N1ghtraid,,0,5
2026-06-01,9735.0,Lilmix,3329;22380;23741;24518,bsover;doobs;quix;walleN;zen,,4,5
2026-06-01,13475.0,FOLHA AMARELA,11337;18140;19972;22084,ckzao;f4stzin;mello;RCF;s1cko,,4,5
2026-06-01,13414.0,Rave,14494;15176;17929;21128;23458,Cryptic;junior;laxiee;Pluto;Walco,d07f080d402802bb43ad,5,5
2026-06-01,13425.0,Reign Above,17437;19301;24681;24866;25580,AEROj;cobalt;dAVE;louie;SeRCEra,f203bf60af884d505ba4,5,5
2026-06-01,12457.0,ROUNDS,,Jelo;Kollo;Monoxx;p12;ykis,,0,5
2026-06-01,12534.0,BOSS,8507;16647;17372;19079;19128,Bwills;FaNg;Fruitcupx;SLIGHT;stanislaw,f56448ed065525d01e79,5,5
2026-06-01,12857.0,FORZE Reload,21367;21392;22327;23543;23628,demente;KusMe;shady;Something;spirit,2f9ca71da4eeb149c84d,5,5
2026-06-01,13789.0,Subtop De France,,AZIDOT;Gauthierlelelele;Revol;Supr3me;XiMaa,,0,5
2026-06-01,13858.0,cirahvi,9325;14236;21931;24995,8Juho8;allu;arvid;Myggis;oopee,,4,5
2026-06-01,13237.0,AM,12781;16705;20170;22060;22787,Altekz;delle;k1to;kyuubii;pxsl,75764fa2a7fbe889d63c,5,5
2026-06-01,13552.0,Endless Journey,24607;24838;25322,Aliot;deb0;pavlysha666;swetsi;Temny Prince,,3,5
2026-06-01,13756.0,ALKA,22109;22404,badran;cerolzin;proSHOW;puni;vinaabEAST,,2,5
2026-06-01,13599.0,benched gods,,BloodyK;f1chper;K014NZ;MisterHy;Wign,,0,5
2026-06-01,13327.0,R2,10506;20531;24558,ABM;fakzwall;maaxg1;Rivo;tutehen,,3,5
2026-06-01,,WROTBERRY,,fl1peR;lyoli;svemyy;tired73,,0,4
2026-06-01,11553.0,Dripmen,7700;17656;20128;21990,Ariant0;dobbo;Frazehh;Prime;robiin,,4,5
2026-06-01,11312.0,QUAZAR,24319;24406;24900;25077;25345,1zz;gehji;kaiori;Ne1XXX;newt,52dd62918cc4f253eb05,5,5
2026-06-01,13161.0,eternal premium,24823;24824,dazzy;MRcreed;P1kan0;skept1K;smith,,2,5
2026-06-01,13812.0,Project 91,16392;21211;25708;25709;25770,adex;Arielek;Kamo;Kizzzi;patrikinho,892843ad4a3c8506645c,5,5
2026-06-01,11129.0,bankaPEPSI,,HUckLer;lesswill;lUMiER;SEMSYS;xsepower,,0,5
2026-06-01,13775.0,playersclub,22450;22460;24726,heis999;riskyb0b;sad;Yakuza;z3ndeR,,3,5
2026-06-01,13159.0,Prestige,7910;8994;23335;23936;24102,fejtZ;Few;Folke;HS;Mizi,4c52ca5f76030b757d40,5,5
2026-06-01,13281.0,Bushido Wildcats,21253;23687;24842;24843;25007,cacan;cadnyx;Darendeli;Muk0s;Vej,347e60be70d4afed29f5,5,5
2026-06-01,12366.0,Aurora Young Blud,25334,k1nco;kurosse;meetyoxanaji;r1pa4;redzed,,1,5
2026-06-01,10864.0,VP.Prodigy,24292;24950;24951;25462,AquaRS;F0R3VER;lasfas;rokilan;TriBorgg1,,4,5
2026-06-01,12812.0,ALLINNERS,11942;18752;21439;23386;23598,buster;ICY;kade0;kumao;noni,0d15811b7d02be4f9cbe,5,5
2026-06-01,13834.0,A Great Chaos,,7EMPORARY;Pleb0rs;seilysh;whitezins;ynrii,,0,5
2026-06-01,12568.0,EC BANGA,12416;20002;20474,blazekiNho;keni;Labreenc;makaroff,,3,4
2026-06-01,13736.0,Sensation,,ncl;Tsogoo,,0,2
2026-06-01,13546.0,Strael Bora,25604;25605;25606,5 Star;maddeN;newhope,,3,3
2026-06-01,12971.0,Wanted Goons,23589,febreeze;hibui;Johan;killerPandas;Magic,,1,5
2026-06-01,13787.0,ZEVS,26124,bexyz;dobo;FELSADIA;GEZUU;versa,,1,5
2026-06-01,12745.0,brazylijski luz,24474;25071,aimy;Brain47;elem;next1me;Pelle,,2,5
2026-06-01,10567.0,SAW,630;20462;21014;22807;23140,Ag1l;aragornN;krazy;MUTiRiS;story,9c3bd9b3ce1afe43eeb7,5,5
2026-06-01,12846.0,M1X KS,,Dementor;gejmzilla;Lewis;tripey;v1w,,0,5
2026-06-01,13703.0,ex-Fingers Crossed,798;9911;19594;22101;22191,kreaz;MAGILA;nbqq;oskar;spardaus,46f946b744b4ae0ae98c,5,5
2026-06-01,13845.0,Dark Moon,25632,d3j4vy;keiyon;ri0dayungog,,1,3
2026-06-01,13757.0,ACROBATS,12027;12732;20101;22535;23927,dwushka;fame;FL1T;Krad;tried,944ca66770db484f1cbc,5,5
2026-06-01,13613.0,Bebop,14273;20197;22535;23303,dwushka;faydett;h1kaN;iDISBALANCE,,4,4
2026-06-01,10287.0,Legion,,Bloody;BulleT;hf;HZI;pavast4r,,0,5
2026-06-01,13476.0,VEXA,,hug1;neozix;nolkz;ryuzen;zock9,,0,5
2026-06-01,13794.0,900FPSvsECO,20234;24669,Gabe;mds;Termina;Valter0k;Zoker,,2,5
2026-06-01,12421.0,Let Her Cook,1572;20165;22023;22024;22871,JennyR;Joanana;pauliiee;spike;vilga,96b84b75df8cd325f8bd,5,5
2026-06-01,13665.0,FarmVille,20204;21093;24873,BeaKie;cJ dA K1nG;HAMBOOGA;sava9e,,3,4
2026-06-01,11251.0,Eternal Fire,8575;12708;16885;21023;23274,Calyx;EMSTAR;lugseN;rigoN;Woro2k,82800d3685edecf8170c,5,5
2026-06-01,13643.0,rottweilers,11343;15369;16412,bavar1n;rafftu;REDSTAR;shin;SHiPZ,,3,5
2026-06-01,12960.0,Fire Flux,9353;17117;17305;20625;20968,Banjo;FinigaN;paz;shield;soulfly,13fc1402433e4224d17a,5,5
2026-06-01,13294.0,Outfit 49,20234;24045;24669,Gabe;Grimblee;H0NeST;mds;Valter0k,,3,5
2026-06-01,13502.0,Arise,15762;23323,Anasasis;Bhavi;borosto;EmbeR;Ph1NNN,,2,5
2026-06-01,6788.0,Crashers,21038;23829;24015;24717,Machado;mtsGOD;nikz;Reix;trindade,,4,5
2026-06-01,13745.0,KUUSAMO,,epik;Keksimage;Orava;osku;rbm,,0,5
2026-06-01,11711.0,Players,25552,Lich;MITHPUTTINI;souz4h;space;xns,,1,5
2026-06-01,11668.0,Mindfreak,,swerzieN;Texta;tucks;zune,,0,4
2026-06-01,13642.0,SIXSEVEN,11219;17145;18571;20282;20358,CeRq;CYPHER;kRaSnaL;Rainwaker;volt,27fa8b589766a53b6a19,5,5
2026-06-01,13803.0,DNK,,dethera;indoubt;Plain7;RamBLBi;tier0 s,,0,5
2026-06-01,13797.0,ZOTIX,,byr9;EsD;kalyambys;xeNji,,0,4
2026-06-01,12988.0,GameHunters,10827;11337;13287;17028;22126,abr;bnc;nyezin;prt;RCF,d6024adb56da337980e3,5,5
2026-06-01,13788.0,Clutchain fe,16497;18775;21756;22062,Kat;tory;twenty3;vicu;zAAz,,4,5
2026-06-01,13014.0,Wave,,Belof;hayanh;Katalic;miksozzz;sheezy,,0,5
2026-06-01,13574.0,Club 333,2213;16976;22547,4TAYLOR;kobruh;SecretAgent,,3,3
2026-06-01,13725.0,GUARA,,alwayz;fnbJESUS;neskk;paqueta;Tineu,,0,5
2026-06-01,12276.0,DXA,,c4put;Myst;Supers;Zoot,,0,4
2026-06-01,13704.0,Drama,20685;25460,andr1x;choiv7;d0jca;miwo;nopzy,,2,5
2026-06-01,13238.0,JUMBO,22800,matusik;reNIK;Snoob,,1,3
2026-06-01,10838.0,Incognito,18090;20578;20934;24892,AbbyDog;arcade;micro;Sathsea;Tender,,4,5
2026-06-01,13746.0,MTX,22646;25781;25782;25783,EgorMercedes;frakenzor;joly;kyoto666;md262,,4,5
2026-06-01,13355.0,Nemesis,7996;13018;20872;22035;24734,CRUC1AL;n0te;Nexius;tein;Thomas,ceca78b6e11a5b2a0cb3,5,5
2026-06-01,11275.0,NSN,3741,Niko;reason;Yuxz;z1ayr;zzi,,1,5
2026-06-01,11718.0,BIG EQUIPA,21849;22063;23090;23995;24006,aiM;ASTRA;Emmsan;Hanka;sosya,d12495477296fea24ee2,5,5
2026-06-01,13753.0,Basement Bobs,24022;24067;24286,DALIEN;levantino;MadeInRed;Pedrinho2011;Uzman,,3,5
2026-06-01,10823.0,INFINITE,19171;21211;25333;25602,adeX;DaciaBlue3;LkS;mhN1;RQBY,,4,5
2026-06-01,13516.0,Fingers Crossed fe,15831;22028;22604;23438;23505,D7;irbitka;Margo;v1spel;xia,c69b7df44fd80035b2bb,5,5
2026-06-01,13660.0,Ding Cuts,,biebs;blood;delkud;maxed;Val,,0,5
2026-06-01,10976.0,FURIA fe,11872;16340;17288;21219;22839,bizinha;gabs;izaa;kaahSENSEI;lulitenz,10dd16af0d8ef7254cf3,5,5
2026-06-01,13798.0,Clutchain,,Kyojin;Nivera;Python;ScreaM;SHOGU,,0,5
2026-06-01,13743.0,bond1e,22191,MAGILA;prelideN;REL;StreakN,,1,4
2026-06-01,13766.0,Phantom Academy,24833;25948,Ader;Ayteel;parad17se,,2,3
2026-06-01,13698.0,GAMEHARMONY,,kriips;Natre;P4nc4ke;pat u;uCr0,,0,5
2026-06-01,9621.0,AaB,20033;22940;24276;24425;25066,bekker;Maze;Mol011;N4XX1S;qx,c2a8aa8ccbc2055a3292,5,5
2026-06-01,13265.0,MAGICOS,25031;25033;25034,Cr1a;extazzy;ghosT1;rx;snow,,3,5
2026-06-01,13395.0,hindsight,21793,Ann4;Kaoday;Madam;mikeri;pullox,,1,5
2026-06-01,10679.0,Red Feet,,coxa;GdA;Kaiserzy;palenscki;terran,,0,5
2026-06-01,12301.0,FlyQuest RED,14401;18641;22111;23391;23621,BiBiAhn;Emy;Fawx;marie;vanessa,5033f24a7aa7b0bf1c6e,5,5
2026-06-01,13419.0,Venom,3669;15940;16080;21715;22473,dycha;flayy;innocent;Qlocuu;Sobol,34ede30a39edceb4e4f4,5,5
2026-06-01,13471.0,ALZON,24294;25464;25465;25553,balencyy;ntx;s1lent;wallz1k;yeda,,4,5
2026-06-01,13705.0,Imperial Academy,25956,aZe;hyskeee;Kragh;sh1Fu;ta9z,,1,5
2026-06-01,13214.0,SPARTA,12027;19882;24171;24172;24818,Djon8;k4nfuz;Krad;Norwi;yuramyata,2d1bdedd60fc86200dd8,5,5
2026-06-01,9942.0,MARKandLARRY,,BRACE;micalis;Roflko;yourwombat;zeph,,0,5
2026-06-01,11433.0,Surge,10895;25221;25634,Electrician;frog;miles;Molly;TheJelly,,3,5
2026-06-01,11999.0,Grindas,19981;19982;22191;24022;25045,BaGyZ;fello;MAGILA;Sidivo;Uzman,e3c223f97d9d08700f8a,5,5
2026-06-01,13571.0,SINQU,15562;25677;25678;25679;25680,Geni;J0nneW;KapiV;Lene;Samppa,97282c67feb029394a01,5,5
2026-06-01,13662.0,home,21775;23106;24426,BehinDx;sacred;stesso;Viggo;wasian,,3,5
2026-06-01,13826.0,Nas,19060,Biuckmt;Corazz;Mirorr;Mr66;S1kura,,1,5
2026-06-01,13685.0,Skele,,Arctic;lucas222;motion;neo;tidy,,0,5
2026-06-01,12973.0,NuTorious,20793;24769,Austin;Msaia;sayN;Toasty,,2,4
2026-06-01,13661.0,mouse,23226;23672,Burglar;DYLAN;Jolts;Panic;Sunk,,2,5
2026-06-01,13770.0,Unitronics,9339;14359;23850;24753,clyd1e;ImpressioN;Kuma;mENTALPLAY;w1nt3r,,4,5
2026-06-01,13657.0,Blitzkrieg,9214,otEB;points;spamzzy;TORITO;vanilla,,1,5
2026-06-01,9139.0,BRUTE,14388;22863;23204;23206;24261,KAD1M;realzen;Siko;The eLiVe;w4rden,7f8a89194296ac5c14b3,5,5
2026-06-01,13730.0,BA 2,24888,Bizarre666;k6rdon;relan;tarturb0b,,1,4
2026-06-01,13501.0,illwill,8311;9656;18456;20889;24203,7Kick;fostar;hAdji;Jorko;nEMANHA,5d6607e2e9131ce36975,5,5
2026-06-01,9139.0,BRUTE,22863;23206;23765;24261,hfah;KAD1M;realzen;w4rden,,4,4
2026-06-01,10299.0,FURY,,cheeseball;cookie;rahley;versa;Winnieeeee,,0,5
2026-06-01,11711.0,Players,,Lich;MITHPUTTINI;prisma;rainny;souz4h,,0,5
2026-06-01,13577.0,MUERTA,,f1R;ka1do;kinyx;MaLLiC,,0,4
2026-06-01,13242.0,XDM,24310;24974;24975;24976;24977,darkk;Kungao;r1verLaKe;Shad0w;taidao,460f2945a49655b53c31,5,5
2026-06-01,13716.0,IDoPieca,22476;24081;24544,FOKUSSS;keis;mazda;virtuoso;Xydoo,,3,5
2026-06-01,12533.0,Atrix,19998;21733;23514,Eleven;LyttleZ;REGIANE;segalla,,3,4
2026-06-01,12960.0,Fire Flux,15732;22806;25500;25540,Cizzx;Quality;xEternaLxx;zemix;zer0UKY,,4,5
2026-06-01,13697.0,DAMAJUANA,,boke;Dunn;leo;maik;R4N,,0,5
2026-06-01,12190.0,Shimmer,16581;22302;24415,alicerawr;AVA174;empathy;Serendipity;Stx,,3,5
2026-06-01,13706.0,Pugdesonesto,21888;24930,KLR;LIN;phx;Thuister;vzn,,2,5
2026-06-01,13651.0,ReThink,22877,chucker;king;p1ke;Rack;zeak,,1,5
2026-06-01,13270.0,girl kissers,,kevin;lunari;TeXaSs;violet,,0,4
2026-06-01,13425.0,Reign Above,24681;25366;25369;25580,cobalt;colin;SeRCEra;swayu,,4,4
2026-06-01,13342.0,Bad Luck,21888;23960;24298;25552,ALENNNCAR;phx;sakamoto;space;Thuister,,4,5
2026-06-01,11018.0,megoshort,15501;17769;20066;24462;24727,aidKiT;b0denmaster;mogv;titulus;Twinkey,05a7293f4e2106957e49,5,5
2026-06-01,13534.0,Memeories,19897;23632;24866,AEROj;fatguy;Slugy,,3,3
2026-06-01,13614.0,japczany,22008;22385,chudy;darchevile;Melavi;sEIS;swiz,,2,5
2026-06-01,13774.0,FRZ,18437;22544;24769,brawckzz;j3nni;Jachro;Sharpie;toasty,,3,5
2026-06-01,13265.0,MAGICOS,6536;25031;25034,ghosT1;Lcs;Rkzinho;rx;snow,,3,5
2026-06-01,13519.0,Charrados,24641;25552;25553,bpg;ght;protado;s1lent;space,,3,5
2026-06-01,12694.0,RUBY,20956;22189;22326;22459;24972,fozil;H4SAN4TOR;Kaide;maQuein;sh1nejezzz,a4cfafa28a6a55aa2b69,5,5
2026-06-01,13708.0,5Actors,13157;14175;17012;19236;23927,airscape;Aunkere;Jerry;KENSI;tried,090af28c5f21b7845839,5,5
2026-06-01,4548.0,CPH Wolves,16753;20637;22048;24203;24332,b1elany;Jorko;Matheos;n1Xen;Tapewaare,c7762212e7bb2338b84c,5,5
2026-06-01,13512.0,Prison Breakers,17216;20029;22655;22957;23461,card;MaLLby;pepe;r3kt;stax,47db532c9c7f5c349ed5,5,5
2026-06-01,13624.0,ELITES,,Antuanette;BabyRage;Notjuanjo;Slayerhz;zockie,,0,5
2026-06-01,13662.0,home,21208;21775;23106;24426,1mackez;BehinDx;sacred;stesso;Viggo,,4,5
2026-06-01,13629.0,HereWeGoAgain,24015,fraga;guizo;shrr;trindade,,1,4
2026-06-01,13629.0,HereWeGoAgain,,flush;fraga;guizo;Ltm,,0,4
2026-06-01,13777.0,PURE,22450,emzijs;maty;OXFROG;Sh1karee;yakuza,,1,5
2026-06-01,11109.0,BBBMBCBS,7322,ApeX;Dirty;Fitzy;HaZ;muffin,,1,5
2026-06-01,10901.0,OverKnight,9214;20405;22547;24345,4TAYLOR;AMC;cruzN;Majesticzz;spamzzy,,4,5
2026-06-01,5479.0,Mythic,8503;15007;15090;20510;22022,Cooper;fl0m;hyza;PwnAlone;Trucklover86,2eb72eae58d9b796bd40,5,5
2026-06-01,13712.0,Z7,,BestR1flerEu;Dobo;Gibsand;Valtr1x,,0,4
2026-06-01,13676.0,LAGUNA,13466;16410,dennyslaw;Duplicate;ritchiEE,,2,3
2026-06-01,13707.0,Younglings,,7ckingsam;arun;eLa1z;Shed0Z,,0,4
2026-06-01,13563.0,Diamant,,Destro;jernejj;jkXy;JuN1;Libra,,0,5
2026-06-01,13610.0,Beyond Limits,20515;20788;21147;22168,Beastman;doltn;flixxy;Pr0mise,,4,4
2026-06-01,13809.0,low cortisol,,kairo;phoebe;void,,0,3
2026-06-01,13116.0,UR,24847;25537;25538;25539,0z;4ever;drace;gLong;yoi,,4,5
2026-06-01,9719.0,OKSUCC,,jeyN;moz;swaggy;wfn,,0,4
2026-06-01,6033.0,Keyd Stars,16814;17585;18891;18894;22956,b4rtiN;CutzMeretz;danoco;lash;t9rnay,16a081214320bf9daeb6,5,5
2026-06-01,13294.0,Outfit 49,14799;20573;21093;23830;24238,Andrew;brett;LUKE4k;s3rum;sava9e,fc14f9f1b6295f49f03d,5,5
2026-06-01,13142.0,AKA HERO KAJO,,amyb;ItzMqss;miLo;Siljeeeh;Waldee,,0,5
2026-06-01,10943.0,777,16269;21580;22952;23616;24515,Hagmeister;macke;thomass1;zame;ZapR,865353f4eb0937684a62,5,5
2026-06-01,13047.0,EXSAD,23934;25402;25701,KiMBARREiROS;kWAUR;ThozoR,,3,3
2026-06-01,13543.0,Time Waves,,camille;ElephanT;Harbor;Kezza;lawlkay,,0,5
2026-07-06,7020.0,Spirit,16920;18317;19808;20423;21167,donk;magixx;sh1ro;tN1R;zont1x,14048abbf062f10a8a24,5,5
2026-07-06,11283.0,Falcons,429;3741;12018;19230;24177,karrigan;kyousuke;m0NESY;NiKo;TeSeS,fa8d993a96ce3adabef3,5,5
2026-07-06,9565.0,Vitality,7322;11816;11893;16693;18462,apEX;flameZ;mezii;ropz;ZywOo,91c93eb867d7d47bf729,5,5
2026-07-06,4608.0,Natus Vincere,9816;14759;18987;20127;22673,Aleksib;b1t;iM;makazze;w0nderful,9d2b566c8472997adfa4,5,5
2026-07-06,8297.0,FURIA,2023;12553;13915;15631;24144,FalleN;KSCERATO;molodoy;YEKINDAR;yuurih,e0362dcbafd342d82962,5,5
2026-07-06,4494.0,MOUZ,18072;18221;19206;20312;24457,jL;Spinx;torzsi;xelex;xertioN,1bf99a6f3e9f2b1bd4a9,5,5
2026-07-06,12468.0,Legacy,12521;15698;19045;19686;22965,arT;dumau;latto;n1ssim;saadzin,2a8806f4822238e9a8ab,5,5
2026-07-06,11861.0,Aurora,150;7938;8574;20968;21243,MAJ3R;soulfly;Wicadia;woxic;XANTARES,cbc5b9bb3769e1b3d58c,5,5
2026-07-06,5995.0,G2,3972;9436;19164;20447;21062,HeavyGod;huNter-;MATYS;NertZ;SunPayus,a4938af082ccd5b989a6,5,5
2026-07-06,12394.0,BetBoom,11840;15662;20357;20994;21667,Boombl4;d1Ledez;FL4MUS;Magnojez;zorte,74f075c0f766053b8a3c,5,5
2026-07-06,13286.0,FUT,20584;20761;22203;22674;23553,cmtry;dem0n;dziugss;Krabeni;lauNX,d3179d30c0f804c093f7,5,5
2026-07-06,9996.0,9z,12092;14736;14737;20394;22613,dgt;HUASOPEEK;luchov;max;meyern,26629d7dd5e4a60e1228,5,5
2026-07-06,6248.0,The MongolZ,20194;20275;21001;21809;23402,910;bLitz;cobrazera;mzinho;Techno,205ddf8f18a2672fc97c,5,5
2026-07-06,11241.0,B8,20112;21708;22842;23643;25619,alex666;esenthial;kensizor;npl;s1zzi,93a45352761666244eb5,5,5
2026-07-06,6665.0,Astralis,10096;16726;17956;20304;21217,HooXi;jabbi;phzy;ryu;Staehr,c8d9aa6d3f48b13980c6,5,5
2026-07-06,9928.0,GamerLegion,2553;9278;20301;23766,hypex;PR;REZ;Snax;Tauson,,4,5
2026-07-06,11811.0,Monte,17145;19015;19926;21816;22106,afro;AZUWU;Bymas;Gizmy;Rainwaker,7aa468525cb3b414a8bc,5,5
2026-07-06,9215.0,MIBR,19310;20987;21037;21288;23192,brnz4n;insani;kl1m;LNZ;venomzera,3a4cd843e3fd795394e8,5,5
2026-07-06,12467.0,PARIVISION,13776;19235;22471;22929;23685,BELCHONOKK;Jame;nota;xiELO;zweih,1b1217ac8c10e36bc2f4,5,5
2026-07-06,13592.0,magic,19874;22075;22076;23858;24173,AW;MaSvAl;mo0N;sFade8;tenzy,f0a5bed2025716cef475,5,5
2026-07-06,4773.0,paiN,16816;18141;18714;18835,biguzera;piriajr;saffee;snow;vsm,,4,5
2026-07-06,4863.0,TYLOO,19645;20702;20895;21621;24857,JamYoung;Jee;Mercury;Moseyuh;Zero,05a56bdf4b57fcae5437,5,5
2026-07-06,6667.0,FaZe,9960;10394;18053;21972;22383,broky;frozen;jcobbb;Neityu;Twistzz,78538139155a44af60f9,5,5
2026-07-06,12376.0,M80,15370;16599;20104;21665;22921,JBa;Lake;s1n;slaxz-;Swisher,b8f718041db8bac2e331,5,5
2026-07-06,13117.0,Inner Circle,16147;19592;23415;24168;24282,cptkurtka023;Dawy;headtr1ck;onic;zeRRoFIX,82071ca5dd86ae09ac80,5,5
2026-07-06,7532.0,BIG,5794;14929;14932;15165;22884,blameF;faveN;gr1ks;JDC;tabseN,4d6af2ad9a22ed3240f5,5,5
2026-07-06,12474.0,Alliance,7443;16487;21159;22760;22860,avid;bobeksde;eraa;twist;upE,e66fcd64cfe5cf8f8ff5,5,5
2026-07-06,4411.0,Ninjas in Pyjamas,922;10994;14148;23372;24283,cairne;sjuush;Snappi;stavn;xKacpersky,1a67dd87e16b576f53f6,5,5
2026-07-06,8840.0,Lynn Vision,16551;18744;20254;22922;23100,C4LLM3SU3;EmiliaQAQ;Starry;Westmelon;z4KR,dbed042ec191be814f2c,5,5
2026-07-06,12257.0,Wildcard,8311;16847;17353;17378;18838,Cxzi;HexT;mhL;nEMANHA;reck,e084f753677bdc11410f,5,5
2026-07-06,8113.0,Sharks,20558;21170;21221;21921;22911,doc;gafolo;koala;maxxkor;rdnzao,05357aa633fe11759c40,5,5
2026-07-06,13027.0,Nuclear TigeRES,22878;22880;23762;24568;25807,ayuki;flouzer;m1QUSE;senka;z1k4,1ee5acb720df1bb50596,5,5
2026-07-06,4914.0,3DMAX,13138;14176;19739;21969,Ex3rcice;Graviti;Lucky;Maka;misutaaa,,4,5
2026-07-06,11581.0,HOTU,16612;18752;21385;22535;24806,dwushka;frontales;kade0;mizu;n0rb3r7,799303ae2e78af257279,5,5
2026-07-06,10823.0,INFINITE,9911;12945;19171;19815;20870,Blytz;Dytor;kreaz;mhN1;sl3nd,fdc3453f77f54b677754,5,5
2026-07-06,13355.0,Nemesis,18670;20709;22536;22930;23047,mag1k3Y;r3salt;Sdaim;SELLTER;tex1y,52b39665597c7c0bef39,5,5
2026-07-06,13644.0,TDK,16555;16921;18510;20387;21348,ArtFr0st;Ax1Le;nafany;sugaR;Xant3r,556338662212f778ab73,5,5
2026-07-06,7175.0,HEROIC,19187;20119;21163;21983;22047,Chr1zN;nilo;susp;xfl0ud;yxngstxr,2e9c58aeb5c57155eaf2,5,5
2026-07-06,13404.0,Gentle Mates,8371;9254;18749;19509;21239,alex;dav1g;MartinezSa;mopoz;sausol,d807a95213fd6aab9a51,5,5
2026-07-06,13871.0,Echo,16731;21571;21574;24104,Boye;IceBerg;leakz;NickyB;salazar,,4,5
2026-07-06,11737.0,EYEBALLERS,3849;20879;21012;21159;22914,bobeksde;dex;JW;maxster;Ro1f,7cfc35758b87beeaec16,5,5
2026-07-06,8474.0,100 Thieves,7592;8183;21014;22695;23397,Ag1l;device;poiii;rain;sirah,278d351c9f217b8d7f8d,5,5
2026-07-06,13808.0,Walczaki,20245;20958;21143;21263;22703,bajmi;moonwalk;olimp;SaMey;sk1tt,335cfe57911dc17efbcb,5,5
2026-07-06,5973.0,Liquid,8520;8738;11617;16820;21763,EliGE;malbsMd;NAF;siuhy;ultimate,02b3dad2593e2c1cf5f4,5,5
2026-07-06,13679.0,FOKUS,16486;20358;20625;24203;24332,Banjo;Jorko;Matheos;volt;ztr,a64db9440de6f9c2982e,5,5
2026-07-06,13518.0,Acend,11217;15369;15385;20097;21657,h4rn;KalubeR;REDSTAR;Skrimo;SPELLAN,9d9fd28afd24d0c2b85c,5,5
2026-07-06,12895.0,K27,19575;20101;22886;23686;24725,fame;kashl1d;qw1nk1;X5G7V;xeedo,b7826d7049989d4816a1,5,5
2026-07-06,5378.0,Virtus.pro,8789;23637;24292;24950;24952,AquaRS;b1st;F0R3VER;mir;tO0RO,c1ddc4dbd072559d3f5b,5,5
2026-07-06,10245.0,JiJieHao,17675;18120;18163;18790;22419,0SAMAS;Bibu;CacaNito;m1N1;sinnopsyy,b4056806b5e2be8b942c,5,5
2026-07-06,10577.0,SINNERS,11199;12810;21113;23295;23459,beastik;kisserek;MoDo;SHOCK;stressarN,f9db3f6e7670b3bfa33b,5,5
2026-07-06,7969.0,Nemiga,19920;21266;22325;23317;23319,1eeR;KaiR0N-;khaN;sowalio;syph0,70b9ebed80b82e1755ac,5,5
2026-07-06,13617.0,ex-RUBY,20504;22189;22459;22864;23684,H4SAN4TOR;relaxxie;robo;sh1nejezzz;YumsaN,b5f89cf233a35ebf040e,5,5
2026-07-06,12144.0,BESTIA,19985;20185;20607;22570;24863,buda;cass1n;nacho;timo;tomaszin,dc9c7e9cb94caee9c7ac,5,5
2026-07-06,10621.0,1win,13239;20700;23477;23770;23771,cronuss;lattykk;oz1k;Qikert;reyoz,582e4bc55e27dc0f56cb,5,5
2026-07-06,6673.0,NRG,7687;8711;13249;13578;16717,br0;Grim;nitr0;oSee;Sonic,f7445e78568da096c71a,5,5
2026-07-06,12774.0,FlyQuest,4679;11140;17384;18214;20462,INS;jks;nettik;story;Vexite,63f33835a6fe657c9ce4,5,5
2026-07-06,11712.0,Sashi,10330;16723;20090;21199;23338,acoR;Beccie;Cabbi;MistR;Zyphon,4c8a28c856ac6c256fd4,5,5
2026-07-06,12959.0,ShindeN,18554;20451;20992;21155,abizz;guty;ivz;naz;tom1jed,,4,5
2026-07-06,13499.0,Voca,14494;17918;19709;19711;20333,Jeorge;junior;nosraC;shane;snav,6cbe43b53f1de08a2516,5,5
2026-07-06,13486.0,THUNDER dOWNUNDER,9115;10588;11139;18545;20527,aliStair;asap;dexter;Liazz;TjP,37b8d597de5be61440f7,5,5
2026-07-06,13304.0,LP,14010;17132;20521;21284;23550,Alisson;divine;happ;Leomonster;zmb,f05957b82dce82160422,5,5
2026-07-06,11641.0,Metizport,8507;14218;17937;19044;19069,F1KU;forsyy;isak;Plopski;stanislaw,510fbf4f7d35b68ef272,5,5
2026-07-06,10459.0,ARCRED,18447;18671;19703;20207;20402,DSSj;Get_Jeka;Raijin;Ryujin;synyx,47e71eaa76b5fa3267f5,5,5
2026-07-06,13594.0,CYBERSHOKE Prospects,24920;24924;25710;25712;26073,DAN9ARMATURA;dezl3bio;pleynnn;SquEzxc;tw1sterzaza,1946cba97c12a88f4e2d,5,5
2026-07-06,11251.0,Eternal Fire,12708;16811;19733;20123;22361,DemQQ;jottAAA;MisteM;regali;rigoN,ef1ff3938631321a7a78,5,5
2026-07-06,13814.0,INOX Division,22430;22879;22883;22961;25423,FenomeN;finW;gooddeph;k0s;k1slll,fc8c472e16bb7a27aa20,5,5
2026-07-06,13173.0,Phantom,11995;17504;19114;20413;25104,KEi;Kunai;Kylar;mwlky;TMB,ebcd61bc27b709150836,5,5
2026-07-06,10503.0,OG,7964;8374;19064;20878;21139,adamb;bodyy;cadiaN;pr1metapz;spooke,d9a73821e0b4f55492ac,5,5
2026-07-06,13623.0,STATE,11013;13077;13170;21381;22950,kwezz;Patti;sL1m3;thamlike;Zanto,02719e07c49e93b5c038,5,5
2026-07-06,4991.0,fnatic,17803;22680;23046;23414;24914,Br4tkO;fEAR;jackasmo;jambo;Polbandana,c0828b31f530161b9faf,5,5
2026-07-06,13724.0,5star,15060;15861;18150;21396;24303,ariucle;clouden;hoolig4n;NEUZ;rate,a85cef74e8f56e40d059,5,5
2026-07-06,12380.0,CYBERSHOKE,17508;20430;22803;24176;24569,alpha;bl1x1;fluffy;glowiing;Mokuj1n,e80ce46dce541868371b,5,5
2026-07-06,10278.0,9INE,2898;20300;20309;21715;22702,bnox;cej0t;flayy;kraghen;raalz,443c4615601cd0b15794,5,5
2026-07-06,12510.0,The Huns,15072;18638;19957;20703;21398,Bart4k;controlez;nin9;sk0R;xerolte,3e5225d5ac3f5f08f2fd,5,5
2026-07-06,13181.0,BASEMENT BOYS,20421;20422;22945;24246;24672,fakerealityy;kr1vda;maggent;OWNER;Tr0ublE,ffc6058811a79f0d0c78,5,5
2026-07-06,13314.0,KOLESIE,3669;20018;20637;20960;22473,b1elany;ex1st;fr3nd;innocent;Qlocuu,e8287d89dea8c1e92e4d,5,5
2026-07-06,11571.0,Gaimin Gladiators,8564;8565;9482;15914;17861,fer;HEN1;JOTA;Luken;NEKIZ,e497530fd06760744e1a,5,5
2026-07-06,12916.0,Betclic,16848;18070;18979;25307;25542,Demho;Dr3nquu;eskyy;hades;Prism,984b00f1a8077e81507c,5,5
2026-07-06,12604.0,Johnny Speeds,9261;13670;16029;22759;24462,HEAP;jocab;Lekr0;nawwk;titulus,5b822390018de906b2e7,5,5
2026-07-06,13237.0,AM,12781;16705;20110;21164;21233,Altekz;k1to;L00m1;Marix;myltsi,1c299998799f5210370e,5,5
2026-07-06,12426.0,Passion UA,11630;12731;19869;21452;21620,JT;Kvem;nicx;sdy;try,c1717c6bbcf5638ad467,5,5
2026-07-06,11609.0,GenOne,15117;19738;21971;22481;25388,bL4SEZ;Brooxsy;Chucky;Djoko;Keoz,7b43f0d89764c946cc6e,5,5
2026-07-06,12609.0,Lavked,20199;21369;24114;24171;24818,1NVISIBLEE;Djon8;k4nfuz;sol;xm1nd,4542fec7a3ecf4bf4af3,5,5
2026-07-06,9686.0,Turma do Pagode,9219;14390;17181;17553;22182,felps;ksloks;naitte;pesadelo;WOOD7,aeb0162d9f1ca5a689ff,5,5
2026-07-06,13553.0,Oxuji,20621;21365;25608;25609,ayano;HeCkBNk;k1ssly;Kurama;nitzie,,4,5
2026-07-06,12677.0,Galorys,9483;18743;20522;23551;24715,destiny;gbb;k1not1;nython;tomate,159d5a78a9fbbd876d68,5,5
2026-07-06,13107.0,Chicken Coop,22835;24527;24679,Crisp;Drop;jared;mds;REKMEISTER,,3,5
2026-07-06,12967.0,WW,20113;21690;22350;23048;23682,ct0m;deko;kelieN;m3wsu;StRoGo,1a3dcfff1ae4dff47e60,5,5
2026-07-06,13619.0,BET-M,3459;20534;22040;22927;23302,bluewh1te;executor;kinqie;KIRO;z1Nny,c93afad3985eb352df7c,5,5
2026-07-06,13838.0,EAC,16753;22948;24113;24425;25956,anber;bekker;n1Xen;sh1Fu;sSen,277bbd479dcb475c9994,5,5
2026-07-06,9455.0,Imperial,10566;12822;20183;22371;22564,chelo;decenty;levi;noway;VINI,110d5035a28e4fb1fe97,5,5
2026-07-06,12646.0,Chinggis Warriors,12956;19229;19536;22414;25510,Efire;hasteka;ROUX;tikuak;yAmi,4f71830ed12ece962920,5,5
2026-07-06,12769.0,Fisher College,12793;13298;19602;20429;22137,AlekS;corn;CrePoW;ReFuZR;TH0R,508684bdc5b8b876b8c6,5,5
2026-07-06,,Rebels,11205;16102;17003;20683;23237,Icarus;NOPEEj;snapy;stadodo;TMKj,4cbbbad01d97b153ea29,5,5
2026-07-06,7176.0,RED Canids,18865;20026;20085;25777,chayJESUS;dav1deuS;drop;kauez;reNTU,,4,5
2026-07-06,13124.0,Marsborne,18706;22069;22967;24890;25524,freshie;Grizz;marekiew;ogwizard;WUMBO,48b57f423ddf478e3c3e,5,5
2026-07-06,11837.0,Fluxo,11154;18865;19692;20385;23587,dav1deuS;exit;kye;Ltz;zevy,9e314b60b5d2a2436771,5,5
2026-07-06,13501.0,illwill,8311;9656;16080;19698;20889,7Kick;adamS;dycha;hAdji;nEMANHA,0fd23724f279a2fe1534,5,5
2026-07-06,13667.0,NEXVOID,11141;21828;22333;22415;23457,AccuracyTG;erkaSt;MiQ;sergelen19k;Zesta,2bde7389cf2a5a29ff44,5,5
2026-07-06,13479.0,Omega,22537;24021;25009;25010;25011,adai;Aldikon;Botpa1;dan4o;def1zer,8124f8bbbc49482a2df3,5,5
2026-07-06,12901.0,SemperFi,14294;14990;20003;20244;20881,hazr;keen;SaVage;shadiy;sliimey,879d9886680924226fd0,5,5
2026-07-06,12776.0,Bounty Hunters,16835;18322;20690;20885;23461,fREQ;KAISER;pepe;ponter;zock,43702405db407426c08d,5,5
2026-07-06,13231.0,Ursa,12027;21513;22676;23764,4X1s;Alv;karnez;Krad;Salazar,,4,5
2026-07-06,11446.0,Leo,19617;21651;24474,aimy;amster;kL1o;leen;next1me,,3,5
2026-07-06,11419.0,ECSTATIC,11995;13602;20417;20941;21779,Anlelele;Buzz;nicoodoz;nut nut;TMB,38feabbd02bc1a45468d,5,5
2026-07-06,13333.0,ASTRAL,19725;22008;23545;24704;24997,gxx-;meowpop;Neqy;RaY5ive;swiz,81f5e68099df0d475ef3,5,5
2026-07-06,10333.0,Sangal,11271;12004;18571;19673;21139,clax;CYPHER;Patsi;pr1metapz;smooya,1f39a9823201026e22bb,5,5
2026-07-06,13214.0,SPARTA,11498;13281;16948;24171;24818,Djon8;El1an;k4nfuz;NickelBack;TRAVIS,5164102d4124bfadc840,5,5
2026-07-06,12536.0,DEPO,11942;14359;22635;24656;25856,buster;sh1seido;shoxs;w1nt3r;wetfy,9b70f8642ef055c20cb4,5,5
2026-07-06,13501.0,illwill,9656;11777;17011;20813;20889,7Kick;hAdji;Maden;shalfey;VLDN,b64e267724655fc75998,5,5
2026-07-06,13868.0,DragonClaw,20071;20686;22129;23297;24895,AntyVirus;Brylu;fanatyk;PeTeRoOo;suonko,e050cd797127c9424139,5,5
2026-07-06,13124.0,Marsborne,12937;13230;17353;19705;22069,chop;Cxzi;Grizz;motm;WolfY,c486910f1c211a302ecb,5,5
2026-07-06,13081.0,Fake do Biru,6593;14394;16817;18610;19972,ckzao;detr0ittJ;hardzao;PKL;Tuurtle,4d41d59cccccd02ba1f8,5,5
2026-07-06,11555.0,UNO MILLE,2544;16314;16645;24716,ALLE;cLd;drg;pancc;remix,,4,5
2026-07-06,11176.0,MOUZ NXT,9349;21988;23642;25254;25255,AiyvaN;ay0k;Flierax;Nikodeon;opdust,8c0cdb9b6c2df0556f04,5,5
2026-07-06,13805.0,Washed,,ANSG1;kiR;kroK;Lucky;suma,,0,5
2026-07-06,12889.0,G2 Ares,19065;21272;23544;24111;25576,hitori;Junyme;SHiNE;tAk;yksjupe,ed9965b1a9db48ad0b06,5,5
2026-07-06,13799.0,PsychoFace,8726;20883;21445;23835;24807,abiraju;eightz999;facecrack;PsychoDoctor;slaxejezzz,032eef28ae3540439bcb,5,5
2026-07-06,13054.0,PCIFIC,21250;22498;22504;23274,eNs;jresy;lugseN;maxy0y0;scolleN,,4,5
2026-07-06,11514.0,Rare Atom,7028;21825;24304;24306;24748,3gl;chengking;L1haNg;Summer;Trash,dfac3fc8bf9bc1fcb0b1,5,5
2026-07-06,6033.0,Keyd Stars,21100;22362;22956,lash;matios;xureba;zede,,3,4
2026-07-06,12878.0,BC.Game,630;7998;8918;22807;23140,aragornN;electroNic;krazy;MUTiRiS;s1mple,ae6bcae18d9a803e55f9,5,5
2026-07-06,11933.0,Yawara,22364;22566;22655;24556,deemO;edv;j0w;r3kt;tele,,4,5
2026-07-06,10960.0,Young Ninjas,21142;21512;22035;24734;24911,joeski;mASKED;n0te;rud;tein,63b5e78425de47e3f0b1,5,5
2026-07-06,10867.0,MASONIC,9896;11258;23471;24105,b0RUP;Botman;Frøslev;kralle;Noruyp,,4,5
2026-07-06,13331.0,Kaleido,20258;23596;24747,chuzhongT;expSasiKi;rage;SPine;suki,,3,5
2026-07-06,12194.0,Rune Eaters,22538;23386;23543;23598;23599,demente;forkyz;her1tage;kumao;noni,b25799466df088cbac51,5,5
2026-07-06,13613.0,Bebop,14273;19882;20197;20948;22039,danistzz;faydett;iDISBALANCE;lov1kus;Norwi,fcbafb946053f287d542,5,5
2026-07-06,13012.0,HYPERSPIRIT,15573;17116;18294;21117;21337,ADRON;Ciocardau;d1maje;ragga;starplajerz,dd433dc1372c447eea34,5,5
2026-07-06,12818.0,FAVBET,2131;18240;19614;20110;20228,bondik;j3kie;Marix;s4ltovsk1yy;Smash,7c5e87f24d0ff0cb4725,5,5
2026-07-06,13776.0,Just Players,19231;20600;21367;21431;22327,h1te;sm3t;Something;spirit;sstiNiX,00c93be2d895e606b2d0,5,5
2026-07-06,6089.0,The Last Resort,20336;20339;20340;20908;22192,arTisT;bevve;Extinct;Girafffe;Vacancy,e51e46ade62533cad99a,5,5
2026-07-06,13651.0,ReThink,22877;24515,chucker;macke;p1ke;Rack;zeak,,2,5
2026-07-06,7187.0,Nexus,15118;17117;19173;19817;20872,fNk;Nexius;s0und;SBT;shield,574b0d3cf2502fc2ba03,5,5
2026-07-06,13573.0,ex-Zero Tenacity,5351;20252;20253;21302;21783,aVN;brutmonster;Cjoffo;Dragon;Kind0,813971a6c47f31b6eb30,5,5
2026-07-06,9958.0,Alter Ego,20283;22680,BnTeT;Gratisfaction;PokemoN;Polbandana;tomiko,,2,5
2026-07-06,11955.0,LAG,12102;15176;19177;20572;22552,consti;Cryptic;djay;kmrn;Sandman,7fb15e71b243cf94d6d8,5,5
2026-07-06,9139.0,BRUTE,19594;22280;22863;23765;24261,hfah;KAD1M;majky;nbqq;realzen,5c6cbfcd870288d243e1,5,5
2026-07-06,12967.0,WW,20113;20357;21690;22350;23048,ct0m;d1Ledez;deko;kelieN;StRoGo,79767b0fe3c118fe4bcf,5,5
2026-07-06,10854.0,los kogutos,20283;20284;22385;23767;24244,AdrieN;maaryy;Melavi;tomiko;yvro,bb2912b1abf4a5329cd0,5,5
2026-07-06,4246.0,Enjoy,,kurosa;nbl;roxesz;sh1geo;zazzer,,0,5
2026-07-06,12834.0,RUSTEC,16415;19297;21686;24190;24817,anttzz;Brilliance;jakekeS;supra;youka,ae3e0739999dd44e1986,5,5
2026-07-06,13681.0,Inner Circle Academy,,3ippoch;L1seYoung;n0rths;NaYz;Tamefear,,0,5
2026-07-06,11312.0,QUAZAR,17293;24319;24406;24900;25077,gehji;kaiori;Ne1XXX;newt;Porya,bd4c1abf3532e6173417,5,5
2026-07-06,7653.0,Isurus,19872;20689;24091,atarax1a;BK1;deco;dott1;Hezz,,3,5
2026-07-06,13178.0,NOVAQ,11940;21439;22537;23292;23541,def1zer;ICY;neaLaN;Pump;tasman,54a6f5a1f34da08a9392,5,5
2026-07-06,13375.0,SportsBetExpert,12937;13230;19177;19710;22135,consti;dare;motm;Peeping;WolfY,0ebc4320265d65fe65d0,5,5
2026-07-06,13668.0,Atreides,19812;20782,Chill;DEPRESHN;Goody;Nivera;Python,,2,5
2026-07-06,11110.0,Honvéd,,1NSERT2;esor;iBALLY;marTineZ;noleN,,0,5
2026-07-06,13281.0,Bushido Wildcats,21253;23687;24842;24843;25007,cacan;cadnyx;Darendeli;Muk0s;Vej,347e60be70d4afed29f5,5,5
2026-07-06,13666.0,BMZ,19538;21428;22908,fury5k;MagnumZ;QQLIGHTNING;rhittacrit;Wonderzce,,3,5
2026-07-06,4869.0,ENCE,18848;21930;22733;24121;24149,Cliqq;HENU;millert;Schwarz;teme,23fbf32475964fa1d8d0,5,5
2026-07-06,12745.0,brazylijski luz,24243;24474;25071,aimy;chudy;elem;Nami;next1me,,3,5
2026-07-06,13552.0,Endless Journey,21108;24607;24838,Aliot;Caleyy;deb0;pavlysha666;swetsi,,3,5
2026-07-06,13314.0,KOLESIE,3669;15940;20637;22473,b1elany;innocent;Markoś;Qlocuu;Sobol,,4,5
2026-07-06,13163.0,ALGO,13679;17113;20926;21211;23614,adeX;aNdu;Bambosh;nukkye;szejn,6d64a1dbb12d177cedee,5,5
2026-07-06,6810.0,aimclub,9626;16971;20158;21213;21368,Ed1m;ERSIN;RoberttMP;XELLOW;zewts,b7417bf13be04fca0304,5,5
2026-07-06,13575.0,WAZABI,,BacH;BangBang;Laykinn;m0vski;VireZ,,0,5
2026-07-06,7865.0,HAVU,9818;21963;22143;22144;22211,Alxc;ottob;p3kko;puuha;uli,cafbd75d62b9de4d1423,5,5
2026-07-06,13892.0,ex-MANA,18119;20434;21109,ammar;arbnorz;BledarD;cerber;xonn1k,,3,5
2026-07-06,8536.0,Ground Zero,14294;20881,apocdud;hazr;Omichella;sliimey;tucks,,2,5
2026-07-06,13888.0,roamsfiest,24584,Realyummy;Sn0w;TiiREX,,1,3
2026-07-06,12267.0,UNiTY,15821;20345;20677;21165;23469,2high;KWERTZZ;M1key;NEOFRAG;woozzzi,135d80b16d19a4cf2b21,5,5
2026-07-06,11446.0,Leo,19617;20828;21065;21650;22649,amster;leri511;Malkiss;marat2k;OneUn1que,b3ce33756740485a0960,5,5
2026-07-06,13877.0,Noir Verse,18456,fostar;kirxttu;Naginat;Santuriano;xeNji,,1,5
2026-07-06,13894.0,Mai Tai,20283;22385;24474,aimy;chudy;Melavi;next1me;tomiko,,3,5
2026-07-06,11555.0,UNO MILLE,2544;19975;22423;23587;24716,brokeN;cLd;clon7;Ltz;remix,7073277c1782b6f83206,5,5
2026-07-06,13433.0,Last Bullet,16768;16778;19735;21509;22000,B1NGO;BZA;lan;Miami;Roninbaby,b138310299bababf44af,5,5
2026-07-06,4869.0,ENCE,12731;19044;20282;21815;21972,F1KU;kRaSnaL;Neityu;podi;sdy,a4061a8fe96be6adc150,5,5
2026-07-06,3044.0,MIBR Academy,6553;21700;22964;23169;25108,brn$;fl4sh;Jerr1;lkz;stormzyn,45d509d0b413e59f0313,5,5
2026-07-06,12554.0,regain,19707;23136;23137;23138;24667,dvrk;fuzenko;grape;sasha;Zucar,89df96943262dbf71e57,5,5
2026-07-06,13715.0,Hashiras,284;13026;13718;13749;22904,birdfromsky;Burmylov;c0llins;JACKZ;Queenix,c1b98de59b3e8c13d064,5,5
2026-07-06,13857.0,Iowa Stormboar,20330;23690;24045;24234;24528,aelor;H0NeST;jsfeltner;Scorchyy;TyRa,9dfb1cf2f9ff7b9c9083,5,5
2026-07-06,12899.0,FengDa,24305;24306;24748,3gl;afufu;p5p;Trash,,3,4
2026-07-06,13175.0,Change The Game,23001;23906;24644;24855;24858,957;Hack1ng;LaiKeXu;ProKiller;VanceKK,557c3d7cbce81167ed72,5,5
2026-07-06,10278.0,9INE,2898;17117;20300;20309;22702,bnox;cej0t;kraghen;raalz;shield,6841d702ce6000341a27,5,5
2026-07-06,12534.0,BOSS,13250;16647;19128;24890;25524,ben1337;Bwills;marekiew;SLIGHT;WUMBO,7440d730d82ec1270fa9,5,5
2026-07-06,9881.0,Rooster,12877;14333,ADK;chelleos;ju1ces;rekonz;SkulL,,2,5
2026-07-06,8536.0,Ground Zero,,apocdud;damyo;Omichella;pz;vision,,0,5
2026-07-06,12825.0,The QUBE,24302;24396;24512;24513,Cozen;grizzly;Kamui;Paranormal;soloooS,,4,5
2026-07-06,11581.0,HOTU,16612;19823;21385;21387;21692,dukefissura;gokushima;kAlash;mizu;n0rb3r7,bfcaeeb6019cb1bf807b,5,5
2026-07-06,13735.0,Haunted House,18989;22638;23361,fr0k;icyvl0ne;malinov;SasukeQO;Schwarzkopf,,3,5
2026-07-06,12352.0,Sashi Academy,22940;24102,Bl4zE;Damsi;Mizi;Mol011;Thom,,2,5
2026-07-06,11248.0,SAW Youngsters,23480;23482;23559;24634;25208,Jayy2s;jERK0z;M1KA;snowiee;tuxa,d0b40adb3da8c9644e5b,5,5
2026-07-06,12087.0,Lazer Cats,22706;23151;23589;24204,edixenn;Kiy0o;Magic;nikitea;yab0ku,,4,5
2026-07-06,12164.0,Zomblers,20273;20787;23410,CAJUN;CoolComs;FxRE;Pose1doNN;Zoker,,3,5
2026-07-06,10975.0,MIBR fe,11215;16341;21800;21801;23463,Dani;GaBi;Olga;poppins;yungher,9b56a68b02d01406acef,5,5
2026-07-06,7120.0,Entropy,,dottie;flaw;GeGo;tevsii,,0,4
2026-07-06,13321.0,Falcons Force,22048;25095;25332;25430;25432,clockzi;grecu;NucleonZ;Tapewaare;VENO,60ac4688d84a3a45ffce,5,5
2026-07-06,13233.0,HEROIC Academy,24281;24690;25331;25585;25676,HOLY;Hrdina;Muciek;St0m4k;Yoghi,7543f900ceba6f1f3ea5,5,5
2026-07-06,5639.0,aAa,8183;21967,AsI0K;Rain;Saax;SLIE9000;Tarkky,,2,5
2026-07-06,13201.0,F5,17478;23412;24524;24946;25582,bones;cmrn;Kermi;neight;Signal,1077c390c0889cf611ac,5,5
2026-07-06,13528.0,Misa,25076,Ckanic;Mertowsk1;rim3;souv;Zuedsta,,1,5
2026-07-06,13524.0,OLDBOYS PL,,Goofy;MICHU;rallen;ToM223;tudsoN,,0,5
2026-07-06,13747.0,BERG,20429;25153,Askan;CrePoW;KiMaRR;Rezst;Tree60,,2,5
2026-07-06,13053.0,Just Swing,10722;20354;22441;25247;25319,gas;Purely;qqGOD;sATOR1;skrr,de0df596adaaa4158306,5,5
2026-07-06,13683.0,WBT,,aRTYSAN;fl1peR;lyoli;svemyy;tired73,,0,5
2026-07-06,13726.0,METANOIA Wolves,22085;23960;24298;24930,ALENNNCAR;ntx;sakamoto;spinnie;vzn,,4,5
2026-07-06,13646.0,Fortress,,As K;BqreBedre;Brand;Bukki;GrEnNiE,,0,5
2026-07-06,11905.0,paiN Academy,,k9izer;Markz;Rkzinho;Tatu;tsug,,0,5
2026-07-06,13761.0,Vexar,,ADntZ;datet;KarmaN;KEEMBO;obsward,,0,5
2026-07-06,13665.0,FarmVille,14744;20204;24945,adam;BeaKie;calamity;cJ dA K1nG;sleepz0rk,,3,5
2026-07-06,13714.0,DONSTU,20946;21350;25167;25168,Due1yant;gleb86rus;LAKSHERi;NeoLife;phorate,,4,5
2026-07-06,13766.0,Phantom Academy,24833;25104;25948,Ayteel;Brain47;kalyambys;Kunai;parad17se,,3,5
2026-07-06,13237.0,AM,12781;16705;20170;21164;22060,Altekz;delle;k1to;kyuubii;L00m1,58b43b63fd6e2e22c967,5,5
2026-07-06,12960.0,Fire Flux,15732;22806;25500;25540,Cizzx;Quality;xEternaLxx;zemix;zer0UKY,,4,5
2026-07-06,7875.0,struggletony,13718;13749,birdfromsky;Q-Q;Queenix,,2,3
2026-07-06,12908.0,Aether,14799;20573;21813;24045,Andrew;brett;H0NeST;Seb;xaler,,4,5
2026-07-06,13827.0,NEW VISION,,fen2k;hahanz0;w0l33n;wonimo;x1nk1n,,0,5
2026-07-06,13161.0,eternal premium,24823;24824,dazzy;MRcreed;P1kan0;skept1K;smith,,2,5
2026-07-06,11018.0,megoshort,7700;17769;24727,mogv;robiin;Twinkey;virree;zen,,3,5
2026-07-06,13546.0,Strael Bora,25604;25605;25606,5 Star;maddeN;newhope,,3,3
2026-07-06,13664.0,ex-KRÜ,9221;18549;23150,1962;laser;reversive;rzk;toto,,3,5
2026-07-06,13889.0,train launcher,22380;23742;23812,bsover;Leon1das;Majkn;Siz;timothybtw,,3,5
2026-07-06,13856.0,ex-Aether,14799;21813;24045;24238,bezymecc;brett;H0NeST;s3rum;xaler,,4,5
2026-07-06,11699.0,BAKS,21447;24316;24826;25509,k9ppy;Sa1nTy;turbo;whisper;xdENiSZERA,,4,5
2026-07-06,13778.0,insane players,18706;19079;22967,freshie;Fruitcupx;ogwizard;sml;Wolffe,,3,5
2026-07-06,12567.0,Akimbo,23199;23458,laxiee;Marro;mason;N2o;obi,,2,5
2026-07-06,13691.0,Back to Back,21100;21290;24641,edv;fokiu;perez;protado;zede,,3,5
2026-07-06,12948.0,BORING PLAYERS,22997;24036;24387;25246,D1zzyg;Jun7;Miszary;tutu;zdr,,4,5
2026-07-06,9735.0,Lilmix,3329;13669;15501;23696;24518,b0denmaster;Jackinho;quix;walleN;Wonder,86ec571d574992444ac0,5,5
2026-07-06,11668.0,Mindfreak,,Crunchy;dpr;kairo;tucks;zune,,0,5
2026-07-06,13729.0,EMPIRE,21584;23376;24660;24869,BAGEL;C0C0;KmZ;no1nx;twigs,,4,5
2026-07-06,12988.0,GameHunters,13287;17028;21099;22126,abr;bnc;Bruninho;bsd;nyezin,,4,5
2026-07-06,10997.0,Procyon,17997;19086;23549;25105;25106,AGL;lenci;MaxOff;next;pavv,b369d457d8472654b588,5,5
2026-07-06,10254.0,BIG Academy,19284;22866;24325;24358;24810,doni;JBOEN;prosus;tripex17;w1dow,0bc13c14971800e30b3e,5,5
2026-07-06,13450.0,yngods,23638;23687;24316;24318,7tetsu;Muk0s;Remill;tommy;whisper,,4,5
2026-07-06,13425.0,Reign Above,17437;19301;24681;24866;25580,AEROj;cobalt;dAVE;louie;SeRCEra,f203bf60af884d505ba4,5,5
2026-07-06,13364.0,Famalicão,20750;21115;23141;23480;24905,h0t;M1KA;P3R3IIRA;seabraez;Sprayy,54ae997fed503317d466,5,5
2026-07-06,13686.0,Abyssal,,dangeR;dpr;foggers;gump;vinhy,,0,5
2026-07-06,12457.0,ROUNDS,,Jelo;Kollo;Monoxx;p12;ykis,,0,5
2026-07-06,7187.0,Nexus,9626;12945;19173;19817;22563,Blytz;fNk;fnl;s0und;XELLOW,ecea19805ac3bb36b4a8,5,5
2026-07-06,12194.0,Rune Eaters,21691;22538;23599;23858,dako;fitch;forkyz;her1tage;mo0N,,4,5
2026-07-06,13574.0,Club 333,2213;16976;22547;23458,4TAYLOR;kobruh;laxiee;Marro;SecretAgent,,4,5
2026-07-06,13776.0,Just Players,21367;21392;21431;22327,rexxie;shady;Something;spirit;sstiNiX,,4,5
2026-07-06,13789.0,Subtop De France,,Razzmo;Revol;sanjoCRAKITO;Supr3me;XiMaa,,0,5
2026-07-06,13026.0,BESTIA Academy,22559;24560;24563,agt;F4QQ;Jotag3;Lekzi;lezy,,3,5
2026-07-06,13599.0,benched gods,,BloodyK;f1chper;K014NZ;MisterHy;Wign,,0,5
2026-07-06,13413.0,Vasco,10827;10838;10840;21290;23588,mawth;n1cks;perez;prt;tatazin,da95e6e7bc6013aa8c91,5,5
2026-07-06,11795.0,Villainous,23226;23672,Burglar;DYLAN;Jolts;Panic;Sunk,,2,5
2026-07-06,12363.0,Arcade,,74LOR;Jynx;Kras;Mechanical;N1ghtraid,,0,5
2026-07-06,6033.0,Keyd Stars,16814;18891;18894;22956,CutzMeretz;danoco;lash;matios;t9rnay,,4,5
2026-07-06,13689.0,Fuzos,20053;20054;20055,Mané;rafaxF;Slaxx;Stepa,,3,4
2026-07-06,9735.0,Lilmix,3329;22380;23741;24518,bsover;doobs;quix;walleN;zen,,4,5
2026-07-06,13858.0,cirahvi,9325;14236;21931;24995,8Juho8;allu;arvid;Myggis;oopee,,4,5
2026-07-06,11553.0,Dripmen,7700;17656;20128;21990,Ariant0;dobbo;Frazehh;Prime;robiin,,4,5
2026-07-06,12971.0,Wanted Goons,23589,hibui;Johan;killerPandas;Magic;relt,,1,5
2026-07-06,13791.0,Julie&Cie,1656;9616,amanek;Empera;Joker;KIRADODO;Monkey D Julie,,2,5
2026-07-06,13865.0,Arch,,Dis1;f1R;ka1do;MaLLiC;web sun,,0,5
2026-07-06,13756.0,ALKA,22109;22404,badran;cerolzin;proSHOW;puni;vinaabEAST,,2,5
2026-07-06,13837.0,SHISHKA,12027;17011;19882;22039;24485,danistzz;Krad;Norwi;shalfey;yiksrezo,cb5413a184cb101e8d2c,5,5
2026-07-06,11129.0,bankaPEPSI,,HUckLer;lesswill;lUMiER;SEMSYS;xsepower,,0,5
2026-07-06,13475.0,FOLHA AMARELA,11337;18140;19972;22084,ckzao;f4stzin;mello;RCF;s1cko,,4,5
2026-07-06,10333.0,Sangal,12004;19673;22039;24625;25110,clax;danistzz;h0kz;Patsi;R4DYX,c09bdf32e64ec9eb1f32,5,5
2026-07-06,13173.0,Phantom,4829;17504;19114;20289;25104,DGL;KEi;Kunai;Kylar;mynio,9a0597b081388a585fe0,5,5
2026-07-06,13834.0,A Great Chaos,,7EMPORARY;Pleb0rs;seilysh;whitezins;ynrii,,0,5
2026-07-06,13327.0,R2,10506;20531;24558,ABM;fakzwall;maaxg1;Rivo;tutehen,,3,5
2026-07-06,13414.0,Rave,14494;15176;17929;21128;23458,Cryptic;junior;laxiee;Pluto;Walco,d07f080d402802bb43ad,5,5
2026-07-06,12534.0,BOSS,8507;16647;17372;19079;19128,Bwills;FaNg;Fruitcupx;SLIGHT;stanislaw,f56448ed065525d01e79,5,5
2026-07-06,13792.0,Persona Grata,15118;21143;22191;22474;22475,MAGILA;nestee;POLO;SBT;sk1tt,c8df75e6032b06e674fd,5,5
2026-07-06,13366.0,Invicta,22091;25088,artie;Griller;SinK,,2,3
2026-07-06,13551.0,OlyBet,19566;23720;24591,cgk;ChipaaN;Frip;hexoq;imp,,3,5
2026-07-06,11336.0,DETONATE,25567,carN;chante;duhpe;Feral;tatm,,1,5
2026-07-06,8947.0,XI,,Bakorino;Egelund;emili0;ETYYY;Jiace,,0,5
2026-07-06,13845.0,Dark Moon,23304;25632,d3j4vy;keiyon;Maison;ri0dayungog,,2,4
2026-07-06,13788.0,Clutchain fe,16497;18775;21756;22062,Kat;tory;twenty3;vicu;zAAz,,4,5
2026-07-06,13855.0,Overtake Sector,,intra;jason;LEARSI;sacrifice;Umar,,0,5
2026-07-06,13736.0,Sensation,,ncl;Tsogoo,,0,2
2026-07-06,13787.0,ZEVS,26124,bexyz;dobo;FELSADIA;GEZUU;versa,,1,5
2026-07-06,13014.0,Wave,,Belof;hayanh;Katalic;miksozzz;sheezy,,0,5
2026-07-06,12190.0,Shimmer,16581;22302;24415,alicerawr;AVA174;empathy;Serendipity;Stx,,3,5
2026-07-06,13794.0,900FPSvsECO,20234;24669,Gabe;mds;Termina;Valter0k;Zoker,,2,5
2026-07-06,13775.0,playersclub,22450;22460;24726,heis999;riskyb0b;sad;Yakuza;z3ndeR,,3,5
2026-07-06,,Wampirki,16392;21211;25708;25709;25770,adex;Arielek;Kamo;Kizzzi;patrikinho,892843ad4a3c8506645c,5,5
2026-07-06,12366.0,Aurora Young Blud,25334,k1nco;kurosse;meetyoxanaji;r1pa4;redzed,,1,5
2026-07-06,13665.0,FarmVille,20204;21093;24873,BeaKie;cJ dA K1nG;HAMBOOGA;sava9e,,3,4
2026-07-06,12421.0,Let Her Cook,1572;20165;22023;22024;22871,JennyR;Joanana;pauliiee;spike;vilga,96b84b75df8cd325f8bd,5,5
2026-07-06,11278.0,Coalesce,,D1ntrIXxX;onder;sen1ar,,0,3
2026-07-06,12568.0,EC BANGA,12416;20002;20474,blazekiNho;keni;Labreenc;makaroff,,3,4
2026-07-06,12812.0,ALLINNERS,11942;18752;21439;23386;23598,buster;ICY;kade0;kumao;noni,0d15811b7d02be4f9cbe,5,5
2026-07-06,12276.0,DXA,,c4put;JiNxZiE;Myst;Supers;Zoot,,0,5
2026-07-06,9942.0,MARKandLARRY,,BRACE;micalis;Roflko;yourwombat;zeph,,0,5
2026-07-06,13159.0,Prestige,7910;8994;23335;23936;24102,fejtZ;Few;Folke;HS;Mizi,4c52ca5f76030b757d40,5,5
2026-07-06,12846.0,M1X KS,,Dementor;gejmzilla;Lewis;tripey;v1w,,0,5
2026-07-06,13803.0,DNK,,dethera;indoubt;Plain7;RamBLBi;tier0 s,,0,5
2026-07-06,10287.0,Legion,,Bloody;BulleT;hf;HZI;pavast4r,,0,5
2026-07-06,13294.0,Outfit 49,20234;24045;24669,Gabe;Grimblee;H0NeST;mds;Valter0k,,3,5
2026-07-06,13476.0,VEXA,,hug1;neozix;nolkz;ryuzen;zock9,,0,5
2026-07-06,13797.0,ZOTIX,,byr9;EsD;kalyambys;xeNji,,0,4
2026-07-06,13745.0,KUUSAMO,,epik;Keksimage;Orava;osku;rbm,,0,5
2026-07-06,13757.0,ACROBATS,12027;12732;20101;22535;23927,dwushka;fame;FL1T;Krad;tried,944ca66770db484f1cbc,5,5
2026-07-06,12533.0,Atrix,19998;20501;21733;23092;23514,bokor;Eleven;LyttleZ;REGIANE;Sofiaxyz,2f6b8f40e062c2af2ee7,5,5
2026-07-06,6788.0,Crashers,21038;23829;24015;24717,Machado;mtsGOD;nikz;Reix;trindade,,4,5
2026-07-06,13660.0,Ding Cuts,,biebs;blood;delkud;maxed;Val,,0,5
2026-07-06,11711.0,Players,25552,Lich;MITHPUTTINI;souz4h;space;xns,,1,5
2026-07-06,13643.0,rottweilers,11343;15369;16412,bavar1n;rafftu;REDSTAR;shin;SHiPZ,,3,5
2026-07-06,13502.0,Arise,15762;23323,Anasasis;Bhavi;borosto;EmbeR;Ph1NNN,,2,5
2026-07-06,13725.0,GUARA,,alwayz;fnbJESUS;neskk;paqueta;Tineu,,0,5
2026-07-06,10864.0,VP.Prodigy,24951;25462;25636,lasfas;rokilan;Stoynes;sun;TriBorgg1,,3,5
2026-07-06,13746.0,MTX,22646;25781;25782;25783,EgorMercedes;frakenzor;joly;kyoto666;md262,,4,5
2026-07-06,13732.0,B8 Academy,25805,k1n;La1roN;r0se;segukawa;sherman,,1,5
2026-07-06,10976.0,FURIA fe,11872;16340;17288;21219;22839,bizinha;gabs;izaa;kaahSENSEI;lulitenz,10dd16af0d8ef7254cf3,5,5
2026-07-06,13516.0,Fingers Crossed fe,15831;22028;22604;23438;23505,D7;irbitka;Margo;v1spel;xia,c69b7df44fd80035b2bb,5,5
2026-07-06,11718.0,BIG EQUIPA,21849;22063;23090;23995;24006,aiM;ASTRA;Emmsan;Hanka;sosya,d12495477296fea24ee2,5,5
2026-07-06,13613.0,Bebop,14273;20197;22535;23303,dwushka;faydett;h1kaN;iDISBALANCE,,4,4
2026-07-06,10838.0,Incognito,18090;20578;20934;24892,AbbyDog;arcade;micro;Sathsea;Tender,,4,5
2026-07-06,13884.0,Olympus,24888,Bizarre666;k6rdon;relan;tarturb0b,,1,4
2026-07-06,13753.0,Basement Bobs,24022;24067;24286,DALIEN;levantino;MadeInRed;Pedrinho2011;Uzman,,3,5
2026-07-06,12857.0,FORZE Reload,22327;23628,aloneintokyo;KusMe;Something,,2,3
2026-07-06,13704.0,Drama,20685;25460,andr1x;choiv7;d0jca;miwo;nopzy,,2,5
2026-07-06,13395.0,hindsight,21793,Ann4;Kaoday;Madam;mikeri;pullox,,1,5
2026-07-06,13798.0,Clutchain,,Kyojin;Nivera;Python;ScreaM;SHOGU,,0,5
2026-07-06,13703.0,ex-Fingers Crossed,798;9911;19594;22101;22191,kreaz;MAGILA;nbqq;oskar;spardaus,46f946b744b4ae0ae98c,5,5
2026-07-06,12301.0,FlyQuest RED,14401;18641;22111;23391;23621,BiBiAhn;Emy;Fawx;marie;vanessa,5033f24a7aa7b0bf1c6e,5,5
2026-07-06,9621.0,AaB,16753;20033;22940;24425;25066,bekker;Maze;Mol011;n1Xen;qx,bf11301f0861eeb7f77e,5,5
2026-07-06,11275.0,NSN,3741,Niko;reason;Yuxz;z1ayr;zzi,,1,5
2026-07-06,13743.0,bond1e,22191,MAGILA;prelideN;REL;StreakN,,1,4
2026-07-06,13238.0,JUMBO,22800,matusik;reNIK;Snoob,,1,3
2026-07-06,13265.0,MAGICOS,25031;25033;25034,Cr1a;extazzy;ghosT1;rx;snow,,3,5
2026-07-06,10823.0,INFINITE,19171;21211;25333;25602,adeX;DaciaBlue3;LkS;mhN1;RQBY,,4,5
2026-07-06,11251.0,Eternal Fire,8575;12708;16885;21023;23274,Calyx;EMSTAR;lugseN;rigoN;Woro2k,82800d3685edecf8170c,5,5
2026-07-06,12988.0,GameHunters,10827;11337;13287;17028;22126,abr;bnc;nyezin;prt;RCF,d6024adb56da337980e3,5,5
2026-07-06,13870.0,Wingman,,la3euka;Minor;MoWeL;xnkka;Z1W0W,,0,5
2026-07-06,13471.0,ALZON,24294;25464;25465;25553,balencyy;ntx;s1lent;wallz1k;yeda,,4,5
2026-07-06,10679.0,Red Feet,,coxa;GdA;Kaiserzy;palenscki;terran,,0,5
2026-07-06,13163.0,ALGO,13679;17113;21233;21575;22948,anber;myltsi;nukkye;Scr0b;szejn,aa3b7546ed0fc84fa7da,5,5
2026-07-06,13705.0,Imperial Academy,25956,aZe;hyskeee;Kragh;sh1Fu;ta9z,,1,5
2026-07-06,10299.0,FURY,,cheeseball;cookie;rahley;versa;Winnieeeee,,0,5
2026-07-06,13662.0,home,21775;23106;24426,BehinDx;sacred;stesso;Viggo;wasian,,3,5
2026-07-06,11433.0,Surge,10895;25221;25634,Electrician;frog;Molly;TheJelly,,3,4
2026-07-06,13214.0,SPARTA,12027;19882;24171;24172;24818,Djon8;k4nfuz;Krad;Norwi;yuramyata,2d1bdedd60fc86200dd8,5,5
2026-07-06,13895.0,SINQU REHTI,,Eem3l1;imbaemba;MikOne;Onjib;wejkko,,0,5
2026-07-06,13571.0,SINQU,15562;25677;25678;25679;25680,Geni;J0nneW;KapiV;Lene;Samppa,97282c67feb029394a01,5,5
2026-07-06,13698.0,GAMEHARMONY,,kriips;Natre;P4nc4ke;pat u;uCr0,,0,5
2026-07-06,13685.0,Skele,,Arctic;lucas222;motion;neo;tidy,,0,5
2026-07-06,13826.0,Nas,19060,Biuckmt;Corazz;Mirorr;Mr66;S1kura,,1,5
2026-07-06,13770.0,Unitronics,9339;14359;23850;24753,clyd1e;ImpressioN;Kuma;mENTALPLAY;w1nt3r,,4,5
2026-07-06,13657.0,Blitzkrieg,9214,otEB;points;spamzzy;TORITO;vanilla,,1,5
2026-07-06,9199.0,Aimhaus,,erners;flairr;Mairel;silrak;Yamero,,0,5
2026-07-06,11999.0,Grindas,19981;19982;25045,BaGyZ;fello;Sidivo,,3,3
2026-07-06,13716.0,IDoPieca,22476;24081;24544,FOKUSSS;keis;mazda;virtuoso;Xydoo,,3,5
2026-07-06,13777.0,PURE,22450,emzijs;maty;OXFROG;Sh1karee;yakuza,,1,5
2026-07-06,9139.0,BRUTE,14388;22863;23204;23206;24261,KAD1M;realzen;Siko;The eLiVe;w4rden,7f8a89194296ac5c14b3,5,5
2026-07-06,13242.0,XDM,24310;24974;24975;24976;24977,darkk;Kungao;r1verLaKe;Shad0w;taidao,460f2945a49655b53c31,5,5
2026-07-06,13270.0,girl kissers,,kevin;lunari;TeXaSs;violet,,0,4
2026-07-06,13697.0,DAMAJUANA,,boke;Dunn;leo;maik;R4N,,0,5
2026-07-06,12973.0,NuTorious,20793;24769,Austin;Msaia;sayN;Toasty,,2,4
2026-07-06,11711.0,Players,,Lich;MITHPUTTINI;prisma;rainny;souz4h,,0,5
2026-07-06,13563.0,Diamant,,Destro;jernejj;jkXy;JuN1;Libra,,0,5
2026-07-06,11018.0,megoshort,15501;17769;20066;24462;24727,aidKiT;b0denmaster;mogv;titulus;Twinkey,05a7293f4e2106957e49,5,5
2026-07-06,13706.0,Pugdesonesto,21888;24930,KLR;LIN;phx;Thuister;vzn,,2,5
2026-07-06,13342.0,Bad Luck,21888;23960;24298;25552,ALENNNCAR;phx;sakamoto;space;Thuister,,4,5
2026-07-06,13519.0,Charrados,24641;25552;25553,bpg;ght;protado;s1lent;space,,3,5
2026-07-06,13662.0,home,21208;21775;23106;24426,1mackez;BehinDx;sacred;stesso;Viggo,,4,5
2026-07-06,5479.0,Mythic,8503;15007;15090;20510;22022,Cooper;fl0m;hyza;PwnAlone;Trucklover86,2eb72eae58d9b796bd40,5,5
2026-07-06,13624.0,ELITES,,Antuanette;BabyRage;Notjuanjo;Slayerhz;zockie,,0,5
2026-07-06,13774.0,FRZ,18437;22544;24769,brawckzz;j3nni;Jachro;Sharpie;toasty,,3,5
2026-07-06,9139.0,BRUTE,22863;23765;24261,hfah;KAD1M;realzen,,3,3
2026-07-06,13614.0,japczany,22008;22385,chudy;darchevile;Melavi;sEIS;swiz,,2,5
2026-07-06,13265.0,MAGICOS,6536;25031;25034,ghosT1;Lcs;Rkzinho;rx;snow,,3,5
2026-07-06,13629.0,HereWeGoAgain,24015,fraga;guizo;shrr;trindade,,1,4
2026-07-06,13629.0,HereWeGoAgain,,flush;fraga;guizo;Ltm,,0,4
2026-07-06,13512.0,Prison Breakers,17216;20029;22655;22957;23461,card;MaLLby;pepe;r3kt;stax,47db532c9c7f5c349ed5,5,5
2026-07-06,11109.0,BBBMBCBS,7322,ApeX;Dirty;Fitzy;HaZ;muffin,,1,5
2026-07-06,10901.0,OverKnight,9214;20405;22547;24345,4TAYLOR;AMC;cruzN;Majesticzz;spamzzy,,4,5
2026-07-06,13708.0,5Actors,13157;14175;17012;19236;23927,airscape;Aunkere;Jerry;KENSI;tried,090af28c5f21b7845839,5,5
2026-07-06,13882.0,6666,,auth0ri;m4d4ra;rickangel;skcH,,0,4
2026-07-06,12352.0,Sashi Academy,,Bl4zE;Damsi;Half;rosen;Thom,,0,5
2026-07-06,13676.0,LAGUNA,13466;16410,dennyslaw;Duplicate;ritchiEE,,2,3
2026-07-06,13712.0,Z7,,BestR1flerEu;Dobo;Gibsand;Valtr1x,,0,4
2026-07-06,13279.0,LPH,24553,d0mZ1k;Fajr;lojzo;N1KOLAJ,,1,4
2026-07-06,13707.0,Younglings,,7ckingsam;arun;eLa1z;Shed0Z,,0,4
2026-07-06,13116.0,UR,24847;25537;25538;25539,0z;4ever;drace;gLong;yoi,,4,5
2026-07-06,9719.0,OKSUCC,,jeyN;moz;swaggy;wfn,,0,4
2026-07-06,13142.0,AKA HERO KAJO,,amyb;ItzMqss;miLo;Siljeeeh;Waldee,,0,5
2026-07-06,10943.0,777,16269;21580;22952;23616;24515,Hagmeister;macke;thomass1;zame;ZapR,865353f4eb0937684a62,5,5
2026-07-06,13642.0,SIXSEVEN,11219;18571;20358,CeRq;CYPHER;volt,,3,3
2026-07-06,13543.0,Time Waves,,camille;ElephanT;Harbor;Kezza;lawlkay,,0,5
2026-08-03,7020.0,Spirit,16920;18317;19808;20423;21167,donk;magixx;sh1ro;tN1R;zont1x,14048abbf062f10a8a24,5,5
2026-08-03,11283.0,Falcons,429;3741;12018;19230;24177,karrigan;kyousuke;m0NESY;NiKo;TeSeS,fa8d993a96ce3adabef3,5,5
2026-08-03,4494.0,MOUZ,18072;18221;20312;24457,PR;Spinx;torzsi;xelex;xertioN,,4,5
2026-08-03,9996.0,9z,12092;14736;14737;20394;22613,dgt;HUASOPEEK;luchov;max;meyern,26629d7dd5e4a60e1228,5,5
2026-08-03,9565.0,Vitality,7322;11816;11893;16693;18462,apEX;flameZ;mezii;ropz;ZywOo,91c93eb867d7d47bf729,5,5
2026-08-03,4608.0,Natus Vincere,9816;14759;18987;20127;22673,Aleksib;b1t;iM;makazze;w0nderful,9d2b566c8472997adfa4,5,5
2026-08-03,12468.0,Legacy,12521;15698;19045;19686;22965,arT;dumau;latto;n1ssim;saadzin,2a8806f4822238e9a8ab,5,5
2026-08-03,8297.0,FURIA,2023;12553;13915;15631;24144,FalleN;KSCERATO;molodoy;YEKINDAR;yuurih,e0362dcbafd342d82962,5,5
2026-08-03,12394.0,BetBoom,11840;15662;20357;20994;21667,Boombl4;d1Ledez;FL4MUS;Magnojez;zorte,74f075c0f766053b8a3c,5,5
2026-08-03,11861.0,Aurora,7938;8574;18850;19677;21243,Jimpphat;kyxsan;Wicadia;woxic;XANTARES,60e33272652b581b11b5,5,5
2026-08-03,5995.0,G2,3972;9436;19164;20447;21062,HeavyGod;huNter-;MATYS;NertZ;SunPayus,a4938af082ccd5b989a6,5,5
2026-08-03,12467.0,PARIVISION,8528;13776;22471;23685;24807,HObbit;Jame;slaxejezzz;xiELO;zweih,b7f6efac5345a44c475e,5,5
2026-08-03,6667.0,FaZe,9960;10394;21972;22383;22866,frozen;JBOEN;jcobbb;Neityu;Twistzz,a7f8c9ae029a5e9f3092,5,5
2026-08-03,13286.0,FUT,20584;20761;22203;22674;23553,cmtry;dem0n;dziugss;Krabeni;lauNX,d3179d30c0f804c093f7,5,5
2026-08-03,6248.0,The MongolZ,20194;20275;21001;21809;23402,910;bLitz;cobrazera;mzinho;Techno,205ddf8f18a2672fc97c,5,5
2026-08-03,9215.0,MIBR,19310;19694;20987;21037;21288,brnz4n;insani;LNZ;nqz;venomzera,757d50eee9cf0c993999,5,5
2026-08-03,12474.0,Alliance,7443;16487;21159;22760;22860,avid;bobeksde;eraa;twist;upE,e66fcd64cfe5cf8f8ff5,5,5
2026-08-03,4863.0,TYLOO,19645;20702;20895;21621;24857,JamYoung;Jee;Mercury;Moseyuh;Zero,05a56bdf4b57fcae5437,5,5
2026-08-03,6665.0,Astralis,10096;16726;17956;20304;21217,HooXi;jabbi;phzy;ryu;Staehr,c8d9aa6d3f48b13980c6,5,5
2026-08-03,11241.0,B8,20112;21708;22842;23643;25619,alex666;esenthial;kensizor;npl;s1zzi,93a45352761666244eb5,5,5
2026-08-03,7532.0,BIG,5794;14929;14932;15165;22884,blameF;faveN;gr1ks;JDC;tabseN,4d6af2ad9a22ed3240f5,5,5
2026-08-03,9928.0,GamerLegion,2553;9278;20301;23766,hypex;PR;REZ;Snax;Tauson,,4,5
2026-08-03,13592.0,magic,19874;22075;22076;23858;24173,AW;MaSvAl;mo0N;sFade8;tenzy,f0a5bed2025716cef475,5,5
2026-08-03,6290.0,Luminosity,17145;19015;19926;21816;22106,afro;AZUWU;Bymas;Gizmy;Rainwaker,7aa468525cb3b414a8bc,5,5
2026-08-03,13117.0,Inner Circle,16147;19592;23415;24168;24282,cptkurtka023;Dawy;headtr1ck;onic;zeRRoFIX,82071ca5dd86ae09ac80,5,5
2026-08-03,4773.0,paiN,16816;18141;18714;18835,biguzera;piriajr;saffee;snow;vsm,,4,5
2026-08-03,4411.0,Ninjas in Pyjamas,922;10994;14148;22035;23372,n0te;sjuush;Snappi;stavn;xKacpersky,69b434117d09e87fee19,5,5
2026-08-03,13926.0,DENDELE,20558;21170;21221;21921;22911,doc;gafolo;koala;maxxkor;rdnzao,05357aa633fe11759c40,5,5
2026-08-03,8840.0,Lynn Vision,16551;18744;20254;22922;23100,C4LLM3SU3;EmiliaQAQ;Starry;Westmelon;z4KR,dbed042ec191be814f2c,5,5
2026-08-03,7175.0,HEROIC,13666;20119;21163;21239;21983,Brollan;Chr1zN;MartinezSa;nilo;susp,cecbc60c9300c1eb4b55,5,5
2026-08-03,4914.0,3DMAX,13138;14176;20482;21969,Graviti;Kursy;Lucky;Maka;misutaaa,,4,5
2026-08-03,5973.0,Liquid,8520;8738;11617;16820;21763,EliGE;malbsMd;NAF;siuhy;ultimate,02b3dad2593e2c1cf5f4,5,5
2026-08-03,11737.0,EYEBALLERS,3849;7528;20879;21012;22914,dex;JW;KRIMZ;maxster;Ro1f,ec16634baf36b6925887,5,5
2026-08-03,13355.0,Nemesis,18670;20709;22536;22930;23047,mag1k3Y;r3salt;Sdaim;SELLTER;tex1y,52b39665597c7c0bef39,5,5
2026-08-03,11581.0,HOTU,16612;18752;21385;22535;24806,dwushka;frontales;kade0;mizu;n0rb3r7,799303ae2e78af257279,5,5
2026-08-03,12376.0,M80,15370;16599;20104;21665;22921,JBa;Lake;s1n;slaxz-;Swisher,b8f718041db8bac2e331,5,5
2026-08-03,5378.0,Virtus.pro,8789;23637;24292;24950;24952,AquaRS;b1st;F0R3VER;mir;tO0RO,c1ddc4dbd072559d3f5b,5,5
2026-08-03,12257.0,Wildcard,8311;16847;17353;17378;18838,Cxzi;HexT;mhL;nEMANHA;reck,e084f753677bdc11410f,5,5
2026-08-03,12895.0,K27,17011;19575;22886;23686;24725,kashl1d;qw1nk1;shalfey;X5G7V;xeedo,2ad5c3b5d691dfb305ea,5,5
2026-08-03,8474.0,100 Thieves,7592;8183;21014;22695;23397,Ag1l;device;poiii;rain;sirah,278d351c9f217b8d7f8d,5,5
2026-08-03,12774.0,FlyQuest,4679;11140;17384;18214,Gratisfaction;INS;jks;nettik;Vexite,,4,5
2026-08-03,13871.0,Echo,16731;21571;21574;24104,Boye;IceBerg;leakz;NickyB;salazar,,4,5
2026-08-03,13679.0,FOKUS,16486;20358;20625;24203;24332,Banjo;Jorko;Matheos;volt;ztr,a64db9440de6f9c2982e,5,5
2026-08-03,5116.0,Bulgaria,11217;15369;15385;20097;21657,h4rn;KalubeR;REDSTAR;Skrimo;SPELLAN,9d9fd28afd24d0c2b85c,5,5
2026-08-03,13404.0,Gentle Mates,7996;8371;9254;18749;19509,alex;CRUC1AL;dav1g;mopoz;sausol,f0fef5ec47d6c5dec0e0,5,5
2026-08-03,10823.0,INFINITE,9911;12945;19815;20358;20870,Blytz;Dytor;kreaz;sl3nd;volt,e82142782877bf13408e,5,5
2026-08-03,13027.0,Nuclear TigeRES,22878;22880;23762;24568;25807,ayuki;flouzer;m1QUSE;senka;z1k4,1ee5acb720df1bb50596,5,5
2026-08-03,13644.0,TDK,16555;16921;19235;20101;21348,ArtFr0st;Ax1Le;BELCHONOKK;fame;nafany,0115c495bdaf1794db6e,5,5
2026-08-03,6673.0,NRG,7687;8711;12840;13578;20333,Grim;hallzerk;Jeorge;nitr0;Sonic,22650440d422854b12f0,5,5
2026-08-03,12967.0,WW,20113;21690;22350;23048;23682,ct0m;deko;kelieN;m3wsu;StRoGo,1a3dcfff1ae4dff47e60,5,5
2026-08-03,13617.0,ex-RUBY,20504;22189;22459;22864;23684,H4SAN4TOR;relaxxie;robo;sh1nejezzz;YumsaN,b5f89cf233a35ebf040e,5,5
2026-08-03,7969.0,Nemiga,19920;21266;22325;23317;23319,1eeR;KaiR0N-;khaN;sowalio;syph0,70b9ebed80b82e1755ac,5,5
2026-08-03,10577.0,SINNERS,11199;12810;21113;23295;23459,beastik;kisserek;MoDo;SHOCK;stressarN,f9db3f6e7670b3bfa33b,5,5
2026-08-03,13808.0,Walczaki,20245;20958;21143;21263;22703,bajmi;moonwalk;olimp;SaMey;sk1tt,335cfe57911dc17efbcb,5,5
2026-08-03,11712.0,Sashi,10330;16723;20090;21199;23338,acoR;Beccie;Cabbi;MistR;Zyphon,4c8a28c856ac6c256fd4,5,5
2026-08-03,12144.0,BESTIA,19985;20185;20607;22570;24863,buda;cass1n;nacho;timo;tomaszin,dc9c7e9cb94caee9c7ac,5,5
2026-08-03,11837.0,Fluxo,11154;18865;19692;20385;23587,dav1deuS;exit;kye;Ltz;zevy,9e314b60b5d2a2436771,5,5
2026-08-03,10245.0,JiJieHao,17675;18120;18163;18790;22419,0SAMAS;Bibu;CacaNito;m1N1;sinnopsyy,b4056806b5e2be8b942c,5,5
2026-08-03,9455.0,Imperial,10566;12822;20183;22564;22965,chelo;decenty;noway;saadzin;VINI,08ccd1138f5a4981b319,5,5
2026-08-03,13486.0,THUNDER dOWNUNDER,9115;10588;11139;18545;20527,aliStair;asap;dexter;Liazz;TjP,37b8d597de5be61440f7,5,5
2026-08-03,4991.0,fnatic,17803;23046;23414;24283;25228,cairne;fEAR;jackasmo;jambo;mazay,6669426c475872ac65f0,5,5
2026-08-03,10459.0,ARCRED,18671;19703;20207;20402;21363,Get_Jeka;Raijin;Ryujin;shg;synyx,54d5af26fed8e2037f75,5,5
2026-08-03,13479.0,Omega,22537;24021;25009;25010;25011,adai;Aldikon;Botpa1;dan4o;def1zer,8124f8bbbc49482a2df3,5,5
2026-08-03,13173.0,Phantom,11995;17504;19114;20413;25104,KEi;Kunai;Kylar;mwlky;TMB,ebcd61bc27b709150836,5,5
2026-08-03,13943.0,ex-1win,13239;20700;23477;23770;23771,cronuss;lattykk;oz1k;Qikert;reyoz,582e4bc55e27dc0f56cb,5,5
2026-08-03,13178.0,NOVAQ,334;11940;23292;23541,AdreN;neaLaN;Pump;tasman,,4,4
2026-08-03,12380.0,CYBERSHOKE,17508;20430;22803;23600;24176,Alkaren;alpha;bl1x1;glowiing;Mokuj1n,c6e3351ead85d33c1a26,5,5
2026-08-03,11609.0,GenOne,15117;19738;21971;22481;25388,bL4SEZ;Brooxsy;Chucky;Djoko;Keoz,7b43f0d89764c946cc6e,5,5
2026-08-03,13814.0,INOX Division,21710;22430;22879;22883;22961,FenomeN;finW;k0s;k1slll;notineki,92fe825d6818b311d87f,5,5
2026-08-03,13304.0,LP,14010;17132;20521;21284;23550,Alisson;divine;happ;Leomonster;zmb,f05957b82dce82160422,5,5
2026-08-03,12959.0,ShindeN,18554;20451;20992;21155,abizz;guty;ivz;naz;tom1jed,,4,5
2026-08-03,12536.0,DEPO,11942;12027;22635;24656;25856,buster;Krad;sh1seido;shoxs;wetfy,b4bd3f705246a4c0338d,5,5
2026-08-03,13623.0,STATE,11013;13077;13170;21381;22950,kwezz;Patti;sL1m3;thamlike;Zanto,02719e07c49e93b5c038,5,5
2026-08-03,13499.0,Voca,10892;14494;17918;19711,junior;MarKE;nosraC;snav,,4,4
2026-08-03,13181.0,BASEMENT BOYS,20421;20422;22945;24246;24672,fakerealityy;kr1vda;maggent;OWNER;Tr0ublE,ffc6058811a79f0d0c78,5,5
2026-08-03,11641.0,Metizport,8507;14218;17937;19044;19069,F1KU;forsyy;isak;Plopski;stanislaw,510fbf4f7d35b68ef272,5,5
2026-08-03,9139.0,BRUTE,8488;19594;20066;22280;23765,aidKiT;hfah;majky;nbqq;ZEDKO,64ef1dc5397cab44d4b2,5,5
2026-08-03,13594.0,CYBERSHOKE Prospects,24920;24924;25710;25712;26073,DAN9ARMATURA;dezl3bio;pleynnn;SquEzxc;tw1sterzaza,1946cba97c12a88f4e2d,5,5
2026-08-03,13314.0,KOLESIE,3669;20018;20637;20960;22473,b1elany;ex1st;fr3nd;innocent;Qlocuu,e8287d89dea8c1e92e4d,5,5
2026-08-03,13908.0,Butterfly,13982;20621;21365;25608,ayano;Forester;k1ssly;Kurama;nitzie,,4,5
2026-08-03,12878.0,BC.Game,7998;8918;9032;20903;21001,electroNic;Magisk;mzinho;s1mple;Senzu,1e8dc4b366663fe51a5d,5,5
2026-08-03,13838.0,EAC,16718;16753;22948;24113;24425,anber;bekker;Fessor;n1Xen;sSen,f9e61d9b25d0dd791862,5,5
2026-08-03,12604.0,Johnny Speeds,9261;13670;16029;22759;24462,HEAP;jocab;Lekr0;nawwk;titulus,5b822390018de906b2e7,5,5
2026-08-03,12194.0,Rune Eaters,22538;23386;23543;23598;23599,demente;forkyz;her1tage;kumao;noni,b25799466df088cbac51,5,5
2026-08-03,10503.0,OG,7964;8374;19064;20878;21139,adamb;bodyy;cadiaN;pr1metapz;spooke,d9a73821e0b4f55492ac,5,5
2026-08-03,11251.0,Eternal Fire,12708;16811;19733;20123;22361,DemQQ;jottAAA;MisteM;regali;rigoN,ef1ff3938631321a7a78,5,5
2026-08-03,12510.0,The Huns,15072;18689;19957;21398;26124,Annihilation;Bart4k;bexyz;controlez;nin9,a594a1d32bcaf95ae9f0,5,5
2026-08-03,13776.0,Just Players,19231;20600;21367;21431;21692,h1te;kAlash;sm3t;spirit;sstiNiX,7d74861adcc715886094,5,5
2026-08-03,10278.0,9INE,2898;20300;20309;21715;22702,bnox;cej0t;flayy;kraghen;raalz,443c4615601cd0b15794,5,5
2026-08-03,13724.0,5star,15060;15861;18150;21396;24303,ariucle;clouden;hoolig4n;NEUZ;rate,a85cef74e8f56e40d059,5,5
2026-08-03,11312.0,QUAZAR,17293;24319;24406;24900;25077,gehji;kaiori;Ne1XXX;newt;Porya,bd4c1abf3532e6173417,5,5
2026-08-03,12677.0,Galorys,9483;18743;20522;23551;24715,destiny;gbb;k1not1;nython;tomate,159d5a78a9fbbd876d68,5,5
2026-08-03,13333.0,ASTRAL,19725;22008;23545;24704;24997,gxx-;meowpop;Neqy;RaY5ive;swiz,81f5e68099df0d475ef3,5,5
2026-08-03,12426.0,Passion UA,11630;12731;19869;21452;21620,JT;Kvem;nicx;sdy;try,c1717c6bbcf5638ad467,5,5
2026-08-03,11699.0,BAKS,21447;24316;24826;25509,k9ppy;Sa1nTy;turbo;whisper;xdENiSZERA,,4,5
2026-08-03,13214.0,SPARTA,11498;13281;16948;24171;24818,Djon8;El1an;k4nfuz;NickelBack;TRAVIS,5164102d4124bfadc840,5,5
2026-08-03,12776.0,Bounty Hunters,16835;18322;20690;20885;23461,fREQ;KAISER;pepe;ponter;zock,43702405db407426c08d,5,5
2026-08-03,13237.0,AM,12781;16705;20170;21164;21233,Altekz;k1to;kyuubii;L00m1;myltsi,c68c357f71fed7e65ae7,5,5
2026-08-03,13619.0,BET-M,3459;20534;22040;22927;23302,bluewh1te;executor;kinqie;KIRO;z1Nny,c93afad3985eb352df7c,5,5
2026-08-03,11446.0,Leo,19617;21651;24474,aimy;amster;kL1o;leen;next1me,,3,5
2026-08-03,6089.0,The Last Resort,20336;20339;20340;20908;22192,arTisT;bevve;Extinct;Girafffe;Vacancy,e51e46ade62533cad99a,5,5
2026-08-03,,Rebels,11205;16102;17003;20683;23237,Icarus;NOPEEj;snapy;stadodo;TMKj,4cbbbad01d97b153ea29,5,5
2026-08-03,8536.0,Ground Zero,14294;20881,apocdud;hazr;Omichella;sliimey;tucks,,2,5
2026-08-03,12916.0,Betclic,16848;18070;18979;25307;25542,Demho;Dr3nquu;eskyy;hades;Prism,984b00f1a8077e81507c,5,5
2026-08-03,13375.0,SportsBetExpert,13230;14619;19177;19709;22135,consti;Infinite;motm;Peeping;shane,3433cd3a6430aa5baa73,5,5
2026-08-03,11571.0,Gaimin Gladiators,8564;8565;9482;15914;17861,fer;HEN1;JOTA;Luken;NEKIZ,e497530fd06760744e1a,5,5
2026-08-03,13667.0,NEXVOID,11141;21828;22333;22415;23457,AccuracyTG;erkaSt;MiQ;sergelen19k;Zesta,2bde7389cf2a5a29ff44,5,5
2026-08-03,13107.0,Chicken Coop,22835;24527;24679,Crisp;Drop;jared;mds;REKMEISTER,,3,5
2026-08-03,13924.0,Black Phoenix,21513;22676;24326;24826,4X1s;karnez;Sa1nTy;Salazar;topo,,4,5
2026-08-03,9686.0,Turma do Pagode,9219;14390;17181;17553;22182,felps;ksloks;naitte;pesadelo;WOOD7,aeb0162d9f1ca5a689ff,5,5
2026-08-03,12769.0,Fisher College,12793;13298;19602;20429;22137,AlekS;corn;CrePoW;ReFuZR;TH0R,508684bdc5b8b876b8c6,5,5
2026-08-03,7653.0,Isurus,20689;23150;24091,atarax1a;deco;dott1;Hezz;rzk,,3,5
2026-08-03,13124.0,Marsborne,18706;21620;22069;22967;25524,freshie;Grizz;nicx;ogwizard;WUMBO,b315ae2a0e18bc654ba4,5,5
2026-08-03,13054.0,PCIFIC,21250;22498;22504;23274,eNs;jresy;lugseN;maxy0y0;scolleN,,4,5
2026-08-03,13799.0,PsychoFace,8726;20883;21445;21686;23835,abiraju;anttzz;eightz999;facecrack;PsychoDoctor,338561d5d37924076cbb,5,5
2026-08-03,10867.0,MASONIC,9896;11258;23471;24105,b0RUP;Botman;Frøslev;kralle;Noruyp,,4,5
2026-08-03,12609.0,Lavked,19236;20199;21369;24114,1NVISIBLEE;KENSI;sol;xm1nd,,4,4
2026-08-03,12889.0,G2 Ares,19065;21272;23544;24111;25576,hitori;Junyme;SHiNE;tAk;yksjupe,ed9965b1a9db48ad0b06,5,5
2026-08-03,12087.0,Lazer Cats,22680;23151;23589;24204;24325,Kiy0o;Magic;nikitea;Polbandana;tripex17,8d1d44d2eaaccb75283a,5,5
2026-08-03,6033.0,Keyd Stars,19972;21100;22362;22956,ckzao;lash;matios;xureba;zede,,4,5
2026-08-03,13644.0,TDK,16555;16921;18510;19231;20387,Ax1Le;h1te;nafany;sugaR;Xant3r,68e6f4aded759194f56f,5,5
2026-08-03,13937.0,Nordic Partners,12781;16705;20110;21164;21233,Altekz;k1to;L00m1;Marix;myltsi,1c299998799f5210370e,5,5
2026-08-03,13901.0,ex-RUSTEC,19297;19673;24190;24485;24817,Brilliance;jakekeS;Patsi;yiksrezo;youka,eb2dacc94c350f4c113b,5,5
2026-08-03,13868.0,DragonClaw,20071;20686;22129;23297;24895,AntyVirus;Brylu;fanatyk;PeTeRoOo;suonko,e050cd797127c9424139,5,5
2026-08-03,13805.0,Washed,,ANSG1;kiR;kroK;Lucky;suma,,0,5
2026-08-03,13651.0,ReThink,22877;24515,chucker;macke;p1ke;Rack;zeak,,2,5
2026-08-03,12901.0,SemperFi,14294;14990;20003;20244;20881,hazr;keen;SaVage;shadiy;sliimey,879d9886680924226fd0,5,5
2026-08-03,7187.0,Nexus,15118;17117;19173;19817;20872,fNk;Nexius;s0und;SBT;shield,574b0d3cf2502fc2ba03,5,5
2026-08-03,7176.0,RED Canids,18865;20026;20085;25777,chayJESUS;dav1deuS;drop;kauez;reNTU,,4,5
2026-08-03,11251.0,Eternal Fire,12708;16885;19733;21023;22361,DemQQ;EMSTAR;jottAAA;rigoN;Woro2k,c231c03491452703600d,5,5
2026-08-03,13777.0,PURE,22191;22450,MAGILA;maty;Sh1karee;Toshas;yakuza,,2,5
2026-08-03,11110.0,Honvéd,,1NSERT2;esor;fleav;iBALLY;noleN,,0,5
2026-08-03,4869.0,ENCE,18848;21930;22733;24121;24149,Cliqq;HENU;millert;Schwarz;teme,23fbf32475964fa1d8d0,5,5
2026-08-03,10333.0,Sangal,11271;12004;18571;19673;21139,clax;CYPHER;Patsi;pr1metapz;smooya,1f39a9823201026e22bb,5,5
2026-08-03,11555.0,UNO MILLE,2544;16314;16645;24716,ALLE;cLd;drg;pancc;remix,,4,5
2026-08-03,4246.0,Enjoy,,kurosa;nbl;roxesz;sh1geo;zazzer,,0,5
2026-08-03,13747.0,BERG,20429;25153,Askan;CrePoW;KiMaRR;Rezst;Tree60,,2,5
2026-08-03,13668.0,Atreides,19812;20782,Chill;DEPRESHN;Goody;Nivera;Python,,2,5
2026-08-03,13552.0,Endless Journey,21108;24607;24838,Aliot;Caleyy;deb0;pavlysha666;swetsi,,3,5
2026-08-03,13501.0,illwill,9656;11777;17011;20813;20889,7Kick;hAdji;Maden;shalfey;VLDN,b64e267724655fc75998,5,5
2026-08-03,10960.0,Young Ninjas,21142;21512;22035;24734;24911,joeski;mASKED;n0te;rud;tein,63b5e78425de47e3f0b1,5,5
2026-08-03,11933.0,Yawara,22364;22566;22655;24556,deemO;edv;j0w;r3kt;tele,,4,5
2026-08-03,13081.0,Fake do Biru,6593;16817;17553;17585;18610,b4rtiN;detr0ittJ;hardzao;pesadelo;PKL,1f1dbb0f42b950798552,5,5
2026-08-03,11419.0,ECSTATIC,11995;13602;20417;20941;21779,Anlelele;Buzz;nicoodoz;nut nut;TMB,38feabbd02bc1a45468d,5,5
2026-08-03,13613.0,Bebop,14273;20197;20948,faydett;iDISBALANCE;lov1kus;redzed,,3,4
2026-08-03,13281.0,Bushido Wildcats,21253;23687;24842;24843;25007,cacan;cadnyx;Darendeli;Muk0s;Vej,347e60be70d4afed29f5,5,5
2026-08-03,7120.0,Entropy,21164;22060,delle;dottie;flaw;L00m1;tevsii,,2,5
2026-08-03,13546.0,Strael Bora,25524;25604;25605;25606,5 Star;AdaMmMm;maddeN;newhope;Wumbo,,4,5
2026-08-03,13573.0,ex-Zero Tenacity,5351;20252;20253;21302;21783,aVN;brutmonster;Cjoffo;Dragon;Kind0,813971a6c47f31b6eb30,5,5
2026-08-03,5137.0,Poland,18070;18979;22473,Demho;Prism;Qlocuu,,3,3
2026-08-03,12646.0,Chinggis Warriors,19229;19537;19828;22414;25510,cool4st;Efire;Redka;ROUX;tikuak,5931cfe123f0e4081778,5,5
2026-08-03,13617.0,ex-RUBY,20504;22039;22189;22326;22459,danistzz;H4SAN4TOR;Kaide;sh1nejezzz;YumsaN,767f4df640410769c6df,5,5
2026-08-03,11514.0,Rare Atom,7028;21825;24304;24306;24748,3gl;chengking;L1haNg;Summer;Trash,dfac3fc8bf9bc1fcb0b1,5,5
2026-08-03,7865.0,HAVU,9818;21963;22143;22144;22211,Alxc;ottob;p3kko;puuha;uli,cafbd75d62b9de4d1423,5,5
2026-08-03,13681.0,Inner Circle Academy,,3ippoch;L1seYoung;n0rths;NaYz;Tamefear,,0,5
2026-08-03,11176.0,MOUZ NXT,21988;25254;25255;25593,ay0k;eSx;mixer;Nikodeon;opdust,,4,5
2026-08-03,11955.0,LAG,12102;15176;16647;19128;22552,Bwills;Cryptic;djay;Sandman;SLIGHT,9baf20a3414cd4412c07,5,5
2026-08-03,13012.0,HYPERSPIRIT,15573;17116;18294;21117;21337,ADRON;Ciocardau;d1maje;ragga;starplajerz,dd433dc1372c447eea34,5,5
2026-08-03,12554.0,regain,19707;23136;23137;23138;24045,dvrk;grape;H0NeST;sasha;Zucar,08e9948a9b34bce5efdf,5,5
2026-08-03,13124.0,Marsborne,12937;13230;17353;19705;22069,chop;Cxzi;Grizz;motm;WolfY,c486910f1c211a302ecb,5,5
2026-08-03,13877.0,Noir Verse,18456,fostar;kirxttu;Naginat;Santuriano;xeNji,,1,5
2026-08-03,13331.0,Kaleido,20258;23596;24747,chuzhongT;expSasiKi;rage;SPine;suki,,3,5
2026-08-03,13888.0,roamsfiest,24584,Realyummy;Sn0w;TiiREX,,1,3
2026-08-03,13571.0,SINQU,,Eem3l1;imbaemba;MikOne;Onjib;wejkko,,0,5
2026-08-03,13683.0,WBT,21650,fl1peR;marat2k;NxStep;svemyy;tired73,,1,5
2026-08-03,9958.0,Alter Ego,20283;22680,BnTeT;Gratisfaction;PokemoN;Polbandana;tomiko,,2,5
2026-08-03,11768.0,ODDIK,21169;22777;24772;24782,Ceruttera;diozera;nardes;PremiuM;righi,,4,5
2026-08-03,12646.0,Chinggis Warriors,12956;19229;19536;22414;25510,Efire;hasteka;ROUX;tikuak;yAmi,4f71830ed12ece962920,5,5
2026-08-03,12818.0,FAVBET,2131;18240;19614;20110;20228,bondik;j3kie;Marix;s4ltovsk1yy;Smash,7c5e87f24d0ff0cb4725,5,5
2026-08-03,13163.0,ALGO,13679;17113;20926;21211;23614,adeX;aNdu;Bambosh;nukkye;szejn,6d64a1dbb12d177cedee,5,5
2026-08-03,9881.0,Rooster,12877;14333,ADK;chelleos;ju1ces;rekonz;SkulL,,2,5
2026-08-03,3044.0,MIBR Academy,6553;22964;23169;24284;25108,fl4sh;Jerr1;lkz;revoltz;stormzyn,dd26a1d3b1d4224734ae,5,5
2026-08-03,11248.0,SAW Youngsters,23480;23482;23559;24634;25208,Jayy2s;jERK0z;M1KA;snowiee;tuxa,d0b40adb3da8c9644e5b,5,5
2026-08-03,13501.0,illwill,8311;9656;16080;19698;20889,7Kick;adamS;dycha;hAdji;nEMANHA,0fd23724f279a2fe1534,5,5
2026-08-03,13575.0,WAZABI,,BacH;BangBang;Laykinn;m0vski;VireZ,,0,5
2026-08-03,10975.0,MIBR fe,11215;16341;21800;21801;23463,Dani;GaBi;Olga;poppins;yungher,9b56a68b02d01406acef,5,5
2026-08-03,7900.0,Spirit Academy,23193;25390;25622,k0gaSs;Kiryasoo;Netrix;s1nside;VILBy,,3,5
2026-08-03,13321.0,Falcons Force,22048;25095;25332;25432,grecu;NaToSaphiX;NucleonZ;Tapewaare;VENO,,4,5
2026-08-03,13666.0,BMZ,19538;21428;22908,fury5k;MagnumZ;QQLIGHTNING;rhittacrit;Wonderzce,,3,5
2026-08-03,12352.0,Sashi Academy,22940;24102,Bl4zE;Damsi;Mizi;Mol011;Thom,,2,5
2026-08-03,13715.0,Hashiras,284;13026;13718;13749;22904,birdfromsky;Burmylov;c0llins;JACKZ;Queenix,c1b98de59b3e8c13d064,5,5
2026-08-03,12609.0,Lavked,20199;21369;24171;24172;24818,1NVISIBLEE;Djon8;k4nfuz;sol;yuramyata,d2f5933777dca610be23,5,5
2026-08-03,5973.0,Liquid,8520;8738;16820;19206;21763,EliGE;jL;NAF;siuhy;ultimate,88b14056df374018c887,5,5
2026-08-03,12878.0,BC.Game,630;7998;8918;22807;23140,aragornN;electroNic;krazy;MUTiRiS;s1mple,ae6bcae18d9a803e55f9,5,5
2026-08-03,10854.0,los kogutos,20283;20284;23767,AdrieN;hotd0g;maaryy;Markoś;tomiko,,3,5
2026-08-03,12973.0,NuTorious,17478;23412;24524;24946;25582,bones;cmrn;Kermi;neight;Signal,1077c390c0889cf611ac,5,5
2026-08-03,13433.0,Last Bullet,16768;16778;19735;21509;22000,B1NGO;BZA;lan;Miami;Roninbaby,b138310299bababf44af,5,5
2026-08-03,11668.0,Mindfreak,,Bay;kairo;phoebe;void;zune,,0,5
2026-08-03,13894.0,Mai Tai,20283;22385;24474,aimy;chudy;Melavi;next1me;tomiko,,3,5
2026-08-03,11555.0,UNO MILLE,2544;19975;22423;23587;24716,brokeN;cLd;clon7;Ltz;remix,7073277c1782b6f83206,5,5
2026-08-03,11795.0,Villainous,23226;23672,Burglar;DYLAN;Jolts;Panic;Sunk,,2,5
2026-08-03,11446.0,Leo,19617;20828;21065;21650;22649,amster;leri511;Malkiss;marat2k;OneUn1que,b3ce33756740485a0960,5,5
2026-08-03,13761.0,Vexar,,ADntZ;datet;KarmaN;KEEMBO;obsward,,0,5
2026-08-03,6810.0,aimclub,16971;21213;21716,ERSIN;waZz;zewts,,3,3
2026-08-03,13735.0,Haunted House,18989;22638;23361,fr0k;icyvl0ne;malinov;SasukeQO;Schwarzkopf,,3,5
2026-08-03,13646.0,Fortress,,As K;BqreBedre;Brand;GrEnNiE;K1ngShield,,0,5
2026-08-03,11581.0,HOTU,16612;19823;21385;21387;21692,dukefissura;gokushima;kAlash;mizu;n0rb3r7,bfcaeeb6019cb1bf807b,5,5
2026-08-03,10371.0,NAVI Junior,23753;25060;25674;25675,FAZERY;kodak;MahaR;skizzyee;yoki,,4,5
2026-08-03,13714.0,DONSTU,20946;21350;25167;25168,Due1yant;gleb86rus;LAKSHERi;NeoLife;phorate,,4,5
2026-08-03,13528.0,Misa,21023;24625,Ckanic;EMSTAR;h0kz;souv;Zuedsta,,2,5
2026-08-03,12988.0,GameHunters,17028;19872;21099;22126,abr;BK1;Bruninho;bsd;nyezin,,4,5
2026-08-03,5639.0,aAa,8183;21967,AsI0K;Rain;Saax;SLIE9000;Tarkky,,2,5
2026-08-03,13524.0,OLDBOYS PL,,Goofy;MICHU;rallen;ToM223;tudsoN,,0,5
2026-08-03,12534.0,BOSS,13250;16647;19128;24890;25524,ben1337;Bwills;marekiew;SLIGHT;WUMBO,7440d730d82ec1270fa9,5,5
2026-08-03,12960.0,Fire Flux,15732;22806;25500;25540,Cizzx;Quality;xEternaLxx;zemix;zer0UKY,,4,5
2026-08-03,13914.0,Privateer,17656;20128;21990,Ariant0;dobbo;Frazehh;M1n1maL;Prime,,3,5
2026-08-03,13599.0,benched gods,,BloodyK;f1chper;facer;K014NZ;Wign,,0,5
2026-08-03,13857.0,Iowa Stormboar,20330;23088;23690;24234;24528,aelor;ayaneuu;jsfeltner;Scorchyy;TyRa,d1a0612fbdeb2bb10e71,5,5
2026-08-03,13403.0,TNC,20284;23767;24243;24244,AdrieN;maaryy;Nami;yvro,,4,4
2026-08-03,12745.0,brazylijski luz,24243;24474;25071,aimy;chudy;elem;Nami;next1me,,3,5
2026-08-03,13175.0,Change The Game,23001;23906;24644;24855;24858,957;Hack1ng;LaiKeXu;ProKiller;VanceKK,557c3d7cbce81167ed72,5,5
2026-08-03,13894.0,Mai Tai,22385;24243,chudy;darchevile;Melavi;Nami;Pelle,,2,5
2026-08-03,13026.0,BESTIA Academy,22559;24560;24563,agt;F4QQ;Jotag3;Lekzi;lezy,,3,5
2026-08-03,13694.0,THE UNIT,,ad0rfin;kyrosawa;nesh,,0,3
2026-08-03,12164.0,Zomblers,20273;20787;23410,CAJUN;CoolComs;FxRE;Pose1doNN;Zoker,,3,5
2026-08-03,12899.0,FengDa,24305;24306;24748,3gl;afufu;p5p;Trash,,3,4
2026-08-03,11018.0,megoshort,7700;17769,jayzaR;qvick;robiin;Twinkey;zen,,2,5
2026-08-03,13233.0,HEROIC Academy,24281;24690;25331;25585;25676,HOLY;Hrdina;Muciek;St0m4k;Yoghi,7543f900ceba6f1f3ea5,5,5
2026-08-03,13766.0,Phantom Academy,24833;25104;25948,Ayteel;Brain47;kalyambys;Kunai;parad17se,,3,5
2026-08-03,13892.0,ex-MANA,18119;20434;21109,ammar;BledarD;cerber;vAloN;xonn1k,,3,5
2026-08-03,13574.0,Club 333,2213;16976;22547;23458,4TAYLOR;kobruh;laxiee;Marro;SecretAgent,,4,5
2026-08-03,8536.0,Ground Zero,,apocdud;damyo;Omichella;pz;vision,,0,5
2026-08-03,13889.0,train launcher,22380;23742;23812,bsover;Leon1das;Majkn;Siz;timothybtw,,3,5
2026-08-03,6033.0,Keyd Stars,18891;18894;22362;22956,CutzMeretz;lash;matios;t9rnay;xureba,,4,5
2026-08-03,12267.0,UNiTY,15818;15821;20229;21165;23469,K1-FiDa;M1key;MoriiSko;NEOFRAG;woozzzi,f6568e478ed3ecce1cbe,5,5
2026-08-03,13827.0,NEW VISION,,fen2k;hahanz0;w0l33n;wonimo;x1nk1n,,0,5
2026-08-03,11955.0,LAG,12102;19177;20572;22552,consti;djay;kmrn;Sandman;Wolffe,,4,5
2026-08-03,12825.0,The QUBE,24302;24396;24512;24513,Cozen;grizzly;Kamui;Paranormal;soloooS,,4,5
2026-08-03,13665.0,FarmVille,14744;20204;24945,adam;BeaKie;calamity;cJ dA K1nG;sleepz0rk,,3,5
2026-08-03,13053.0,Just Swing,10722;20354;22441;25247;25319,gas;Purely;qqGOD;sATOR1;skrr,de0df596adaaa4158306,5,5
2026-08-03,13314.0,KOLESIE,3669;15940;20637;22473,b1elany;innocent;Markoś;Qlocuu;Sobol,,4,5
2026-08-03,7875.0,struggletony,13718;13749,birdfromsky;Q-Q;Queenix,,2,3
2026-08-03,10254.0,BIG Academy,19284;24358;24810;25676,aZe;doni;Hrdina;prosus;w1dow,,4,5
2026-08-03,13902.0,BORRACHEIROS,25035,Lacerda;neozix;nolkz;rainny;zock9,,1,5
2026-08-03,13161.0,eternal premium,,dazzy;famous;Innerpeace;P1kan0;skept1K,,0,5
2026-08-03,9735.0,Lilmix,3329;13669;15501;23696,b0denmaster;Jackinho;quix;Wonder,,4,4
2026-08-03,13756.0,ALKA,13287;22109;22404,bnc;cerolzin;proSHOW;puni;vinaabEAST,,3,5
2026-08-03,12363.0,Arcade,,74LOR;Jynx;Kras;Mechanical;N1ghtraid,,0,5
2026-08-03,11905.0,paiN Academy,22163,k9izer;Misfit;Rkzinho;Tatu;tsug,,1,5
2026-08-03,13856.0,ex-Aether,14799;21813;24045;24238,bezymecc;brett;H0NeST;s3rum;xaler,,4,5
2026-08-03,11011.0,Patins da Ferrari,18891;18894;20939;21286,CutzMeretz;history;mlhzin;nicks;t9rnay,,4,5
2026-08-03,12908.0,Aether,14799;20573;21813;24045,Andrew;brett;H0NeST;Seb;xaler,,4,5
2026-08-03,13778.0,insane players,18706;19079;22967,freshie;Fruitcupx;ogwizard;sml;Wolffe,,3,5
2026-08-03,12948.0,BORING PLAYERS,22997;24036;24387;25246,D1zzyg;Jun7;Miszary;tutu;zdr,,4,5
2026-08-03,10854.0,los kogutos,20284;22474;23767;24244,AdrieN;maaryy;POLO;Showk;yvro,,4,5
2026-08-03,12267.0,UNiTY,15821;20345;20677;21165;23469,2high;KWERTZZ;M1key;NEOFRAG;woozzzi,135d80b16d19a4cf2b21,5,5
2026-08-03,13837.0,SHISHKA,12027;17011;19882;22039;24485,danistzz;Krad;Norwi;shalfey;yiksrezo,cb5413a184cb101e8d2c,5,5
2026-08-03,13776.0,Just Players,21367;21431;22327,em0k1d;rexxie;Something;spirit;sstiNiX,,3,5
2026-08-03,13425.0,Reign Above,17437;19301;24681;24866;25580,AEROj;cobalt;dAVE;louie;SeRCEra,f203bf60af884d505ba4,5,5
2026-08-03,13729.0,EMPIRE,21584;23376;24660;24869,BAGEL;C0C0;KmZ;no1nx;twigs,,4,5
2026-08-03,13858.0,cirahvi,9325;14236;21931;24995,8Juho8;allu;arvid;Myggis;oopee,,4,5
2026-08-03,13691.0,Back to Back,21100;21290;24641,edv;fokiu;perez;protado;zede,,3,5
2026-08-03,13759.0,mellren,,Maksilvl;mdl;menddel;shootic,,0,4
2026-08-03,6810.0,aimclub,9626;16971;20158;21213;21368,Ed1m;ERSIN;RoberttMP;XELLOW;zewts,b7417bf13be04fca0304,5,5
2026-08-03,11668.0,Mindfreak,,Crunchy;dpr;kairo;tucks;zune,,0,5
2026-08-03,11018.0,megoshort,7700;17769;20066;24462;24727,aidKiT;mogv;robiin;titulus;Twinkey,e362432dfb0e55fd4240,5,5
2026-08-03,12190.0,Shimmer,16581;22302;24415,alicerawr;AVA174;empathy;Serendipity;Stx,,3,5
2026-08-03,10278.0,9INE,2898;17117;20300;20309;22702,bnox;cej0t;kraghen;raalz;shield,6841d702ce6000341a27,5,5
2026-08-03,13686.0,Abyssal,,blood;dangeR;foggers;gump;vinhy,,0,5
2026-08-03,13450.0,yngods,23638;23687;24316;24318,7tetsu;Muk0s;Remill;tommy;whisper,,4,5
2026-08-03,12457.0,ROUNDS,,Kollo;Lapa;Monoxx;p12;ykis,,0,5
2026-08-03,13574.0,Club 333,23199;23458,laxiee;Marro;mason;N2o;obi,,2,5
2026-08-03,13591.0,ALTAY,,ARSPOWER;Blackout;kiytsu;Plain7,,0,4
2026-08-03,13788.0,Clutchain fe,16497;18775;21756;22062,Kat;tory;twenty3;vicu;zAAz,,4,5
2026-08-03,13364.0,Famalicão,20750;21115;23141;23480;24905,h0t;M1KA;P3R3IIRA;seabraez;Sprayy,54ae997fed503317d466,5,5
2026-08-03,13865.0,Arch,,Dis1;f1R;ka1do;MaLLiC;web sun,,0,5
2026-08-03,13745.0,KUUSAMO,,epik;Keksimage;Orava;osku;rbm,,0,5
2026-08-03,11129.0,bankaPEPSI,,HUckLer;lesswill;lUMiER;SEMSYS;xsepower,,0,5
2026-08-03,13366.0,Invicta,22091;25088,artie;Griller;SinK,,2,3
2026-08-03,13791.0,Julie&Cie,1656;9616,amanek;Empera;Joker;KIRADODO;Monkey D Julie,,2,5
2026-08-03,13789.0,Subtop De France,,Razzmo;Revol;sanjoCRAKITO;Supr3me;XiMaa,,0,5
2026-08-03,13726.0,METANOIA Wolves,21888;22085;24298;24930,ALENNNCAR;ntx;spinnie;Thuister;vzn,,4,5
2026-08-03,10997.0,Procyon,17997;18549;19086;23549;25106,laser;lenci;MaxOff;next;pavv,35b2da0cb01ba7ba577d,5,5
2026-08-03,13855.0,Overtake Sector,,intra;jason;LEARSI;sacrifice;Umar,,0,5
2026-08-03,9735.0,Lilmix,3329;22380;23741;24518,bsover;doobs;quix;walleN;zen,,4,5
2026-08-03,13845.0,Dark Moon,23304;25632,d3j4vy;keiyon;Maison;ri0dayungog,,2,4
2026-08-03,13834.0,A Great Chaos,,7EMPORARY;Pleb0rs;seilysh;whitezins;ynrii,,0,5
2026-08-03,12971.0,Wanted Goons,23589,hibui;Johan;killerPandas;Magic;relt,,1,5
2026-08-03,13551.0,OlyBet,19566;23720;24591,cgk;ChipaaN;Frip;hexoq;imp,,3,5
2026-08-03,13726.0,METANOIA Wolves,6536;21888;22085;23960;24930,Lcs;sakamoto;spinnie;Thuister;vzn,48ba31276cedae8a718a,5,5
2026-08-03,13327.0,R2,10506;20531;24558,ABM;fakzwall;maaxg1;Rivo;tutehen,,3,5
2026-08-03,11336.0,DETONATE,25567,carN;chante;duhpe;Feral;tatm,,1,5
2026-08-03,8947.0,XI,,Bakorino;Egelund;emili0;ETYYY;Jiace,,0,5
2026-08-03,13689.0,Fuzos,20053;20054;20055,Mané;rafaxF;Slaxx;Stepa,,3,4
2026-08-03,13499.0,Voca,14619;17918;19709;19711;20692,dea;Infinite;nosraC;shane;snav,2bba620cd7ac5204c394,5,5
2026-08-03,13279.0,LPH,22863;24553,d0mZ1k;Fajr;KAD1M;lojzo;N1KOLAJ,,2,5
2026-08-03,13915.0,Voracity,,jeyN;moz;N0R1;swaggy;wfn,,0,5
2026-08-03,11278.0,Coalesce,,D1ntrIXxX;onder;sen1ar,,0,3
2026-08-03,13475.0,FOLHA AMARELA,11337;18140;19972;22084,ckzao;f4stzin;mello;RCF;s1cko,,4,5
2026-08-03,13803.0,DNK,,dethera;indoubt;Plain7;RamBLBi;tier0 s,,0,5
2026-08-03,7556.0,Tricksters,,Halfjix;iRV1NG,,0,2
2026-08-03,5105.0,Romania,9626;12945;19173;19817;22563,Blytz;fNk;fnl;s0und;XELLOW,ecea19805ac3bb36b4a8,5,5
2026-08-03,13787.0,ZEVS,26124,bexyz;dobo;FELSADIA;GEZUU;versa,,1,5
2026-08-03,12194.0,Rune Eaters,21691;22538;23599;23858,dako;fitch;forkyz;her1tage;mo0N,,4,5
2026-08-03,9942.0,MARKandLARRY,,BRACE;micalis;Roflko;yourwombat;zeph,,0,5
2026-08-03,11905.0,paiN Academy,,akasay;Markz;Tatu;tsug;vtnn,,0,5
2026-08-03,13794.0,900FPSvsECO,20234;24669,Gabe;mds;Termina;Valter0k;Zoker,,2,5
2026-08-03,13736.0,Sensation,,ncl;Tsogoo,,0,2
2026-08-03,13660.0,Ding Cuts,,biebs;blood;delkud;maxed;Val,,0,5
2026-08-03,,Wampirki,16392;21211;25708;25709;25770,adex;Arielek;Kamo;Kizzzi;patrikinho,892843ad4a3c8506645c,5,5
2026-08-03,13552.0,Endless Journey,21431;24607;24838,deb0;pavlysha666;sstiNiX;swetsi,,3,4
2026-08-03,13870.0,Wingman,,la3euka;Minor;MoWeL;xnkka;Z1W0W,,0,5
2026-08-03,12533.0,Atrix,19998;20501;21733;23092;23514,bokor;Eleven;LyttleZ;REGIANE;Sofiaxyz,2f6b8f40e062c2af2ee7,5,5
2026-08-03,13909.0,Jumprava,24591,cgk;ChipaaN;whitezins,,1,3
2026-08-03,13014.0,Wave,,Belof;hayanh;Katalic;miksozzz;sheezy,,0,5
2026-08-03,12276.0,DXA,,c4put;JiNxZiE;Myst;Supers;Zoot,,0,5
2026-08-03,6788.0,Crashers,21038;23829;24015;24717,Machado;mtsGOD;nikz;Reix;trindade,,4,5
2026-08-03,13414.0,Rave,14494;15176;17929;21128;23458,Cryptic;junior;laxiee;Pluto;Walco,d07f080d402802bb43ad,5,5
2026-08-03,13664.0,ex-KRÜ,9221;17277;18549;20531,1962;ABM;guidimon;laser;reversive,,4,5
2026-08-03,13797.0,ZOTIX,,byr9;EsD;kalyambys;xeNji,,0,4
2026-08-03,12534.0,BOSS,8507;16647;17372;19079;19128,Bwills;FaNg;Fruitcupx;SLIGHT;stanislaw,f56448ed065525d01e79,5,5
2026-08-03,13879.0,Festina Lente,18442;19079;25226,FRIZZY;Fruitcupx;gamble;Maxuel,,3,4
2026-08-03,12568.0,EC BANGA,12416;20002;20474,blazekiNho;keni;Labreenc;makaroff,,3,4
2026-08-03,12366.0,Aurora Young Blud,25334,k1nco;kurosse;meetyoxanaji;r1pa4;redzed,,1,5
2026-08-03,13665.0,FarmVille,20204;21093;24873,BeaKie;cJ dA K1nG;HAMBOOGA;sava9e,,3,4
2026-08-03,13265.0,MAGICOS,6536;25031;25033;25727,Cr1a;Lcs;rx;snow;zuzu,,4,5
2026-08-03,4869.0,ENCE,12731;19044;20282;21815;21972,F1KU;kRaSnaL;Neityu;podi;sdy,a4061a8fe96be6adc150,5,5
2026-08-03,12421.0,Let Her Cook,1572;20165;22023;22024;22871,JennyR;Joanana;pauliiee;spike;vilga,96b84b75df8cd325f8bd,5,5
2026-08-03,11711.0,Players,25552,Lich;MITHPUTTINI;souz4h;space;xns,,1,5
2026-08-03,13775.0,playersclub,22450;22460;24726,heis999;riskyb0b;sad;Yakuza;z3ndeR,,3,5
2026-08-03,13695.0,CTRL,,AliBond;godkU;Rhyza,,0,3
2026-08-03,13792.0,Persona Grata,15118;21143;22191;22474;22475,MAGILA;nestee;POLO;SBT;sk1tt,c8df75e6032b06e674fd,5,5
2026-08-03,12846.0,M1X KS,,Dementor;gejmzilla;Lewis;tripey;v1w,,0,5
2026-08-03,13746.0,MTX,22646;25781;25782;25783,EgorMercedes;frakenzor;joly;kyoto666;md262,,4,5
2026-08-03,13732.0,B8 Academy,25805,k1n;La1roN;r0se;segukawa;sherman,,1,5
2026-08-03,13413.0,Vasco,10827;10838;10840;23588;24015,mawth;n1cks;prt;tatazin;trindade,ce518f0cae5d9dd6255f,5,5
2026-08-03,13757.0,ACROBATS,12027;12732;20101;22535;23927,dwushka;fame;FL1T;Krad;tried,944ca66770db484f1cbc,5,5
2026-08-03,10976.0,FURIA fe,11872;16340;17288;21219;22839,bizinha;gabs;izaa;kaahSENSEI;lulitenz,10dd16af0d8ef7254cf3,5,5
2026-08-03,13725.0,GUARA,,fnbJESUS;Longo;neskk;paqueta;Tineu,,0,5
2026-08-03,10679.0,Red Feet,,Aker;coxa;Kaiserzy;palenscki;terran,,0,5
2026-08-03,10930.0,atputies,,Brens;m1kketye;Pleb0rs;whitezins,,0,4
2026-08-03,13643.0,rottweilers,11343;15369;16412,bavar1n;rafftu;REDSTAR;shin;SHiPZ,,3,5
2026-08-03,11718.0,BIG EQUIPA,21849;22063;23090;23995;24006,aiM;ASTRA;Emmsan;Hanka;sosya,d12495477296fea24ee2,5,5
2026-08-03,13912.0,Grêmio,25464;25465;25553,balencyy;MITHPUTTINI;s1lent;souz4h;yeda,,3,5
2026-08-03,13516.0,Fingers Crossed fe,15831;22028;22604;23438;23505,D7;irbitka;Margo;v1spel;xia,c69b7df44fd80035b2bb,5,5
2026-08-03,13913.0,Trainwrecks,,AhMa;Hattivatti;LapaSSS;melty,,0,4
2026-08-03,13753.0,Basement Bobs,24022;24067;24286,DALIEN;levantino;MadeInRed;Pedrinho2011;Uzman,,3,5
2026-08-03,12973.0,NuTorious,20793;24769,Austin;Msaia;sayN;Toasty,,2,4
2026-08-03,13884.0,Olympus,24888,Bizarre666;k6rdon;relan;tarturb0b,,1,4
2026-08-03,13395.0,hindsight,21793,Ann4;Kaoday;Madam;mikeri;pullox,,1,5
2026-08-03,10838.0,Incognito,18090;20934;24892,AbbyDog;Juna;micro;Sathsea;Tender,,3,5
2026-08-03,13704.0,Drama,20685;25460,andr1x;choiv7;d0jca;miwo;nopzy,,2,5
2026-08-03,13798.0,Clutchain,,Kyojin;Nivera;Python;ScreaM;SHOGU,,0,5
2026-08-03,13613.0,Bebop,14273;19882;20197;22535;23303,dwushka;faydett;h1kaN;iDISBALANCE;Norwi,ae6d4f4248e9f09730d2,5,5
2026-08-03,13743.0,bond1e,22191,MAGILA;prelideN;REL;StreakN,,1,4
2026-08-03,13708.0,5Actors,13157;14175;17012;19236;23927,airscape;Aunkere;Jerry;KENSI;tried,090af28c5f21b7845839,5,5
2026-08-03,11275.0,NSN,3741,Niko;reason;Yuxz;z1ayr;zzi,,1,5
2026-08-03,10299.0,FURY,,cheeseball;cookie;rahley;versa;Winnieeeee,,0,5
2026-08-03,10864.0,VP.Prodigy,24951;25462;25636,lasfas;rokilan;Stoynes;sun;TriBorgg1,,3,5
2026-08-03,9199.0,Aimhaus,,erners;flairr;Mairel;silrak;Yamero,,0,5
2026-08-03,13571.0,SINQU,15562;25677;25678;25679;25680,Geni;J0nneW;KapiV;Lene;Samppa,97282c67feb029394a01,5,5
2026-08-03,13705.0,Imperial Academy,25956,aZe;hyskeee;Kragh;sh1Fu;ta9z,,1,5
2026-08-03,13796.0,Young TigeRES,,Gashhhi4;tronic;z3ndy,,0,3
2026-08-03,12857.0,FORZE Reload,21367;22327;23628,aloneintokyo;KusMe;Something;spirit,,3,4
2026-08-03,13657.0,Blitzkrieg,9214,Jardani;points;spamzzy;TORITO;vanilla,,1,5
2026-08-03,13716.0,IDoPieca,22476;24081;24544,FOKUSSS;keis;mazda;virtuoso;Xydoo,,3,5
2026-08-03,11433.0,Surge,10895;25221;25634,Electrician;frog;Molly;TheJelly,,3,4
2026-08-03,13662.0,home,21775;23106;24426,BehinDx;sacred;stesso;Viggo;wasian,,3,5
2026-08-03,10287.0,Legion,,Bloody;BulleT;hf;HZI;pavast4r,,0,5
2026-08-03,10823.0,INFINITE,19171;21211;25333;25602,adeX;DaciaBlue3;LkS;mhN1;RQBY,,4,5
2026-08-03,13163.0,ALGO,13679;17113;21233;21575;22948,anber;myltsi;nukkye;Scr0b;szejn,aa3b7546ed0fc84fa7da,5,5
2026-08-03,13698.0,GAMEHARMONY,,kriips;Natre;P4nc4ke;pat u;uCr0,,0,5
2026-08-03,13270.0,girl kissers,,kevin;lunari;TeXaSs;violet,,0,4
2026-08-03,13685.0,Skele,,Arctic;lucas222;motion;neo;tidy,,0,5
2026-08-03,13697.0,DAMAJUANA,,boke;Dunn;leo;maik;R4N,,0,5
2026-08-03,11999.0,Grindas,19981;19982;25045,BaGyZ;fello;Sidivo,,3,3
2026-08-03,13242.0,XDM,24310;24974;24975;24976;24977,darkk;Kungao;r1verLaKe;Shad0w;taidao,460f2945a49655b53c31,5,5
2026-08-03,13703.0,ex-Fingers Crossed,9911;22101;22191,kreaz;MAGILA;spardaus,,3,3
2026-08-03,9139.0,BRUTE,21142;22863;23204;23765;24261,hfah;KAD1M;mASKED;realzen;Siko,7b9bd97d2aa6b83da1bb,5,5
2026-08-03,13502.0,Arise,23323,Anasasis;Bhavi;borosto;Ph1NNN,,1,4
2026-08-03,13662.0,home,21208;21775;23106;24426,1mackez;BehinDx;sacred;stesso;Viggo,,4,5
2026-08-03,13624.0,ELITES,,Antuanette;BabyRage;Notjuanjo;Slayerhz;zockie,,0,5
2026-08-03,5479.0,Mythic,8503;15007;15090;20510;22022,Cooper;fl0m;hyza;PwnAlone;Trucklover86,2eb72eae58d9b796bd40,5,5
2026-08-03,12301.0,FlyQuest RED,14401;18641;22111;23391;23621,BiBiAhn;Emy;Fawx;marie;vanessa,5033f24a7aa7b0bf1c6e,5,5
2026-08-03,13706.0,Pugdesonesto,21888;24930,KLR;LIN;phx;Thuister;vzn,,2,5
2026-08-03,13874.0,raisedbypixels,25310;25646,1luke;atyla;bright;flacko,,2,4
2026-08-03,13629.0,HereWeGoAgain,,fraga;guizo;shrr,,0,3
2026-08-03,13519.0,Charrados,24641;25552;25553,bpg;ght;protado;s1lent;space,,3,5
2026-08-03,13774.0,FRZ,18437;22544;24769,brawckzz;j3nni;Jachro;Sharpie;toasty,,3,5
2026-08-03,11109.0,BBBMBCBS,7322,ApeX;Dirty;Fitzy;HaZ;muffin,,1,5
2026-08-03,13629.0,HereWeGoAgain,,flush;fraga;guizo;Ltm,,0,4
2026-08-03,13342.0,Bad Luck,21888;23960;24298;25552,ALENNNCAR;phx;sakamoto;space;Thuister,,4,5
2026-08-03,11711.0,Players,,Lich;MITHPUTTINI;prisma;rainny;souz4h,,0,5
2026-08-03,10901.0,OverKnight,9214;20405;22547;24345,4TAYLOR;AMC;cruzN;Majesticzz;spamzzy,,4,5
2026-08-03,13882.0,6666,,auth0ri;m4d4ra;rickangel;skcH,,0,4
2026-08-03,13826.0,Nas,19060,Biuckmt;Corazz;Mirorr;Mr66;S1kura,,1,5
2026-08-03,13770.0,Unitronics,9339;14359;23850;24753,clyd1e;ImpressioN;Kuma;mENTALPLAY;w1nt3r,,4,5
2026-08-03,13676.0,LAGUNA,13466;16410,dennyslaw;Duplicate;ritchiEE,,2,3
2026-08-03,12352.0,Sashi Academy,,Bl4zE;Damsi;Half;rosen;Thom,,0,5
2026-08-03,13712.0,Z7,,BestR1flerEu;Dobo;Gibsand;Valtr1x,,0,4
2026-08-03,13707.0,Younglings,,7ckingsam;arun;eLa1z;Shed0Z,,0,4
2026-08-03,13116.0,UR,24847;25537;25538;25539,0z;4ever;drace;gLong;yoi,,4,5
2026-08-03,13563.0,Diamant,,Destro;jernejj;jkXy;JuN1;Libra,,0,5
2026-08-03,13142.0,AKA HERO KAJO,,amyb;ItzMqss;miLo;Siljeeeh;Waldee,,0,5
2026-08-03,13543.0,Time Waves,,camille;ElephanT;Harbor;Kezza;lawlkay,,0,5
2026-08-03,13471.0,ALZON,24294;25464;25465;25808,balencyy;ianzin;ntx;wallz1k;yeda,,4,5
2026-09-07,7020.0,Spirit,16920;18317;19808;20423;21167,donk;magixx;sh1ro;tN1R;zont1x,14048abbf062f10a8a24,5,5
2026-09-07,4494.0,MOUZ,18072;18221;20312;24457,PR;Spinx;torzsi;xelex;xertioN,,4,5
2026-09-07,11283.0,Falcons,429;3741;12018;19230;24177,karrigan;kyousuke;m0NESY;NiKo;TeSeS,fa8d993a96ce3adabef3,5,5
2026-09-07,13286.0,FUT,19187;20584;22203;22674;23553,cmtry;dem0n;dziugss;Krabeni;xfl0ud,de7bb15534f87900b1e7,5,5
2026-09-07,9565.0,Vitality,7322;11816;11893;16693;19206,apEX;flameZ;jL;ropz;ZywOo,fb355ad45f970d7a7460,5,5
2026-09-07,12468.0,Legacy,12521;15698;19045;19686;19869,arT;dumau;latto;n1ssim;try,62da00795203c7bd47f6,5,5
2026-09-07,8297.0,FURIA,2023;12553;13915;15631;24144,FalleN;KSCERATO;molodoy;YEKINDAR;yuurih,e0362dcbafd342d82962,5,5
2026-09-07,5995.0,G2,3972;9436;20425;20447;21062,HeavyGod;huNter-;MATYS;NertZ;r1nkle,85a7d1d66417043c287c,5,5
2026-09-07,9996.0,9z,12092;14736;14737;20394;22613,dgt;HUASOPEEK;luchov;max;meyern,26629d7dd5e4a60e1228,5,5
2026-09-07,6667.0,FaZe,9960;10394;21972;22383;22866,frozen;JBOEN;jcobbb;Neityu;Twistzz,a7f8c9ae029a5e9f3092,5,5
2026-09-07,4608.0,Natus Vincere,9816;14759;18987;20127;22673,Aleksib;b1t;iM;makazze;w0nderful,9d2b566c8472997adfa4,5,5
2026-09-07,11861.0,Aurora,7938;8574;18850;19677;21243,Jimpphat;kyxsan;Wicadia;woxic;XANTARES,60e33272652b581b11b5,5,5
2026-09-07,11241.0,B8,20112;21708;22842;23643;25619,alex666;esenthial;kensizor;npl;s1zzi,93a45352761666244eb5,5,5
2026-09-07,13117.0,Inner Circle,16147;19592;23415;24168;24282,cptkurtka023;Dawy;headtr1ck;onic;zeRRoFIX,82071ca5dd86ae09ac80,5,5
2026-09-07,12394.0,BETBOOM,11840;15662;18506;20357;21667,Boombl4;d1Ledez;Magnojez;S1ren;zorte,cdcebaae9b89d9abf120,5,5
2026-09-07,7532.0,BIG,5794;14929;14932;15165;22884,blameF;faveN;gr1ks;JDC;tabseN,4d6af2ad9a22ed3240f5,5,5
2026-09-07,5973.0,Liquid,8520;8738;11617;11630;24203,EliGE;Jorko;JT;malbsMd;NAF,710ed148200e2762b1ab,5,5
2026-09-07,12467.0,PARIVISION,8528;13776;22471;23685;24807,HObbit;Jame;slaxejezzz;xiELO;zweih,b7f6efac5345a44c475e,5,5
2026-09-07,6248.0,The MongolZ,20194;20275;21809;25510;26013,910;bLitz;DarkMeister;Techno;tikuak,01b12c2fdae17201dc37,5,5
2026-09-07,6665.0,Astralis,10096;16726;17956;20304;21217,HooXi;jabbi;phzy;ryu;Staehr,c8d9aa6d3f48b13980c6,5,5
2026-09-07,9215.0,MIBR,19310;19694;20987;21037;21288,brnz4n;insani;LNZ;nqz;venomzera,757d50eee9cf0c993999,5,5
2026-09-07,12474.0,Alliance,7443;16487;21159;22760;22860,avid;bobeksde;eraa;twist;upE,e66fcd64cfe5cf8f8ff5,5,5
2026-09-07,13592.0,magic,19874;22075;22076;23858;24173,AW;MaSvAl;mo0N;sFade8;tenzy,f0a5bed2025716cef475,5,5
2026-09-07,7175.0,HEROIC,13666;20119;21163;21239;21983,Brollan;Chr1zN;MartinezSa;nilo;susp,cecbc60c9300c1eb4b55,5,5
2026-09-07,11581.0,HOTU,16612;18752;21385;22535;24806,dwushka;frontales;kade0;mizu;n0rb3r7,799303ae2e78af257279,5,5
2026-09-07,4863.0,TYLOO,19645;20702;20895;21621;24857,JamYoung;Jee;Mercury;Moseyuh;Zero,05a56bdf4b57fcae5437,5,5
2026-09-07,8474.0,100 Thieves,7592;8183;21816;22695;23397,device;Gizmy;poiii;rain;sirah,179bf391f68c205e0bb9,5,5
2026-09-07,9928.0,GamerLegion,2553;9278;20301;20994;23766,FL4MUS;hypex;REZ;Snax;Tauson,e4ac330e2ee20921557a,5,5
2026-09-07,4411.0,Ninjas in Pyjamas,922;10994;14148;22035;23372,n0te;sjuush;Snappi;stavn;xKacpersky,69b434117d09e87fee19,5,5
2026-09-07,12916.0,Betclic,18070;18979;20018;20960;22473,Demho;ex1st;fr3nd;Prism;Qlocuu,dbb06ab979803c45c554,5,5
2026-09-07,10621.0,1win,16555;16921;19235;20101;21348,ArtFr0st;Ax1Le;BELCHONOKK;fame;nafany,0115c495bdaf1794db6e,5,5
2026-09-07,10245.0,JiJieHao,17675;18120;18163;18790;22419,0SAMAS;Bibu;CacaNito;m1N1;sinnopsyy,b4056806b5e2be8b942c,5,5
2026-09-07,4991.0,fnatic,17803;23046;23414;24283;25228,cairne;fEAR;jackasmo;jambo;mazay,6669426c475872ac65f0,5,5
2026-09-07,13926.0,DENDELE,20558;21170;21221;21921;22911,doc;gafolo;koala;maxxkor;rdnzao,05357aa633fe11759c40,5,5
2026-09-07,4914.0,3DMAX,13138;14176;20482;21969,Graviti;Kursy;Lucky;Maka;misutaaa,,4,5
2026-09-07,11737.0,EYEBALLERS,3849;7528;20879;21012;22914,dex;JW;KRIMZ;maxster;Ro1f,ec16634baf36b6925887,5,5
2026-09-07,12895.0,K27,12004;19575;22886;23686;24725,clax;kashl1d;qw1nk1;X5G7V;xeedo,98e7ebf1b616b052b8f9,5,5
2026-09-07,12878.0,BC.Game,7998;8918;9032;20903;21001,electroNic;Magisk;mzinho;s1mple;Senzu,1e8dc4b366663fe51a5d,5,5
2026-09-07,8840.0,Lynn Vision,16551;18744;20254;22922;23100,C4LLM3SU3;EmiliaQAQ;Starry;Westmelon;z4KR,dbed042ec191be814f2c,5,5
2026-09-07,5378.0,Virtus.pro,8789;23637;24292;24950;24952,AquaRS;b1st;F0R3VER;mir;tO0RO,c1ddc4dbd072559d3f5b,5,5
2026-09-07,12376.0,M80,15370;16599;20104;21665;22921,JBa;Lake;s1n;slaxz-;Swisher,b8f718041db8bac2e331,5,5
2026-09-07,4773.0,paiN,16816;18141;18714;18835,biguzera;piriajr;saffee;snow;vsm,,4,5
2026-09-07,13027.0,Nuclear TigeRES,22878;22880;23762;24568;25807,ayuki;flouzer;m1QUSE;senka;z1k4,1ee5acb720df1bb50596,5,5
2026-09-07,6290.0,Luminosity,17145;19015;19926;20563;22106,afro;AZUWU;Bymas;lux;Rainwaker,511494a49abfdef7edbd,5,5
2026-09-07,13355.0,Nemesis,18670;20709;22536;22930;23047,mag1k3Y;r3salt;Sdaim;SELLTER;tex1y,52b39665597c7c0bef39,5,5
2026-09-07,13518.0,Acend,11217;15369;15385;20097;21657,h4rn;KalubeR;REDSTAR;Skrimo;SPELLAN,9d9fd28afd24d0c2b85c,5,5
2026-09-07,10823.0,INFINITE,9911;12945;19815;20358;20870,Blytz;Dytor;kreaz;sl3nd;volt,e82142782877bf13408e,5,5
2026-09-07,11712.0,Sashi,10330;16723;20090;20417;21199,acoR;Anlelele;Cabbi;MistR;Zyphon,e77b81b2bb1af7631c88,5,5
2026-09-07,7969.0,Nemiga,19920;20387;22864;23317;23319,KaiR0N-;khaN;robo;syph0;Xant3r,61437385a5d55823f7eb,5,5
2026-09-07,6673.0,NRG,7687;8711;12840;13578;20333,Grim;hallzerk;Jeorge;nitr0;Sonic,22650440d422854b12f0,5,5
2026-09-07,13679.0,FOKUS,16486;20625;21815;22759;24332,Banjo;jocab;Matheos;podi;ztr,c7016978e18d9b2a439e,5,5
2026-09-07,12774.0,FlyQuest,4679;11139;11140;17384;18214,aliStair;INS;jks;nettik;Vexite,c8c3914f21ebfc022460,5,5
2026-09-07,13996.0,BBL,16731;21571;21574;24104,Boye;IceBerg;leakz;NickyB;salazar,,4,5
2026-09-07,12257.0,Wildcard,8311;16847;17353;17378;18838,Cxzi;HexT;mhL;nEMANHA;reck,e084f753677bdc11410f,5,5
2026-09-07,13479.0,Omega,22537;24021;25009;25010;25011,adai;Aldikon;Botpa1;dan4o;def1zer,8124f8bbbc49482a2df3,5,5
2026-09-07,13946.0,Jam,16563;18240;19614;22680;25588,Polbandana;Psycho;s4ltovsk1yy;Smash;tyr1k,a4db5a4900099fddff60,5,5
2026-09-07,13814.0,INOX Division,22430;22879;22883;22961;25423,FenomeN;finW;gooddeph;k0s;k1slll,fc8c472e16bb7a27aa20,5,5
2026-09-07,10577.0,SINNERS,11199;12810;21113;23295;23459,beastik;kisserek;MoDo;SHOCK;stressarN,f9db3f6e7670b3bfa33b,5,5
2026-09-07,12536.0,DEPO,11942;12027;22635;24656;25856,buster;Krad;sh1seido;shoxs;wetfy,b4bd3f705246a4c0338d,5,5
2026-09-07,13973.0,Color,13239;20700;23477;23770;23771,cronuss;lattykk;oz1k;Qikert;reyoz,582e4bc55e27dc0f56cb,5,5
2026-09-07,13104.0,Iberian Soul,7996;8371;9254;18749;19509,alex;CRUC1AL;dav1g;mopoz;sausol,f0fef5ec47d6c5dec0e0,5,5
2026-09-07,11641.0,Metizport,8507;14218;19044;19069;24083,F1KU;forsyy;MaiL09;Plopski;stanislaw,bf3f142a181b91d97151,5,5
2026-09-07,13173.0,Phantom,11995;13602;17504;19114;22702,cej0t;KEi;Kylar;nicoodoz;TMB,890bb8cdfed77829d5ff,5,5
2026-09-07,12967.0,WW,20113;21690;22350;23048;23682,ct0m;deko;kelieN;m3wsu;StRoGo,1a3dcfff1ae4dff47e60,5,5
2026-09-07,9455.0,Imperial,10566;12822;20183;22564;22965,chelo;decenty;noway;saadzin;VINI,08ccd1138f5a4981b319,5,5
2026-09-07,13617.0,ex-RUBY,21266;22189;22325;22459;23684,1eeR;H4SAN4TOR;relaxxie;sh1nejezzz;sowalio,33ae6d2a7009e60c0014,5,5
2026-09-07,11251.0,Eternal Fire,16811;20123;20968;21452;22361,jottAAA;Kvem;MisteM;regali;soulfly,5bd946b1a67947c3efe3,5,5
2026-09-07,11609.0,GenOne,15117;19738;21971;22481;25388,bL4SEZ;Brooxsy;Chucky;Djoko;Keoz,7b43f0d89764c946cc6e,5,5
2026-09-07,13375.0,SportsBetExpert,13230;14619;19177;19709;22135,consti;Infinite;motm;Peeping;shane,3433cd3a6430aa5baa73,5,5
2026-09-07,13908.0,Butterfly,13982;20621;21365;25608,ayano;Forester;k1ssly;Kurama;nitzie,,4,5
2026-09-07,10278.0,9INE,2898;20300;20637;21715;25076,b1elany;flayy;kraghen;raalz;rim3,8252392811fd4f90f676,5,5
2026-09-07,11837.0,Fluxo,11154;18865;19692;20385;23587,dav1deuS;exit;kye;Ltz;zevy,9e314b60b5d2a2436771,5,5
2026-09-07,13333.0,ASTRAL,19725;22008;23545;24704;24997,gxx-;meowpop;Neqy;RaY5ive;swiz,81f5e68099df0d475ef3,5,5
2026-09-07,9139.0,BRUTE,8488;19594;20066;22280;23765,aidKiT;hfah;majky;nbqq;ZEDKO,64ef1dc5397cab44d4b2,5,5
2026-09-07,12194.0,Rune Eaters,19823;22538;23543;23598;23599,demente;dukefissura;forkyz;her1tage;noni,994b0c0012f23d9df80d,5,5
2026-09-07,13573.0,ex-Zero Tenacity,20252;20253;20813;21302;21783,brutmonster;Cjoffo;Dragon;Kind0;VLDN,56f30d60d4612b05ae48,5,5
2026-09-07,13486.0,THUNDER dOWNUNDER,9115;10588;11139;18545;20527,aliStair;asap;dexter;Liazz;TjP,37b8d597de5be61440f7,5,5
2026-09-07,12380.0,CYBERSHOKE,17508;20430;22803;23600;24176,Alkaren;alpha;bl1x1;glowiing;Mokuj1n,c6e3351ead85d33c1a26,5,5
2026-09-07,13178.0,NOVAQ,334;11940;23292;23541,AdreN;neaLaN;nyx;Pump;tasman,,4,5
2026-09-07,11312.0,QUAZAR,17293;24319;24406;24900;25077,gehji;kaiori;Ne1XXX;newt;Porya,bd4c1abf3532e6173417,5,5
2026-09-07,13838.0,EAC,16718;16753;22948;24113;24425,anber;bekker;Fessor;n1Xen;sSen,f9e61d9b25d0dd791862,5,5
2026-09-07,10503.0,OG,7964;8374;19064;20878;21139,adamb;bodyy;cadiaN;pr1metapz;spooke,d9a73821e0b4f55492ac,5,5
2026-09-07,13989.0,UPGRADE,24920;24924;25710;25712;26073,DAN9ARMATURA;dezl3bio;pleynnn;SquEzxc;tw1sterzaza,1946cba97c12a88f4e2d,5,5
2026-09-07,12677.0,Galorys,6593;9483;18610;20522;23551,destiny;detr0ittJ;gbb;PKL;tomate,346a293a223512477611,5,5
2026-09-07,12144.0,BESTIA,19985;20185;20607;22570;24863,buda;cass1n;nacho;timo;tomaszin,dc9c7e9cb94caee9c7ac,5,5
2026-09-07,13181.0,BASEMENT BOYS,20421;20422;22945;24246;24672,fakerealityy;kr1vda;maggent;OWNER;Tr0ublE,ffc6058811a79f0d0c78,5,5
2026-09-07,11955.0,LAG,12102;15176;16647;19128;22552,Bwills;Cryptic;djay;Sandman;SLIGHT,9baf20a3414cd4412c07,5,5
2026-09-07,13281.0,Bushido Wildcats,21253;23687;24842;24843;25007,cacan;cadnyx;Darendeli;Muk0s;Vej,347e60be70d4afed29f5,5,5
2026-09-07,13619.0,BET-M,20207;20402;22040;22927;23302,bluewh1te;executor;Raijin;synyx;z1Nny,d1997d69c404a98d1b76,5,5
2026-09-07,13924.0,Black Phoenix,21513;22676;24326;24485,4X1s;karnez;Salazar;topo;yiksrezo,,4,5
2026-09-07,13314.0,KOLESIE,3669;20018;20637;20960;22473,b1elany;ex1st;fr3nd;innocent;Qlocuu,e8287d89dea8c1e92e4d,5,5
2026-09-07,13499.0,Voca,10892;14494;17918;19710;19711,dare;junior;MarKE;nosraC;snav,561ec338f0d24d7c4910,5,5
2026-09-07,12267.0,UNiTY,20345;20677;21165;22563;24584,2high;fnl;KWERTZZ;M1key;Sn0w,961e3be6691601cf603f,5,5
2026-09-07,13808.0,Walczaki,15203;20245;20958;21263;21265,bajmi;olimp;reiko;SaMey;sNx,042922c232bfd59e5b8b,5,5
2026-09-07,7187.0,Nexus,15118;17117;19173;19817;20872,fNk;Nexius;s0und;SBT;shield,574b0d3cf2502fc2ba03,5,5
2026-09-07,13214.0,SPARTA,11498;13281;16948;17508;18510,El1an;glowiing;NickelBack;sugaR;TRAVIS,d697d7042e91a6e063f8,5,5
2026-09-07,12959.0,ShindeN,18554;20451;20992;21155,abizz;guty;ivz;naz;tom1jed,,4,5
2026-09-07,13901.0,ex-RUSTEC,17011;19297;19673;24190;24817,Brilliance;jakekeS;Patsi;shalfey;youka,d95376afadedca7d6a7a,5,5
2026-09-07,12857.0,FORZE Reload,13240;20504;22326;23628;25609,HeCkBNk;Kaide;KusMe;Lack1;YumsaN,1c5eb5017c493c82509a,5,5
2026-09-07,11699.0,BAKS,19882;21447;22039;24316;25509,danistzz;Norwi;turbo;whisper;xdENiSZERA,960ff0e6c968a052e212,5,5
2026-09-07,13304.0,LP,14010;17132;20521;21284;23550,Alisson;divine;happ;Leomonster;zmb,f05957b82dce82160422,5,5
2026-09-07,10459.0,ARCRED,18671;19703;20207;20402;21363,Get_Jeka;Raijin;Ryujin;shg;synyx,54d5af26fed8e2037f75,5,5
2026-09-07,13623.0,STATE,13077;13170;13749;21381;22950,kwezz;Patti;Queenix;sL1m3;Zanto,c8cf8cfee09e87cca48f,5,5
2026-09-07,8536.0,Ground Zero,14294;20881,apocdud;hazr;Omichella;sliimey;vision,,2,5
2026-09-07,13124.0,Marsborne,18706;21620;22069;22967;25524,freshie;Grizz;nicx;ogwizard;WUMBO,b315ae2a0e18bc654ba4,5,5
2026-09-07,12604.0,Johnny Speeds,9255;9766;20133;22380;22877,bsover;draken;hampus;Rack;Svedjehed,28fefe5094ccb7d4b2b7,5,5
2026-09-07,12889.0,G2 Ares,19065;23237;23544;24111;25576,hitori;Junyme;SHiNE;TMKj;yksjupe,7530516c0d2d0ffe6302,5,5
2026-09-07,6089.0,The Last Resort,20336;20339;20340;20908;22192,arTisT;bevve;Extinct;Girafffe;Vacancy,e51e46ade62533cad99a,5,5
2026-09-07,13681.0,Inner Circle Academy,23642,3ippoch;Flierax;L1seYoung;n0rths;Tamefear,,1,5
2026-09-07,13776.0,Just Players,19231;20600;21431;22327,h1te;sm3t;Something;sstiNiX,,4,4
2026-09-07,12604.0,Johnny Speeds,9261;13670;16029;22759;24462,HEAP;jocab;Lekr0;nawwk;titulus,5b822390018de906b2e7,5,5
2026-09-07,11446.0,Leo,19742;21967;24474,aimy;drac;leen;next1me;Tarkky,,3,5
2026-09-07,12380.0,CYBERSHOKE,17508;20430;22803;24176;24569,alpha;bl1x1;fluffy;glowiing;Mokuj1n,e80ce46dce541868371b,5,5
2026-09-07,12609.0,Lavked,20199;21369;24114;24818,1NVISIBLEE;azukay;k4nfuz;sol;xm1nd,,4,5
2026-09-07,13799.0,PsychoFace,8726;20883;21445;21686;23835,abiraju;anttzz;eightz999;facecrack;PsychoDoctor,338561d5d37924076cbb,5,5
2026-09-07,7900.0,Spirit Academy,23193;25390;25622,k0gaSs;Kiryasoo;Netrix;s1nside;VILBy,,3,5
2026-09-07,7865.0,HAVU,9818;21963;22143;22211;24995,8Juho8;Alxc;ottob;p3kko;uli,fb7838b0a70059b63f11,5,5
2026-09-07,12776.0,Bounty Hunters,16835;18322;20690;22181;23461,KAISER;pepe;ponter;urban0;zock,d7ba80171b93121bf02b,5,5
2026-09-07,13107.0,Chicken Coop,22835;24527;24679,Crisp;Drop;jared;mds;REKMEISTER,,3,5
2026-09-07,7120.0,Entropy,15569;21164,dottie;flaw;L00m1;Sapec;Toshas,,2,5
2026-09-07,13724.0,5star,15060;15861;18150;21396;24303,ariucle;clouden;hoolig4n;NEUZ;rate,a85cef74e8f56e40d059,5,5
2026-09-07,4869.0,ENCE,18848;21930;22733;24149;24911,HENU;joeski;millert;Schwarz;teme,cc3af0b14ed3198d8660,5,5
2026-09-07,13991.0,Azuolas,22191;22450,MAGILA;maty;Sh1karee;Toshas;yakuza,,2,5
2026-09-07,13937.0,Nordic Partners,12781;20033;20110;21233;25585,k1to;Marix;Maze;Muciek;myltsi,92a04594d14380d991a1,5,5
2026-09-07,4246.0,Enjoy,,kurosa;nbl;roxesz;sh1geo;zazzer,,0,5
2026-09-07,12642.0,RBLS,11205;16102;17003;20683;23237,Icarus;NOPEEj;snapy;stadodo;TMKj,4cbbbad01d97b153ea29,5,5
2026-09-07,10371.0,NAVI Junior,23753;25060;25674;25675,FAZERY;kodak;MahaR;skizzyee;yoki,,4,5
2026-09-07,13759.0,mellren,,lollipop21k;Maksilvl;mdl;menddel;shootic,,0,5
2026-09-07,13651.0,ReThink,22877;24515,chucker;macke;p1ke;Rack;zeak,,2,5
2026-09-07,10867.0,MASONIC,9896;11258;23471;24105,b0RUP;Botman;Frøslev;kralle;Noruyp,,4,5
2026-09-07,11768.0,ODDIK,9482;21169;22777;24772;24782,Ceruttera;diozera;nardes;NEKIZ;righi,419be3cf01a3fa5ac687,5,5
2026-09-07,13173.0,Phantom,17504;19114;20413;25104,KEi;Kunai;Kylar;mwlky,,4,4
2026-09-07,13683.0,WBT,21650,fl1peR;marat2k;NxStep;svemyy;tired73,,1,5
2026-09-07,13012.0,HYPERSPIRIT,15573;21117;21337;21575,Ciocardau;d1maje;Q-Q;Scr0b;starplajerz,,4,5
2026-09-07,12087.0,Lazer Cats,22680;23151;23589;24204;24325,Kiy0o;Magic;nikitea;Polbandana;tripex17,8d1d44d2eaaccb75283a,5,5
2026-09-07,13667.0,NEXVOID,11141;20703;22333;22415;23457,AccuracyTG;erkaSt;MiQ;xerolte;Zesta,dbf7f724d59a7bbe3bef,5,5
2026-09-07,12916.0,Betclic,16848;18070;18979;25307;25542,Demho;Dr3nquu;eskyy;hades;Prism,984b00f1a8077e81507c,5,5
2026-09-07,13054.0,PCIFIC,21250;22498;22504;23274,eNs;jresy;lugseN;oyesil;scolleN,,4,5
2026-09-07,6033.0,Keyd Stars,19972;21100;22362;22956,ckzao;lash;matios;xureba;zede,,4,5
2026-09-07,13805.0,Washed,,ANSG1;kiR;kroK;Lucky;suma,,0,5
2026-09-07,13552.0,Endless Journey,21108;24607;24826;24838,Caleyy;deb0;pavlysha666;Sa1nTy;swetsi,,4,5
2026-09-07,11514.0,Rare Atom,7028;19681;21825;24306;24748,3gl;ChildKing;L1haNg;Summer;Trash,90b6580294f9baaab03f,5,5
2026-09-07,7653.0,Isurus,20689;23150;24091,atarax1a;deco;dott1;Hezz;rzk,,3,5
2026-09-07,11110.0,Honvéd,,1NSERT2;esor;iBALLY;marTineZ;noleN,,0,5
2026-09-07,9958.0,Alter Ego,21211;23458,adeX;BnTeT;Gratisfaction;laxiee;PokemoN,,2,5
2026-09-07,12769.0,Fisher College,12793;13298;19602;20429;22137,AlekS;corn;CrePoW;ReFuZR;TH0R,508684bdc5b8b876b8c6,5,5
2026-09-07,12800.0,For Fun,20330;23199,jsfeltner;mason;Momo;Shooter;Wilky,,2,5
2026-09-07,13599.0,benched gods,,f1chper;facer;K014NZ;Wign;yoyoS2,,0,5
2026-09-07,12426.0,Passion UA,11630;12731;19869;21452;21620,JT;Kvem;nicx;sdy;try,c1717c6bbcf5638ad467,5,5
2026-09-07,6914.0,Without a Roof,11219;17372,autimatic;Brehze;CeRq;FaNg;Stewie2K,,2,5
2026-09-07,13877.0,Noir Verse,,kirxttu;m1kagami;Naginat;Santuriano;xeNji,,0,5
2026-09-07,12646.0,Chinggis Warriors,12956;19229;19536;22414;25510,Efire;hasteka;ROUX;tikuak;yAmi,4f71830ed12ece962920,5,5
2026-09-07,13756.0,ALKA,13287;22109;22404,bnc;cerolzin;proSHOW;puni;vinaabEAST,,3,5
2026-09-07,13571.0,SINQU,,doivo;Eem3l1;Heke;imbaemba;Onjib,,0,5
2026-09-07,13970.0,Drip Too Hard,15569;20926;21142;21512;24734,aNdu;mASKED;rud;Sapec;tein,a69bec226cfc819ec6ff,5,5
2026-09-07,13761.0,Vexar,,ADntZ;Bottega666;datet;KEEMBO;obsward,,0,5
2026-09-07,12960.0,Fire Flux,15732;22806;25500;25540,Cizzx;Quality;xEternaLxx;zemix;zer0UKY,,4,5
2026-09-07,9686.0,Turma do Pagode,9219;14390;17181;17553;22182,felps;ksloks;naitte;pesadelo;WOOD7,aeb0162d9f1ca5a689ff,5,5
2026-09-07,11933.0,Yawara,16314;21700;22364;22566;24556,brn$;deemO;j0w;pancc;tele,1f81894aab49ffed004a,5,5
2026-09-07,13279.0,LPH,22863;24553,d0mZ1k;Fajr;KAD1M;lojzo;N1KOLAJ,,2,5
2026-09-07,13868.0,DragonClaw,20071;20686;22129;23297;24895,AntyVirus;Brylu;fanatyk;PeTeRoOo;suonko,e050cd797127c9424139,5,5
2026-09-07,13668.0,Atreides,19812;20782,Chill;DEPRESHN;Goody;Nivera;Python,,2,5
2026-09-07,12009.0,Permitta,20283;20284;23767,AdrieN;maaryy;Markoś;Showk;tomiko,,3,5
2026-09-07,12554.0,regain,19707;23136;23137;23138;24045,dvrk;grape;H0NeST;sasha;Zucar,08e9948a9b34bce5efdf,5,5
2026-09-07,12510.0,The Huns,15072;18689;19957;21398;26124,Annihilation;Bart4k;bexyz;controlez;nin9,a594a1d32bcaf95ae9f0,5,5
2026-09-07,10975.0,MIBR fe,11215;16341;21800;21801;23463,Dani;GaBi;Olga;poppins;yungher,9b56a68b02d01406acef,5,5
2026-09-07,13081.0,Fake do Biru,6593;16817;17553;17585;18610,b4rtiN;detr0ittJ;hardzao;pesadelo;PKL,1f1dbb0f42b950798552,5,5
2026-09-07,13888.0,roamsfiest,24584,Realyummy;Sn0w;TiiREX,,1,3
2026-09-07,13882.0,6666,19617;21651;22650,amster;dENZY;kL1o;rendysky;skcH,,3,5
2026-09-07,13528.0,Misa,21023;24625,Ckanic;EMSTAR;h0kz;souv;Zuedsta,,2,5
2026-09-07,13977.0,ex-MIBR Academy,17553;22964;24284;25108,fokiu;lkz;pesadelo;revoltz;stormzyn,,4,5
2026-09-07,11571.0,Gaimin Gladiators,8564;8565;9482;15914;17861,fer;HEN1;JOTA;Luken;NEKIZ,e497530fd06760744e1a,5,5
2026-09-07,13546.0,Strael Bora,25524;25605;25606,AdaMmMm;maddeN;newhope;svn;Wumbo,,3,5
2026-09-07,11555.0,UNO MILLE,2544;16314;16645;24716,ALLE;cLd;drg;pancc;remix,,4,5
2026-09-07,13501.0,illwill,9656;11777;17011;20813;20889,7Kick;hAdji;Maden;shalfey;VLDN,b64e267724655fc75998,5,5
2026-09-07,9139.0,BRUTE,19594;22280;22863;23765;24261,hfah;KAD1M;majky;nbqq;realzen,5c6cbfcd870288d243e1,5,5
2026-09-07,13694.0,THE UNIT,,ad0rfin;kyrosawa;nesh,,0,3
2026-09-07,13747.0,BERG,23268;25153;25460,Askan;kdaN;KiMaRR;nopzy;Rezst,,3,5
2026-09-07,13855.0,Overtake Sector,,corim;intra;jason;LEARSI;Umar,,0,5
2026-09-07,7176.0,RED Canids,18865;20026;20085;25777,chayJESUS;dav1deuS;drop;kauez;reNTU,,4,5
2026-09-07,13237.0,AM,12781;16705;20170;21164;21233,Altekz;k1to;kyuubii;L00m1;myltsi,c68c357f71fed7e65ae7,5,5
2026-09-07,6810.0,aimclub,16971;21213;21716,ERSIN;waZz;zewts,,3,3
2026-09-07,13979.0,Peladona,2161;18894;20939;21286,history;mlhzin;nicks;Noktse;t9rnay,,4,5
2026-09-07,13321.0,Falcons Force,22048;25095;25332;25430;25432,clockzi;grecu;NucleonZ;Tapewaare;VENO,60ac4688d84a3a45ffce,5,5
2026-09-07,13894.0,Mai Tai,24243;24474,aimy;chudy;Nami;next1me;Pelle,,2,5
2026-09-07,11248.0,SAW Youngsters,23480;23482;23559;24634;25208,Jayy2s;jERK0z;M1KA;snowiee;tuxa,d0b40adb3da8c9644e5b,5,5
2026-09-07,9881.0,Rooster,12877;14333,ADK;chelleos;ju1ces;rekonz;SkulL,,2,5
2026-09-07,13331.0,Kaleido,20258;23596;24747,chuzhongT;expSasiKi;rage;SPine;suki,,3,5
2026-09-07,13827.0,NEW VISION,,fen2k;hahanz0;w0l33n;wonimo;x1nk1n,,0,5
2026-09-07,13613.0,Bebop,14273;20197;20948,faydett;iDISBALANCE;lov1kus;redzed;wh1teout,,3,5
2026-09-07,11668.0,Mindfreak,,kairo;lawlkay;phoebe;void;zune,,0,5
2026-09-07,13892.0,ex-MANA,18119;20434;21109,ammar;BledarD;cerber;vAloN;xonn1k,,3,5
2026-09-07,13646.0,Fortress,,As K;BqreBedre;Brand;GrEnNiE;K1ngShield,,0,5
2026-09-07,13163.0,ALGO,13679;17113;20926;21211;23614,adeX;aNdu;Bambosh;nukkye;szejn,6d64a1dbb12d177cedee,5,5
2026-09-07,11176.0,MOUZ NXT,21988;25254;25255;25593,ay0k;eSx;mixer;Nikodeon;opdust,,4,5
2026-09-07,10333.0,Sangal,11271;12004;18571;19673;21139,clax;CYPHER;Patsi;pr1metapz;smooya,1f39a9823201026e22bb,5,5
2026-09-07,13686.0,Abyssal,,blood;dangeR;foggers;gump;vinhy,,0,5
2026-09-07,11018.0,megoshort,7700;17769,jayzaR;qvick;robiin;Twinkey;zen,,2,5
2026-09-07,13714.0,DONSTU,20946;21350;25167;25168,Due1yant;gleb86rus;LAKSHERi;NeoLife;phorate,,4,5
2026-09-07,13053.0,Just Swing,10722;20354;22441;25247;25319,gas;Purely;qqGOD;sATOR1;skrr,de0df596adaaa4158306,5,5
2026-09-07,7120.0,Entropy,16412,dottie;flaw;GeGo;rafftu;tevsii,,1,5
2026-09-07,13715.0,Hashiras,284;13026;13718;13749;22904,birdfromsky;Burmylov;c0llins;JACKZ;Queenix,c1b98de59b3e8c13d064,5,5
2026-09-07,13902.0,BORRACHEIROS,24015;25035,Lacerda;neozix;ryuzen;trindade;zock9,,2,5
2026-09-07,11795.0,Villainous,23672;25646,bright;Burglar;DYLAN;Jolts;Sunk,,2,5
2026-09-07,3044.0,MIBR Academy,6553;21700;22964;23169;25108,brn$;fl4sh;Jerr1;lkz;stormzyn,45d509d0b413e59f0313,5,5
2026-09-07,12973.0,NuTorious,17478;19079;23412;24524;24946,bones;cmrn;Fruitcupx;Kermi;neight,0eec6a05f55e73f7f25d,5,5
2026-09-07,13857.0,Iowa Stormboar,23690;24234;24528,aelor;false;Scorchyy;TyRa,,3,4
2026-09-07,12901.0,SemperFi,14294;14990;20003;20244;20881,hazr;keen;SaVage;shadiy;sliimey,879d9886680924226fd0,5,5
2026-09-07,12164.0,Zomblers,20273;20787;23410,CAJUN;CoolComs;FxRE;man327;Pose1doNN,,3,5
2026-09-07,13983.0,Vitalem Aerem,8183;16768;16778;19735;22000,B1NGO;BZA;lan;rain;Roninbaby,00c25d960399ef044f5b,5,5
2026-09-07,5639.0,aAa,8183;21967,AsI0K;Rain;Saax;SLIE9000;Tarkky,,2,5
2026-09-07,13893.0,ex-Sashi Academy,22940;24102,Lethj;Mizi;Mol011;Thom,,2,4
2026-09-07,4411.0,Ninjas in Pyjamas,922;14148;20425;23372;24283,cairne;r1nkle;sjuush;Snappi;xKacpersky,ef7aa1204658206e782f,5,5
2026-09-07,13945.0,MAYBE,,Awi4;shallthing;thirtythird;zogeN,,0,4
2026-09-07,13026.0,BESTIA Academy,22559;24560;24563,agt;F4QQ;Jotag3;Lekzi;lezy,,3,5
2026-09-07,12745.0,brazylijski luz,20283;22385;24474,aimy;chudy;Melavi;next1me;tomiko,,3,5
2026-09-07,11555.0,UNO MILLE,2544;22423;23587;24716,ALLE;cLd;clon7;Ltz;remix,,4,5
2026-09-07,13644.0,TDK,16555;16921;18510;19231;20387,Ax1Le;h1te;nafany;sugaR;Xant3r,68e6f4aded759194f56f,5,5
2026-09-07,12646.0,Chinggis Warriors,18638;19229;19536;19537;21428,cool4st;fury5k;ROUX;sk0R;yAmi,bdb1e381fd8230340975,5,5
2026-09-07,13575.0,WAZABI,,BacH;BangBang;Laykinn;m0vski;VireZ,,0,5
2026-09-07,12878.0,BC.Game,630;7998;8918;22807;23140,aragornN;electroNic;krazy;MUTiRiS;s1mple,ae6bcae18d9a803e55f9,5,5
2026-09-07,10960.0,Young Ninjas,14242;21512;22035;24734;24911,joeski;n0te;rud;tein;Vster,aeca58676bb982ff0b39,5,5
2026-09-07,13403.0,TNC,20284;24243;24244,maaryy;Nami;yvro,,3,3
2026-09-07,13524.0,OLDBOYS PL,,Goofy;MICHU;rallen;ToM223;tudsoN,,0,5
2026-09-07,12818.0,FAVBET,2131;18240;19614;20110;20228,bondik;j3kie;Marix;s4ltovsk1yy;Smash,7c5e87f24d0ff0cb4725,5,5
2026-09-07,11176.0,MOUZ NXT,9349;21988;23642;25254;25255,AiyvaN;ay0k;Flierax;Nikodeon;opdust,8c0cdb9b6c2df0556f04,5,5
2026-09-07,11514.0,Rare Atom,7028;20808;21825;22998;24304,chengking;L1haNg;Summer;Tiger;x9,16c2d753b24a78b4395e,5,5
2026-09-07,11336.0,DETONATE,25226,carN;chante;Feral;Maxuel;tatm,,1,5
2026-09-07,13766.0,Phantom Academy,24833;25104,Ayteel;Brain47;kalyambys;Kunai,,2,4
2026-09-07,7120.0,Entropy,,dottie;flaw;GeGo;Mikanix;tevsii,,0,5
2026-09-07,13617.0,ex-RUBY,20504;22039;22189;22326;22459,danistzz;H4SAN4TOR;Kaide;sh1nejezzz;YumsaN,767f4df640410769c6df,5,5
2026-09-07,13233.0,HEROIC Academy,24281;24690;25331;25585;25676,HOLY;Hrdina;Muciek;St0m4k;Yoghi,7543f900ceba6f1f3ea5,5,5
2026-09-07,13735.0,Haunted House,18989;22638;23361,fr0k;icyvl0ne;malinov;SasukeQO;Schwarzkopf,,3,5
2026-09-07,13729.0,EMPIRE,17929;21584;23088;23376;24660,ayaneuu;BAGEL;C0C0;twigs;Walco,a27bdc0c7aa011e76395,5,5
2026-09-07,13124.0,Marsborne,12937;13230;17353;19705;22069,chop;Cxzi;Grizz;motm;WolfY,c486910f1c211a302ecb,5,5
2026-09-07,13974.0,Ryvex,,jeyN;N0R1;oskvr;swaggy;wfn,,0,5
2026-09-07,13574.0,Club 333,2213;16976;22547;23458,4TAYLOR;kobruh;laxiee;Marro;SecretAgent,,4,5
2026-09-07,9735.0,Lilmix,3329;13669;15501;23696;23735,b0denmaster;dezt;Jackinho;quix;Wonder,d920c0ae8a56baa9aa40,5,5
2026-09-07,13856.0,ex-Aether,14799;21813;24045;24238,bezymecc;brett;H0NeST;s3rum;xaler,,4,5
2026-09-07,13938.0,MEIA NOITE,17028;18891;21099;22126;23169,abr;bsd;CutzMeretz;Jerr1;nyezin,aeaa86c4a42145230185,5,5
2026-09-07,13971.0,Revise,,kanode;nikson;s1ssi;SuNFiX;WaSdyy,,0,5
2026-09-07,10254.0,BIG Academy,19284;24358;24810;25676,aZe;doni;Hrdina;prosus;w1dow,,4,5
2026-09-07,5973.0,Liquid,8520;8738;16820;19206;21763,EliGE;jL;NAF;siuhy;ultimate,88b14056df374018c887,5,5
2026-09-07,12363.0,Arcade,,74LOR;Kras;Mechanical;N1ghtraid;Winnieeeee,,0,5
2026-09-07,12899.0,FengDa,24305;24306;24748,3gl;afufu;p5p;Trash,,3,4
2026-09-07,12971.0,Wanted Goons,23589,hibui;Johan;killerPandas;Magic;relt,,1,5
2026-09-07,11419.0,ECSTATIC,11995;13602;20417;20941;21779,Anlelele;Buzz;nicoodoz;nut nut;TMB,38feabbd02bc1a45468d,5,5
2026-09-07,13889.0,train launcher,22380;23742;23812,bsover;Leon1das;Majkn;Siz;timothybtw,,3,5
2026-09-07,13591.0,ALTAY,,ARSPOWER;Blackout;kiytsu;Plain7,,0,4
2026-09-07,9686.0,Turma do Pagode,14390;14394;17181;18717;22182,ksloks;Lucaozy;naitte;Tuurtle;WOOD7,26d72f612fa57018806c,5,5
2026-09-07,13665.0,FarmVille,14744;20204;24945,BeaKie;calamity;cJ dA K1nG;sleepz0rk;Umar,,3,5
2026-09-07,13914.0,Privateer,17656;20128;21990,Ariant0;dobbo;Frazehh;M1n1maL;Prime,,3,5
2026-09-07,12534.0,BOSS,13250;16647;19128;24890;25524,ben1337;Bwills;marekiew;SLIGHT;WUMBO,7440d730d82ec1270fa9,5,5
2026-09-07,13788.0,Clutchain fe,16497;18775;21756;22062,Kat;tory;twenty3;vicu;zAAz,,4,5
2026-09-07,7875.0,struggletony,13718;13749,birdfromsky;Q-Q;Queenix,,2,3
2026-09-07,13732.0,B8 Academy,25805,k1n;La1roN;r0se;segukawa;sherman,,1,5
2026-09-07,11905.0,paiN Academy,22163,Misfit;Rkzinho;shazn;Tatu;tsug,,1,5
2026-09-07,11446.0,Leo,19617;21065;21651;22649,amster;kL1o;leen;Malkiss;OneUn1que,,4,5
2026-09-07,13811.0,QUINTESSÊNCIA,,cz1k4;edv;FasteR;n0page;prozinszsz,,0,5
2026-09-07,13778.0,insane players,18706;19079;22967,freshie;Fruitcupx;ogwizard;sml;Wolffe,,3,5
2026-09-07,11581.0,HOTU,16612;19823;21385;21387;21692,dukefissura;gokushima;kAlash;mizu;n0rb3r7,bfcaeeb6019cb1bf807b,5,5
2026-09-07,13175.0,Change The Game,23001;23906;24644;24855;24858,957;Hack1ng;LaiKeXu;ProKiller;VanceKK,557c3d7cbce81167ed72,5,5
2026-09-07,11251.0,Eternal Fire,12708;16885;19733;21023;22361,DemQQ;EMSTAR;jottAAA;rigoN;Woro2k,c231c03491452703600d,5,5
2026-09-07,12352.0,Sashi Academy,22940;24102,Bl4zE;Damsi;Mizi;Mol011;rosen,,2,5
2026-09-07,12948.0,BORING PLAYERS,22997;24036;24387;25246,D1zzyg;Jun7;Miszary;tutu;zdr,,4,5
2026-09-07,13837.0,SHISHKA,12027;17011;19882;22039;24485,danistzz;Krad;Norwi;shalfey;yiksrezo,cb5413a184cb101e8d2c,5,5
2026-09-07,12267.0,UNiTY,15818;15821;20229;21165;23469,K1-FiDa;M1key;MoriiSko;NEOFRAG;woozzzi,f6568e478ed3ecce1cbe,5,5
2026-09-07,13776.0,Just Players,21367;21431;22327,em0k1d;rexxie;Something;spirit;sstiNiX,,3,5
2026-09-07,13665.0,FarmVille,20204;24945,adam;BeaKie;sleepz0rk,,2,3
2026-09-07,13745.0,KUUSAMO,,epik;Keksimage;Orava;osku;rbm,,0,5
2026-09-07,12190.0,Shimmer,16581;22302;24415,alicerawr;AVA174;empathy;Serendipity;Stx,,3,5
2026-09-07,12908.0,Aether,14799;20573;21813;24045,Andrew;brett;H0NeST;Seb;xaler,,4,5
2026-09-07,13894.0,Mai Tai,24243;24244;25071,chudy;elem;Enzo;Nami;yvro,,3,5
2026-09-07,13729.0,EMPIRE,21584;23376;24660;24869,BAGEL;C0C0;KmZ;no1nx;twigs,,4,5
2026-09-07,10997.0,Procyon,17997;18549;19086;23549;25106,laser;lenci;MaxOff;next;pavv,35b2da0cb01ba7ba577d,5,5
2026-09-07,13366.0,Invicta,22091;25088,artie;Griller;SinK,,2,3
2026-09-07,13574.0,Club 333,23199;23458,laxiee;Marro;mason;N2o;obi,,2,5
2026-09-07,5412.0,eSuba,,Crazyy;Frigo;Rentlax;Shark;v4NO,,0,5
2026-09-07,13984.0,Banzai,19538;21428;22908,fury5k;MagnumZ;QQLIGHTNING;rhittacrit;Wonderzce,,3,5
2026-09-07,13845.0,Dark Moon,23304;25632,d3j4vy;keiyon;Maison;ri0dayungog,,2,4
2026-09-07,13161.0,eternal premium,,dazzy;famous;Innerpeace;P1kan0;skept1K,,0,5
2026-09-07,13789.0,Subtop De France,,AZIDOT;Gauthierlelelele;Revol;Supr3me;XiMaa,,0,5
2026-09-07,13858.0,cirahvi,9325;14236;21931;24995,8Juho8;allu;arvid;Myggis;oopee,,4,5
2026-09-07,13425.0,Reign Above,17437;19301;24681;24866;25580,AEROj;cobalt;dAVE;louie;SeRCEra,f203bf60af884d505ba4,5,5
2026-09-07,12457.0,ROUNDS,,Kollo;Lapa;Monoxx;p12;ykis,,0,5
2026-09-07,13972.0,Raccoons,9618;16848;18571;19739;22047,CYPHER;Ex3rcice;hades;nexa;yxngstxr,735143390145f05498fe,5,5
2026-09-07,13726.0,METANOIA Wolves,21888;22085;24298;24930,ALENNNCAR;ntx;spinnie;Thuister;vzn,,4,5
2026-09-07,8947.0,XI,,Bakorino;Egelund;emili0;ETYYY;Jiace,,0,5
2026-09-07,11129.0,bankaPEPSI,,HUckLer;lesswill;lUMiER;SEMSYS;xsepower,,0,5
2026-09-07,13797.0,ZOTIX,,byr9;EsD;kalyambys;xeNji,,0,4
2026-09-07,13691.0,Back to Back,21100;21290;24641,edv;fokiu;perez;protado;zede,,3,5
2026-09-07,13666.0,BMZ,19538;21428;22908,fury5k;MagnumZ;me1o;rhittacrit;Wonderzce,,3,5
2026-09-07,13803.0,DNK,,dethera;indoubt;Plain7;RamBLBi;tier0 s,,0,5
2026-09-07,9942.0,MARKandLARRY,,BRACE;micalis;Roflko;yourwombat;zeph,,0,5
2026-09-07,13660.0,Ding Cuts,,biebs;blood;delkud;maxed;Val,,0,5
2026-09-07,12533.0,Atrix,19998;20501;21733;23092;23514,bokor;Eleven;LyttleZ;REGIANE;Sofiaxyz,2f6b8f40e062c2af2ee7,5,5
2026-09-07,13879.0,Festina Lente,18442;19079;25226,FRIZZY;Fruitcupx;gamble;Maxuel,,3,4
2026-09-07,6033.0,Keyd Stars,18891;18894;22362;22956,CutzMeretz;lash;matios;t9rnay;xureba,,4,5
2026-09-07,13909.0,Jumprava,24591,cgk;ChipaaN;whitezins,,1,3
2026-09-07,13704.0,Drama,19812;20685;20782,andr1x;Chill;choiv7;DEPRESHN;Goody,,3,5
2026-09-07,11905.0,paiN Academy,,Bruninho;k9izer;Markz;Tatu;tsug,,0,5
2026-09-07,13985.0,QuantumX,24302;24396;24512;24513,Cozen;grizzly;Kamui;Paranormal;soloooS,,4,5
2026-09-07,13834.0,A Great Chaos,,7EMPORARY;Pleb0rs;seilysh;whitezins;ynrii,,0,5
2026-09-07,13865.0,Arch,,Dis1;f1R;ka1do;MaLLiC;web sun,,0,5
2026-09-07,11838.0,Partizan,25659,DotlA;Dyrod;m1traa;rajkeza;zecco,,1,5
2026-09-07,13794.0,900FPSvsECO,20234;24669,Gabe;mds;Termina;Valter0k;Zoker,,2,5
2026-09-07,13791.0,Julie&Cie,1656;9616,amanek;Empera;Joker;KIRADODO;Monkey D Julie,,2,5
2026-09-07,13551.0,OlyBet,19566;23720;24591,cgk;ChipaaN;Frip;hexoq;imp,,3,5
2026-09-07,13870.0,Wingman,,la3euka;Minor;MoWeL;xnkka;Z1W0W,,0,5
2026-09-07,13976.0,LFO 8,,c4put;JiNxZiE;Myst;Supers;Zoot,,0,5
2026-09-07,13664.0,ex-KRÜ,9221;17277;18549;20531,1962;ABM;guidimon;laser;reversive,,4,5
2026-09-07,6788.0,Crashers,21038;23829;24015;24717,Machado;mtsGOD;nikz;Reix;trindade,,4,5
2026-09-07,10867.0,MASONIC,22811;23334;23471;24105,Avou;Botman;Bukhavez;kralle;Noruyp,,4,5
2026-09-07,13986.0,LEGAM,26124,bexyz;dobo;FELSADIA;GEZUU;versa,,1,5
2026-09-07,13736.0,Sensation,,ncl;Tsogoo,,0,2
2026-09-07,11668.0,Mindfreak,,Crunchy;dpr;kairo;tucks;zune,,0,5
2026-09-07,13912.0,Grêmio,25464;25465;25553,balencyy;MITHPUTTINI;s1lent;souz4h;yeda,,3,5
2026-09-07,10930.0,atputies,,Brens;FABEN;m1kketye;Pleb0rs;whitezins,,0,5
2026-09-07,13413.0,Vasco,10827;10838;10840;23588;24015,mawth;n1cks;prt;tatazin;trindade,ce518f0cae5d9dd6255f,5,5
2026-09-07,11711.0,Players,25552,Lich;MITHPUTTINI;souz4h;space;xns,,1,5
2026-09-07,13988.0,Elusive,20793;24769,Austin;Msaia;sayN;Toasty,,2,4
2026-09-07,6810.0,aimclub,9626;16971;20158;21213;21368,Ed1m;ERSIN;RoberttMP;XELLOW;zewts,b7417bf13be04fca0304,5,5
2026-09-07,13913.0,Trainwrecks,,AhMa;Hattivatti;LapaSSS;melty,,0,4
2026-09-07,5105.0,Romania,9626;12945;19173;19817;22563,Blytz;fNk;fnl;s0und;XELLOW,ecea19805ac3bb36b4a8,5,5
2026-09-07,13766.0,Phantom Academy,24833;25948,Ader;Ayteel;parad17se,,2,3
2026-09-07,13944.0,GamersLab,,LEFI;MAXX;rayqu4za;Tusi;wap0,,0,5
2026-09-07,13847.0,Xcity,,ATLAS;gag;mda;qu1ck;tuzon,,0,5
2026-09-07,13706.0,Pugdesonesto,6536;21888;22085;23960;24930,Lcs;sakamoto;spinnie;Thuister;vzn,48ba31276cedae8a718a,5,5
2026-09-07,14008.0,your end,6536;25031;25033;25727,Cr1a;Lcs;rx;snow;zuzu,,4,5
2026-09-07,,Wampirki,16392;21211;25708;25709;25770,adex;Arielek;Kamo;Kizzzi;patrikinho,892843ad4a3c8506645c,5,5
2026-09-07,13707.0,Younglings,,arun;eLa1z;Shed0Z,,0,3
2026-09-07,12366.0,Aurora Young Blud,25334,k1nco;kurosse;meetyoxanaji;r1pa4;redzed,,1,5
2026-09-07,13884.0,Olympus,24888,Bizarre666;k6rdon;relan;tarturb0b,,1,4
2026-09-07,12846.0,M1X KS,,Dementor;gejmzilla;Lewis;tripey;v1w,,0,5
2026-09-07,13757.0,ACROBATS,12027;12732;20101;22535;23927,dwushka;fame;FL1T;Krad;tried,944ca66770db484f1cbc,5,5
2026-09-07,13826.0,Nas,19060;24305,Biuckmt;Corazz;Mirorr;Mort1s;p5p,,2,5
2026-09-07,13990.0,New Legends,10895;25221;25634,Electrician;frog;Molly;TheJelly,,3,4
2026-09-07,7556.0,Tricksters,,halfjix;iRV1NG;Rodos1k,,0,3
2026-09-07,13753.0,Basement Bobs,24022;24067;24286,DALIEN;levantino;MadeInRed;Pedrinho2011;Uzman,,3,5
2026-09-07,13746.0,MTX,22646;25781;25782;25783,EgorMercedes;frakenzor;joly;kyoto666;md262,,4,5
2026-09-07,13450.0,yngods,23638;23687;24316;24318,7tetsu;Muk0s;Remill;tommy;whisper,,4,5
2026-09-07,13978.0,Sementes do Mal,,Aker;coxa;Kaiserzy;palenscki;terran,,0,5
2026-09-07,13775.0,playersclub,22460;24726,azukay;heis999;riskyb0b;sad;z3ndeR,,2,5
2026-09-07,13796.0,Young TigeRES,,Gashhhi4;tronic;z3ndy,,0,3
2026-09-07,13364.0,Famalicão,20750;21115;23141;23480;24905,h0t;M1KA;P3R3IIRA;seabraez;Sprayy,54ae997fed503317d466,5,5
2026-09-07,10838.0,Incognito,18090;18761;20934,Axed;micro;Tender;viz,,3,4
2026-09-07,13242.0,XDM,24310;24974;24975;24976;24977,darkk;Kungao;r1verLaKe;Shad0w;taidao,460f2945a49655b53c31,5,5
2026-09-07,11275.0,NSN,3741,Niko;reason;Yuxz;z1ayr;zzi,,1,5
2026-09-07,13792.0,Persona Grata,15118;21143;22191;22474;22475,MAGILA;nestee;POLO;SBT;sk1tt,c8df75e6032b06e674fd,5,5
2026-09-07,13798.0,Clutchain,,Kyojin;Nivera;Python;ScreaM;SHOGU,,0,5
2026-09-07,11018.0,megoshort,7700;17769;20066;24462;24727,aidKiT;mogv;robiin;titulus;Twinkey,e362432dfb0e55fd4240,5,5
2026-09-07,10299.0,FURY,,cheeseball;cookie;rahley;versa;Winnieeeee,,0,5
2026-09-07,13643.0,rottweilers,11343;15369;16412,bavar1n;rafftu;REDSTAR;shin;SHiPZ,,3,5
2026-09-07,13327.0,R2,10506;20531;24558,ABM;fakzwall;maaxg1;Rivo;tutehen,,3,5
2026-09-07,13738.0,Chicanery,18090;20934;24892,AbbyDog;Juna;micro;Sathsea;Tender,,3,5
2026-09-07,13613.0,Bebop,14273;19882;20197;22535;23303,dwushka;faydett;h1kaN;iDISBALANCE;Norwi,ae6d4f4248e9f09730d2,5,5
2026-09-07,13789.0,Subtop De France,,Razzmo;Revol;sanjoCRAKITO;Supr3me;XiMaa,,0,5
2026-09-07,13704.0,Drama,20685;25460,andr1x;choiv7;d0jca;miwo;nopzy,,2,5
2026-09-07,13571.0,SINQU,15562;25677;25678;25679;25680,Geni;J0nneW;KapiV;Lene;Samppa,97282c67feb029394a01,5,5
2026-09-07,13270.0,girl kissers,,kevin;lunari;TeXaSs;violet,,0,4
2026-09-07,10287.0,Legion,,Bloody;BulleT;hf;HZI;pavast4r,,0,5
2026-09-07,13726.0,METANOIA Wolves,22085;24298;24930,ALENNNCAR;khowy;spinnie;Tineu;vzn,,3,5
2026-09-07,13265.0,MAGICOS,25031;25033,Cr1a;extazzy;kai;rx;snow,,2,5
2026-09-07,12568.0,EC BANGA,12416;20002;20474,blazekiNho;keni;Labreenc;makaroff,,3,4
2026-09-07,13716.0,IDoPieca,22476;24081;24544,FOKUSSS;keis;mazda;virtuoso;Xydoo,,3,5
2026-09-07,11278.0,Coalesce,,Flicky;onder;sen1ar,,0,3
2026-09-07,13697.0,DAMAJUANA,,boke;Dunn;leo;maik;R4N,,0,5
2026-09-07,10333.0,Sangal,19698;20309;22144;25110;25253,adamS;bnox;Joey;puuha;R4DYX,8340dc419a4cb09d780e,5,5
2026-09-07,13657.0,Blitzkrieg,9214,otEB;points;spamzzy;TORITO;vanilla,,1,5
2026-09-07,10864.0,VP.Prodigy,24951;25462;25636,lasfas;rokilan;Stoynes;sun;TriBorgg1,,3,5
2026-09-07,13725.0,GUARA,,fnbJESUS;Longo;neskk;paqueta;Tineu,,0,5
2026-09-07,12194.0,Rune Eaters,21691;22538;23599;23858,dako;fitch;forkyz;her1tage;mo0N,,4,5
2026-09-07,13874.0,raisedbypixels,25310;25646,1luke;atyla;bright;flacko,,2,4
2026-09-07,9735.0,Lilmix,3329;22380;23741;24518,bsover;doobs;quix;walleN;zen,,4,5
2026-09-07,13980.0,Mansão Maromba,,extazzy;fraga;guizo;neskk;shrr,,0,5
2026-09-07,11109.0,BBBMBCBS,7322,ApeX;Dirty;Fitzy;HaZ;muffin,,1,5
2026-09-07,13519.0,Charrados,24641;25552;25553,bpg;ght;protado;s1lent;space,,3,5
2026-09-07,13833.0,Zetta,,Antuanette;BabyRage;Notjuanjo;Slayerhz;zockie,,0,5
2026-09-07,13662.0,home,21208;21775;23106;24426,1mackez;BehinDx;sacred;stesso;Viggo,,4,5
2026-09-07,12822.0,Spirit HU,,flasi;makszi;NONS3NS;strong3r;texmy,,0,5
2026-09-07,13882.0,6666,,auth0ri;m4d4ra;rickangel;skcH,,0,4
2026-09-07,9199.0,Aimhaus,,erners;flairr;Mairel;silrak;Yamero,,0,5
2026-09-07,13777.0,PURE,22450,emzijs;maty;OXFROG;Sh1karee;yakuza,,1,5
2026-09-07,13995.0,Unreal Nightmare,18437;22544;24769,brawckzz;j3nni;Jachro;Sharpie;toasty,,3,5
2026-09-07,13770.0,Unitronics,9339;14359;23850;24753,clyd1e;ImpressioN;Kuma;mENTALPLAY;w1nt3r,,4,5
2026-09-07,14015.0,wachoskys,,Kiritox;leo;maik;R4N,,0,4
2026-09-07,12352.0,Sashi Academy,,Bl4zE;Damsi;Half;rosen;Thom,,0,5
2026-09-07,13712.0,Z7,,BestR1flerEu;Dobo;Gibsand;Valtr1x,,0,4
2026-09-07,11999.0,Grindas,19981;19982;25045,BaGyZ;fello;Sidivo,,3,3
2026-09-07,12745.0,brazylijski luz,24474,aimy;Brain47;next1me,,1,3
2026-09-07,13116.0,UR,24847;25537;25538;25539,0z;4ever;drace;gLong;yoi,,4,5
2026-09-07,13689.0,Fuzos,20053;20054;20055,Mané;rafaxF;Slaxx;Stepa,,3,4
2026-09-07,10976.0,FURIA fe,11872;16340;17288;21219;22839,bizinha;gabs;izaa;kaahSENSEI;lulitenz,10dd16af0d8ef7254cf3,5,5
2026-09-07,13502.0,Arise,23323,Anasasis;Bhavi;borosto;Ph1NNN,,1,4
2026-09-07,11718.0,BIG EQUIPA,21849;23090;23995;24006,aiM;ASTRA;Emmsan;sosya,,4,4
2026-09-07,13142.0,AKA HERO KAJO,,amyb;ItzMqss;miLo;Siljeeeh;Waldee,,0,5
2026-09-07,13685.0,Skele,,Arctic;lucas222;neo;tidy,,0,4
2026-09-07,10901.0,OverKnight,20405;22547;24345,4TAYLOR;AMC;cruzN;Majesticzz,,3,4
2026-09-07,13629.0,HereWeGoAgain,,flush;fraga;guizo;Ltm,,0,4
2026-09-07,13543.0,Time Waves,,camille;ElephanT;Harbor;Kezza;lawlkay,,0,5
2026-09-07,13698.0,GAMEHARMONY,,Natre;P4nc4ke;uCr0,,0,3
